question,question_cyrl,answers,answers_cyrl,correct_answer,image_url,category,time_limit,audio_url,audio_url_cyrl,explanation_text,explanation_text_cyrl
Reaktsiya va diqqatni pasaytiruvchi dori-darmonlar tasirida bo'lgan haydovchiga transport vositalarini boshqarishga ruxsat etiladimi?,Реакция ва диққатни пасайтирувчи дори-дармонлар таъсирида бўлган ҳайдовчига транспорт воситаларини бошқаришга рухсат этиладими?,"{""Taqiqlanadi"",""Ruxsat etiladi"",""Agar haydovchining ishlagan davri 2 yildan ortiq bo'lsa, ruxsat etiladi""}","{""Тақиқланади"",""Рухсат этилади"",""Агар ҳайдовчининг ишлаган даври 2 йилдан ортиқ бўлса, рухсат этилади""}",0,https://postimg.cc/Dmfk0bYv,Bilet 31-40,300,,,,
Bu belgidagi ko'k fonda aholi yashaydigan joyning nomi yozilgan qo'shimcha nimani bildiradi?,Бу белгидаги кўк фонда аҳоли яшайдиган жойнинг номи ёзилган қўшимча нимани билдиради?,"{""Bu manzil shu aholi yashaydigan joydan tashqarida joylashganini va u manzilga avtomagistral bo'lmagan, boshqa yo'l orqali borilishni"",""Ko'rsatilgan aholi manziliga harakatlanish avtomagistral bo'ylab amalga oshiriladi"",""Ko'rsatilgan manzil mazkur aholi yashaydigan joyda joylashgan""}","{""Бу манзил шу аҳоли яшайдиган жойдан ташқарида жойлашганини ва у манзилга автомагистрал бўлмаган, бошқа йўл орқали борилишни"",""Кўрсатилган аҳоли манзилига ҳаракатланиш автомагистрал бўйлаб амалга оширилади"",""Кўрсатилган манзил мазкур аҳоли яшайдиган жойда жойлашган""}",0,https://ptest.uz/images/4a10fd5b-cfae-4270-8883-b39fef547f8c.webp,Bilet 31-40,300,,,,
Transport vositasining bir o'qiga izlari har xil naqshli shinalar o'rnatishga ruxsat etiladimi?,Транспорт воситасининг бир ўқига излари ҳар хил нақшли шиналар ўрнатишга рухсат этиладими?,"{""Avtomobilning faqat orqa o'qiga oldingi boshqaruvchi ko'prik bilan birga ruxsat etiladi"",""Taqiqlanadi"",""Faqat yuk avtomobiliga ruxsat etiladi"",""Ruxsat etiladi""}","{""Автомобилнинг фақат орқа ўқига олдинги бошқарувчи кўприк билан бирга рухсат этилади"",""Тақиқланади"",""Фақат юк автомобилига рухсат этилади"",""Рухсат этилади""}",1,https://postimg.cc/Dmfk0bYv,Bilet 31-40,300,,,,
Avtomagistrallarda transport vositalarining atayin to'xtashi qaysi joylarda ruxsat etilgan?,Автомагистралларда транспорт воситаларининг атайин тўхташи қайси жойларда рухсат этилган?,"{""Belgida ko'rsatilgan tezlikdan oshirishga faqat tezlik tegishli yo'l belgisi o'rnatilib oshirilgan yo'l qismlarida ruxsat beriladi"",""Belgida ko'rsatilgan tezlikdan oshirish taqiqlanadi"",""To'xtab turish uchun «To'xtab turish joyi» yoki «Dam olish joyi» belgilari bilan belgilangan maxsus maydonchalarda Agar transport vositasida «Tezlik cheklangan» taniqli belgisi o'rnatilgan bo'lsa, bu transport vositasining haydovchisiga:""}","{""Белгида кўрсатилган тезликдан оширишга фақат тезлик тегишли йўл белгиси ўрнатилиб оширилган йўл қисмларида рухсат берилади"",""Белгида кўрсатилган тезликдан ошириш тақиқланади"",""Тўхтаб туриш учун «Тўхтаб туриш жойи» ёки «Дам олиш жойи» белгилари билан белгиланган махсус майдончаларда Агар транспорт воситасида «Тезлик чекланган» таниқли белгиси ўрнатилган бўлса, бу транспорт воситасининг ҳайдовчисига:""}",1,https://postimg.cc/Dmfk0bYv,Bilet 31-40,300,,,,
Qaysi rasmda haydovchi yo'lovchilarni tushirish uchun o'z avtomobilini to'g'ri to'xtatdi?,Қайси расмда ҳайдовчи йўловчиларни тушириш учун ўз автомобилини тўғри тўхтатди?,"{""Chapdagi rasmda"",""Ikkala rasmda"",""O'ngdagi rasmda"",""Ikkala rasmda noto'g'ri to'xtatdi""}","{""Чапдаги расмда"",""Иккала расмда"",""Ўнгдаги расмда"",""Иккала расмда нотўғри тўхтатди""}",3,https://ptest.uz/images/3399d49d-9f95-4a87-80a6-8f6bc92ceb72.webp,Bilet 31-40,300,,,,
Qizil avtomobil chorrahani nechanchi bo'ib kesib o'tadi?,Қизил автомобил чорраҳани нечанчи бўиб кесиб ўтади?,"{""Birinchi bo'lib"",""Ikkinchi bo'lib"",""Oxirgi bo'lib""}","{""Биринчи бўлиб"",""Иккинчи бўлиб"",""Охирги бўлиб""}",1,https://ptest.uz/images/82e4d04a-835f-4649-b09e-216b9914f093.webp,Bilet 31-40,300,,,,
Sanab o'tilgan hollarning qay birida qatnov qismining o'ng chetidan yoki yo'lning o'ng yoqasidan qayrilishga ruxsat etiladi?,Санаб ўтилган ҳолларнинг қай бирида қатнов қисмининг ўнг четидан ёки йўлнинг ўнг ёқасидан қайрилишга рухсат этилади?,"{""Tartibga solingan chorrahalarda"",""Chorrahalardan tashqarida, agar qatnov qismining kengligi chetki chap holatdan qayrilish uchun yetarli bo'lmasa"",""Tartibga solinmaydigan chorrahalarda, agar qayrilishni amalga oshirayotgan transport vositasi asosiy yo'lda bo'lsa""}","{""Тартибга солинган чорраҳаларда"",""Чорраҳалардан ташқарида, агар қатнов қисмининг кенглиги четки чап ҳолатдан қайрилиш учун етарли бўлмаса"",""Тартибга солинмайдиган чорраҳаларда, агар қайрилишни амалга ошираётган транспорт воситаси асосий йўлда бўлса""}",1,https://postimg.cc/Dmfk0bYv,Bilet 31-40,300,,,,
Avtopoezdning belgisi qanday holda yoqilgan bo'lishi kerak?,Автопоезднинг белгиси қандай ҳолда ёқилган бўлиши керак?,"{""Tunda yoki yetarli ko'rinmaydigan sharoitda harakat qilganda"",""Faqat avtopoezd harakat qilganda"",""Avtopoezd harakat qilganda, shuningdek, qorong'i vaqtida to'xtaganda va to'xtab turganida"",""Faqat avtopoezd yuk bilan harakat qilganda""}","{""Тунда ёки етарли кўринмайдиган шароитда ҳаракат қилганда"",""Фақат автопоезд ҳаракат қилганда"",""Автопоезд ҳаракат қилганда, шунингдек, қоронғи вақтида тўхтаганда ва тўхтаб турганида"",""Фақат автопоезд юк билан ҳаракат қилганда""}",2,https://postimg.cc/Dmfk0bYv,Bilet 31-40,300,,,,
Avtopoezdning belgisi qanday holda yoqilgan bo'lishi kerak?,Автопоезднинг белгиси қандай ҳолда ёқилган бўлиши керак?,"{""Tunda yoki yetarli ko'rinmaydigan sharoitda harakat qilganda"",""Faqat avtopoezd harakat qilganda"",""Avtopoezd harakat qilganda, shuningdek, qorong'i vaqtida to'xtaganda va to'xtab turganida"",""Faqat avtopoezd yuk bilan harakat qilganda""}","{""Тунда ёки етарли кўринмайдиган шароитда ҳаракат қилганда"",""Фақат автопоезд ҳаракат қилганда"",""Автопоезд ҳаракат қилганда, шунингдек, қоронғи вақтида тўхтаганда ва тўхтаб турганида"",""Фақат автопоезд юк билан ҳаракат қилганда""}",1,https://postimg.cc/Dmfk0bYv,Bilet 31-40,300,,,,
Aholi yashaydigan yo'llardan tashqarida yo'lning qatnov qismida haydovchilar transport vositalarini qaerda harakatlantirishlari kerak?,Аҳоли яшайдиган йўллардан ташқарида йўлнинг қатнов қисмида ҳайдовчилар транспорт воситаларини қаерда ҳаракатлантиришлари керак?,"{""Iloji boricha qatnov qismining o'ng chetiga yaqinroq joyda"",""Xohlagan bo'lak bo'ylab"",""Faqat o'ng bo'lak bo'ylab. Chap bo'lak o'tish faqat chapga burish va burilish uchun ruxsat etiladi""}","{""Иложи борича қатнов қисмининг ўнг четига яқинроқ жойда"",""Хоҳлаган бўлак бўйлаб"",""Фақат ўнг бўлак бўйлаб. Чап бўлак ўтиш фақат чапга буриш ва бурилиш учун рухсат этилади""}",0,https://ptest.uz/images/7f7443d6-5337-4adc-8b28-423a0b3b509f.webp,Bilet 31-40,300,,,,
Ikkinchi daraja tamirlash yo'li bilan tiklangan shinalarni M1 toifadagi avtotransport vositalariga o'rnatishga ruxsat etiladimi?,Иккинчи даража таъмирлаш йўли билан тикланган шиналарни М1 тоифадаги автотранспорт воситаларига ўрнатишга рухсат этиладими?,"{""Harakat svetofor bilan tartibga solib turiladigan piyodalar o'tish joyini"",""Velosiped yo'lkasining qatnov qismini kesib o'tadigan joyni"",""Piyodalar yo'lkasining qatnov qismini kesib o'tadigan joyni""}","{""Ҳаракат светофор билан тартибга солиб туриладиган пиёдалар ўтиш жойини"",""Велосипед йўлкасининг қатнов қисмини кесиб ўтадиган жойни"",""Пиёдалар йўлкасининг қатнов қисмини кесиб ўтадиган жойни""}",1,https://postimg.cc/Dmfk0bYv,Bilet 31-40,300,,,,
Quyidagi chiziq nimani bildiradi?,Қуйидаги чизиқ нимани билдиради?,"{""Avtomobillar o'tadigan yo'lni kesib o'tuvchi piyodalarni o'tkazib yuborish uchun to'xtash majburiy bo'lgan joy"",""Velosiped yo'lkasi yo'lni kesib o'tuvchi joy"",""Boshqarilmaydigan piyodalar o'tish joyi""}","{""Автомобиллар ўтадиган йўлни кесиб ўтувчи пиёдаларни ўтказиб юбориш учун тўхташ мажбурий бўлган жой"",""Велосипед йўлкаси йўлни кесиб ўтувчи жой"",""Бошқарилмайдиган пиёдалар ўтиш жойи""}",1,https://ptest.uz/images/21893fb2-1aac-430b-ad9f-83bc4439e907.webp,Bilet 31-40,300,,,,
Quvib o'tish qaysi hollardan taqiqlanadi?,Қувиб ўтиш қайси ҳоллардан тақиқланади?,"{""Temir yo'l kesishmalarida va ulargacha 100 m dan kam masofa qolganda"",""Temir yo'l kesishmalarida va ulargacha 100 m dan ko'p masofa qolganda"",""Temir yo'l kesishmalarida va aholi yashaydigan joylardan tashqarida ulardan 100 m ko'p masofa qolganda""}","{""Темир йўл кесишмаларида ва уларгача 100 м дан кам масофа қолганда"",""Темир йўл кесишмаларида ва уларгача 100 м дан кўп масофа қолганда"",""Темир йўл кесишмаларида ва аҳоли яшайдиган жойлардан ташқарида улардан 100 м кўп масофа қолганда""}",0,https://postimg.cc/Dmfk0bYv,Bilet 31-40,300,,,,
Transport vositalari chorrahani quyidagi tartibda kesib o'tadilar:,Транспорт воситалари чорраҳани қуйидаги тартибда кесиб ўтадилар:,"{""10 m"",""15 m"",""30 m"",""40 m""}","{""10 м"",""15 м"",""30 м"",""40 м""}",1,https://ptest.uz/images/ae5f76eb-351a-4dd1-b709-cd1606490c90.webp,Bilet 31-40,300,,,,
Ko'rsatilgan vaziyatda o'ngga burilar ekan haydovchi qanday yo'l tutishi kerak?,Кўрсатилган вазиятда ўнгга бурилар экан ҳайдовчи қандай йўл тутиши керак?,"{""Ustunlik huquqidan foydalanib, tovushli xabar berishi va belgilangan yo'nalishda harakatni davom ettirishi"",""Harakat tezligini pasaytirishi va alohida ehtiyotkorlik bilan yo'lda davom etishi"",""Qatnov qismidan o'tuvchi piyodalarga yo'l berishi""}","{""Устунлик ҳуқуқидан фойдаланиб, товушли хабар бериши ва белгиланган йўналишда ҳаракатни давом эттириши"",""Ҳаракат тезлигини пасайтириши ва алоҳида эҳтиёткорлик билан йўлда давом этиши"",""Қатнов қисмидан ўтувчи пиёдаларга йўл бериши""}",2,https://ptest.uz/images/aa50c2a4-7c2f-4737-a575-d03071dd7de1.webp,Bilet 31-40,300,,,,
Transport vositasi texnik tavsifnomasida ko'rsatilgan yuqori tezlikdan oshirilishi mumkinmi?,Транспорт воситаси техник тавсифномасида кўрсатилган юқори тезликдан оширилиши мумкинми?,"{""Yo'llardan foydalanish uchun masul bo'lgan idoralar tomonidan oshirilishi mumkin"",""Aholi yashaydigan joylardan tashqaridagi yo'llarda oshirilishi mumkin. Bunday yo'l qismlarida «yuqori tezlik cheklangan» belgisi o'rnatiladi"",""Oshirilishi mumkin emas""}","{""Йўллардан фойдаланиш учун масъул бўлган идоралар томонидан оширилиши мумкин"",""Аҳоли яшайдиган жойлардан ташқаридаги йўлларда оширилиши мумкин. Бундай йўл қисмларида «юқори тезлик чекланган» белгиси ўрнатилади"",""Оширилиши мумкин эмас""}",2,https://postimg.cc/Dmfk0bYv,Bilet 31-40,300,,,,
Qaysi rasmda harakatlanishning to'g'ri yo'nalishi ko'rsatilgan?,Қайси расмда ҳаракатланишнинг тўғри йўналиши кўрсатилган?,"{""Birinchida"",""Ikkinchida"",""Ikkalasida""}","{""Биринчида"",""Иккинчида"",""Иккаласида""}",1,https://postimg.cc/Dmfk0bYv,Bilet 31-40,300,,,,
Qaysi rasmda harakatlanishning to'g'ri yo'nalishi ko'rsatilgan?,Қайси расмда ҳаракатланишнинг тўғри йўналиши кўрсатилган?,"{""Chapdagi rasmda"",""Ikkala rasmda"",""O'ngdagi rasmda"",""Ikkala rasmda noto'g'ri to'xtatdi""}","{""Чапдаги расмда"",""Иккала расмда"",""Ўнгдаги расмда"",""Иккала расмда нотўғри тўхтатди""}",3,https://ptest.uz/images/3399d49d-9f95-4a87-80a6-8f6bc92ceb72.webp,Bilet 31-40,300,,,,
Quyidagi chiziq nimani bildiradi?,Қуйидаги чизиқ нимани билдиради?,"{""Avtomobillar o'tadigan yo'lni kesib o'tuvchi piyodalarni o'tkazib yuborish uchun to'xtash majburiy bo'lgan joy"",""Velosiped yo'lkasi yo'lni kesib o'tuvchi joy"",""Boshqarilmaydigan piyodalar o'tish joyi""}","{""Автомобиллар ўтадиган йўлни кесиб ўтувчи пиёдаларни ўтказиб юбориш учун тўхташ мажбурий бўлган жой"",""Велосипед йўлкаси йўлни кесиб ўтувчи жой"",""Бошқарилмайдиган пиёдалар ўтиш жойи""}",1,https://ptest.uz/images/21893fb2-1aac-430b-ad9f-83bc4439e907.webp,Bilet 31-40,300,,,,
Transport vositalari chorrahani quyidagi tartibda kesib o'tadilar:,Транспорт воситалари чорраҳани қуйидаги тартибда кесиб ўтадилар:,"{""Birinchi bo'lib"",""Ikkinchi bo'lib"",""Oxirgi bo'lib""}","{""Биринчи бўлиб"",""Иккинчи бўлиб"",""Охирги бўлиб""}",1,https://ptest.uz/images/82e4d04a-835f-4649-b09e-216b9914f093.webp,Bilet 31-40,300,,,,
Svetoforning qaysi ishorasida avtomobilning haydovchisi qayrilishni tugallashi mumkin?,Светофорнинг қайси ишорасида автомобилнинг ҳайдовчиси қайрилишни тугаллаши мумкин?,"{""Qizilda"",""Yashilda"",""Istalganda""}","{""Қизилда"",""Яшилда"",""Исталганда""}",1,https://ptest.uz/images/7f7443d6-5337-4adc-8b28-423a0b3b509f.webp,Bilet 31-40,300,,,,
Aholi yashaydigan yo'llardan tashqarida yo'lning qatnov qismida haydovchilar transport vositalarini qaerda harakatlantirishlari kerak?,Аҳоли яшайдиган йўллардан ташқарида йўлнинг қатнов қисмида ҳайдовчилар транспорт воситаларини қаерда ҳаракатлантиришлари керак?,"{""Iloji boricha qatnov qismining o'ng chetiga yaqinroq joyda"",""Xohlagan bo'lak bo'ylab"",""Faqat o'ng bo'lak bo'ylab. Chap bo'lak o'tish faqat chapga burish va burilish uchun ruxsat etiladi""}","{""Иложи борича қатнов қисмининг ўнг четига яқинроқ жойда"",""Хоҳлаган бўлак бўйлаб"",""Фақат ўнг бўлак бўйлаб. Чап бўлак ўтиш фақат чапга буриш ва бурилиш учун рухсат этилади""}",0,https://postimg.cc/Dmfk0bYv,Bilet 31-40,300,,,,
Transport vositasi texnik tavsifnomasida ko'rsatilgan yuqori tezlikdan oshirilishi mumkinmi?,Транспорт воситаси техник тавсифномасида кўрсатилган юқори тезликдан оширилиши мумкинми?,"{""Yo'llardan foydalanish uchun masul bo'lgan idoralar tomonidan oshirilishi mumkin"",""Aholi yashaydigan joylardan tashqaridagi yo'llarda oshirilishi mumkin. Bunday yo'l qismlarida «yuqori tezlik cheklangan» belgisi o'rnatiladi"",""Oshirilishi mumkin emas""}","{""Йўллардан фойдаланиш учун масъул бўлган идоралар томонидан оширилиши мумкин"",""Аҳоли яшайдиган жойлардан ташқаридаги йўлларда оширилиши мумкин. Бундай йўл қисмларида «юқори тезлик чекланган» белгиси ўрнатилади"",""Оширилиши мумкин эмас""}",2,https://postimg.cc/Dmfk0bYv,Bilet 31-40,300,,,,
"Agar transport vositasida «Tezlik cheklangan» taniqli belgisi o'rnatilgan bo'lsa, bu transport vositasining haydovchisiga:","Агар транспорт воситасида «Тезлик чекланган» таниқли белгиси ўрнатилган бўлса, бу транспорт воситасининг ҳайдовчисига:","{""Belgida ko'rsatilgan tezlikdan oshirishga faqat tezlik tegishli yo'l belgisi o'rnatilib oshirilgan yo'l qismlarida ruxsat beriladi"",""Belgida ko'rsatilgan tezlikdan oshirish taqiqlanadi""}","{""Белгида кўрсатилган тезликдан оширишга фақат тезлик тегишли йўл белгиси ўрнатилиб оширилган йўл қисмларида рухсат берилади"",""Белгида кўрсатилган тезликдан ошириш тақиқланади""}",1,https://postimg.cc/Dmfk0bYv,Bilet 31-40,300,,,,
Ko'rsatilgan vaziyatda o'ngga burilar ekan haydovchi qanday yo'l tutishi kerak?,Кўрсатилган вазиятда ўнгга бурилар экан ҳайдовчи қандай йўл тутиши керак?,"{""Ustunlik huquqidan foydalanib, tovushli xabar berishi va belgilangan yo'nalishda harakatni davom ettirishi"",""Harakat tezligini pasaytirishi va alohida ehtiyotkorlik bilan yo'lda davom etishi"",""Qatnov qismidan o'tuvchi piyodalarga yo'l berishi""}","{""Устунлик ҳуқуқидан фойдаланиб, товушли хабар бериши ва белгиланган йўналишда ҳаракатни давом эттириши"",""Ҳаракат тезлигини пасайтириши ва алоҳида эҳтиёткорлик билан йўлда давом этиши"",""Қатнов қисмидан ўтувчи пиёдаларга йўл бериши""}",2,https://ptest.uz/images/aa50c2a4-7c2f-4737-a575-d03071dd7de1.webp,Bilet 31-40,300,,,,
Avtomagistrallarda transport vositalarining atayin to'xtashi qaysi joylarda ruxsat etilgan?,Автомагистралларда транспорт воситаларининг атайин тўхташи қайси жойларда рухсат этилган?,"{""Yo'lning qatnov qismining chetki o'ng bo'lagida"",""Yo'lning 100 m dan ko'proq qismi ko'rinadigan va harakat bo'laklari soni to'rttadan ortiq bo'lgan joylarda"",""To'xtab turish uchun «To'xtab turish joyi» yoki «Dam olish joyi» belgilari bilan belgilangan maxsus maydonchalarda""}","{""Йўлнинг қатнов қисмининг четки ўнг бўлагида"",""Йўлнинг 100 м дан кўпроқ қисми кўринадиган ва ҳаракат бўлаклари сони тўрттадан ортиқ бўлган жойларда"",""Тўхтаб туриш учун «Тўхтаб туриш жойи» ёки «Дам олиш жойи» белгилари билан белгиланган махсус майдончаларда""}",2,https://postimg.cc/Dmfk0bYv,Bilet 31-40,300,,,,
Reaktsiya va diqqatni pasaytiruvchi dori-darmonlar tasirida bo'lgan haydovchiga transport vositalarini boshqarishga ruxsat etiladimi?,Реакция ва диққатни пасайтирувчи дори-дармонлар таъсирида бўлган ҳайдовчига транспорт воситаларини бошқаришга рухсат этиладими?,"{""Taqiqlanadi"",""Ruxsat etiladi"",""Agar haydovchining ishlagan davri 2 yildan ortiq bo'lsa, ruxsat etiladi""}","{""Тақиқланади"",""Рухсат этилади"",""Агар ҳайдовчининг ишлаган даври 2 йилдан ортиқ бўлса, рухсат этилади""}",0,https://postimg.cc/Dmfk0bYv,Bilet 31-40,300,,,,
Bu belgidagi ko'k fonda aholi yashaydigan joyning nomi yozilgan qo'shimcha nimani bildiradi?,Бу белгидаги кўк фонда аҳоли яшайдиган жойнинг номи ёзилган қўшимча нимани билдиради?,"{""Avtomobilning faqat orqa o'qiga oldingi boshqaruvchi ko'prik bilan birga ruxsat etiladi"",""Taqiqlanadi"",""Faqat yuk avtomobiliga ruxsat etiladi"",""Ruxsat etiladi""}","{""Автомобилнинг фақат орқа ўқига олдинги бошқарувчи кўприк билан бирга рухсат этилади"",""Тақиқланади"",""Фақат юк автомобилига рухсат этилади"",""Рухсат этилади""}",1,https://ptest.uz/images/4a10fd5b-cfae-4270-8883-b39fef547f8c.webp,Bilet 31-40,300,,,,
Avtopoezdning belgisi qanday holda yoqilgan bo'lishi kerak?,Автопоезднинг белгиси қандай ҳолда ёқилган бўлиши керак?,"{""Tunda yoki yetarli ko'rinmaydigan sharoitda harakat qilganda"",""Faqat avtopoezd harakat qilganda"",""Avtopoezd harakat qilganda, shuningdek, qorong'i vaqtida to'xtaganda va to'xtab turganida"",""Faqat avtopoezd yuk bilan harakat qilganda""}","{""Тунда ёки етарли кўринмайдиган шароитда ҳаракат қилганда"",""Фақат автопоезд ҳаракат қилганда"",""Автопоезд ҳаракат қилганда, шунингдек, қоронғи вақтида тўхтаганда ва тўхтаб турганида"",""Фақат автопоезд юк билан ҳаракат қилганда""}",2,https://postimg.cc/Dmfk0bYv,Bilet 31-40,300,,,,
Aholi punktlarida «Falokat» to'xtash belgisi yoki miltillovchi qizil chiroq mexanik transport vositasidan kamida qanday masofada qo'yilishi kerak?,Аҳоли пунктларида «Фалокат» тўхташ белгиси ёки милтилловчи қизил чироқ механик транспорт воситасидан камида қандай масофада қўйилиши керак?,"{""10 m"",""15 m"",""30 m"",""40 m""}","{""10 м"",""15 м"",""30 м"",""40 м""}",1,https://postimg.cc/Dmfk0bYv,Bilet 31-40,300,,,,
Quvib o'tish qaysi hollardan taqiqlanadi?,Қувиб ўтиш қайси ҳоллардан тақиқланади?,"{""Temir yo'l kesishmalarida va ulargacha 100 m dan kam masofa qolganda"",""Temir yo'l kesishmalarida va ulargacha 100 m dan ko'p masofa qolganda"",""Temir yo'l kesishmalarida va aholi yashaydigan joylardan tashqarida ulardan 100 m ko'p masofa qolganda""}","{""Темир йўл кесишмаларида ва уларгача 100 м дан кам масофа қолганда"",""Темир йўл кесишмаларида ва уларгача 100 м дан кўп масофа қолганда"",""Темир йўл кесишмаларида ва аҳоли яшайдиган жойлардан ташқарида улардан 100 м кўп масофа қолганда""}",0,https://postimg.cc/Dmfk0bYv,Bilet 31-40,300,,,,
Qaysi rasmda harakatlanishning to'g'ri yo'nalishi ko'rsatilgan?,Қайси расмда ҳаракатланишнинг тўғри йўналиши кўрсатилган?,"{""Birinchida"",""Ikkinchida"",""Ikkalasida""}","{""Биринчида"",""Иккинчида"",""Иккаласида""}",1,https://ptest.uz/images/a0e2aef3-1f4b-41b1-a73f-d1ee4f17c81e.webp,Bilet 31-40,300,,,,
Mazkur chiziq nimani bildiradi?,Мазкур чизиқ нимани билдиради?,"{""Harakat svetofor bilan tartibga solib turiladigan piyodalar o'tish joyini"",""Velosiped yo'lkasining qatnov qismini kesib o'tadigan joyni"",""Piyodalar yo'lkasining qatnov qismini kesib o'tadigan joyni""}","{""Ҳаракат светофор билан тартибга солиб туриладиган пиёдалар ўтиш жойини"",""Велосипед йўлкасининг қатнов қисмини кесиб ўтадиган жойни"",""Пиёдалар йўлкасининг қатнов қисмини кесиб ўтадиган жойни""}",1,https://ptest.uz/images/71397e06-ba67-4dc9-94e7-65ee2e971152.webp,Bilet 31-40,300,,,,
Ikkinchi daraja tamirlash yo'li bilan tiklangan shinalarni M1 toifadagi avtotransport vositalariga o'rnatishga ruxsat etiladimi?,Иккинчи даража таъмирлаш йўли билан тикланган шиналарни М1 тоифадаги автотранспорт воситаларига ўрнатишга рухсат этиладими?,"{""Taqiqlanadi"",""Avtomobilning har ikki o'qiga ruxsat etiladi"",""Faqat orqa o'qiga ruxsat etiladi""}","{""Тақиқланади"",""Автомобилнинг ҳар икки ўқига рухсат этилади"",""Фақат орқа ўқига рухсат этилади""}",2,https://postimg.cc/Dmfk0bYv,Bilet 31-40,300,,,,
Sanab o'tilgan hollarning qay birida qatnov qismining o'ng chetidan yoki yo'lning o'ng yoqasidan qayrilishga ruxsat etiladi?,Санаб ўтилган ҳолларнинг қай бирида қатнов қисмининг ўнг четидан ёки йўлнинг ўнг ёқасидан қайрилишга рухсат этилади?,"{""Tartibga solingan chorrahalarda"",""Chorrahalardan tashqarida, agar qatnov qismining kengligi chetki chap holatdan qayrilish uchun yetarli bo'lmasa"",""Tartibga solinmaydigan chorrahalarda, agar qayrilishni amalga oshirayotgan transport vositasi asosiy yo'lda bo'lsa""}","{""Тартибга солинган чорраҳаларда"",""Чорраҳалардан ташқарида, агар қатнов қисмининг кенглиги четки чап ҳолатдан қайрилиш учун етарли бўлмаса"",""Тартибга солинмайдиган чорраҳаларда, агар қайрилишни амалга ошираётган транспорт воситаси асосий йўлда бўлса""}",1,https://postimg.cc/Dmfk0bYv,Bilet 31-40,300,,,,
«Reaktsiya vaqti» tushunchasi nimani bildiradi?,«Реакция вақти» тушунчаси нимани билдиради?,"{""Haydovchi xavfni ko'rgan paytdan aniq harakatlarni bo'lguncha o'tilgan vaqt"",""Haydovchining tormoz berishni boshlagan paytdan transport vositasining to'la to'xtagunicha vaqtni""}","{""Ҳайдовчи хавфни кўрган пайтдан аниқ ҳаракатларни бўлгунча ўтилган вақт"",""Ҳайдовчининг тормоз беришни бошлаган пайтдан транспорт воситасининг тўла тўхтагунича вақтни""}",0,https://postimg.cc/Dmfk0bYv,Bilet 31-40,300,,,,
"Agar tegishli belgilar bilan belgilangan qiyaliklarda yuzma-yuz kelayotgan transportlarning o'tib ketishi qiyin bo'lsa, yo'l berish zarur:","Агар тегишли белгилар билан белгиланган қияликларда юзма-юз келаётган транспортларнинг ўтиб кетиши қийин бўлса, йўл бериш зарур:","{""Pastlik tomon harakatlanayotgan transport vositasiga"",""Belgilangan yo'nalishdagi transport vositasiga"",""Balandlikka harakatlanayotgan transport vositasiga""}","{""Пастлик томон ҳаракатланаётган транспорт воситасига"",""Белгиланган йўналишдаги транспорт воситасига"",""Баландликка ҳаракатланаётган транспорт воситасига""}",2,https://ptest.uz/images/d73bcdae-324b-438f-8daf-4c4113235e83.webp,Bilet 31-40,300,,,,
Yo'lning bu qismida quvib o'tishga ruxsat etiladimi?,Йўлнинг бу қисмида қувиб ўтишга рухсат этиладими?,"{""Ruxsat etiladi"",""Taqiqlanadi""}","{""Рухсат этилади"",""Тақиқланади""}",1,https://ptest.uz/images/89042055-f849-47ef-9327-a00729a27051.webp,Bilet 31-40,300,,,,
"Agar yo'l-transport hodisasi natijasida hech kim jabrlanmasa, moddiy zarar esa ahamiyatsiz bo'lsa, haydovchilarning o'zlari hodisa ro'y bergan joyni tark etib, DYHXXning eng yaqin yoki IIO idorasiga hodisani qayd qilish uchun bora oladilarmi?","Агар йўл-транспорт ҳодисаси натижасида ҳеч ким жабрланмаса, моддий зарар эса аҳамиятсиз бўлса, ҳайдовчиларнинг ўзлари ҳодиса рўй берган жойни тарк этиб, ДЙҲХХнинг энг яқин ёки ИИО идорасига ҳодисани қайд қилиш учун бора оладиларми?","{""Bora olmaydilar"",""Bora oladilar"",""Hodisa chizmasini taxminiy tuzib va uni imzolab bora oladilar""}","{""Бора олмайдилар"",""Бора оладилар"",""Ҳодиса чизмасини тахминий тузиб ва уни имзолаб бора оладилар""}",2,https://postimg.cc/Dmfk0bYv,Bilet 31-40,300,,,,
Mazkur svetoforning qizil yoritkichida harakat taqiqlanadi:,Мазкур светофорнинг қизил ёриткичида ҳаракат тақиқланади:,"{""Faqat bir qatorda"",""Qatnov qismining barcha kengligi bo'ylab"",""Quvib o'tish bilan"",""Svetofor qaysi bo'lak ustiga joylashtirilgan bo'lsa, o'sha bo'lak bo'yicha""}","{""Фақат бир қаторда"",""Қатнов қисмининг барча кенглиги бўйлаб"",""Қувиб ўтиш билан"",""Светофор қайси бўлак устига жойлаштирилган бўлса, ўша бўлак бўйича""}",3,https://ptest.uz/images/2c2ca7d6-7544-49fb-bf11-3e8289b84cfa.webp,Bilet 31-40,300,,,,
Bu joyda avtobusni quvib o'tishga ruxsat etiladimi?,Бу жойда автобусни қувиб ўтишга рухсат этиладими?,"{""Ruxsat etiladi"",""Taqiqlanadi""}","{""Рухсат этилади"",""Тақиқланади""}",0,https://ptest.uz/images/bc86a1bf-f33b-41ba-99cf-866b94452b9d.webp,Bilet 31-40,300,,,,
Qaysi belgi «Bir tomonlama harakatlanish yo'lining oxiri» deb ataladi?,Қайси белги «Бир томонлама ҳаракатланиш йўлининг охири» деб аталади?,"{""1"",""2"",""3"",""4"",""5""}","{""1"",""2"",""3"",""4"",""5""}",3,https://ptest.uz/images/53530209-90c9-4c27-9028-12c8fde864d5.webp,Bilet 31-40,300,,,,
Bu chorrahada chapga burilishga ruxsat etiladimi?,Бу чорраҳада чапга бурилишга рухсат этиладими?,"{""Ruxsat etiladi"",""Taqiqlanadi""}","{""Рухсат этилади"",""Тақиқланади""}",0,https://ptest.uz/images/67be0f2c-bf8a-4211-80f1-b88ab9ed4788.webp,Bilet 31-40,300,,,,
Ko'k avtomobil chorrahani nechanchi bo'lib kesib o'tadi?,Кўк автомобил чорраҳани нечанчи бўлиб кесиб ўтади?,"{""Birinchi bo'lib"",""Ikkinchi bo'lib"",""Uchinchi bo'lib"",""To'rtinchi bo'lib"",""Oxirgi bo'lib""}","{""Биринчи бўлиб"",""Иккинчи бўлиб"",""Учинчи бўлиб"",""Тўртинчи бўлиб"",""Охирги бўлиб""}",3,https://ptest.uz/images/87a69858-aa5a-4ade-b031-ec11b4d0394b.webp,Bilet 31-40,300,,,,
Mopedlarni shatakka olishga ruxsat etiladimi?,Мопедларни шатакка олишга рухсат этиладими?,"{""Ruxsat etiladi"",""Qattiq qoplamasiz yo'l bo'ylab faqat kunning yorug' vaqtida ruxsat etiladi"",""Taqiqlanadi""}","{""Рухсат этилади"",""Қаттиқ қопламасиз йўл бўйлаб фақат куннинг ёруғ вақтида рухсат этилади"",""Тақиқланади""}",2,https://postimg.cc/Dmfk0bYv,Bilet 31-40,300,,,,
"Qo'l jarohatlanganda jabrlanuvchining ko'ylagi, kiyimi qanday yechilsa to'g'ri bo'ladi?","Қўл жароҳатланганда жабрланувчининг кўйлаги, кийими қандай ечилса тўғри бўлади?","{""Kiyim-boshni yechishni kasal qo'ldan boshlash, so'ng sog' qo'lni bo'shatish"",""Kiyim-boshni ikkala qo'ldan bir vaqtda yechish"",""Kiyim-boshni yechishni sog' qo'ldan boshlash, so'ng kasal qo'lni bo'shatish""}","{""Кийим-бошни ечишни касал қўлдан бошлаш, сўнг соғ қўлни бўшатиш"",""Кийим-бошни иккала қўлдан бир вақтда ечиш"",""Кийим-бошни ечишни соғ қўлдан бошлаш, сўнг касал қўлни бўшатиш""}",2,https://postimg.cc/Dmfk0bYv,Bilet 31-40,300,,,,
Qaysi transport vositalariga bu belgi o'rnatilgan yo'l bo'ylab harakatlanishga ruxsat etilgan?,Қайси транспорт воситаларига бу белги ўрнатилган йўл бўйлаб ҳаракатланишга рухсат этилган?,"{""Mexanik transport vositalariga"",""Barcha transport vositalariga"",""Avtomobillarga, avtobuslarga va mototsikllarga"",""Yuqori tezligi 40 km/s dan kam bo'lmagan transport vositalariga""}","{""Механик транспорт воситаларига"",""Барча транспорт воситаларига"",""Автомобилларга, автобусларга ва мотоциклларга"",""Юқори тезлиги 40 км/с дан кам бўлмаган транспорт воситаларига""}",2,https://ptest.uz/images/f2f99a0d-89fc-4567-a19f-8fe24a00e298.webp,Bilet 31-40,300,,,,
Chorrahani birinchi bo'lib kim kesib o'tadi?,Чорраҳани биринчи бўлиб ким кесиб ўтади?,"{""Yashil avtomobil"",""Qizil avtomobil"",""Ko'k avtomobil""}","{""Яшил автомобил"",""Қизил автомобил"",""Кўк автомобил""}",0,https://ptest.uz/images/ac16a55d-cf10-4de5-9e02-77643059cf0a.webp,Bilet 31-40,300,,,,
Qaysi transport vositalarining haydovchilari to'xtab turish qoidasini buzdilar?,Қайси транспорт воситаларининг ҳайдовчилари тўхтаб туриш қоидасини буздилар?,"{""«A» va «B»"",""Faqat «G»"",""«B» va «G»"",""«V» va «G»"",""«B», «V» va «G»""}","{""«А» ва «Б»"",""Фақат «Г»"",""«Б» ва «Г»"",""«В» ва «Г»"",""«Б», «В» ва «Г»""}",4,https://ptest.uz/images/d10c0900-e2f4-4a89-8c66-652376a4b6ae.webp,Bilet 31-40,300,,,,
N2; N3; O3; O4; M2; M3 toifadagi avtotransport vositalarining orqa devoriga yozilishi kerak?,N2; N3; О3; О4; М2; М3 тоифадаги автотранспорт воситаларининг орқа деворига ёзилиши керак?,"{""Transport vositasining tegishligi haqida taniqlik belgisi"",""Yaxshi ko'rinadigan raqam belgisi"",""Taniqlik va raqam belgilari""}","{""Транспорт воситасининг тегишлиги ҳақида таниқлик белгиси"",""Яхши кўринадиган рақам белгиси"",""Таниқлик ва рақам белгилари""}",1,https://postimg.cc/Dmfk0bYv,Bilet 31-40,300,,,,
Bu yo'l belgisi nimani bildiradi?,Бу йўл белгиси нимани билдиради?,"{""40 km/s dan kam tezlikda ketayotgan yakka, yon kajavasi bo'lmagan ikki g'ildirakli mototsikllar va velosipedlardan tashqari barcha mexanik transport vositalarini quvib o'tish taqiqlanadi"",""Ruxsat etilgan to'la vazni 3,5 t dan ziyod bo'lgan yuk avtomobili bilan 40 km/s dan kam tezlikda ketayotgan yakka transport vositalaridan tashqari barcha transport vositalarini quvib o'tish taqiqlanadi""}","{""40 км/с дан кам тезликда кетаётган якка, ён кажаваси бўлмаган икки ғилдиракли мотоцикллар ва велосипедлардан ташқари барча механик транспорт воситаларини қувиб ўтиш тақиқланади"",""Рухсат этилган тўла вазни 3,5 т дан зиёд бўлган юк автомобили билан 40 км/с дан кам тезликда кетаётган якка транспорт воситаларидан ташқари барча транспорт воситаларини қувиб ўтиш тақиқланади""}",1,https://postimg.cc/Dmfk0bYv,Bilet 31-40,300,,,,
Transport vositalarining tezligi texnik tavsifnomasiga yoki holatiga ko'ra 40 km/s dan kam bo'lganda avtomagistral bo'ylab harakatlanishga ruxsat etiladimi?,Транспорт воситаларининг тезлиги техник тавсифномасига ёки ҳолатига кўра 40 км/с дан кам бўлганда автомагистрал бўйлаб ҳаракатланишга рухсат этиладими?,"{""Ikkinchi bo'lakdan nariga o'tmaganda ruxsat etiladi"",""Taqiqlanadi"",""Agar «Eng kam tezlik» belgisi o'rnatilmagan bo'lsa ruxsat etiladi""}","{""Иккинчи бўлакдан нарига ўтмаганда рухсат этилади"",""Тақиқланади"",""Агар «Энг кам тезлик» белгиси ўрнатилмаган бўлса рухсат этилади""}",1,https://postimg.cc/Dmfk0bYv,Bilet 31-40,300,,,,
«Falokat» yorug'lik ishoralari yoqilishi kerak:,«Фалокат» ёруғлик ишоралари ёқилиши керак:,"{""To'xtash taqiqlangan joylarda majburiy to'xtaganda"",""Yo'l-trancport hodisasi ro'y berganda"",""Yo'lning yoritilmagan qismlarida to'xtaganda va to'xtab turganda yoki ko'rinish yetarli bo'lmagan sharoitda gabarit yoki to'xtab turish chiroqlari nosoz bo'lganda"",""Sanab o'tilgan barcha hollarda""}","{""Тўхташ тақиқланган жойларда мажбурий тўхтаганда"",""Йўл-транcпорт ҳодисаси рўй берганда"",""Йўлнинг ёритилмаган қисмларида тўхтаганда ва тўхтаб турганда ёки кўриниш етарли бўлмаган шароитда габарит ёки тўхтаб туриш чироқлари носоз бўлганда"",""Санаб ўтилган барча ҳолларда""}",3,https://postimg.cc/Dmfk0bYv,Bilet 31-40,300,,,,
Chorrahani ikkinchi bo'lib kim kesib o'tadi?,Чорраҳани иккинчи бўлиб ким кесиб ўтади?,"{""Yashil avtomobil"",""Ko'k avtomobil"",""Qizil avtomobil""}","{""Яшил автомобил"",""Кўк автомобил"",""Қизил автомобил""}",0,https://ptest.uz/images/9f57036a-e016-4b64-b69a-4f700837ae39.webp,Bilet 31-40,300,,,,
Harakat tezligini tanlashda haydovchiga taqiqlanadi?,Ҳаракат тезлигини танлашда ҳайдовчига тақиқланади?,"{""Ushbu qoidalarga muvofiq ravishda transport vositasiga o'rnatilgan taniqli belgida ko'rsatilgan tezlikdan oshirish"",""Keskin tormoz berish, agar bu harakatlanish xavfsizligini taminlash uchun talab qilinmasa"",""Ikkala sanab o'tilgan harakat taqiqlanadi""}","{""Ушбу қоидаларга мувофиқ равишда транспорт воситасига ўрнатилган таниқли белгида кўрсатилган тезликдан ошириш"",""Кескин тормоз бериш, агар бу ҳаракатланиш хавфсизлигини таъминлаш учун талаб қилинмаса"",""Иккала санаб ўтилган ҳаракат тақиқланади""}",2,https://postimg.cc/Dmfk0bYv,Bilet 31-40,300,,,,
«Reaktsiya vaqti» tushunchasi nimani bildiradi?,«Реакция вақти» тушунчаси нимани билдиради?,"{""Haydovchi xavfni ko'rgan paytdan aniq harakatlarni bo'lguncha o'tilgan vaqt"",""Haydovchining tormoz berishni boshlagan paytdan transport vositasining to'la to'xtagunicha vaqtni""}","{""Ҳайдовчи хавфни кўрган пайтдан аниқ ҳаракатларни бўлгунча ўтилган вақт"",""Ҳайдовчининг тормоз беришни бошлаган пайтдан транспорт воситасининг тўла тўхтагунича вақтни""}",0,https://postimg.cc/Dmfk0bYv,Bilet 31-40,300,,,,
O'tish navbati qaysi javobda to'g'ri ko'rsatilgan?,Ўтиш навбати қайси жавобда тўғри кўрсатилган?,"{""Mototsikl, avtobus, yuk avtomobili"",""Avtobus, mototsikl, yuk avtomobili"",""Avtobus, yuk avtomobili, mototsikl""}","{""Мотоцикл, автобус, юк автомобили"",""Автобус, мотоцикл, юк автомобили"",""Автобус, юк автомобили, мотоцикл""}",0,https://ptest.uz/images/46688fff-6ecf-4e98-a7db-0f1510b67d43.webp,Bilet 31-40,300,,,,
Avtomobillar chorrahani quyidagi tartibda kesib o'tadi:,Автомобиллар чорраҳани қуйидаги тартибда кесиб ўтади:,"{""Qizil chorrahaga chiqadi va ko'kni o'tkazib yuborish uchun to'xtaydi; yashil; ko'k va qizil burilishni tugallaydi"",""Yashil, ko'k, qizil"",""Qizil, ko'k, yashil""}","{""Қизил чорраҳага чиқади ва кўкни ўтказиб юбориш учун тўхтайди; яшил; кўк ва қизил бурилишни тугаллайди"",""Яшил, кўк, қизил"",""Қизил, кўк, яшил""}",0,https://ptest.uz/images/2dad04f2-3868-402c-be5f-03107a414905.webp,Bilet 31-40,300,,,,
"Trotuar yoki piyodalar yo'lkasi bo'lmaganda, piyodalar velosiped yo'lkasi bo'ylab harakat qila oladilarmi?","Тротуар ёки пиёдалар йўлкаси бўлмаганда, пиёдалар велосипед йўлкаси бўйлаб ҳаракат қила оладиларми?","{""Harakat qila oladilar"",""Agar velosipedlarning harakatlanishini qiyinlashtirmasa, harakat qila oladilar"",""Harakat qila olmaydilar""}","{""Ҳаракат қила оладилар"",""Агар велосипедларнинг ҳаракатланишини қийинлаштирмаса, ҳаракат қила оладилар"",""Ҳаракат қила олмайдилар""}",0,https://postimg.cc/Dmfk0bYv,Bilet 31-40,300,,,,
Mazkur svetofor harakatlanishni tartibga solish uchun qo'llaniladi:,Мазкур светофор ҳаракатланишни тартибга солиш учун қўлланилади:,"{""Tramvaylarga va avtobuslarga"",""Faqat tramvaylarga"",""Tramvaylarga, shuningdek alohida bo'lakdan yuradigan belgilangan yo'nalishdagi boshqa transport vositalarini harakatini tartibga soladi""}","{""Трамвайларга ва автобусларга"",""Фақат трамвайларга"",""Трамвайларга, шунингдек алоҳида бўлакдан юрадиган белгиланган йўналишдаги бошқа транспорт воситаларини ҳаракатини тартибга солади""}",2,https://postimg.cc/Dmfk0bYv,Bilet 31-40,300,,,,
Qatnov qismiga bevosita tutashgan trotuar chetida unga to'la yoki qisman chiqish bilan to'xtab turishga ruxsat etiladimi?,Қатнов қисмига бевосита туташган тротуар четида унга тўла ёки қисман чиқиш билан тўхтаб туришга рухсат этиладими?,"{""Faqat yengil avtomobillarga va mototsikllarga to'xtab turishga tegishli yo'l belgilari o'rnatilgan joylarda ruxsat etiladi"",""Ruxsat etilgan to'la vazni 3,5 t dan ziyod bo'lgan faqat yuk avtomobillariga taqiqlanadi"",""Barcha transport vositalariga taqiqlanadi""}","{""Фақат енгил автомобилларга ва мотоциклларга тўхтаб туришга тегишли йўл белгилари ўрнатилган жойларда рухсат этилади"",""Рухсат этилган тўла вазни 3,5 т дан зиёд бўлган фақат юк автомобилларига тақиқланади"",""Барча транспорт воситаларига тақиқланади""}",0,https://postimg.cc/Dmfk0bYv,Bilet 31-40,300,,,,
Qizil avtomobil chorrahani nechanchi bo'lib kesib o'tadi?,Қизил автомобил чорраҳани нечанчи бўлиб кесиб ўтади?,"{""Ikkinchi bo'lib, ayni vaqtda ko'k bilan birga"",""Ikkinchi bo'lib, sariqdan keyin"",""Uchinchi bo'lib, yashil, sariqdan keyin""}","{""Иккинчи бўлиб, айни вақтда кўк билан бирга"",""Иккинчи бўлиб, сариқдан кейин"",""Учинчи бўлиб, яшил, сариқдан кейин""}",0,https://ptest.uz/images/6b586770-8baf-40b4-8d60-919498347f7c.webp,Bilet 31-40,300,,,,
Qoidalarning qanday hollarida tumanga qarshi orqa chiroqlarni qo'llashga ruxsat beriladi?,Қоидаларнинг қандай ҳолларида туманга қарши орқа чироқларни қўллашга рухсат берилади?,"{""Transport vositasi bilan shatakka olganda"",""Saf tarkibida harakatlanganda"",""Kunning qorong'i vaqtida"",""Yetarlicha ko'rinmaydigan sharoitda qo'llash mumkin"",""Sanab o'tilgan barcha hollarda""}","{""Транспорт воситаси билан шатакка олганда"",""Саф таркибида ҳаракатланганда"",""Куннинг қоронғи вақтида"",""Етарлича кўринмайдиган шароитда қўллаш мумкин"",""Санаб ўтилган барча ҳолларда""}",3,https://postimg.cc/Dmfk0bYv,Bilet 31-40,300,,,,
Qanday hollarda transport vositasidan foydalanishga ruxsat etiladi?,Қандай ҳолларда транспорт воситасидан фойдаланишга рухсат этилади?,"{""Transport vositasining tashqi yuzasiga qonun hujjatlariga mos kelmaydigan va harakat xavfsizligiga salbiy tasir ko'rsatadigan turli xil tasvirlar tushurilgan bo'lsa"",""Gaz taminlash tizimi bilan jihozlangan avtobus va avtomobil gaz ballonlarining tashqi tomonida ko'rsatilgan texnik ko'rsatkichlar (parametrlar) texnik pasportdagi malumotlarga (ko'rsatkichlarga) mos kelsa, oxirgi va rejalashtirilgan tekshirishlarning sanasi bo'lsa"",""Ishlab chiqaruvchi korxona tomonidan ko'zda tutilmagan hollarda kuzov (kabina) bir necha xil rangga bo'yalgan bo'lsa (maxsus transport vositalari bundan mustasno)""}","{""Транспорт воситасининг ташқи юзасига қонун ҳужжатларига мос келмайдиган ва ҳаракат хавфсизлигига салбий таъсир кўрсатадиган турли хил тасвирлар тушурилган бўлса"",""Газ таъминлаш тизими билан жиҳозланган автобус ва автомобиль газ баллонларининг ташқи томонида кўрсатилган техник кўрсаткичлар (параметрлар) техник паспортдаги маълумотларга (кўрсаткичларга) мос келса, охирги ва режалаштирилган текширишларнинг санаси бўлса"",""Ишлаб чиқарувчи корхона томонидан кўзда тутилмаган ҳолларда кузов (кабина) бир неча хил рангга бўялган бўлса (махсус транспорт воситалари бундан мустасно)""}",1,https://postimg.cc/Dmfk0bYv,Bilet 31-40,300,,,,
"Agar haydovchi transport vositasining eshigini ochishga va undan chiqishga qaror qilsa, unga nima taqiqlanadi?","Агар ҳайдовчи транспорт воситасининг эшигини очишга ва ундан чиқишга қарор қилса, унга нима тақиқланади?","{""Harakatlanish serqatnov bo'lgan yo'llarda turgan transport vositasining eshigini ochish taqiqlanadi"",""Harakatlanish serqatnov bo'lgan yo'llarda haydovchi eshigini ochish taqiqlanadi. O'z joyidan yo'lovchi eshigi orqali chiqadi"",""Turgan transport vositasining eshigini ochish taqiqlanadi; agar bu xavf tug'dirsa va harakatlanishning boshqa ishtirokchilariga xalaqit bersa""}","{""Ҳаракатланиш серқатнов бўлган йўлларда турган транспорт воситасининг эшигини очиш тақиқланади"",""Ҳаракатланиш серқатнов бўлган йўлларда ҳайдовчи эшигини очиш тақиқланади. Ўз жойидан йўловчи эшиги орқали чиқади"",""Турган транспорт воситасининг эшигини очиш тақиқланади; агар бу хавф туғдирса ва ҳаракатланишнинг бошқа иштирокчиларига халақит берса""}",2,https://postimg.cc/Dmfk0bYv,Bilet 31-40,300,,,,
Bunday avtopoezdning ko'prikdan o'tishiga ruxsat etiladimi?,Бундай автопоезднинг кўприкдан ўтишига рухсат этиладими?,"{""Ruxsat etiladi"",""Taqiqlanadi""}","{""Рухсат этилади"",""Тақиқланади""}",1,https://ptest.uz/images/7e71d700-3c44-486c-8cc0-10a74c61ff3d.webp,Bilet 31-40,300,,,,
Sanab o'tilganlardan qaysi joylarda transport vositalarining to'xtashi va to'xtab turishi taqiqlanadi?,Санаб ўтилганлардан қайси жойларда транспорт воситаларининг тўхташи ва тўхтаб туриши тақиқланади?,"{""Darvozadan chiqish joylarida"",""Tramvay yo'llarida"",""Tramvay yo'llaridan bevosita yaqinroqda, agar bu tramvaylarning harakatiga to'sqinlik qilsa"",""Barcha ko'rsatilgan joylarda""}","{""Дарвозадан чиқиш жойларида"",""Трамвай йўлларида"",""Трамвай йўлларидан бевосита яқинроқда, агар бу трамвайларнинг ҳаракатига тўсқинлик қилса"",""Барча кўрсатилган жойларда""}",3,https://postimg.cc/Dmfk0bYv,Bilet 31-40,300,,,,
Qaysi belgi bilan xavfli yo'lning uzunligi ko'rsatiladi?,Қайси белги билан хавфли йўлнинг узунлиги кўрсатилади?,"{""1"",""2"",""3"",""4"",""5""}","{""1"",""2"",""3"",""4"",""5""}",3,https://ptest.uz/images/383c54b1-a242-4c1c-9d8a-70a1fd2454ef.webp,Bilet 31-40,300,,,,
Bu belgilar nimani bildiradi?,Бу белгилар нимани билдиради?,"{""«Nogiron» taniqli belgisi bo'lgan avtomobillar uchun 30 m dan keyin to'xtab turish joyiga kelishini"",""Motokajavalardan tashqari transport vositalari uchun 30 m li hududdagi to'xtab turish joyini"",""«Nogiron» taniqli belgisi bo'lgan motokajava va avtomobillar uchun 30 m li hududdagi to'xtab turish joyini""}","{""«Ногирон» таниқли белгиси бўлган автомобиллар учун 30 м дан кейин тўхтаб туриш жойига келишини"",""Мотокажавалардан ташқари транспорт воситалари учун 30 м ли ҳудуддаги тўхтаб туриш жойини"",""«Ногирон» таниқли белгиси бўлган мотокажава ва автомобиллар учун 30 м ли ҳудуддаги тўхтаб туриш жойини""}",2,https://ptest.uz/images/c7112915-8c56-448d-b8f6-97580222b5b8.webp,Bilet 31-40,300,,,,
Ishqalanish koeffitsientiga shinalarni siyqalanib ketgan protektori qanday tasir qiladi?,Ишқаланиш коэффициентига шиналарни сийқаланиб кетган протектори қандай таъсир қилади?,"{""Ishqalanish koeffitsienti oshadi"",""Ishqalanish koeffitsienti o'zgarmaydi"",""Ishqalanish koeffitsienti kamayadi""}","{""Ишқаланиш коэффициенти ошади"",""Ишқаланиш коэффициенти ўзгармайди"",""Ишқаланиш коэффициенти камаяди""}",2,https://postimg.cc/Dmfk0bYv,Bilet 31-40,300,,,,
Yuk avtomobili haydovchisi rasmda ko'rsatilgan holatda maxsus tovush ishorasini eshitib yoki miltillovchi ishorani ko'rib nima qilishi kerak?,Юк автомобили ҳайдовчиси расмда кўрсатилган ҳолатда махсус товуш ишорасини эшитиб ёки милтилловчи ишорани кўриб нима қилиши керак?,"{""Qatnov qismidagi o'z bo'lagi bo'ylab harakatni davom ettirish"",""Haydovchi maxsus tovushli ishoralarini yoqqan holda yaqinlashib kelayotgan transport vositalariga yo'l berishlari, zarur bo'lgan hollarda ularning to'siqsiz o'tib ketishlari uchun o'zlarini yo'lning o'ng tomoniga olib to'xtashlari shart""}","{""Қатнов қисмидаги ўз бўлаги бўйлаб ҳаракатни давом эттириш"",""Ҳайдовчи махсус товушли ишораларини ёққан ҳолда яқинлашиб келаётган транспорт воситаларига йўл беришлари, зарур бўлган ҳолларда уларнинг тўсиқсиз ўтиб кетишлари учун ўзларини йўлнинг ўнг томонига олиб тўхташлари шарт""}",1,https://ptest.uz/images/621e89d0-0a68-4cf8-8364-6046bf1adefa.webp,Bilet 31-40,300,,,,
Piyodalar qatnov qismining chetidan qanday yurishlari kerak?,Пиёдалар қатнов қисмининг четидан қандай юришлари керак?,"{""Yo'l harakat qismining chetidan harakatlanayotgan transport vositalariga qarshi"",""Yo'l yoqasidan yoki qatnov qismining chetidan transport vositalarining harakati bo'ylab"",""Har qanday yo'nalishda""}","{""Йўл ҳаракат қисмининг четидан ҳаракатланаётган транспорт воситаларига қарши"",""Йўл ёқасидан ёки қатнов қисмининг четидан транспорт воситаларининг ҳаракати бўйлаб"",""Ҳар қандай йўналищда""}",0,https://postimg.cc/Dmfk0bYv,Bilet 31-40,300,,,,
Bolalarni tashishda transport vositasi qaysi taniqli belgisi bilan belgilanadi?,Болаларни ташишда транспорт воситаси қайси таниқли белгиси билан белгиланади?,"{""1"",""2"",""3""}","{""1"",""2"",""3""}",2,https://ptest.uz/images/2fd16516-c912-4516-957c-a2584e0eefab.webp,Bilet 31-40,300,,,,
"Yengil avtomobilning oldingi o'rindig'ida bolalarni ushlab turuvchi maxsus qurilma o'rnatilmagan bo'lsa, ularni tashish qaysi yoshdan ruxsat etiladi?","Енгил автомобилнинг олдинги ўриндиғида болаларни ушлаб турувчи махсус қурилма ўрнатилмаган бўлса, уларни ташиш қайси ёшдан рухсат этилади?","{""5 yosh"",""6 yosh"",""8 yosh"",""10 yosh"",""12 yosh""}","{""5 ёш"",""6 ёш"",""8 ёш"",""10 ёш"",""12 ёш""}",4,https://postimg.cc/Dmfk0bYv,Bilet 31-40,300,,,,
Ko'rsatilgan belgilardan qaysinisi orqaga harakatlanishni taqiqlaydi?,Кўрсатилган белгилардан қайсиниси орқага ҳаракатланишни тақиқлайди?,"{""1"",""2"",""3"",""4"",""5""}","{""1"",""2"",""3"",""4"",""5""}",0,https://ptest.uz/images/cb6ebbba-d534-4e8d-9727-2304566cee79.webp,Bilet 31-40,300,,,,
Tik cho'zilgan qiyaliklarda ajratilgan uzatma bilan avtomobilni uzoq tormozlashning qanday xavfi bor?,Тик чўзилган қияликларда ажратилган узатма билан автомобилни узоқ тормозлашнинг қандай хавфи бор?,"{""Shinalarning shikastlanishi ortadi"",""Ulagich qismlarining shikastlanishi ortadi"",""Tormoz qiziydi va ishdan chiqadi""}","{""Шиналарнинг шикастланиши ортади"",""Улагич қисмларининг шикастланиши ортади"",""Тормоз қизийди ва ишдан чиқади""}",2,https://postimg.cc/Dmfk0bYv,Bilet 31-40,300,,,,
O'tish navbati qaysi javobda to'g'ri ko'rsatilgan?,Ўтиш навбати қайси жавобда тўғри кўрсатилган?,"{""Mototsikl, avtobus, yuk avtomobili"",""Avtobus, mototsikl, yuk avtomobili"",""Avtobus, yuk avtomobili, mototsikl""}","{""Мотоцикл, автобус, юк автомобили"",""Автобус, мотоцикл, юк автомобили"",""Автобус, юк автомобили, мотоцикл""}",0,https://ptest.uz/images/46688fff-6ecf-4e98-a7db-0f1510b67d43.webp,Bilet 31-40,300,,,,
35-BILET Qaysi transport vositasining haydovchisi yo'l berishi kerak?,35-BILET Қайси транспорт воситасининг ҳайдовчиси йўл бериши керак?,"{""Traktor haydovchisi"",""Avtobus haydovchisi""}","{""Трактор ҳайдовчиси"",""Автобус ҳайдовчиси""}",0,https://ptest.uz/images/ccd7494d-16ec-4a65-84a4-e1a3b5f9c485.webp,Bilet 31-40,300,,,,
Qishloq xo'jalik ishlari olib boriladigan dalada yuk avtomobili va traktorning harakat traektoriyasi kesishadi. Kim yo'l berishi kerak?,Қишлоқ хўжалик ишлари олиб бориладиган далада юк автомобили ва тракторнинг ҳаракат траекторияси кесишади. Ким йўл бериши керак?,"{""Yuk avtomobili haydovchisi traktor haydovchisiga"",""Traktor haydovchisi yuk avtomobili haydovchisiga"",""O'ng tomonidan transport vositasi yaqinlashayotgan haydovchi"",""O'ng tomondagi haydovchi""}","{""Юк автомобили ҳайдовчиси трактор ҳайдовчисига"",""Трактор ҳайдовчиси юк автомобили ҳайдовчисига"",""Ўнг томонидан транспорт воситаси яқинлашаётган ҳайдовчи"",""Ўнг томондаги ҳайдовчи""}",2,https://postimg.cc/Dmfk0bYv,Bilet 31-40,300,,,,
Qaysi transport vositasining haydovchisi quvib o'tishni to'g'ri bajaryapti?,Қайси транспорт воситасининг ҳайдовчиси қувиб ўтишни тўғри бажаряпти?,"{""Yashil avtomobil haydovchisi"",""Ko'k avtomobil haydovchisi"",""Ikkala haydovchi to'g'ri bajarmoqda"",""Ikkala haydovchilarga quvib o'tish taqiqlangan""}","{""Яшил автомобил ҳайдовчиси"",""Кўк автомобил ҳайдовчиси"",""Иккала ҳайдовчи тўғри бажармоқда"",""Иккала ҳайдовчиларга қувиб ўтиш тақиқланган""}",0,https://ptest.uz/images/a2938068-b506-49f6-854c-db93438ad588.webp,Bilet 31-40,300,,,,
Chorrahani birinchi bo'lib kesib o'tadi?,Чорраҳани биринчи бўлиб кесиб ўтади?,"{""Yashil avtomobil"",""Qizil avtomobil"",""Ko'k avtomobil""}","{""Яшил автомобил"",""Қизил автомобил"",""Кўк автомобил""}",0,https://ptest.uz/images/1ef09f73-aefd-4684-9af9-5e84c5c12bcf.webp,Bilet 31-40,300,,,,
Transport vositalari chorrahani quyidagi tartibda kesib o'tadi:,Транспорт воситалари чорраҳани қуйидаги тартибда кесиб ўтади:,"{""Yengil avtomobil, avtobus, tramvay"",""Tramvay, avtobus, yengil avtomobil"",""Tramvay, yengil avtomobil, avtobus""}","{""Енгил автомобил, автобус, трамвай"",""Трамвай, автобус, енгил автомобил"",""Трамвай, енгил автомобил, автобус""}",2,https://ptest.uz/images/b969798a-2389-464a-b056-31b284bd51ad.webp,Bilet 31-40,300,,,,
Belgi ostidagi qo'shimcha axborot belgisi nimani anglatadi?,Белги остидаги қўшимча ахборот белгиси нимани англатади?,"{""Yo'lning tor qismi uzunligini"",""Belgidan yo'lning tor qismigacha bo'lgan masofani"",""Tor qismini aylanib o'tish joyigacha masofani""}","{""Йўлнинг тор қисми узунлигини"",""Белгидан йўлнинг тор қисмигача бўлган масофани"",""Тор қисмини айланиб ўтиш жойигача масофани""}",1,https://ptest.uz/images/f381e1f6-7cc4-4a58-a5b8-7696d7af56b0.webp,Bilet 31-40,300,,,,
Qoidalar transport vositalarining harakatlanishni davom ettirishni qanday hollarda taqiqlaydi?,Қоидалар транспорт воситаларининг ҳаракатланишни давом эттиришни қандай ҳолларда тақиқлайди?,"{""Kuzov (kabina) qismlari va bo'yog'iga tashqi tomondan anchagina shikast yetgan bo'lsa"",""Ulagich moslamasi nosoz bo'lsa (avtopoezd tarkibida)"",""Kuzov (kabina) qismlari va bo'yog'iga tashqi tomondan anchagina shikast yetgan bo'lsa hamda ressoralarning o'zak qatlami yoki markaziy bolti shikastlangan hollarda""}","{""Кузов (кабина) қисмлари ва бўёғига ташқи томондан анчагина шикаст етган бўлса"",""Улагич мосламаси носоз бўлса (автопоезд таркибида)"",""Кузов (кабина) қисмлари ва бўёғига ташқи томондан анчагина шикаст етган бўлса ҳамда рессораларнинг ўзак қатлами ёки марказий болти шикастланган ҳолларда""}",1,https://postimg.cc/Dmfk0bYv,Bilet 31-40,300,,,,
To'xtash va to'xtab turish taqiqlangan:,Тўхташ ва тўхтаб туриш тақиқланган:,"{""Yo'lning xavfli burilishlarida va yo'lning loaqal bir yo'nalishda 100 m dan kamroq qismi ko'rinadigan yo'lning uzunasiga qavarib turgan joylari yaqinida"",""Ko'priklarda, estakadalarda va osma yo'llarda, bir yo'nalishda harakatlanish uchun uchtadan kam bo'lagi bo'lganda"",""Barcha sanab o'tilgan hollarda""}","{""Йўлнинг хавфли бурилишларида ва йўлнинг лоақал бир йўналишда 100 м дан камроқ қисми кўринадиган йўлнинг узунасига қавариб турган жойлари яқинида"",""Кўприкларда, эстакадаларда ва осма йўлларда, бир йўналишда ҳаракатланиш учун учтадан кам бўлаги бўлганда"",""Барча санаб ўтилган ҳолларда""}",2,https://postimg.cc/Dmfk0bYv,Bilet 31-40,300,,,,
Qaysi transport vositasining haydovchisi yo'l berishi kerak?,Қайси транспорт воситасининг ҳайдовчиси йўл бериши керак?,"{""Mototsikl haydovchisi"",""Yuk avtomobili haydovchisi""}","{""Мотоцикл ҳайдовчиси"",""Юк автомобили ҳайдовчиси""}",1,https://ptest.uz/images/45460c26-e01d-4c6f-8744-8da775bd6749.webp,Bilet 31-40,300,,,,
Spidometr jihozlari tamg'alanmagan transport vositalaridan foydalanishga ruxsat etiladimi?,Спидометр жиҳозлари тамғаланмаган транспорт воситаларидан фойдаланишга рухсат этиладими?,"{""Ruxsat etiladi"",""Taqiqlanadi"",""Faqat xususiy egalariga tegishli avtomobillar, mototsikllar va mopedlarga ruxsat etiladi""}","{""Рухсат этилади"",""Тақиқланади"",""Фақат хусусий эгаларига тегишли автомобиллар, мотоцикллар ва мопедларга рухсат этилади""}",2,https://postimg.cc/Dmfk0bYv,Bilet 31-40,300,,,,
Tog' yo'llarining tik qiyaliklaridan tushishda g'ildiratishdan foydalanishga ruxsat etiladimi?,Тоғ йўлларининг тик қияликларидан тушишда ғилдиратишдан фойдаланишга рухсат этиладими?,"{""Agar avtomobil gidrovakuum kuchaytirgichli tormozlar bilan jihozlangan bo'lsa, tavsiya etiladi"",""Agar yo'l yaxshi holatda bo'lsa va uzoq ko'rinib tursa, tavsiya etiladi"",""Taqiqlanadi""}","{""Агар автомобил гидровакуум кучайтиргичли тормозлар билан жиҳозланган бўлса, тавсия этилади"",""Агар йўл яхши ҳолатда бўлса ва узоқ кўриниб турса, тавсия этилади"",""Тақиқланади""}",2,https://postimg.cc/Dmfk0bYv,Bilet 31-40,300,,,,
Qaysi rasmda haydovchi chapga burilish haqida ogohlantirish ishorasini bermoqda?,Қайси расмда ҳайдовчи чапга бурилиш ҳақида огоҳлантириш ишорасини бермоқда?,"{""1"",""2"",""3""}","{""1"",""2"",""3""}",0,https://ptest.uz/images/cd90b53e-bf3a-4594-9686-554ae5c0a1ca.webp,Bilet 31-40,300,,,,
Ko'rsatilgan yo'l belgisi qaysi transport vositalariga harakatlanishni taqiqlaydi?,Кўрсатилган йўл белгиси қайси транспорт воситаларига ҳаракатланишни тақиқлайди?,"{""Yengil avtomobil haydovchisi"",""Mototsikl haydovchisi"",""Yuk avtomobili haydovchisi"",""Barcha transport vositalarining haydovchilari""}","{""Енгил автомобиль ҳайдовчиси"",""Мотоцикл ҳайдовчиси"",""Юк автомобили ҳайдовчиси"",""Барча транспорт воситаларининг ҳайдовчилари""}",2,https://ptest.uz/images/c040351a-929f-4c72-968a-255653cdc9bf.webp,Bilet 31-40,300,,,,
To'xtash va to'xtab turish taqiqlanadi:,Тўхташ ва тўхтаб туриш тақиқланади:,"{""Temir yo'l kesishmalarida"",""Piyodalarning o'tish joylarida va ularga 10 m dan kam qolganda"",""Transport vositalari piyodalarning harakatiga xalaqit beradigan joylarda"",""Hovlidan chiqadigan joylarda"",""Barcha sanab o'tilgan joylarda""}","{""Темир йўл кесишмаларида"",""Пиёдаларнинг ўтиш жойларида ва уларга 10 м дан кам қолганда"",""Транспорт воситалари пиёдаларнинг ҳаракатига халақит берадиган жойларда"",""Ҳовлидан чиқадиган жойларда"",""Барча санаб ўтилган жойларда""}",4,https://postimg.cc/Dmfk0bYv,Bilet 31-40,300,,,,
Mazkur tik chiziqlar nimani anglatadi?,Мазкур тик чизиқлар нимани англатади?,"{""Yo'lnig kichik radiusli burilishlarini yo'l chetiga o'rnatilgan to'siqlarning yon yuzalarini bildiradi"",""Boshqa joylardagi to'siqlarning yon yuzalarini bildiradi""}","{""Йўлниг кичик радиусли бурилишларини йўл четига ўрнатилган тўсиқларнинг ён юзаларини билдиради"",""Бошқа жойлардаги тўсиқларнинг ён юзаларини билдиради""}",1,https://ptest.uz/images/b6a06687-e2aa-4324-b5e7-6d03d292f95c.webp,Bilet 31-40,300,,,,
Qornidan yopiq jarohat olgan jabrlanuvchi qanday tashiladi?,Қорнидан ёпиқ жароҳат олган жабрланувчи қандай ташилади?,"{""Yonboshi yoki orqasiga yotqizilgan holatda, lat yegan joyga issiq grelka qo'yiladi"",""Yotqizilgan holatda, lat yegan joyiga sovuq narsa (muz, malham) qo'yiladi"",""Yarim o'tkazilgan holatda, tizzalari tanaga yaqinlashtiriladi""}","{""Ёнбоши ёки орқасига ётқизилган ҳолатда, лат еган жойга иссиқ грелка қўйилади"",""Ётқизилган ҳолатда, лат еган жойига совуқ нарса (муз, малҳам) қўйилади"",""Ярим ўтказилган ҳолатда, тиззалари танага яқинлаштирилади""}",1,https://postimg.cc/Dmfk0bYv,Bilet 31-40,300,,,,
Chorrahani ikkinchi bo'lib kesib o'tadi?,Чорраҳани иккинчи бўлиб кесиб ўтади?,"{""Yashil avtomobil"",""Qizil avtomobil"",""Ko'k avtomobil ayni vaqtda sariq bilan birga""}","{""Яшил автомобил"",""Қизил автомобил"",""Кўк автомобил айни вақтда сариқ билан бирга""}",2,https://ptest.uz/images/7a9e7f11-e6ce-4751-bb66-d9aa4b525c8d.webp,Bilet 31-40,300,,,,
Egiluvchan ulagichda shatakka olinganda qanday yuqori tezlik bilan harakatlanishga ruxsat etilgan?,Эгилувчан улагичда шатакка олинганда қандай юқори тезлик билан ҳаракатланишга рухсат этилган?,"{""70 km/s"",""60 km/s"",""50 km/s"",""40 km/s"",""30 km/s""}","{""70 км/с"",""60 км/с"",""50 км/с"",""40 км/с"",""30 км/с""}",2,https://postimg.cc/Dmfk0bYv,Bilet 31-40,300,,,,
Qayrilish taqiqlanadi:,Қайрилиш тақиқланади:,"{""Piyodalar o'tish joylarida va tunnellarda"",""Ko'priklarda, osma yo'llarda, estakadalarda va ularning ostida"",""Temir yo'l kesishmalarida"",""Loaqal bir yo'nalishda yo'l 100 m. dan kamroq ko'ringanda"",""Barcha sanab o'tilgan hollarda""}","{""Пиёдалар ўтиш жойларида ва туннелларда"",""Кўприкларда, осма йўлларда, эстакадаларда ва уларнинг остида"",""Темир йўл кесишмаларида"",""Лоақал бир йўналишда йўл 100 м. дан камроқ кўринганда"",""Барча санаб ўтилган ҳолларда""}",4,https://postimg.cc/Dmfk0bYv,Bilet 31-40,300,,,,
Qaysi transport vositasining haydovchisi yo'l berishi kerak?,Қайси транспорт воситасининг ҳайдовчиси йўл бериши керак?,"{""Traktor haydovchisi"",""Avtobus haydovchisi""}","{""Трактор ҳайдовчиси"",""Автобус ҳайдовчиси""}",1,https://ptest.uz/images/ccd7494d-16ec-4a65-84a4-e1a3b5f9c485.webp,Bilet 31-40,300,,,,
Spidometr jihozlari tamg'alanmagan transport vositalaridan foydalanishga ruxsat etiladimi?,Спидометр жиҳозлари тамғаланмаган транспорт воситаларидан фойдаланишга рухсат этиладими?,"{""Ruxsat etiladi"",""Taqiqlanadi"",""Faqat xususiy egalariga tegishli avtomobillar, mototsikllar va mopedlarga ruxsat etiladi""}","{""Рухсат этилади"",""Тақиқланади"",""Фақат хусусий эгаларига тегишли автомобиллар, мотоцикллар ва мопедларга рухсат этилади""}",2,https://postimg.cc/Dmfk0bYv,Bilet 31-40,300,,,,
Qaysi transport vositasining haydovchisi yo'l berishi kerak?,Қайси транспорт воситасининг ҳайдовчиси йўл бериши керак?,"{""Traktor haydovchisi"",""Avtobus haydovchisi""}","{""Трактор ҳайдовчиси"",""Автобус ҳайдовчиси""}",1,https://ptest.uz/images/ccd7494d-16ec-4a65-84a4-e1a3b5f9c485.webp,Bilet 31-40,300,,,,
Transport vositalari chorrahani quyidagi tartibda kesib o'tadi:,Транспорт воситалари чорраҳани қуйидаги тартибда кесиб ўтади:,"{""Yengil avtomobil, avtobus, tramvay"",""Tramvay, avtobus, yengil avtomobil"",""Tramvay, yengil avtomobil, avtobus""}","{""Енгил автомобил, автобус, трамвай"",""Трамвай, автобус, енгил автомобил"",""Трамвай, енгил автомобил, автобус""}",2,https://ptest.uz/images/b969798a-2389-464a-b056-31b284bd51ad.webp,Bilet 31-40,300,,,,
Qishloq xo'jalik ishlari olib boriladigan dalada yuk avtomobili va traktorning harakat traektoriyasi kesishadi. Kim yo'l berishi kerak?,Қишлоқ хўжалик ишлари олиб бориладиган далада юк автомобили ва тракторнинг ҳаракат траекторияси кесишади. Ким йўл бериши керак?,"{""Yuk avtomobili haydovchisi traktor haydovchisiga"",""Traktor haydovchisi yuk avtomobili haydovchisiga"",""O'ng tomonidan transport vositasi yaqinlashayotgan haydovchi"",""O'ng tomondagi haydovchi""}","{""Юк автомобили ҳайдовчиси трактор ҳайдовчисига"",""Трактор ҳайдовчиси юк автомобили ҳайдовчисига"",""Ўнг томонидан транспорт воситаси яқинлашаётган ҳайдовчи"",""Ўнг томондаги ҳайдовчи""}",2,https://postimg.cc/Dmfk0bYv,Bilet 31-40,300,,,,
Qaysi transport vositasining haydovchisi yo'l berishi kerak?,Қайси транспорт воситасининг ҳайдовчиси йўл бериши керак?,"{""Mototsikl haydovchisi"",""Yuk avtomobili haydovchisi""}","{""Мотоцикл ҳайдовчиси"",""Юк автомобили ҳайдовчиси""}",1,https://ptest.uz/images/45460c26-e01d-4c6f-8744-8da775bd6749.webp,Bilet 31-40,300,,,,
Qaysi transport vositasining haydovchisi quvib o'tishni to'g'ri bajaryapti?,Қайси транспорт воситасининг ҳайдовчиси қувиб ўтишни тўғри бажаряпти?,"{""Yashil avtomobil haydovchisi"",""Ko'k avtomobil haydovchisi"",""Ikkala haydovchi to'g'ri bajarmoqda"",""Ikkala haydovchilarga quvib o'tish taqiqlangan""}","{""Яшил автомобил ҳайдовчиси"",""Кўк автомобил ҳайдовчиси"",""Иккала ҳайдовчи тўғри бажармоқда"",""Иккала ҳайдовчиларга қувиб ўтиш тақиқланган""}",0,https://ptest.uz/images/a2938068-b506-49f6-854c-db93438ad588.webp,Bilet 31-40,300,,,,
Qaysi transport vositasiga to'xtash taqiqlangan?,Қайси транспорт воситасига тўхташ тақиқланган?,"{""Yengil avtomobil haydovchisi"",""Mototsikl haydovchisi"",""Yuk avtomobili haydovchisi"",""Barcha transport vositalarining haydovchilari""}","{""Енгил автомобиль ҳайдовчиси"",""Мотоцикл ҳайдовчиси"",""Юк автомобили ҳайдовчиси"",""Барча транспорт воситаларининг ҳайдовчилари""}",2,https://ptest.uz/images/c040351a-929f-4c72-968a-255653cdc9bf.webp,Bilet 31-40,300,,,,
Ko'rsatilgan yo'l belgisi qaysi transport vositalariga harakatlanishni taqiqlaydi?,Кўрсатилган йўл белгиси қайси транспорт воситаларига ҳаракатланишни тақиқлайди?,"{""Barcha mexanik transport vositalariga"",""Faqat yuk avtomobillariga"",""Barcha avtomobillarga""}","{""Барча механик транспорт воситаларига"",""Фақат юк автомобилларига"",""Барча автомобилларга""}",0,https://ptest.uz/images/288560b7-d410-407f-9ed0-ccd3c782c873.webp,Bilet 31-40,300,,,,
To'xtash va to'xtab turish taqiqlanadi:,Тўхташ ва тўхтаб туриш тақиқланади:,"{""Temir yo'l kesishmalarida"",""Piyodalarning o'tish joylarida va ularga 10 m dan kam qolganda"",""Transport vositalari piyodalarning harakatiga xalaqit beradigan joylarda"",""Hovlidan chiqadigan joylarda"",""Barcha sanab o'tilgan joylarda""}","{""Темир йўл кесишмаларида"",""Пиёдаларнинг ўтиш жойларида ва уларга 10 м дан кам қолганда"",""Транспорт воситалари пиёдаларнинг ҳаракатига халақит берадиган жойларда"",""Ҳовлидан чиқадиган жойларда"",""Барча санаб ўтилган жойларда""}",4,https://postimg.cc/Dmfk0bYv,Bilet 31-40,300,,,,
Qayrilish taqiqlanadi:,Қайрилиш тақиқланади:,"{""Piyodalar o'tish joylarida va tunnellarda"",""Ko'priklarda, osma yo'llarda, estakadalarda va ularning ostida"",""Temir yo'l kesishmalarida"",""Loaqal bir yo'nalishda yo'l 100 m. dan kamroq ko'ringanda"",""Barcha sanab o'tilgan hollarda""}","{""Пиёдалар ўтиш жойларида ва туннелларда"",""Кўприкларда, осма йўлларда, эстакадаларда ва уларнинг остида"",""Темир йўл кесишмаларида"",""Лоақал бир йўналишда йўл 100 м. дан камроқ кўринганда"",""Барча санаб ўтилган ҳолларда""}",4,https://postimg.cc/Dmfk0bYv,Bilet 31-40,300,,,,
Tog' yo'llarining tik qiyaliklaridan tushishda g'ildiratishdan foydalanishga ruxsat etiladimi?,Тоғ йўлларининг тик қияликларидан тушишда ғилдиратишдан фойдаланишга рухсат этиладими?,"{""Agar avtomobil gidrovakuum kuchaytirgichli tormozlar bilan jihozlangan bo'lsa, tavsiya etiladi"",""Agar yo'l yaxshi holatda bo'lsa va uzoq ko'rinib tursa, tavsiya etiladi"",""Taqiqlanadi""}","{""Агар автомобил гидровакуум кучайтиргичли тормозлар билан жиҳозланган бўлса, тавсия этилади"",""Агар йўл яхши ҳолатда бўлса ва узоқ кўриниб турса, тавсия этилади"",""Тақиқланади""}",2,https://postimg.cc/Dmfk0bYv,Bilet 31-40,300,,,,
To'xtash va to'xtab turish taqiqlangan:,Тўхташ ва тўхтаб туриш тақиқланган:,"{""Yo'lning xavfli burilishlarida va yo'lning loaqal bir yo'nalishda 100 m dan kamroq qismi ko'rinadigan yo'lning uzunasiga qavarib turgan joylari yaqinida"",""Ko'priklarda, estakadalarda va osma yo'llarda, bir yo'nalishda harakatlanish uchun uchtadan kam bo'lagi bo'lganda"",""Barcha sanab o'tilgan hollarda""}","{""Йўлнинг хавфли бурилишларида ва йўлнинг лоақал бир йўналишда 100 м дан камроқ қисми кўринадиган йўлнинг узунасига қавариб турган жойлари яқинида"",""Кўприкларда, эстакадаларда ва осма йўлларда, бир йўналишда ҳаракатланиш учун учтадан кам бўлаги бўлганда"",""Барча санаб ўтилган ҳолларда""}",2,https://postimg.cc/Dmfk0bYv,Bilet 31-40,300,,,,
Chorrahani birinchi bo'lib kesib o'tadi?,Чорраҳани биринчи бўлиб кесиб ўтади?,"{""Yashil avtomobil"",""Qizil avtomobil"",""Ko'k avtomobil""}","{""Яшил автомобил"",""Қизил автомобил"",""Кўк автомобил""}",0,https://ptest.uz/images/1ef09f73-aefd-4684-9af9-5e84c5c12bcf.webp,Bilet 31-40,300,,,,
Qornidan yopiq jarohat olgan jabrlanuvchi qanday tashiladi?,Қорнидан ёпиқ жароҳат олган жабрланувчи қандай ташилади?,"{""Yonboshi yoki orqasiga yotqizilgan holatda, lat yegan joyga issiq grelka qo'yiladi"",""Yotqizilgan holatda, lat yegan joyiga sovuq narsa (muz, malham) qo'yiladi"",""Yarim o'tkazilgan holatda, tizzalari tanaga yaqinlashtiriladi""}","{""Ёнбоши ёки орқасига ётқизилган ҳолатда, лат еган жойга иссиқ грелка қўйилади"",""Ётқизилган ҳолатда, лат еган жойига совуқ нарса (муз, малҳам) қўйилади"",""Ярим ўтказилган ҳолатда, тиззалари танага яқинлаштирилади""}",1,https://postimg.cc/Dmfk0bYv,Bilet 31-40,300,,,,
Mazkur tik chiziqlar nimani anglatadi?,Мазкур тик чизиқлар нимани англатади?,"{""Yo'lnig kichik radiusli burilishlarini yo'l chetiga o'rnatilgan to'siqlarning yon yuzalarini bildiradi"",""Boshqa joylardagi to'siqlarning yon yuzalarini bildiradi""}","{""Йўлниг кичик радиусли бурилишларини йўл четига ўрнатилган тўсиқларнинг ён юзаларини билдиради"",""Бошқа жойлардаги тўсиқларнинг ён юзаларини билдиради""}",1,https://ptest.uz/images/b6a06687-e2aa-4324-b5e7-6d03d292f95c.webp,Bilet 31-40,300,,,,
Chorrahani ikkinchi bo'lib kesib o'tadi?,Чорраҳани иккинчи бўлиб кесиб ўтади?,"{""Yashil avtomobil"",""Qizil avtomobil"",""Ko'k avtomobil ayni vaqtda sariq bilan birga""}","{""Яшил автомобил"",""Қизил автомобил"",""Кўк автомобил айни вақтда сариқ билан бирга""}",2,https://ptest.uz/images/7a9e7f11-e6ce-4751-bb66-d9aa4b525c8d.webp,Bilet 31-40,300,,,,
Qoidalar transport vositalarining harakatlanishni davom ettirishni qanday hollarda taqiqlaydi?,Қоидалар транспорт воситаларининг ҳаракатланишни давом эттиришни қандай ҳолларда тақиқлайди?,"{""Kuzov (kabina) qismlari va bo'yog'iga tashqi tomondan anchagina shikast yetgan bo'lsa"",""Ulagich moslamasi nosoz bo'lsa (avtopoezd tarkibida)"",""Kuzov (kabina) qismlari va bo'yog'iga tashqi tomondan anchagina shikast yetgan bo'lsa hamda ressoralarning o'zak qatlami yoki markaziy bolti shikastlangan hollarda""}","{""Кузов (кабина) қисмлари ва бўёғига ташқи томондан анчагина шикаст етган бўлса"",""Улагич мосламаси носоз бўлса (автопоезд таркибида)"",""Кузов (кабина) қисмлари ва бўёғига ташқи томондан анчагина шикаст етган бўлса ҳамда рессораларнинг ўзак қатлами ёки марказий болти шикастланган ҳолларда""}",1,https://postimg.cc/Dmfk0bYv,Bilet 31-40,300,,,,
Belgi ostidagi qo'shimcha axborot belgisi nimani anglatadi?,Белги остидаги қўшимча ахборот белгиси нимани англатади?,"{""Yo'lning tor qismi uzunligini"",""Belgidan yo'lning tor qismigacha bo'lgan masofani"",""Tor qismini aylanib o'tish joyigacha masofani""}","{""Йўлнинг тор қисми узунлигини"",""Белгидан йўлнинг тор қисмигача бўлган масофани"",""Тор қисмини айланиб ўтиш жойигача масофани""}",1,https://ptest.uz/images/f381e1f6-7cc4-4a58-a5b8-7696d7af56b0.webp,Bilet 31-40,300,,,,
Egiluvchan ulagichda shatakka olinganda qanday yuqori tezlik bilan harakatlanishga ruxsat etilgan?,Эгилувчан улагичда шатакка олинганда қандай юқори тезлик билан ҳаракатланишга рухсат этилган?,"{""70 km/s"",""60 km/s"",""50 km/s"",""40 km/s"",""30 km/s""}","{""70 км/с"",""60 км/с"",""50 км/с"",""40 км/с"",""30 км/с""}",2,https://postimg.cc/Dmfk0bYv,Bilet 31-40,300,,,,
Qaysi rasmda haydovchi chapga burilish haqida ogohlantirish ishorasini bermoqda?,Қайси расмда ҳайдовчи чапга бурилиш ҳақида огоҳлантириш ишорасини бермоқда?,"{""1"",""2"",""3""}","{""1"",""2"",""3""}",0,https://ptest.uz/images/cd90b53e-bf3a-4594-9686-554ae5c0a1ca.webp,Bilet 31-40,300,,,,
Spidometr jihozlari tamg'alanmagan transport vositalaridan foydalanishga ruxsat etiladimi?,Спидометр жиҳозлари тамғаланмаган транспорт воситаларидан фойдаланишга рухсат этиладими?,"{""Ruxsat etiladi"",""Taqiqlanadi"",""Faqat xususiy egalariga tegishli avtomobillar, mototsikllar va mopedlarga ruxsat etiladi""}","{""Рухсат этилади"",""Тақиқланади"",""Фақат хусусий эгаларига тегишли автомобиллар, мотоцикллар ва мопедларга рухсат этилади""}",2,https://postimg.cc/Dmfk0bYv,Bilet 31-40,300,,,,
Ushbu ko'rsatilgan holatda motottsikl haydovchisi sizga yo'l berishi kerakmi?,Ушбу кўрсатилган ҳолатда мототцикл ҳайдовчиси сизга йўл бериши керакми?,"{""Yo'q"",""Ha""}","{""Йўқ"",""Ҳа""}",1,https://ptest.uz/images/4291411e-4bb6-49d7-818d-d4e4f5fc8928.webp,Bilet 31-40,300,,,,
Yuk avtomobili haydovchisi to'xtab turish qoidasini buzdimi?,Юк автомобили ҳайдовчиси тўхтаб туриш қоидасини буздими?,"{""Buzdi"",""Buzmadi, agar uning ruxsat etilgan to'liq vazni 3,5 tonnadan oshmasa"",""Xato qilmadi""}","{""Бузди"",""Бузмади, агар унинг рухсат этилган тўлиқ вазни 3,5 тоннадан ошмаса"",""Хато қилмади""}",0,https://ptest.uz/images/48f789bc-eb67-41dd-a028-0d3537b2de68.webp,Bilet 31-40,300,,,,
Siz chorrahadan chapga burilmoqchisiz. Ushbu vaziyatda kimga yo'l berasiz?,Сиз чорраҳадан чапга бурилмоқчисиз. Ушбу вазиятда кимга йўл берасиз?,"{""Faqat avtobusga"",""Faqat qizil avtomobilga"",""Hech kimga""}","{""Фақат автобусга"",""Фақат қизил автомобилга"",""Ҳеч кимга""}",2,https://ptest.uz/images/e3fc9b41-cbb6-4c32-802c-d0bd3620481e.webp,Bilet 31-40,300,,,,
Ko'rsatilgan qaysi belgilar sizga yashash manzilingizga avtomobilda o'tishga ruxsat beradi?,Кўрсатилган қайси белгилар сизга яшаш манзилингизга автомобилда ўтишга рухсат беради?,"{""Faqat «A»"",""Faqat «B»"",""Faqat «A» va «B»"",""Barchasi""}","{""Фақат «А»"",""Фақат «Б»"",""Фақат «А» ва «B»"",""Барчаси""}",2,https://ptest.uz/images/d01df770-6e91-4050-99f4-25d89afc66fe.webp,Bilet 31-40,300,,,,
Sanab o'tilgan qaysi holatda transport vositasidan foydalanishga ruxsat etiladi?,Санаб ўтилган қайси ҳолатда транспорт воситасидан фойдаланишга рухсат этилади?,"{""Tashqi yoritgich asboblari ifloslangan bo'lsa"",""Yorituvchi chiroq nurining yo'nalishi buzilgan bo'lsa"",""Old qismida - oq yoki sariq rangli tumanga qarshi faralar o'rnatilgan bo'lsa""}","{""Ташқи ёритгич асбоблари ифлосланган бўлса"",""Ёритувчи чироқ нурининг йўналиши бузилган бўлса"",""Олд қисмида - оқ ёки сариқ рангли туманга қарши фаралар ўрнатилган бўлса""}",2,https://postimg.cc/Dmfk0bYv,Bilet 31-40,300,,,,
"Chorrahaga kirganingizda tartibga soluvchi qo'lini yuqoriga ko'tardi, sizga harakatlanishga ruxsat etiladimi?","Чорраҳага кирганингизда тартибга солувчи қўлини юқорига кўтарди, сизга ҳаракатланишга рухсат этиладими?","{""Ruxsat etilmaydi"",""Ruxsat etiladi, agarda siz o'ngga buriladigan bo'lsangiz"",""Ruxsat etiladi""}","{""Рухсат этилмайди"",""Рухсат этилади, агарда сиз ўнгга буриладиган бўлсангиз"",""Рухсат этилади""}",2,https://postimg.cc/Dmfk0bYv,Bilet 31-40,300,,,,
Turar joy dahalarida qanday harakatlar taqiqlangan?,Турар жой даҳаларида қандай ҳаракатлар тақиқланган?,"{""Faqat o'quv mashg'ulotlarini bajarish"",""Faqat dvigatel ishlab turganda to'xtab turish"",""Barcha sanab o'tilgan hollarda""}","{""Фақат ўқув машғулотларини бажариш"",""Фақат двигатель ишлаб турганда тўхтаб туриш"",""Барча санаб ўтилган ҳолларда""}",2,https://postimg.cc/Dmfk0bYv,Bilet 31-40,300,,,,
Qanday hollarda aholi punktlarida tovush moslamalaridan foydalanishga ruxsat etiladi?,Қандай ҳолларда аҳоли пунктларида товуш мосламаларидан фойдаланишга рухсат этилади?,"{""Quvib o'tishda ogohlantirish uchun"",""Yo'l-transport hodisasining oldini olish uchun"",""Har ikkala sanab o'tilgan hollarda""}","{""Қувиб ўтишда огоҳлантириш учун"",""Йўл-транспорт ҳодисасининг олдини олиш учун"",""Ҳар иккала санаб ўтилган ҳолларда""}",1,https://postimg.cc/Dmfk0bYv,Bilet 31-40,300,,,,
Svetaforning yashil miltillovchi ishorasi nimani bildiradi?,Светафорнинг яшил милтилловчи ишораси нимани билдиради?,"{""Svetafor nosozligini"",""Harakatga ruxsat beradi va tez orada taqiqlovchi ishora yonishi to'g'risida axborot beradi"",""Harakatni davom ettirishni taqiqlaydi""}","{""Светафор носозлигини"",""Ҳаракатга рухсат беради ва тез орада тақиқловчи ишора ёниши тўғрисида ахборот беради"",""Ҳаракатни давом эттиришни тақиқлайди""}",1,https://postimg.cc/Dmfk0bYv,Bilet 31-40,300,,,,
Ko'rsatilgan yo'l belgilaridan qaysi biri faqat yo'l qoplamasi nam bo'lganda tasir etadi?,Кўрсатилган йўл белгиларидан қайси бири фақат йўл қопламаси нам бўлганда таъсир этади?,"{""Faqat «A»"",""Faqat «A» va «B»"",""Barchasi""}","{""Фақат «А»"",""Фақат «А» ва «Б»"",""Барчаси""}",0,https://ptest.uz/images/ca6f3626-0de9-4557-b23d-7f2353b4fadd.webp,Bilet 31-40,300,,,,
Ushbu belgilardan qaysi biri bir tomonlama xarakat tashkil qilingan yo'lning boshida o'pnatiladi?,Ушбу белгилардан қайси бири бир томонлама xаракат ташкил қилинган йўлнинг бошида ўpнатилади?,"{""Faqat «A»"",""Faqat «B»"",""«B» va «G»"",""«B» yoki «V»""}","{""Фақат «А»"",""Фақат «Б»"",""«Б» ва «Г»"",""«Б» ёки «В»""}",1,https://ptest.uz/images/8be10bb6-293a-4996-80b7-3754d75750aa.webp,Bilet 31-40,300,,,,
Qaysi hollarda yo'lning harakatlanish bo'lagini ajratuvchi uzuq-uzuq chiziqni bosib o'tish mumkin?,Қайси ҳолларда йўлнинг ҳаракатланиш бўлагини ажратувчи узуқ-узуқ чизиқни босиб ўтиш мумкин?,"{""Faqat qayta tizilishda"",""Yo'lda boshqa transport vositalari bo'lmasa"",""Barcha sanab o'tilgan hollarda""}","{""Фақат қайта тизилишда"",""Йўлда бошқа транспорт воситалари бўлмаса"",""Барча санаб ўтилган ҳолларда""}",0,https://postimg.cc/Dmfk0bYv,Bilet 31-40,300,,,,
Qaysi haydovchi to'xtab turish qoidasini buzdi?,Қайси ҳайдовчи тўхтаб туриш қоидасини бузди?,"{""Motottsikl haydovchisi"",""Trotuarda to'xtab turgan avtomobil haydovchisi"",""Hech kim buzmadi""}","{""Мототцикл ҳайдовчиси"",""Тротуарда тўхтаб турган автомобиль ҳайдовчиси"",""Ҳеч ким бузмади""}",1,https://ptest.uz/images/7a152f22-b141-4e7a-b688-0b26aca13649.webp,Bilet 31-40,300,,,,
Sanab o'tilgan qaysi hollarda egiluvchan ulagichda shatakka olish taqiqlanadi?,Санаб ўтилган қайси ҳолларда эгилувчан улагичда шатакка олиш тақиқланади?,"{""Faqat tog'li yo'llarda"",""Yo'l yaxmalak, sirpanchiq bo'lgan hollarda"",""Kunning qorong'i vaqtida va yetarli ko'rinmaslik sharoitida"",""Barcha sanab o'tilgan hollarda""}","{""Фақат тоғли йўлларда"",""Йўл яхмалак, сирпанчиқ бўлган ҳолларда"",""Куннинг қоронғи вақтида ва етарли кўринмаслик шароитида"",""Барча санаб ўтилган ҳолларда""}",1,https://postimg.cc/Dmfk0bYv,Bilet 31-40,300,,,,
"Yo'lda «TO'XTASh», yozuvi ko'rinishidagi yo'l chizig'i nimani bildiradi?","Йўлда «ТЎХТАШ», ёзуви кўринишидаги йўл чизиғи нимани билдиради?","{""Tartibga solingan chorrahada to'xtash chizig'iga yaqinlashayotganligi xaqida ogohlantiradi"",""To'xtash chizig'i va «To'xtamasdan harakatlanish taqiqlanadi» yo'l belgisi o'rnatilgan yo'l qismiga yaqinlashayotganligini bildiradi"",""«Yo'l bering» yo'l belgisiga yaqinlashayotganligini bildiradi""}","{""Тартибга солинган чорраҳада тўхташ чизиғига яқинлашаётганлиги хақида огоҳлантиради"",""Тўхташ чизиғи ва «Тўхтамасдан ҳаракатланиш тақиқланади» йўл белгиси ўрнатилган йўл қисмига яқинлашаётганлигини билдиради"",""«Йўл беринг» йўл белгисига яқинлашаётганлигини билдиради""}",1,https://postimg.cc/Dmfk0bYv,Bilet 31-40,300,,,,
Transport vositalari qattiq ulagichda shatakka olinganda shatakka olgan va shatakka olingan transport vositalari orasidagi masofa qancha bo'lishi kerak?,Транспорт воситалари қаттиқ улагичда шатакка олинганда шатакка олган ва шатакка олинган транспорт воситалари орасидаги масофа қанча бўлиши керак?,"{""4 metrdan oshmasligi"",""4 metrdan 6 metrgacha"",""Qoidalarda belgilanmagan""}","{""4 метрдан ошмаслиги"",""4 метрдан 6 метргача"",""Қоидаларда белгиланмаган""}",0,https://postimg.cc/Dmfk0bYv,Bilet 31-40,300,,,,
Ushbu yo'l nechta harakatlanish bo'lagiga ega?,Ушбу йўл нечта ҳаракатланиш бўлагига эга?,"{""Bitta harakatlanish bo'lagiga"",""Ikkita harakatlanish bo'lagiga"",""Uchta harakatlanish bo'lagiga""}","{""Битта ҳаракатланиш бўлагига"",""Иккита ҳаракатланиш бўлагига"",""Учта ҳаракатланиш бўлагига""}",1,https://ptest.uz/images/af421137-fbc8-4dbd-8cdf-faf72ddf658f.webp,Bilet 31-40,300,,,,
Ushbu joyda avtomobilni to'xtab turish uchun qo'yishga ruxsat etiladimi?,Ушбу жойда автомобилни тўхтаб туриш учун қўйишга рухсат этиладими?,"{""Ha"",""Yo'q""}","{""Ҳа"",""Йўқ""}",1,https://ptest.uz/images/52c945eb-35dd-4804-be5e-6d042c3c32b0.webp,Bilet 31-40,300,,,,
Siz chorrahadan to'g'riga o'tmoqchisiz. Ushbu vaziyatda Sizning harakatingiz?,Сиз чорраҳадан тўғрига ўтмоқчисиз. Ушбу вазиятда Сизнинг ҳаракатингиз?,"{""Chorrahaga birinchi kirgan qizil avtomobilga yo'l berish"",""Qizil avtomobil yo'l berayotganiga ishonch xosil qilib chorrahadan birinchi o'tish""}","{""Чорраҳага биринчи кирган қизил автомобилга йўл бериш"",""Қизил автомобиль йўл бераётганига ишонч хосил қилиб чорраҳадан биринчи ўтиш""}",1,https://ptest.uz/images/d347496a-372f-424f-abcb-0f7b63367d19.webp,Bilet 31-40,300,,,,
Yo'lning sirpanchiq qismida rul chambaragini keskin burganda hosil bo'ladigan sirpanishning oldini olish uchun haydovchi qanday ehtiyot choralarini ko'rishi kerak?,Йўлнинг сирпанчиқ қисмида руль чамбарагини кескин бурганда ҳосил бўладиган сирпанишнинг олдини олиш учун ҳайдовчи қандай эҳтиёт чораларини кўриши керак?,"{""Rul chambaragini zudlik bilan sirpanayotgan tomonga burish va tezda avtomobilni harakat yo'nalishini to'g'irlab olish"",""Ilashmani uzish"",""Tormoz tepkisini bosish""}","{""Руль чамбарагини зудлик билан сирпанаётган томонга буриш ва тезда автомобилни ҳаракат йўналишини тўғирлаб олиш"",""Илашмани узиш"",""Тормоз тепкисини босиш""}",0,https://postimg.cc/Dmfk0bYv,Bilet 31-40,300,,,,
Ushbu ko'rsatilgan holatda motottsikl haydovchisi sizga yo'l berishi kerakmi?,Ушбу кўрсатилган ҳолатда мототцикл ҳайдовчиси сизга йўл бериши керакми?,"{""Yo'q"",""Ha""}","{""Йўқ"",""Ҳа""}",1,https://ptest.uz/images/4291411e-4bb6-49d7-818d-d4e4f5fc8928.webp,Bilet 31-40,300,,,,
108 km/s tezlikda harakatlanayotgan transport vositasi 1 sekundda qancha masofani bosib o'tadi?,108 км/с тезликда ҳаракатланаётган транспорт воситаси 1 секундда қанча масофани босиб ўтади?,"{""15 m"",""25 m"",""30 m""}","{""15 м"",""25 м"",""30 м""}",2,https://postimg.cc/Dmfk0bYv,Bilet 31-40,300,,,,
Ushbu belgi axborot beradi:,Ушбу белги ахборот беради:,"{""Siz o'ngga yoki chapga burilishingiz kerakligini ko'rsatadi"",""Reversiv harakatlanish yo'liga chiqish haqida"",""Chorrahadan o'ngga va chapga bir tomonlama harakat tashkil qilingan""}","{""Сиз ўнгга ёки чапга бурилишингиз кераклигини кўрсатади"",""Реверсив ҳаракатланиш йўлига чиқиш ҳақида"",""Чорраҳадан ўнгга ва чапга бир томонлама ҳаракат ташкил қилинган""}",1,https://ptest.uz/images/eab58086-4eb4-47fd-a6e0-a0a7e87ab61a.webp,Bilet 31-40,300,,,,
Shatakka olib harakatlanishingiz mumkin:,Шатакка олиб ҳаракатланишингиз мумкин:,"{""Faqat «A» yo'nalishi bo'yicha"",""Faqat «B» yo'nalish bo'yicha"",""Ko'rsatilgan barcha yo'nalish bo'yicha""}","{""Фақат «А» йўналиши бўйича"",""Фақат «Б» йўналиш бўйича"",""Кўрсатилган барча йўналиш бўйича""}",0,https://ptest.uz/images/29cf0661-9fdb-47fa-9c32-789b79c52064.webp,Bilet 31-40,300,,,,
Ushbu yo'l chizig'i sizga qanday manyovr bajarishni taqiqlaydi?,Ушбу йўл чизиғи сизга қандай манёвр бажаришни тақиқлайди?,"{""Quvib o'tishni"",""Aylanib o'tishni"",""Qayralib olishni"",""Sanab o'tilgan barcha manevrlarga ruxsat beriladi""}","{""Қувиб ўтишни"",""Айланиб ўтишни"",""Қайралиб олишни"",""Санаб ўтилган барча маневрларга рухсат берилади""}",3,https://ptest.uz/images/77df11e6-8837-448a-9eac-c839b72636a9.webp,Bilet 31-40,300,,,,
Svetafor ishoralari qaysi guruh yo'l belgilarini bekor qiladi (miltillovchi sariq ishoradan tashqari)?,Светафор ишоралари қайси гуруҳ йўл белгиларини бекор қилади (милтилловчи сариқ ишорадан ташқари)?,"{""Imtiyoz belgilari"",""Taqiqlovchi belgilar"",""Buyuruvchi belgilar"",""Barcha sanab o'tilganlari""}","{""Имтиёз белгилари"",""Тақиқловчи белгилар"",""Буюрувчи белгилар"",""Барча санаб ўтилганлари""}",0,https://postimg.cc/Dmfk0bYv,Bilet 31-40,300,,,,
Agar avtomobil antiblokirovkali (ABS) tormoz tizimi bilan jihozlangan bo'lsa keskin tormoz berishni qanday amalga oshirish kerak?,Агар автомобиль антиблокировкали (АБС) тормоз тизими билан жиҳозланган бўлса кескин тормоз беришни қандай амалга ошириш керак?,"{""Tormoz tepkisini uzub-uzub bosish yo'li bilan"",""Tormoz tepkisini oxirigacha bosish va avtomobilni to'liq to'xtaguncha tepkini qo'yib yubormaslik"",""To'xtab turish tormozi tizimini qo'llash yo'li bilan""}","{""Тормоз тепкисини узуб-узуб босиш йўли билан"",""Тормоз тепкисини охиригача босиш ва автомобилни тўлиқ тўхтагунча тепкини қўйиб юбормаслик"",""Тўхтаб туриш тормози тизимини қўллаш йўли билан""}",1,https://postimg.cc/Dmfk0bYv,Bilet 31-40,300,,,,
Ko'rsatilgan belgilardan qaysi biri yo'lning ko'rinish masofasi cheklangan joylarda majburan to'xtagan transport vositalarini belgilash uchun qo'llaniladi?,Кўрсатилган белгилардан қайси бири йўлнинг кўриниш масофаси чекланган жойларда мажбуран тўхтаган транспорт воситаларини белгилаш учун қўлланилади?,"{""«A»"",""«B»"",""«V»""}","{""«А»"",""«Б»"",""«В»""}",0,https://ptest.uz/images/c94eb944-5038-478a-a349-b4844c6eb829.webp,Bilet 31-40,300,,,,
Ko'rsatilgan qaysi belgi reversiv harakat boshlanishi haqida axborot beradi?,Кўрсатилган қайси белги реверсив ҳаракат бошланиши ҳақида ахборот беради?,"{""«A»"",""«B»"",""«V»""}","{""«А»"",""«Б»"",""«В»""}",2,https://ptest.uz/images/800ee821-ccbc-433b-bb77-966b6b13e543.webp,Bilet 31-40,300,,,,
Yo'l harakati qoidalari bo'yicha «yonlama oraliq masofa»ni ko'rsating:,Йўл ҳаракати қоидалари бўйича «ёнлама оралиқ масофа»ни кўрсатинг:,"{""Faqat «A»"",""Faqat «B»"",""Faqat «V»"",""«A» va «V»""}","{""Фақат «А»"",""Фақат «Б»"",""Фақат «В»"",""«А» ва «В»""}",3,https://ptest.uz/images/f3dc3ad1-63b5-4173-b92b-4548fd60741a.webp,Bilet 31-40,300,,,,
72 km/soat tezlikda harakatlanayotgan transport vositasi 1 sekundda qancha masofani bosib o'tadi?,72 км/соат тезликда ҳаракатланаётган транспорт воситаси 1 секундда қанча масофани босиб ўтади?,"{""15 m"",""20 m"",""25 m""}","{""15 м"",""20 м"",""25 м""}",1,https://postimg.cc/Dmfk0bYv,Bilet 31-40,300,,,,
Tumanga qarshi chiroqlar va orqa tumanga qarshi chiroqlar birga yoqilishi mumkin?,Туманга қарши чироқлар ва орқа туманга қарши чироқлар бирга ёқилиши мумкин?,"{""Cheklangan ko'rinish sharoitida"",""Yetarlicha ko'rinmaslik sharoitida""}","{""Чекланган кўриниш шароитида"",""Етарлича кўринмаслик шароитида""}",1,https://postimg.cc/Dmfk0bYv,Bilet 31-40,300,,,,
Kunning yorug' vaqtida aholi punktlarida quvib o'tilayotgan transport vositasi haydovchisining etiborini jalb qilish uchun mumkin:,Куннинг ёруғ вақтида аҳоли пунктларида қувиб ўтилаётган транспорт воситаси ҳайдовчисининг эътиборини жалб қилиш учун мумкин:,"{""Tovush signalidan foydalanish"",""Faqat yaqinni yorituvchi chiroqni uzoqni yorituvchi chiroqqa qisqa muddat orasida o'tkazish bilan ishora berish"",""Faqat birgalikda yorug'lik ishoralari bilan birga tovush signallarini qo'llash"",""Sanab o'tilganlarning barchasidan foydalanish""}","{""Товуш сигналидан фойдаланиш"",""Фақат яқинни ёритувчи чироқни узоқни ёритувчи чироққа қисқа муддат орасида ўтказиш билан ишора бериш"",""Фақат биргаликда ёруғлик ишоралари билан бирга товуш сигналларини қўллаш"",""Санаб ўтилганларнинг барчасидан фойдаланиш""}",1,https://postimg.cc/Dmfk0bYv,Bilet 31-40,300,,,,
Qaysi yo'nalishda harakatlanishni davom ettirishingiz mumkin?,Қайси йўналишда ҳаракатланишни давом эттиришингиз мумкин?,"{""Faqat chapga"",""Chapga va orqaga qayrilib olishga"",""O'ngga, chapga va orqaga qayrilib olishga""}","{""Фақат чапга"",""Чапга ва орқага қайрилиб олишга"",""Ўнгга, чапга ва орқага қайрилиб олишга""}",2,https://ptest.uz/images/d0490324-0196-4c0f-ba25-34285e716454.webp,Bilet 31-40,300,,,,
Haydovchiga transport vositasini boshqarish vaqtida telefondan foydalanishga ruxsat etiladimi?,Ҳайдовчига транспорт воситасини бошқариш вақтида телефондан фойдаланишга рухсат этиладими?,"{""Ruxsat etiladi"",""Qo'lni ishlatmasdan texnik vosilalardan foydalanish gaplashishga ruxsat etiladi"",""20 km/s tezlikda harakatlanayotganda ruxsat etiladi""}","{""Рухсат этилади"",""Қўлни ишлатмасдан техник восилалардан фойдаланиш гаплашишга рухсат этилади"",""20 км/с тезликда ҳаракатланаётганда рухсат этилади""}",1,https://postimg.cc/Dmfk0bYv,Bilet 31-40,300,,,,
"Ushbu yo'l belgisi chorrahaga yaqinlashayotganlik to'g'risida ogohlantiradi, bunda Siz:","Ушбу йўл белгиси чорраҳага яқинлашаётганлик тўғрисида огоҳлантиради, бунда Сиз:","{""Birinchi bo'lib o'tish huquqiga egasiz"",""Kesib o'tayotgan yo'ldagi transport vositalariga yo'l berishingiz kerak"",""Faqatgina o'ng tomondan yaqinlashib kelayotgan transport vositalariga yo'l berishingiz kerak""}","{""Биринчи бўлиб ўтиш ҳуқуқига эгасиз"",""Кесиб ўтаётган йўлдаги транспорт воситаларига йўл беришингиз керак"",""Фақатгина ўнг томондан яқинлашиб келаётган транспорт воситаларига йўл беришингиз керак""}",2,https://ptest.uz/images/d0f08f43-511a-4648-997f-1a045f0983a1.webp,Bilet 31-40,300,,,,
"Sizga ruxsat etilgan to'la vazni 3,5 tonnadan ortiq yuk avtomobilida harakatlanish:","Сизга рухсат этилган тўла вазни 3,5 тоннадан ортиқ юк автомобилида ҳаракатланиш:","{""Faqat to'g'riga"",""To'g'riga va o'ngga"",""Barcha yo'nalishlarda""}","{""Фақат тўғрига"",""Тўғрига ва ўнгга"",""Барча йўналишларда""}",0,https://ptest.uz/images/b84b9c8a-abb7-4474-aede-5cae7c4f413b.webp,Bilet 31-40,300,,,,
Haydovchi chapga burilishda qaysi yo'nalish bo'yicha qoidani buzmoqda?,Ҳайдовчи чапга бурилишда қайси йўналиш бўйича қоидани бузмоқда?,"{""Faqat «A» yo'nalishi bo'yicha"",""Faqat «B» yo'nalishi bo'yicha"",""Ko'rsatilgan barcha yo'nalish bo'yicha""}","{""Фақат «А» йўналиши бўйича"",""Фақат «Б» йўналиши бўйича"",""Кўрсатилган барча йўналиш бўйича""}",2,https://ptest.uz/images/ead0c474-40e9-41cd-a3fa-300f6771709b.webp,Bilet 31-40,300,,,,
Qaysi hollarda transport vositasidan foydalanish taqiqlanadi?,Қайси ҳолларда транспорт воситасидан фойдаланиш тақиқланади?,"{""Yonilg'i darajasini ko'rsatish qurilmasi ishlamaydi"",""O't oldirish tizimi nosoz"",""Dvigatel qiyinchilik bilan ishga tushadi"",""Tovush signallari ishlamaydi""}","{""Ёнилғи даражасини кўрсатиш қурилмаси ишламайди"",""Ўт олдириш тизими носоз"",""Двигатель қийинчилик билан ишга тушади"",""Товуш сигналлари ишламайди""}",3,https://postimg.cc/Dmfk0bYv,Bilet 31-40,300,,,,
Ushbu ko'rsatilgan vaziyatda sizga hovliga orqa bilan kirib qayrilib olishga ruxsat beriladimi?,Ушбу кўрсатилган вазиятда сизга ҳовлига орқа билан кириб қайрилиб олишга рухсат бериладими?,"{""Har qanday hollarda ruxsat beriladi"",""Ruxsat beriladi agarda bunda harakatning boshqa ishtirokchilariga halaqit berilmasa"",""Taqiqlanadi""}","{""Ҳар қандай ҳолларда рухсат берилади"",""Рухсат берилади агарда бунда ҳаракатнинг бошқа иштирокчиларига ҳалақит берилмаса"",""Тақиқланади""}",1,https://ptest.uz/images/1c9b4aa4-e43f-428c-9dd2-d16ecef4cb78.webp,Bilet 31-40,300,,,,
M3 toifadagi avtotransport vositalarining boshqaruv qurilmasidagi qanday eng katta lyuft yig'indisiga yo'l qo'yiladi:,М3 тоифадаги автотранспорт воситаларининг бошқарув қурилмасидаги қандай энг катта люфт йиғиндисига йўл қўйилади:,"{""10°"",""20°"",""25°""}","{""10°"",""20°"",""25°""}",1,https://postimg.cc/Dmfk0bYv,Bilet 31-40,300,,,,
38-BILET Sanab o'tilgan qaysi transport vositalarini o't o'chirgichsiz tasarruf etishga ruxsat etiladi?,38-BILET Санаб ўтилган қайси транспорт воситаларини ўт ўчиргичсиз тасарруф этишга рухсат этилади?,"{""Avtomobillarni"",""Avtobuslarni"",""Barcha mototsikllarni"",""Faqat yon kajavasiz mototsikllarni""}","{""Автомобилларни"",""Автобусларни"",""Барча мотоциклларни"",""Фақат ён кажавасиз мотоциклларни""}",2,https://postimg.cc/Dmfk0bYv,Bilet 31-40,300,,,,
Ushbu yo'lda sizga yo'l belgisidan keyin qaysi bo'laklarda harakatlanishga ruxsat beriladi?,Ушбу йўлда сизга йўл белгисидан кейин қайси бўлакларда ҳаракатланишга рухсат берилади?,"{""Istalgan bo'lakdan"",""O'ng bo'lakdan"",""Faqat chap bo'lakdan""}","{""Исталган бўлакдан"",""Ўнг бўлакдан"",""Фақат чап бўлакдан""}",1,https://ptest.uz/images/957b746f-252a-4007-897d-81702d8cf607.webp,Bilet 31-40,300,,,,
Qanday hollarda yo'lning burilish qismlarida yengil avtomobil ag'darilishga qarshi turg'unroq?,Қандай ҳолларда йўлнинг бурилиш қисмларида енгил автомобил ағдарилишга қарши турғунроқ?,"{""Yuksiz va yo'lovchilarsiz"",""Yo'lovchilar bilan yuksiz"",""Yo'lovchilarsiz, yuqori yukxonasida yuki bilan""}","{""Юксиз ва йўловчиларсиз"",""Йўловчилар билан юксиз"",""Йўловчиларсиз, юқори юкхонасида юки билан""}",0,https://postimg.cc/Dmfk0bYv,Bilet 31-40,300,,,,
Kunning yorug' vaqtida aholi punktlaridan tashqarida Siz quvib o'tayotgan transport vositasi haydovchisining etiborini qanday jalb qilasiz?,Куннинг ёруғ вақтида аҳоли пунктларидан ташқарида Сиз қувиб ўтаётган транспорт воситаси ҳайдовчисининг эътиборини қандай жалб қиласиз?,"{""Faqat tovush ishorasi bilan"",""Faqat yorug'lik faralarini qisqa-qisqa yoqib o'chirish bilan"",""Sanab o'tilgan barcha usul bilan va ularni birga qo'llash bilan""}","{""Фақат товуш ишораси билан"",""Фақат ёруғлик фараларини қисқа-қисқа ёқиб ўчириш билан"",""Санаб ўтилган барча усул билан ва уларни бирга қўллаш билан""}",2,https://postimg.cc/Dmfk0bYv,Bilet 31-40,300,,,,
Kunning yorug' vaqtida quyidagi hollarda yaqinni yorituvchi chiroqlar yoqilishi kerak:,Куннинг ёруғ вақтида қуйидаги ҳолларда яқинни ёритувчи чироқлар ёқилиши керак:,"{""Yo'lovchilarni tashiyotgan avtobus va yo'nalishli transport vositalarida"",""Xavfli, katta o'lchamli va og'ir vaznli yuklarni tashishda"",""Motottsikl va mopedlarda"",""Barcha sanab o'tilgan hollarda""}","{""Йўловчиларни ташиётган автобус ва йўналишли транспорт воситаларида"",""Хавфли, катта ўлчамли ва оғир вазнли юкларни ташишда"",""Мототцикл ва мопедларда"",""Барча санаб ўтилган ҳолларда""}",3,https://postimg.cc/Dmfk0bYv,Bilet 31-40,300,,,,
Qaysi yo'l belgilari chapga burilishni taqiqlaydi?,Қайси йўл белгилари чапга бурилишни тақиқлайди?,"{""Faqat «A»"",""Faqat «A» va «B»"",""Faqat «A» va «G»"",""Barchasi""}","{""Фақат «А»"",""Фақат «А» ва «Б»"",""Фақат «А» ва «Г»"",""Барчаси""}",2,https://ptest.uz/images/78e7762f-ab3a-4151-9762-9f76af2088ad.webp,Bilet 31-40,300,,,,
Qaysi transport vositasining haydovchisi qoidani buzib burilmoqda?,Қайси транспорт воситасининг ҳайдовчиси қоидани бузиб бурилмоқда?,"{""Faqat yengil avtomobil haydovchisi"",""Faqat motottsikl haydovchisi"",""Ikkisi ham buzmoqda""}","{""Фақат енгил автомобиль ҳайдовчиси"",""Фақат мототцикл ҳайдовчиси"",""Иккиси ҳам бузмоқда""}",2,https://postimg.cc/Dmfk0bYv,Bilet 31-40,300,,,,
Birinchi uzatmada uzoq tezlanishda yurish yoqilg'i sarfiga qanday tasir etadi?,Биринчи узатмада узоқ тезланишда юриш ёқилғи сарфига қандай таъсир этади?,"{""Yoqilg'i sarfi ortadi"",""Yoqilg'i sarfi kamayadi"",""Yoqilg'i sarfi o'zgarmaydi""}","{""Ёқилғи сарфи ортади"",""Ёқилғи сарфи камаяди"",""Ёқилғи сарфи ўзгармайди""}",0,https://ptest.uz/images/89ae3a44-877f-4794-98f4-24d9d5e7d068.webp,Bilet 31-40,300,,,,
Chorrahadagi uzuq-uzuq chiziqlar nimani bildiradi?,Чорраҳадаги узуқ-узуқ чизиқлар нимани билдиради?,"{""Majburiy harakatni"",""Chorrahada harakatlanish bo'lagini chegarasini""}","{""Мажбурий ҳаракатни"",""Чорраҳада ҳаракатланиш бўлагини чегарасини""}",1,https://ptest.uz/images/b8721898-6c6f-4094-84e4-dea25e0fa623.webp,Bilet 31-40,300,,,,
Qaysi qo'shimcha axborot belgilari birga qo'llanilganda belgilarning tasir oralig'ini ko'rsatadi?,Қайси қўшимча ахборот белгилари бирга қўлланилганда белгиларнинг таъсир оралиғини кўрсатади?,"{""Faqat «A»"",""Faqat «B»"",""«B» va «V»""}","{""Фақат «А»"",""Фақат «Б»"",""«Б» ва «В»""}",2,https://ptest.uz/images/c91d422a-a160-46ba-88f4-1687de82a7b6.webp,Bilet 31-40,300,,,,
Kunning qorong'i vaqtida aholi punktlarida yo'lning yoritilgan qmsmida Siz qanday tashqi yoritish chiroqlaridan foydalanishingiz kerak?,Куннинг қоронғи вақтида аҳоли пунктларида йўлнинг ёритилган қмсмида Сиз қандай ташқи ёритиш чироқларидан фойдаланишингиз керак?,"{""Gabarit chiroqlardan"",""Yaqinni yorituvchi chiroqlardan"",""Yaqinni yoki uzoqni yorituvchi chiroqlardan""}","{""Габарит чироқлардан"",""Яқинни ёритувчи чироқлардан"",""Яқинни ёки узоқни ёритувчи чироқлардан""}",1,https://postimg.cc/Dmfk0bYv,Bilet 31-40,300,,,,
Siz yengil avtomobildan qaysi jihozlar mavjud bo'lmaganda foydalanishingiz mumkin?,Сиз енгил автомобилдан қайси жиҳозлар мавжуд бўлмаганда фойдаланишингиз мумкин?,"{""Tibbiy quticha"",""O't o'chirgich"",""Falokat to'xtash belgisi"",""G'ildirab ketishga qarshi moslama""}","{""Тиббий қутича"",""Ўт ўчиргич"",""Фалокат тўхташ белгиси"",""Ғилдираб кетишга қарши мослама""}",3,https://postimg.cc/Dmfk0bYv,Bilet 31-40,300,,,,
Qaysi yo'l belgisi piyodalar yo'lkasini bildiradi?,Қайси йўл белгиси пиёдалар йўлкасини билдиради?,"{""Faqat «B»"",""Faqat «B» va «V»"",""Barcha belgilar""}","{""Фақат «Б»"",""Фақат «Б» ва «В»"",""Барча белгилар""}",0,https://ptest.uz/images/10b5772e-9291-43ef-bba8-fc14d863e2cc.webp,Bilet 31-40,300,,,,
Yo'l transport hodisasiga dahldor haydovchilar birinchi navbatda nima qilishlari kerak?,Йўл транспорт ҳодисасига даҳлдор ҳайдовчилар биринчи навбатда нима қилишлари керак?,"{""Yo'lning harakat qismini bo'shatishlari kerak"",""Transport vositasini darhol to'xtatishi, avariya ishoralarini yoqishi va avariya sababli to'xtash belgisini o'rnatishi"",""Sodir etilgan hodisa xaqida YHXXga xabar berishi kerak""}","{""Йўлнинг ҳаракат қисмини бўшатишлари керак"",""Транспорт воситасини дарҳол тўхтатиши, авария ишораларини ёқиши ва авария сабабли тўхташ белгисини ўрнатиши"",""Содир этилган ҳодиса хақида ЙҲХХга хабар бериши керак""}",1,https://postimg.cc/Dmfk0bYv,Bilet 31-40,300,,,,
"Qaysi hollarda Sizga harakatni davom ettirish taqiqlanadi, hatto tamirlash ustaxonasiga ham, agarda faralar va orqa gabarit chiroqlar nosoz bo'lsa?","Қайси ҳолларда Сизга ҳаракатни давом эттириш тақиқланади, ҳатто таъмирлаш устахонасига ҳам, агарда фаралар ва орқа габарит чироқлар носоз бўлса?","{""Faqat yetarlicha ko'rinmaslik sharoitida"",""Kunning qorong'u vaqtida"",""Har ikki sanab o'tilgan holda""}","{""Фақат етарлича кўринмаслик шароитида"",""Куннинг қоронғу вақтида"",""Ҳар икки санаб ўтилган ҳолда""}",2,https://postimg.cc/Dmfk0bYv,Bilet 31-40,300,,,,
Ko'rsatilgan yo'l belgilaridan qaysilari Siz yo'lning tor qismida yo'l berishingizni talab qiladi?,Кўрсатилган йўл белгиларидан қайсилари Сиз йўлнинг тор қисмида йўл беришингизни талаб қилади?,"{""Faqat «V»"",""«A» va «V»"",""«B» va «V»"",""«B» va «G»""}","{""Фақат «В»"",""«А» ва «В»"",""«Б» ва «В»"",""«Б» ва «Г»""}",1,https://ptest.uz/images/ef86dca8-33fd-4064-9485-7a525a818ccb.webp,Bilet 31-40,300,,,,
Qaysi holatda siz majburiy to'xtashni amalga oshirasiz?,Қайси ҳолатда сиз мажбурий тўхташни амалга оширасиз?,"{""Piyodalar o'tish joyi oldida piyodalarga yo'l berish uchun to'xtab"",""Texnik nosozlik tufayli yo'lning harakat qismida."",""Har ikki sanab o'tilgan holda""}","{""Пиёдалар ўтиш жойи олдида пиёдаларга йўл бериш учун тўхтаб"",""Техник носозлик туфайли йўлнинг ҳаракат қисмида."",""Ҳар икки санаб ўтилган ҳолда""}",1,https://postimg.cc/Dmfk0bYv,Bilet 31-40,300,,,,
Quvib o'tishni bajarayotganda chapga burilishni ko'rsatuvchi chiroqni qachon o'chirishingiz kerak?,Қувиб ўтишни бажараётганда чапга бурилишни кўрсатувчи чироқни қачон ўчиришингиз керак?,"{""Manyovrni tugallagach, darhol"",""Quvib o'tilayotgan transport vositasidan o'zib ketgandan so'ng istalgan vaqtda"",""O'z ixtiyoringizga havola""}","{""Манёврни тугаллагач, дарҳол"",""Қувиб ўтилаётган транспорт воситасидан ўзиб кетгандан сўнг исталган вақтда"",""Ўз ихтиёрингизга ҳавола""}",0,https://postimg.cc/Dmfk0bYv,Bilet 31-40,300,,,,
Qanday alomatlar charchash belgilari hisoblanadi?,Қандай аломатлар чарчаш белгилари ҳисобланади?,"{""Uyquchanlik, bo'shashish, diqqatning susayishi"",""Zo'riqish, asabiylashish"",""Bosh aylanishi, ko'zlarga qum kirgan kabi achishish, terlash alomati""}","{""Уйқучанлик, бўшашиш, диққатнинг сусайиши"",""Зўриқиш, асабийлашиш"",""Бош айланиши, кўзларга қум кирган каби ачишиш, терлаш аломати""}",0,https://postimg.cc/Dmfk0bYv,Bilet 31-40,300,,,,
Piyodalar turar joy dahasida qaerda harakatlanishlari mumkin?,Пиёдалар турар жой даҳасида қаерда ҳаракатланишлари мумкин?,"{""Faqat tratuarda"",""Faqat qatnov qismidan"",""Tratuarda, hamda qatnov qismida""}","{""Фақат тратуарда"",""Фақат қатнов қисмидан"",""Тратуарда, ҳамда қатнов қисмида""}",2,https://postimg.cc/Dmfk0bYv,Bilet 31-40,300,,,,
Sanab o'tilgan qaysi transport vositalarini o't o'chirgichsiz tasarruf etishga ruxsat etiladi?,Санаб ўтилган қайси транспорт воситаларини ўт ўчиргичсиз тасарруф этишга рухсат этилади?,"{""Avtomobillarni"",""Avtobuslarni"",""Barcha mototsikllarni"",""Faqat yon kajavasiz mototsikllarni""}","{""Автомобилларни"",""Автобусларни"",""Барча мотоциклларни"",""Фақат ён кажавасиз мотоциклларни""}",2,https://postimg.cc/Dmfk0bYv,Bilet 31-40,300,,,,
39-BILET 90 km/soat tezlikda harakatlanayotgan transport vositasi 1 sekundda qancha masofani bosib o'tadi?,39-BILET 90 км/соат тезликда ҳаракатланаётган транспорт воситаси 1 секундда қанча масофани босиб ўтади?,"{""15 m"",""25 m"",""35 m""}","{""15 м"",""25 м"",""35 м""}",1,https://postimg.cc/Dmfk0bYv,Bilet 31-40,300,,,,
"Tuman sharoitida, agar ko'rinish masofasi 300 metrdan kam bo'lsa kunduzgi chiroqlarni yoqish yetarlimi?","Туман шароитида, агар кўриниш масофаси 300 метрдан кам бўлса кундузги чироқларни ёқиш етарлими?","{""Yetarli"",""Yetarli emas""}","{""Етарли"",""Етарли эмас""}",1,https://postimg.cc/Dmfk0bYv,Bilet 31-40,300,,,,
Ushbu holatda Sizga temir yo'l kesishmasiga chiqishga ruxsat etiladimi?,Ушбу ҳолатда Сизга темир йўл кесишмасига чиқишга рухсат этиладими?,"{""Ha"",""Ha, yaqinlashib kelayotgan poezd yo'q bo'lsa"",""Yo'q""}","{""Ҳа"",""Ҳа, яқинлашиб келаётган поезд йўқ бўлса"",""Йўқ""}",2,https://postimg.cc/Dmfk0bYv,Bilet 31-40,300,,,,
Kunning qorong'u vaqtida va bulutli ob-havoda ro'paradan kelayotgan avtomobil tezligi qanday tuyuladi?,Куннинг қоронғу вақтида ва булутли об-ҳавода рўпарадан келаётган автомобил тезлиги қандай туюлади?,"{""Aslidagidan kam tezlikda tuyuladi"",""Aslidagidan katta tezlikda tuyuladi"",""Tezlikni qabul qilish o'zgarmaydi""}","{""Аслидагидан кам тезликда туюлади"",""Аслидагидан катта тезликда туюлади"",""Тезликни қабул қилиш ўзгармайди""}",0,https://postimg.cc/Dmfk0bYv,Bilet 31-40,300,,,,
Qaysi yo'l belgisi barcha transport vositalarining harakatini istisnosiz taqiqlaydi?,Қайси йўл белгиси барча транспорт воситаларининг ҳаракатини истисносиз тақиқлайди?,"{""«A»"",""«B»"",""«V»""}","{""«А»"",""«Б»"",""«В»""}",1,https://ptest.uz/images/5ba147bc-e5f7-4e98-b0df-37111d7678cd.webp,Bilet 31-40,300,,,,
Avtomobilning antiblokirovka tizimi (ABS) burilishda sirpanish va yonga siljishni oldini oladimi?,Автомобилнинг антиблокировка тизими (АБС) бурилишда сирпаниш ва ёнга силжишни олдини оладими?,"{""Avtomobilni faqat sirpanish ehtimolining oldini oladi"",""Avtomobilni faqat yonga siljish ehtimolining oldini oladi"",""Avtomobilning sirpanish va yonga tomonga sirpanishini oldini olmaydi""}","{""Автомобилни фақат сирпаниш эҳтимолининг олдини олади"",""Автомобилни фақат ёнга силжиш эҳтимолининг олдини олади"",""Автомобилнинг сирпаниш ва ёнга томонга сирпанишини олдини олмайди""}",2,https://postimg.cc/Dmfk0bYv,Bilet 31-40,300,,,,
Shatakka olingan avtomobilni falokat yorug'lik ishoralari nosoz bo'lganda transport vositasi qanday belgilanishi kerak?,Шатакка олинган автомобилни фалокат ёруғлик ишоралари носоз бўлганда транспорт воситаси қандай белгиланиши керак?,"{""Gabarit chiroqlarini yoqish"",""Orqa tumanga qarshi chiroqlarini yoqish"",""Shatakka olingan transport vositasi orqa tomoniga falokat sababli to'xtash belgisini o'rnatish""}","{""Габарит чироқларини ёқиш"",""Орқа туманга қарши чироқларини ёқиш"",""Шатакка олинган транспорт воситаси орқа томонига фалокат сабабли тўхташ белгисини ўрнатиш""}",2,https://postimg.cc/Dmfk0bYv,Bilet 31-40,300,,,,
"Siz chapga burilmoqchisiz, kimga yo'l berishingiz kerak?","Сиз чапга бурилмоқчисиз, кимга йўл беришингиз керак?","{""Faqat avtobusga"",""Faqat yuk avtomobiliga"",""Har ikki transport vositasiga""}","{""Фақат автобусга"",""Фақат юк автомобилига"",""Ҳар икки транспорт воситасига""}",2,https://ptest.uz/images/f5d416b7-9161-4e6f-a3dd-5537c86cf909.webp,Bilet 31-40,300,,,,
Tormoz tizimiga ega bo'lmagan tirkama bilan harakatlanayotganda yengil avtomobilni tormoz yo'li qanday o'zgaradi?,Тормоз тизимига эга бўлмаган тиркама билан ҳаракатланаётганда енгил автомобилни тормоз йўли қандай ўзгаради?,"{""Tirkama qo'shimcha qarshilikka ega bo'lgani uchun tormoz yo'li kamayadi"",""Tormoz yo'li uzayadi"",""Tormoz yo'li o'zgarmaydi""}","{""Тиркама қўшимча қаршиликка эга бўлгани учун тормоз йўли камаяди"",""Тормоз йўли узаяди"",""Тормоз йўли ўзгармайди""}",1,https://postimg.cc/Dmfk0bYv,Bilet 31-40,300,,,,
Sanab o'tilgan qaysi hollarda haydovchi orqadagi vaziyatni etiborga olishi kerak?,Санаб ўтилган қайси ҳолларда ҳайдовчи орқадаги вазиятни эътиборга олиши керак?,"{""Faqat keskin tormoz berishda"",""Faqat nam qoplama yoki yaxmalakli yo'llarda tormoz berganda"",""Har qanday tormozlashda""}","{""Фақат кескин тормоз беришда"",""Фақат нам қоплама ёки яхмалакли йўлларда тормоз берганда"",""Ҳар қандай тормозлашда""}",2,https://postimg.cc/Dmfk0bYv,Bilet 31-40,300,,,,
Ko'rsatilgan qaysi joyda siz avtomobilni qoidaga binoan to'xtatishingiz mumkin?,Кўрсатилган қайси жойда сиз автомобилни қоидага биноан тўхтатишингиз мумкин?,"{""Faqat «A»"",""Faqat «B»"",""Faqat «B» va «V»"",""Xech qaysisida""}","{""Фақат «А»"",""Фақат «Б»"",""Фақат «Б» ва «В»"",""Хеч қайсисида""}",1,https://ptest.uz/images/ffaac851-ed51-4fd1-82de-92c110c134d3.webp,Bilet 31-40,300,,,,
Chorrahaga kirishda Siz:,Чорраҳага киришда Сиз:,"{""Taqiqlanadi"",""Ruxsat etiladi, agarda ikki tomonda orqani ko'rsatuvchi ko'zgusi bo'lsa"",""Birinchi o'tish huquqiga egasiz Yengil avtomobilning orqa oynasiga parda yoki jalyuzilar o'rnatish mumkinmi?""}","{""Тақиқланади"",""Рухсат этилади, агарда икки томонда орқани кўрсатувчи кўзгуси бўлса"",""Биринчи ўтиш ҳуқуқига эгасиз Енгил автомобилнинг орқа ойнасига парда ёки жалюзилар ўрнатиш мумкинми?""}",1,https://ptest.uz/images/9bdae933-0c62-4af5-bcaa-9437f42711ed.webp,Bilet 31-40,300,,,,
Transport vositasi qiyalikda joyidan qo'zg'alishda to'xtab turish tormoz dastagini qay vaqtda tushirishni boshlash kerak?,Транспорт воситаси қияликда жойидан қўзғалишда тўхтаб туриш тормоз дастагини қай вақтда туширишни бошлаш керак?,"{""Harakatni boshlashdan avval"",""Harakatni boshlagandan so'ng"",""Harakatni boshlash bilan bir vaqtda""}","{""Ҳаракатни бошлашдан аввал"",""Ҳаракатни бошлагандан сўнг"",""Ҳаракатни бошлаш билан бир вақтда""}",2,https://postimg.cc/Dmfk0bYv,Bilet 31-40,300,,,,
Chorrahaning ko'rsatilgan joyida Sizga to'xtashga ruxsat etiladimi?,Чорраҳанинг кўрсатилган жойида Сизга тўхташга рухсат этиладими?,"{""Ruxsat etiladi"",""Taqiqlanadi"",""Ruxsat etiladi, agarda Sizning transport vositangiz bilan sidirg'a chiziq orasidagi masofa 3 metrdan ortiq bo'lsa?""}","{""Рухсат этилади"",""Тақиқланади"",""Рухсат этилади, агарда Сизнинг транспорт воситангиз билан сидирға чизиқ орасидаги масофа 3 метрдан ортиқ бўлса?""}",1,https://ptest.uz/images/7138850e-022a-4f27-a558-671a273cb628.webp,Bilet 31-40,300,,,,
"Ko'rsatilgan yo'l belgilaridan qaysi biri ruxsat etilgan to'la vazni 3,5 tonnadan kam bo'lgan yuk avtomobiliga o'ngga harakatlanishni buyuradi?","Кўрсатилган йўл белгиларидан қайси бири рухсат этилган тўла вазни 3,5 тоннадан кам бўлган юк автомобилига ўнгга ҳаракатланишни буюради?","{""Faqat «A»"",""Faqat «B»"",""«A» va «B»"",""«B» va «V»""}","{""Фақат «А»"",""Фақат «Б»"",""«А» ва «Б»"",""«Б» ва «В»""}",1,https://ptest.uz/images/1ad6ccca-292d-4454-9ad1-10426dfe407a.webp,Bilet 31-40,300,,,,
Qattiq yoki yegiluvchan ulagichda shatakka olgan yuk avtomobilining kuzovida odam tashishga ruxsat etiladimi?,Қаттиқ ёки егилувчан улагичда шатакка олган юк автомобилининг кузовида одам ташишга рухсат этиладими?,"{""Ruxsat etiladi"",""Taqiqlanadi""}","{""Рухсат этилади"",""Тақиқланади""}",0,https://postimg.cc/Dmfk0bYv,Bilet 31-40,300,,,,
Yo'lning keskin burilishida yuzaga keladigan sirpanishning oldini olish uchun haydovchi nima qilishi kerak?,Йўлнинг кескин бурилишида юзага келадиган сирпанишнинг олдини олиш учун ҳайдовчи нима қилиши керак?,"{""Burilishdan oldin tezlikni kamaytirib, avtomobilni erkin harakatlanishi uchun ilashma tepkisini bosishi"",""Burilishdan oldin tezlikni kamaytirish, kerak bo'lsa uzatmalar pag'onasini pasaytirish, burilishdan o'tayotganda tezlikni oshirmaslik va avtomobilni keskin tormozlamaslik"",""Sanab o'tilan ikkisiga ham ruxsat etiladi""}","{""Бурилишдан олдин тезликни камайтириб, автомобилни эркин ҳаракатланиши учун илашма тепкисини босиши"",""Бурилишдан олдин тезликни камайтириш, керак бўлса узатмалар пағонасини пасайтириш, бурилишдан ўтаётганда тезликни оширмаслик ва автомобилни кескин тормозламаслик"",""Санаб ўтилан иккисига ҳам рухсат этилади""}",1,https://postimg.cc/Dmfk0bYv,Bilet 31-40,300,,,,
“Quvib o'tish” atamasi nimani bildiradi?,“Қувиб ўтиш” атамаси нимани билдиради?,"{""Bir va bir necha transport vositalaridan o'zib ketish"",""Egallab turgan bo'lakdan qarama qarshi harakat bo'lagiga chiqib bir yoki bir necha transport vositalaridan o'zib ketish va dastlab egallab turgan bo'lagiga qaytish"",""Egallagan harakatlanish bo'lagidan chiqib, oldinda harakatlanayotgan transport vositasidan o'zib ketish""}","{""Бир ва бир неча транспорт воситаларидан ўзиб кетиш"",""Эгаллаб турган бўлакдан қарама қарши ҳаракат бўлагига чиқиб бир ёки бир неча транспорт воситаларидан ўзиб кетиш ва дастлаб эгаллаб турган бўлагига қайтиш"",""Эгаллаган ҳаракатланиш бўлагидан чиқиб, олдинда ҳаракатланаётган транспорт воситасидан ўзиб кетиш""}",1,https://postimg.cc/Dmfk0bYv,Bilet 31-40,300,,,,
Siz ro'paradan yaqinlashayotgan yuk avtomobiliga yo'l berishingiz kerakmi?,Сиз рўпарадан яқинлашаётган юк автомобилига йўл беришингиз керакми?,"{""Ha"",""Yo'q""}","{""Ҳа"",""Йўқ""}",1,https://ptest.uz/images/9071e379-2c8f-416b-8395-39a672793025.webp,Bilet 31-40,300,,,,
40-BILET Uzoq davom etadigan keng ravon yo'lda avtomobilni yuqori tezlikda boshqarganda haydovchiga tezlik qanday qabul qilinadi?,40-BILET Узоқ давом этадиган кенг равон йўлда автомобилни юқори тезликда бошқарганда ҳайдовчига тезлик қандай қабул қилинади?,"{""Aslidagidan sekin harakatlanayotganga uxshaydi"",""Aslidagidan tez harakatlanayotganga uxshaydi"",""Tezlikni qabul qilish o'zgarmaydi""}","{""Аслидагидан секин ҳаракатланаётганга ухшайди"",""Аслидагидан тез ҳаракатланаётганга ухшайди"",""Тезликни қабул қилиш ўзгармайди""}",0,https://postimg.cc/Dmfk0bYv,Bilet 31-40,300,,,,
Jamoat transporti bekatidan tashqarida yo'l chetidan qo'zg'alayotgan yo'nalishli transport vositasiga yo'l berishingiz kerakmi?,Жамоат транспорти бекатидан ташқарида йўл четидан қўзғалаётган йўналишли транспорт воситасига йўл беришингиз керакми?,"{""Ha"",""Yo'q""}","{""Ҳа"",""Йўқ""}",1,https://ptest.uz/images/819d956b-52c6-44f8-bf7c-c31d4e7f0d85.webp,Bilet 31-40,300,,,,
Burilish ko'rsatkichi bilan berilayotgan ogohlantiruvchi ishora qachon to'xtatilishi kerak?,Бурилиш кўрсаткичи билан берилаётган огоҳлантирувчи ишора қачон тўхтатилиши керак?,"{""Manevr bajarishdan oldin"",""Manevr bajargandan so'ng darhol"",""Manevr bajarayotganda""}","{""Маневр бажаришдан олдин"",""Маневр бажаргандан сўнг дарҳол"",""Маневр бажараётганда""}",1,https://postimg.cc/Dmfk0bYv,Bilet 31-40,300,,,,
Yonlama oraliq masofani tanlashda tezlikning dahli bormi?,Ёнлама оралиқ масофани танлашда тезликнинг даҳли борми?,"{""Yonlama oraliq masofani tanlashni tezlikka aloqasi yo'q"",""Tezlik oshganda yonlama oraliq masofani oshirish kerak""}","{""Ёнлама оралиқ масофани танлашни тезликка алоқаси йўқ"",""Тезлик ошганда ёнлама оралиқ масофани ошириш керак""}",1,https://postimg.cc/Dmfk0bYv,Bilet 31-40,300,,,,
To'xtab turish qoidasini kim buzdi?,Тўхтаб туриш қоидасини ким бузди?,"{""Faqat «A»"",""Faqat «B»"",""«A» va «B»""}","{""Фақат «А»"",""Фақат «Б»"",""«А» ва «Б»""}",1,https://ptest.uz/images/2b60fb94-b805-4e35-bdb9-2836890f2e62.webp,Bilet 31-40,300,,,,
Sizga ko'rsatilgan joyda yengil avtomobilda to'xtashga ruxsat etiladimi?,Сизга кўрсатилган жойда енгил автомобилда тўхташга рухсат этиладими?,"{""Ha"",""Yo'q""}","{""Ҳа"",""Йўқ""}",1,https://ptest.uz/images/e55b8be7-4d4d-4fd6-a829-d3d38bcaf2c8.webp,Bilet 31-40,300,,,,
Ushbu vaziyatda quvib o'tishdan so'ng Siz o'rta bo'lakda qolishingiz mumkinmi?,Ушбу вазиятда қувиб ўтишдан сўнг Сиз ўрта бўлакда қолишингиз мумкинми?,"{""Ha"",""Yo'q""}","{""Ҳа"",""Йўқ""}",1,https://ptest.uz/images/0aa6661d-213d-4b01-ac4b-f3f0cd9006dd.webp,Bilet 31-40,300,,,,
Kunning yorug' vaqtida aholi punktlaridan tashqarida Siz quvib o'tayotgan transport vositasi haydovchisining etiborini qanday jalb qilasiz?,Куннинг ёруғ вақтида аҳоли пунктларидан ташқарида Сиз қувиб ўтаётган транспорт воситаси ҳайдовчисининг эътиборини қандай жалб қиласиз?,"{""Faqat tovushli ishoralarni qo'llab"",""Faqat chiroqlarni yoqib-o'chirish bilan"",""Sanab o'tilgan barcha usul bilan va ularni birgalikda qo'llash bilan""}","{""Фақат товушли ишораларни қўллаб"",""Фақат чироқларни ёқиб-ўчириш билан"",""Санаб ўтилган барча усул билан ва уларни биргаликда қўллаш билан""}",2,https://postimg.cc/Dmfk0bYv,Bilet 31-40,300,,,,
Aholi punktlariga tegishli yo'l harakati qoidalari qaerdan boshlanadi?,Аҳоли пунктларига тегишли йўл ҳаракати қоидалари қаердан бошланади?,"{""Aholi punkti nomini ko'rsatuvchi oq rangli 5.22 yo'l belgisidan boshlab"",""Aholi punkti nomini ko'rsatuvchi oq 5.22 yoki 5.24 havorang rangli belgidan boshlab"",""Yo'l yuzidagi qurilma va inshootlardan boshlab""}","{""Аҳоли пункти номини кўрсатувчи оқ рангли 5.22 йўл белгисидан бошлаб"",""Аҳоли пункти номини кўрсатувчи оқ 5.22 ёки 5.24 ҳаворанг рангли белгидан бошлаб"",""Йўл юзидаги қурилма ва иншоотлардан бошлаб""}",0,https://postimg.cc/Dmfk0bYv,Bilet 31-40,300,,,,
"Tormoz tizimi ishlamaydigan avtomobilni vazni sizning avtomobilingiz vaznini yarmidan ortiq bo'lsa, uni shatakka olishingizga ruxsat etiladimi?","Тормоз тизими ишламайдиган автомобилни вазни сизнинг автомобилингиз вазнини ярмидан ортиқ бўлса, уни шатакка олишингизга рухсат этиладими?","{""Ruxsat etiladi"",""Ruxsat etilmaydi"",""Faqat 30 km. tezlikda ruxsat etiladi""}","{""Рухсат этилади"",""Рухсат этилмайди"",""Фақат 30 км. тезликда рухсат этилади""}",1,https://postimg.cc/Dmfk0bYv,Bilet 31-40,300,,,,
Cheklangan ko'rinish sharoitida orqaga harakatlanishda harakat xavfsizligini taminlash uchun:,Чекланган кўриниш шароитида орқага ҳаракатланишда ҳаракат хавфсизлигини таъминлаш учун:,"{""Tovushli signal berish"",""Falokat yorug'lik ishoralarini yoqish"",""Boshqa shaxslar yordamidan foydalanish""}","{""Товушли сигнал бериш"",""Фалокат ёруғлик ишораларини ёқиш"",""Бошқа шахслар ёрдамидан фойдаланиш""}",2,https://postimg.cc/Dmfk0bYv,Bilet 31-40,300,,,,
"Yoqilg'i bilan taminlash tepkisini keskin tezlikni oshirish uchun bosayotganda, avtomabil sirpanishni boshlasa haydovchi qanday harakat qilishi kerak?","Ёқилғи билан таъминлаш тепкисини кескин тезликни ошириш учун босаётганда, автомабил сирпанишни бошласа ҳайдовчи қандай ҳаракат қилиши керак?","{""Tepkini yanada kuchliroq bosish"",""Tepkiga tasir etuvchi kuchni o'zgartirmaslik"",""Tepkiga tasir etuvchi kuchni kamaytirish""}","{""Тепкини янада кучлироқ босиш"",""Тепкига таъсир этувчи кучни ўзгартирмаслик"",""Тепкига таъсир этувчи кучни камайтириш""}",2,https://postimg.cc/Dmfk0bYv,Bilet 31-40,300,,,,
Yo'lning qanday qismida harakatlanganda kuchli yonlama shamol xavfi ortadi?,Йўлнинг қандай қисмида ҳаракатланганда кучли ёнлама шамол хавфи ортади?,"{""Ochiq joyda harakatlanganda"",""Yo'lning yopiq qismida harakatlanganda"",""Yo'lning yopiq qismidan ochik qismiga chiqishda""}","{""Очиқ жойда ҳаракатланганда"",""Йўлнинг ёпиқ қисмида ҳаракатланганда"",""Йўлнинг ёпиқ қисмидан очик қисмига чиқишда""}",2,https://postimg.cc/Dmfk0bYv,Bilet 31-40,300,,,,
Nosoz transpot vositasini shatakka olgan yengil avtomobil salonida odam tashishga ruxsat etiladimi?,Носоз транспот воситасини шатакка олган енгил автомобил салонида одам ташишга рухсат этиладими?,"{""Ruxsat etiladi"",""Taqiqlanadi""}","{""Рухсат этилади"",""Тақиқланади""}",0,https://postimg.cc/Dmfk0bYv,Bilet 31-40,300,,,,
Piyodalar to'xtab turgan avtobus va trolleybusning qaysi tomonidan yo'lni kesib o'tishlari kerak?,Пиёдалар тўхтаб турган автобус ва троллейбуснинг қайси томонидан йўлни кесиб ўтишлари керак?,"{""Oldi tomonidan"",""Orqa tomonidan"",""Istalgan tomonidan""}","{""Олди томонидан"",""Орқа томонидан"",""Исталган томонидан""}",1,https://postimg.cc/Dmfk0bYv,Bilet 31-40,300,,,,
Quruq ob-havo sharoitida asfalt –beton qoplamali yo'lda harakatlanayotgan haydovchi yomg'ir tomchilab qolganda nima qilishi kerak?,Қуруқ об-ҳаво шароитида асфалт –бетон қопламали йўлда ҳаракатланаётган ҳайдовчи ёмғир томчилаб қолганда нима қилиши керак?,"{""Tezlikni kamaytirish va ehtiyot bo'lishi kerak"",""Tezlikni o'zgartirmasdan harakatlani davom ettirish"",""Yomg'ir tezlashib ketmasdan tezroq harakat qilishi""}","{""Тезликни камайтириш ва эҳтиёт бўлиши керак"",""Тезликни ўзгартирмасдан ҳаракатлани давом эттириш"",""Ёмғир тезлашиб кетмасдан тезроқ ҳаракат қилиши""}",0,https://postimg.cc/Dmfk0bYv,Bilet 31-40,300,,,,
Ushbu holatda Siz bajarishingiz lozim:,Ушбу ҳолатда Сиз бажаришингиз лозим:,"{""Belgi oldida to'xtash"",""To'xtash chizig'i oldida to'xtash"",""Boshqa transport vositalari bo'lmasa, chorrahadan to'xtamasdan o'tib ketish""}","{""Белги олдида тўхташ"",""Тўхташ чизиғи олдида тўхташ"",""Бошқа транспорт воситалари бўлмаса, чорраҳадан тўхтамасдан ўтиб кетиш""}",1,https://ptest.uz/images/bf8c6a13-3349-4a83-9193-62b77e69e0fb.webp,Bilet 31-40,300,,,,
Ushbu yo'l belgisi tasir oralig'ida Sizga odam tushirish (chiqarish) yoki yuk ortish (tushirish) ruxsat etiladimi?,Ушбу йўл белгиси таъсир оралиғида Сизга одам тушириш (чиқариш) ёки юк ортиш (тушириш) рухсат этиладими?,"{""Faqat «B»"",""Faqat «B» va «G»"",""Faqat «A» , «B» va «V»"",""Barchasi""}","{""Фақат «Б»"",""Фақат «Б» ва «Г»"",""Фақат «А» , «Б» ва «В»"",""Барчаси""}",3,https://ptest.uz/images/51fb05d9-e1a0-42fa-81e2-87a22bf67184.webp,Bilet 31-40,300,,,,
Yengil avtomobilda qaysi yo'nalishlarda harakatlanishga ruxsat etiladi?,Енгил автомобилда қайси йўналишларда ҳаракатланишга рухсат этилади?,"{""Faqat to'g'riga"",""Faqat o'ngga va chapga"",""Istalgan yo'nalishda""}","{""Фақат тўғрига"",""Фақат ўнгга ва чапга"",""Исталган йўналишда""}",2,https://ptest.uz/images/5aebbbe6-4323-4136-9e2d-4522a42ba6f4.webp,Bilet 31-40,300,,,,
Uzoq davom etadigan keng ravon yo'lda avtomobilni yuqori tezlikda boshqarganda haydovchiga tezlik qanday qabul qilinadi?,Узоқ давом этадиган кенг равон йўлда автомобилни юқори тезликда бошқарганда ҳайдовчига тезлик қандай қабул қилинади?,"{""Aslidagidan sekin harakatlanayotganga uxshaydi"",""Aslidagidan tez harakatlanayotganga uxshaydi"",""Tezlikni qabul qilish o'zgarmaydi""}","{""Аслидагидан секин ҳаракатланаётганга ухшайди"",""Аслидагидан тез ҳаракатланаётганга ухшайди"",""Тезликни қабул қилиш ўзгармайди""}",0,https://postimg.cc/Dmfk0bYv,Bilet 31-40,300,,,,
