question,question_cyrl,answers,answers_cyrl,correct_answer,image_url,category,time_limit,audio_url,audio_url_cyrl,explanation_text,explanation_text_cyrl
41-BILET Bosh miya jarohatlanishining asosiy alomatlari:,41-BILET Бош мия жароҳатланишининг асосий аломатлари:,"{""Hushdan ketish bir necha soniyadan birnecha soatgacha bo'lishi mumkin"",""Qayt qilish bir-ikki marta, og'ir holatlarda ko'proq bo'lishi mumkin"",""Amneziya – xotiraning yo'qolishi,sodir bo'lgan jarohatlanish bilan bog'liq va hayotdagi bazi voqealar xotirasidan o'chadi"",""Barchasi holatlar to'g'ri""}","{""Ҳушдан кетиш бир неча сониядан бирнеча соатгача бўлиши мумкин"",""Қайт қилиш бир-икки марта, оғир ҳолатларда кўпроқ бўлиши мумкин"",""Амнезия – хотиранинг йўқолиши,содир бўлган жароҳатланиш билан боғлиқ ва ҳаётдаги баъзи воқеалар хотирасидан ўчади"",""Барчаси ҳолатлар тўғри""}",3,https://postimg.cc/Dmfk0bYv,Bilet 41-50,300,,,,
Qaysi rasmda ikkita qatnov qismiga ega yo'l ko'rsatilingan?,Қайси расмда иккита қатнов қисмига эга йўл кўрсатилинган?,"{""Birinchisida"",""Ikkinchisida"",""Ikkala rasmda""}","{""Биринчисида"",""Иккинчисида"",""Иккала расмда""}",1,https://ptest.uz/images/4a805da8-edf6-45d6-8304-49d38d5a1578.webp,Bilet 41-50,300,,,,
Yo'lning qiyaliklarida qisqa muddatga to'xtagan mexanik uzatmali avtomobilni joyidan to'satdan harakatlanib ketishini oldini olish uchun:,Йўлнинг қияликларида қисқа муддатга тўхтаган механик узатмали автомобилни жойидан тўсатдан ҳаракатланиб кетишини олдини олиш учун:,"{""To'xtab turish tormozidan foydalanish lozim"",""Birinchi uzatmani yoki orqa uzatmani ulash lozim"",""Uzatmalar qutisi richagi ni neytral holatga o'tkazish lozim""}","{""Тўхтаб туриш тормозидан фойдаланиш лозим"",""Биринчи узатмани ёки орқа узатмани улаш лозим"",""Узатмалар қутиси ричаги ни нейтрал ҳолатга ўтказиш лозим""}",0,https://postimg.cc/Dmfk0bYv,Bilet 41-50,300,,,,
To'xtab turish tormoz tizimi N toifadagi avtotransport vositalarini aslahalangan holatda qanday qiyalikda ushlab tura olmasa foydalanish taqiqlanadi?,Тўхтаб туриш тормоз тизими N тоифадаги автотранспорт воситаларини аслаҳаланган ҳолатда қандай қияликда ушлаб тура олмаса фойдаланиш тақиқланади?,"{""25 % dan kam"",""16 % dan kam"",""31 % dan kam"",""20 % dan kam""}","{""25 % дан кам"",""16 % дан кам"",""31 % дан кам"",""20 % дан кам""}",2,https://postimg.cc/Dmfk0bYv,Bilet 41-50,300,,,,
Quyidagi belgilardan qaysi biri haydovchini boshqa xavf-xatarlar to'g'risida ogohlantiradi?,Қуйидаги белгилардан қайси бири ҳайдовчини бошқа хавф-хатарлар тўғрисида огоҳлантиради?,"{""A"",""B"",""V""}","{""А"",""Б"",""В""}",2,https://ptest.uz/images/d4319ccf-0a36-4121-abb5-364ca231dc16.webp,Bilet 41-50,300,,,,
Ushbu belgilardan qaysi biri haydovchining shu joydagi yashash yoki ishlash joyiga yetib borishiga monelik qilmaydi?,Ушбу белгилардан қайси бири ҳайдовчининг шу жойдаги яшаш ёки ишлаш жойига етиб боришига монелик қилмайди?,"{""A"",""B"",""C"",""B va C""}","{""A"",""B"",""C"",""B ва C""}",2,https://ptest.uz/images/e99fec96-5cab-4ce7-bfff-c864927c14a5.webp,Bilet 41-50,300,,,,
Piyodalar yo'lkasi – bu...,Пиёдалар йўлкаси – бу...,"{""Yo'l qatnov qismining piyodalar kesib o'tishi uchun mo'ljallangan, 5.16.1, 5.16.2 yo'l belgilari va 1.14.1-1.14.3 yo'l chiziqlari bilan ajratilgan bo'lagi."",""Yo'lning piyodalar harakatlanishi uchun mo'ljallangan va transport vositalari harakati taqiqlangan qismi"",""Qatnov qismiga tutashgan yoki undan maysazor, ariq maxsus to'siqlar bilan ajratilgan va piyodalarning harakatlanishi uchun mo'ljallangan yo'l qismi""}","{""Йўл қатнов қисмининг пиёдалар кесиб ўтиши учун мўлжалланган, 5.16.1, 5.16.2 йўл белгилари ва 1.14.1-1.14.3 йўл чизиқлари билан ажратилган бўлаги."",""Йўлнинг пиёдалар ҳаракатланиши учун мўлжалланган ва транспорт воситалари ҳаракати таъқиқланган қисми"",""Қатнов қисмига туташган ёки ундан майсазор, ариқ махсус тўсиқлар билан ажратилган ва пиёдаларнинг ҳаракатланиши учун мўлжалланган йўл қисми""}",1,https://postimg.cc/Dmfk0bYv,Bilet 41-50,300,,,,
Ushbu belgi...,Ушбу белги...,"{""Oldinda harakatlanish serqatnovligi haqida ogohlantiradi"",""Oldinda transport vositalarning tirbandligi haqida ogohlantiradi"",""Oldinda transport vositalari orasida xavfsiz oraliqni taminlash lozimligi haqida ogohlantiradi.""}","{""Олдинда ҳаракатланиш серқатновлиги ҳақида огоҳлантиради"",""Олдинда транспорт воситаларнинг тирбандлиги ҳақида огоҳлантиради"",""Олдинда транспорт воситалари орасида хавфсиз оралиқни таъминлаш лозимлиги ҳақида огоҳлантиради.""}",1,https://ptest.uz/images/f9a4215c-c2f9-47dd-a3cd-92d798ba5fa2.webp,Bilet 41-50,300,,,,
Avtomobilni qanday boshqarish usuli yonilg'i sarfini tejaydi?,Автомобилни қандай бошқариш усули ёнилғи сарфини тежайди?,"{""Shiddat bilan tezlanish va ohista sekinlashish bilan"",""Ohista tezlanish va shiddat bilan sekinlashish bilan"",""Ohista tezlanish va ohista sekinlashish bilan""}","{""Шиддат билан тезланиш ва оҳиста секинлашиш билан"",""Оҳиста тезланиш ва шиддат билан секинлашиш билан"",""Оҳиста тезланиш ва оҳиста секинлашиш билан""}",2,https://postimg.cc/Dmfk0bYv,Bilet 41-50,300,,,,
Harakatlanishga ruxsat berilgan:,Ҳаракатланишга рухсат берилган:,"{""Qizil, ko'k, yashil va sariq avtomobilga"",""Qizil va sariq avtomobilga"",""Qizil, sariq va yashil avtomobilga""}","{""Қизил, кўк, яшил ва сариқ автомобилга"",""Қизил ва сариқ автомобилга"",""Қизил, сариқ ва яшил автомобилга""}",1,https://ptest.uz/images/3b2aef16-7aa8-4aaf-b199-da50cb805922.webp,Bilet 41-50,300,,,,
Yo'l transport hodisasi-,Йўл транспорт ҳодисаси-,"{""Transport vositasining yo'lda harakatlanishi jarayonida ro'y bergan, fuqarolarning halok bo'lishiga yoki sog'ligiga zarar yetishiga, transport vositalari, inshootlar, yuklarning shikastlanishi yoxud boshqa moddiy zarar yetishiga sabab bo'lgan hodisa"",""Yo'l harakati qatnashchilarining yo'l-transport hodisalari va ularning oqibatlaridan himoyalanganlik darajasini aks yettiruvchi yo'l harakati holati""}","{""Транспорт воситасининг йўлда ҳаракатланиши жараёнида рўй берган, фуқароларнинг ҳалок бўлишига ёки соғлигига зарар етишига, транспорт воситалари, иншоотлар, юкларнинг шикастланиши ёхуд бошқа моддий зарар етишига сабаб бўлган ҳодиса"",""Йўл ҳаракати қатнашчиларининг йўл-транспорт ҳодисалари ва уларнинг оқибатларидан ҳимояланганлик даражасини акс еттирувчи йўл ҳаракати ҳолати""}",0,https://postimg.cc/Dmfk0bYv,Bilet 41-50,300,,,,
Moped haydovchilariga ruxsat beriladi:,Мопед ҳайдовчиларига рухсат берилади:,"{""Faqat yo'lning chetki o'ng bo'lagida o'ng tomonidan bir qator bo'lib harakatlanishiga"",""Faqat yo'l yoqasidan harakatlanishiga, agar piyodalarga xalaqit bermasa"",""Barcha sanab o'tilgan holatlarga""}","{""Фақат йўлнинг четки ўнг бўлагида ўнг томонидан бир қатор бўлиб ҳаракатланишига"",""Фақат йўл ёқасидан ҳаракатланишига, агар пиёдаларга халақит бермаса"",""Барча санаб ўтилган ҳолатларга""}",2,https://postimg.cc/Dmfk0bYv,Bilet 41-50,300,,,,
Moped haydovchilariga ruxsat beriladi:,Мопед ҳайдовчиларига рухсат берилади:,"{""Faqat yo'lning chetki o'ng bo'lagida o'ng tomonidan bir qator bo'lib harakatlanishiga"",""Faqat yo'l yoqasidan harakatlanishiga, agar piyodalarga xalaqit bermasa"",""Barcha sanab o'tilgan holatlarga""}","{""Фақат йўлнинг четки ўнг бўлагида ўнг томонидан бир қатор бўлиб ҳаракатланишига"",""Фақат йўл ёқасидан ҳаракатланишига, агар пиёдаларга халақит бермаса"",""Барча санаб ўтилган ҳолатларга""}",1,https://ptest.uz/images/d3d29def-9a7b-4ede-b06d-3db5083e28bf.webp,Bilet 41-50,300,,,,
Svetaforning qizil yoki sariq ishorasi bilan bir vaqtda yongan qo'shimcha tarmoqning yo'naltirgichi yashil ishorasi yo'nalishida harakatlanayotgan transport vositasining haydovchisi kimga yo'l berishi kerak?,Светафорнинг қизил ёки сариқ ишораси билан бир вақтда ёнган қўшимча тармоқнинг йўналтиргичи яшил ишораси йўналишида ҳаракатланаётган транспорт воситасининг ҳайдовчиси кимга йўл бериши керак?,"{""Boshqa yo'nalishlarda harakatlanayotgan transportvositalariga"",""O'ngdan kelayotgan transportvositalariga"",""Qarama qarshi yo'nalishda to'g'riga yoki o'ngga harakatlanayotgan transport vositalariga""}","{""Бошқа йўналишларда ҳаракатланаётган транспортвоситаларига"",""Ўнгдан келаётган транспортвоситаларига"",""Қарама қарши йўналишда тўғрига ёки ўнгга ҳаракатланаётган транспорт воситаларига""}",0,https://postimg.cc/Dmfk0bYv,Bilet 41-50,300,,,,
Ko'rsatilgan yo'l belgilaridan qaysi biri taqiqlovchi belgilar ilgari kiritgan barcha cheklovlarni bekor qiladi?,Кўрсатилган йўл белгиларидан қайси бири таъқиқловчи белгилар илгари киритган барча чекловларни бекор қилади?,"{""V"",""A va B"",""V va G"",""Barchasi""}","{""В"",""А ва Б"",""В ва Г"",""Барчаси""}",0,https://ptest.uz/images/9847aaf1-5276-448e-a774-9ff4584a331f.webp,Bilet 41-50,300,,,,
"G'ildiraklarni yo'l bilan ilashishi yo'qolganda (kuchli yomg'ir, sel yoki suv toshgan yo'l qismlari) haydovchi:","Ғилдиракларни йўл билан илашиши йўқолганда (кучли ёмғир, сел ёки сув тошган йўл қисмлари) ҳайдовчи:","{""Tezlikni oshirish lozim"",""Tormoz tepkisini keskin bosish bilan tezlikni kamaytirish lozim"",""Dvigatel bilan tormozlash orqali tezlikni kamaytirishi lozim""}","{""Тезликни ошириш лозим"",""Тормоз тепкисини кескин босиш билан тезликни камайтириш лозим"",""Двигател билан тормозлаш орқали тезликни камайтириши лозим""}",2,https://postimg.cc/Dmfk0bYv,Bilet 41-50,300,,,,
Siz chorrahada chapga burilishda qaysi transpor vositasiga yo'l berishingiz lozim? Qaysi belgi tartibga solinmagan piyodalar o'tish joyiga yaqinlashayotganlik haqida ogohlantiradi?,Сиз чорраҳада чапга бурилишда қайси транспор воситасига йўл беришингиз лозим? Қайси белги тартибга солинмаган пиёдалар ўтиш жойига яқинлашаётганлик ҳақида огоҳлантиради?,"{""Faqat A"",""A va B"",""Hammasi""}","{""Фақат А"",""А ва Б"",""Ҳаммаси""}",0,https://ptest.uz/images/b2e931d1-9dbc-4449-b4b4-9fe83434af24.webp,Bilet 41-50,300,,,,
Qaysi belgi yo'lning tor qismlarida ro'paradan kelayotgan transport vositasiga yo'l berish lozimligini bildiradi?,Қайси белги йўлнинг тор қисмларида рўпарадан келаётган транспорт воситасига йўл бериш лозимлигини билдиради?,"{""A"",""B"",""B va V"",""A va G"",""G""}","{""А"",""Б"",""Б ва В"",""А ва Г"",""Г""}",0,https://ptest.uz/images/9c242450-9b41-46e1-8370-b83f58756589.webp,Bilet 41-50,300,,,,
Piyodalar o'tish joyi – bu...,Пиёдалар ўтиш жойи – бу...,"{""Yo'l qatnov qismining piyodalar kesib o'tishi mo'ljallangan, 5.16.1, 5.16.2 yo'l belgilari va 1.14.1-1.14.3 yo'l chiziqlari bilan ajratilgan bo'lagi."",""Yo'lning piyodalar harakatlanishi uchun mo'ljallangan va transport vositalari harakati taqiqlangan qismi."",""Qatnov qismiga tutashgan yoki undan maysazor ariq maxsus to'siqlar bilan ajratilgan va piyodalarning va piyodalarning harakatlanishi uchun mo'ljallangan yo'l qismi""}","{""Йўл қатнов қисмининг пиёдалар кесиб ўтиши мўлжалланган, 5.16.1, 5.16.2 йўл белгилари ва 1.14.1-1.14.3 йўл чизиқлари билан ажратилган бўлаги."",""Йўлнинг пиёдалар ҳаракатланиши учун мўлжалланган ва транспорт воситалари ҳаракати таъқиқланган қисми."",""Қатнов қисмига туташган ёки ундан майсазор ариқ махсус тўсиқлар билан ажратилган ва пиёдаларнинг ва пиёдаларнинг ҳаракатланиши учун мўлжалланган йўл қисми""}",0,https://postimg.cc/Dmfk0bYv,Bilet 41-50,300,,,,
Bosh miya jarohatlanishining asosiy alomatlari:,Бош мия жароҳатланишининг асосий аломатлари:,"{""Hushdan ketish bir necha soniyadan birnecha soatgacha bo'lishi mumkin"",""Qayt qilish bir-ikki marta, og'ir holatlarda ko'proq bo'lishi mumkin"",""Amneziya – xotiraning yo'qolishi,sodir bo'lgan jarohatlanish bilan bog'liq va hayotdagi bazi voqealar xotirasidan o'chadi"",""Barchasi holatlar to'g'ri""}","{""Ҳушдан кетиш бир неча сониядан бирнеча соатгача бўлиши мумкин"",""Қайт қилиш бир-икки марта, оғир ҳолатларда кўпроқ бўлиши мумкин"",""Амнезия – хотиранинг йўқолиши,содир бўлган жароҳатланиш билан боғлиқ ва ҳаётдаги баъзи воқеалар хотирасидан ўчади"",""Барчаси ҳолатлар тўғри""}",3,https://postimg.cc/Dmfk0bYv,Bilet 41-50,300,,,,
42-BILET Chorrahadan tashqaridagi tartibga solinmagan velosiped yo'lkasi bilan yo'l kesishmasida kim yo'l berishi kerak?,42-BILET Чорраҳадан ташқаридаги тартибга солинмаган велосипед йўлкаси билан йўл кесишмасида ким йўл бериши керак?,"{""Transport vositalari haydovchilari"",""Velosiped yo'lkasidan harakatlanayotgan velosiped va moped haydovchilari""}","{""Транспорт воситалари ҳайдовчилари"",""Велосипед йўлкасидан ҳаракатланаётган велосипед ва мопед ҳайдовчилари""}",1,https://postimg.cc/Dmfk0bYv,Bilet 41-50,300,,,,
"Avtomobillarning bir qator bo'lib harakatlanishi uchun yetarlicha keng bo'lgan, yo'l chiziqlari bilan belgilangan yoki belgilanmagan yo'l qatnov qismining har qanday bo'ylama bo'lagi nima deb ataladi?","Автомобилларнинг бир қатор бўлиб ҳаракатланиши учун етарлича кенг бўлган, йўл чизиқлари билан белгиланган ёки белгиланмаган йўл қатнов қисмининг ҳар қандай бўйлама бўлаги нима деб аталади?","{""Qatnov qismi"",""Harakatlanish tasmasi"",""Yo'l yoqasi"",""Yondosh hudud""}","{""Қатнов қисми"",""Ҳаракатланиш тасмаси"",""Йўл ёқаси"",""Ёндош ҳудуд""}",1,https://postimg.cc/Dmfk0bYv,Bilet 41-50,300,,,,
Shokning belgilari:,Шокнинг белгилари:,"{""Teri va shilliq qavatlarining oqarishi"",""Kuchli ter ajralishi"",""Og'iz qurishi chanqoqlik naqas olishning tezlashuvi"",""Barcha holatlar to'g'ri""}","{""Тери ва шиллиқ қаватларининг оқариши"",""Кучли тер ажралиши"",""Оғиз қуриши чанқоқлик нақас олишнинг тезлашуви"",""Барча ҳолатлар тўғри""}",3,https://postimg.cc/Dmfk0bYv,Bilet 41-50,300,,,,
Bosh miya jarohatlanishining quyidagi alomatlar bilan harakterlanadi:,Бош мия жароҳатланишининг қуйидаги аломатлар билан ҳарактерланади:,"{""Hushdan ketish bir necha soniyadan bir necha soatgacha bo'lishi mumkin"",""Qayt qilish bir-ikki marta, og'ir holatlarda ko'proq bo'lishi mumkin"",""Amneziya – hotiraning yo'qolishi, sodir bo'lgan jarohatlanish bilan bog'liq va hayotdagi bazi voqealar xotirasidan o'chadi"",""Yuqoridagi barcha holatlar""}","{""Ҳушдан кетиш бир неча сониядан бир неча соатгача бўлиши мумкин"",""Қайт қилиш бир-икки марта, оғир ҳолатларда кўпроқ бўлиши мумкин"",""Амнезия – ҳотиранинг йўқолиши, содир бўлган жароҳатланиш билан боғлиқ ва ҳаётдаги баъзи воқеалар хотирасидан ўчади"",""Юқоридаги барча ҳолатлар""}",3,https://postimg.cc/Dmfk0bYv,Bilet 41-50,300,,,,
Qaysi belgi velosiped yo'lkasini ko'rsatadi?,Қайси белги велосипед йўлкасини кўрсатади?,"{""A"",""V"",""S""}","{""А"",""В"",""С""}",2,https://ptest.uz/images/c047375a-1dc9-4725-83b9-b6d689ca9a1c.webp,Bilet 41-50,300,,,,
Transport vositalarini qatnov qismining kengaytirilmagan joylarida qanday tartibda to'xtash va to'xtab turishga ruxsat etiladi?,Транспорт воситаларини қатнов қисмининг кенгайтирилмаган жойларида қандай тартибда тўхташ ва тўхтаб туришга рухсат этилади?,"{""Burchak ostida"",""Parallel ravishda"",""Istalgan usulda""}","{""Бурчак остида"",""Параллел равишда"",""Исталган усулда""}",1,https://postimg.cc/Dmfk0bYv,Bilet 41-50,300,,,,
Xavfsiz oraliq masofani ko'rsating,Хавфсиз оралиқ масофани кўрсатинг,"{""A va V"",""V"",""B""}","{""А ва В"",""В"",""Б""}",2,https://ptest.uz/images/b796fa6d-504a-4677-88cc-5a8c04869e29.webp,Bilet 41-50,300,,,,
"Agar haydovchi keskin tormoz bermasdan harakatni to'xtata olmasa, svetaforning yashil ishorasidan keyin yongan sariq ishorasida harakatni davom ettirishga ruxsat beriladimi?","Агар ҳайдовчи кескин тормоз бермасдан ҳаракатни тўхтата олмаса, светафорнинг яшил ишорасидан кейин ёнган сариқ ишорасида ҳаракатни давом эттиришга рухсат бериладими?","{""Ruxsat etiladi"",""Taqiqlanadi""}","{""Рухсат этилади"",""Таъқиқланади""}",0,https://postimg.cc/Dmfk0bYv,Bilet 41-50,300,,,,
Harakatlanish qaysi yo'nalishga ruxsat yetilgan?,Ҳаракатланиш қайси йўналишга рухсат етилган?,"{""Harakatlanish taqiqlanadi"",""Faqat to'g'riga"",""Faqat to'g'riga va o'ngga"",""Barcha yo'nalishda ruxsat etiladi""}","{""Ҳаракатланиш тақиқланади"",""Фақат тўғрига"",""Фақат тўғрига ва ўнгга"",""Барча йўналишда рухсат этилади""}",0,https://ptest.uz/images/2f54e9d4-bedb-45f1-884f-195228bde332.webp,Bilet 41-50,300,,,,
"Qaysi belgi ""Xavfli yuk tashiyotgan transport vositalarining harakatlanishini taqiqlangan"" deb nomlanadi?","Қайси белги ""Хавфли юк ташиётган транспорт воситаларининг ҳаракатланишини таъқиқланган"" деб номланади?","{""A"",""V"",""S""}","{""А"",""В"",""С""}",2,https://ptest.uz/images/37a568fa-79bb-406b-bcdb-2ff6ee16da44.webp,Bilet 41-50,300,,,,
Ushbu belgi qaysi turdagi transport vositalarini to'xtamasdan o'tishlarini taqiqlaydi?,Ушбу белги қайси турдаги транспорт воситаларини тўхтамасдан ўтишларини таъқиқлайди?,"{""Yuk avtomobillarini"",""Yengil avtomobillarni"",""Barcha turdagi transport vositalarini""}","{""Юк автомобилларини"",""Енгил автомобилларни"",""Барча турдаги транспорт воситаларини""}",2,https://ptest.uz/images/a30a0814-36c8-4034-ab57-e4b04fbcb3d6.webp,Bilet 41-50,300,,,,
Qaysi belgilar yuk avtomobillariga quvib o'tish taqiqlangan hududning oxirini bildiradi?,Қайси белгилар юк автомобилларига қувиб ўтиш тақиқланган ҳудуднинг охирини билдиради?,"{""A"",""B"",""A va B"",""A, B, V""}","{""А"",""Б"",""А ва Б"",""А, Б, В""}",3,https://ptest.uz/images/509d5dee-8478-4203-93f6-97cd0714f90d.webp,Bilet 41-50,300,,,,
"Qaysi belgi to'xtash chizig'i oldida, u bo'lmaganda, kesib o'tiladigan qatnov qismining chetida to'xtamasdan harakatlanishni taqiqlaydi?","Қайси белги тўхташ чизиғи олдида, у бўлмаганда, кесиб ўтиладиган қатнов қисмининг четида тўхтамасдан ҳаракатланишни таъқиқлайди?","{""A"",""B"",""B va V"",""A va G"",""G""}","{""А"",""Б"",""Б ва В"",""А ва Г"",""Г""}",1,https://ptest.uz/images/3ad8fa50-b6a2-40de-b0de-6980dc135596.webp,Bilet 41-50,300,,,,
Ushbu chorrahada kim yo'l beradi?,Ушбу чорраҳада ким йўл беради?,"{""Ko'k avtomobil"",""Motosikl va sariq avtomobil""}","{""Кўк автомобил"",""Мотосикл ва сариқ автомобил""}",0,https://ptest.uz/images/7a7ffd3e-eadc-4eb7-abb7-a84f227d5d35.webp,Bilet 41-50,300,,,,
Yo'l harakati xavfsizligini taminlash - ...,Йўл ҳаракати хавфсизлигини таъминлаш - ...,"{""Yo'l transport hodisalarining kelib chiqish sabablarini oldini olishga, ularning og'ir oqibatlarini kamaytirishga qaratilgan faoliyat"",""Yo'llarda harakatni boshqarish bo'yicha huquqiy, tashkiliy – texnikaviy tadbirlar va boshqaruv harakatlari majmui.""}","{""Йўл транспорт ҳодисаларининг келиб чиқиш сабабларини олдини олишга, уларнинг оғир оқибатларини камайтиришга қаратилган фаолият"",""Йўлларда ҳаракатни бошқариш бўйича ҳуқуқий, ташкилий – техникавий тадбирлар ва бошқарув ҳаракатлари мажмуи.""}",0,https://postimg.cc/Dmfk0bYv,Bilet 41-50,300,,,,
Chorraha bu - ...,Чорраҳа бу - ...,"{""Bevosita yo'lga tutashgan va transport vositalari o'tib ketishi uchun mo'ljallanmagan hudud (hovlilar, turar joy dahalari, avtomobil to'xtab turish joylari, yonilg'i quyish shaxobchalari, korxona va shunga o'xshashlar)"",""Yo'llarning o'zaro bir sathda kesishadigan, tutashadigan va ayriladigan joyi"",""Yo'lning relssiz transport vositalari harakati uchun mo'ljallangan qismi""}","{""Бевосита йўлга туташган ва транспорт воситалари ўтиб кетиши учун мўлжалланмаган ҳудуд (ҳовлилар, турар жой даҳалари, автомобил тўхтаб туриш жойлари, ёнилғи қуйиш шахобчалари, корхона ва шунга ўхшашлар)"",""Йўлларнинг ўзаро бир сатҳда кесишадиган, туташадиган ва айриладиган жойи"",""Йўлнинг релссиз транспорт воситалари ҳаракати учун мўлжалланган қисми""}",1,https://postimg.cc/Dmfk0bYv,Bilet 41-50,300,,,,
Ushbu holatda qaysi transport vositasi yo'l berishi kerak?,Ушбу ҳолатда қайси транспорт воситаси йўл бериши керак?,"{""Yengil avtomobil"",""Avtobus""}","{""Енгил автомобил"",""Автобус""}",1,https://ptest.uz/images/dbfe352e-b69e-4ac8-bc12-02ffa6bdd904.webp,Bilet 41-50,300,,,,
Hayvonlarni yo'lda haydab borishga qoidaga ko'ra ruxsat etiladi,Ҳайвонларни йўлда ҳайдаб боришга қоидага кўра рухсат этилади,"{""Kunning yorug' vaqtida."",""Kunning qorong'u vaqtida."",""Istalgan vaqtda.""}","{""Куннинг ёруғ вақтида."",""Куннинг қоронғу вақтида."",""Исталган вақтда.""}",0,https://postimg.cc/Dmfk0bYv,Bilet 41-50,300,,,,
Quvib o'tishga taalluqli belgilarni ko'rsating?,Қувиб ўтишга тааллуқли белгиларни кўрсатинг?,"{""A va B"",""B va S"",""A va S""}","{""А ва Б"",""Б ва С"",""А ва С""}",2,https://ptest.uz/images/eb605b84-ca56-41b7-8ff5-60de6b6d54dc.webp,Bilet 41-50,300,,,,
Svetaforning miltillovchi sariq ishorasi nima haqida ogohlantiradi?,Светафорнинг милтилловчи сариқ ишораси нима ҳақида огоҳлантиради?,"{""Harakatlanishga ruxsat beradi"",""Chorraha tartibga solinmaganligi to'g'risida"",""Barcha javoblar to'g'ri""}","{""Ҳаракатланишга рухсат беради"",""Чорраҳа тартибга солинмаганлиги тўғрисида"",""Барча жавоблар тўғри""}",2,https://postimg.cc/Dmfk0bYv,Bilet 41-50,300,,,,
Chorrahadan tashqaridagi tartibga solinmagan velosiped yo'lkasi bilan yo'l kesishmasida kim yo'l berishi kerak?,Чорраҳадан ташқаридаги тартибга солинмаган велосипед йўлкаси билан йўл кесишмасида ким йўл бериши керак?,"{""Transport vositalari haydovchilari"",""""}","{""Транспорт воситалари ҳайдовчилари"",""""}",1,https://postimg.cc/Dmfk0bYv,Bilet 41-50,300,,,,
"Velosiped yo'lkasidan harakatlanayotgan velosiped va moped haydovchilari 43- BILET O'zbekcha O'zbekcha ""Imtiyoz"" atamasiga tegishli tarifni ko'rsating","Велосипед йўлкасидан ҳаракатланаётган велосипед ва мопед ҳайдовчилари 43- BILET O'zbekcha Ўзбекча ""Имтиёз"" атамасига тегишли таърифни кўрсатинг","{""Yo'l harakati qatnashchilariga nisbatan imtiyozi bo'lgan boshqa yo'l harakati qatnashchisining harakat yo'nalishi yoki tezligini o'zgartirishga majbur yetishimumkin bo'lgan hollarda harakatni davom mumkin bo'lgan hollarda harakatni davom yettirmasligini yoki boshlamasligini, biror-bir manyovr bajarishi mumkin yemasligini bildiruvchi talab"",""Mo'ljallangan yo'nalishda boshqa yo'l harakati qatnashchilariga nisbatan oldin harakatlanish huquqi""}","{""Йўл ҳаракати қатнашчиларига нисбатан имтиёзи бўлган бошқа йўл ҳаракати қатнашчисининг ҳаракат йўналиши ёки тезлигини ўзгартиришга мажбур етишимумкин бўлган ҳолларда ҳаракатни давом мумкин бўлган ҳолларда ҳаракатни давом еттирмаслигини ёки бошламаслигини, бирор-бир манёвр бажариши мумкин емаслигини билдирувчи талаб"",""Мўлжалланган йўналишда бошқа йўл ҳаракати қатнашчиларига нисбатан олдин ҳаракатланиш ҳуқуқи""}",1,https://postimg.cc/Dmfk0bYv,Bilet 41-50,300,,,,
"Quyidagi izoh qaysi atamaga tegishli? Texnik nuqson, tashilayotgan yuk, haydovchi va yo'lovchining holati, yo'ldagi biror to'siq tufayli xavf yuzaga kelganda yoxud ob-havo sharoitiga bog'liq holda transpor vositasi harakatini to'xtatish","Қуйидаги изоҳ қайси атамага тегишли? Техник нуқсон, ташилаётган юк, ҳайдовчи ва йўловчининг ҳолати, йўлдаги бирор тўсиқ туфайли хавф юзага келганда ёхуд об-ҳаво шароитига боғлиқ ҳолда транспор воситаси ҳаракатини тўхтатиш","{""Yo'l transport hodisasi"",""Yo'l harakati xavfsizligini taminlash"",""Majburiy to'xtash""}","{""Йўл транспорт ҳодисаси"",""Йўл ҳаракати хавфсизлигини таъминлаш"",""Мажбурий тўхташ""}",2,https://postimg.cc/Dmfk0bYv,Bilet 41-50,300,,,,
Qaysi belgi svetaforning (tartibga soluvchining) taqiqlovchi ishorasida transport vositalari to'xtaydigan joyni bildiradi?,Қайси белги светафорнинг (тартибга солувчининг) тақиқловчи ишорасида транспорт воситалари тўхтайдиган жойни билдиради?,"{""A"",""B"",""V"",""G""}","{""А"",""Б"",""В"",""Г""}",2,https://ptest.uz/images/3c6ede71-3580-4951-98d7-dc72d1f9ec53.webp,Bilet 41-50,300,,,,
Turar joy dahalaridan chiqishda haydovchilar:,Турар жой даҳаларидан чиқишда ҳайдовчилар:,"{""Boshqa harakat qatnashchilariga yo'l berishi kerak"",""Boshqa harakat qatnashchilariga nisbatan imtiyozga yega""}","{""Бошқа ҳаракат қатнашчиларига йўл бериши керак"",""Бошқа ҳаракат қатнашчиларига нисбатан имтиёзга ега""}",0,https://postimg.cc/Dmfk0bYv,Bilet 41-50,300,,,,
Qaysi belgi falokatli holatlar uchun kirish yo'lini bildiradi?,Қайси белги фалокатли ҳолатлар учун кириш йўлини билдиради?,"{""A va D"",""V"",""S""}","{""А ва Д"",""В"",""С""}",1,https://ptest.uz/images/5c0106e7-4129-440c-a428-af440c3a6009.webp,Bilet 41-50,300,,,,
Tumanga qarshi chiroqlarni qorong'i vaqtda yo'lning yoritilmagan qismlarida uzoqni yorituvchi chiroqlar bilan birga qo'lllash mumkinmi?,Туманга қарши чироқларни қоронғи вақтда йўлнинг ёритилмаган қисмларида узоқни ёритувчи чироқлар билан бирга қўлллаш мумкинми?,"{""Ha"",""Yo'q""}","{""Ҳа"",""Йўқ""}",0,https://postimg.cc/Dmfk0bYv,Bilet 41-50,300,,,,
Sekinlashish bo'lagi bo'lgan yo'llarda burilmoqchi bo'lgan haydovchi qachon tezlikni kamaytirishi lozim?,Секинлашиш бўлаги бўлган йўлларда бурилмоқчи бўлган ҳайдовчи қачон тезликни камайтириши лозим?,"{""Sekinlashish bo'lagi o'tguncha"",""Sekinlashish bo'lagiga o'tgach""}","{""Секинлашиш бўлаги ўтгунча"",""Секинлашиш бўлагига ўтгач""}",1,https://postimg.cc/Dmfk0bYv,Bilet 41-50,300,,,,
"G'ildiraklarni yo'l bilan ilashishi yo'qolganda (kuchli yomg'ir, sel yoki suv toshgan yo'l qismlari) haydovchi:","Ғилдиракларни йўл билан илашиши йўқолганда (кучли ёмғир, сел ёки сув тошган йўл қисмлари) ҳайдовчи:","{""Tezlikni oshirishi lozim"",""Tormoz tepkisini keskin bosish bilan tezlikni kamaytirishi lozim"",""Dvigatel bilan tormozlash orqali tezlikni kamaytirishi lozim""}","{""Тезликни ошириши лозим"",""Тормоз тепкисини кескин босиш билан тезликни камайтириши лозим"",""Двигател билан тормозлаш орқали тезликни камайтириши лозим""}",2,https://postimg.cc/Dmfk0bYv,Bilet 41-50,300,,,,
Ushbu belgilardan qaysi biri-bir yoki bir necha bo'laklarda harakatlanish yo'nalishi qaraama-qarshi tomonga o'zgarishi mumkin bo'lgan yo'l qismining boshlanishini bildiradi?,Ушбу белгилардан қайси бири-бир ёки бир неча бўлакларда ҳаракатланиш йўналиши қараама-қарши томонга ўзгариши мумкин бўлган йўл қисмининг бошланишини билдиради?,"{""A"",""B"",""V""}","{""А"",""Б"",""В""}",2,https://ptest.uz/images/5af25c33-81bf-49a1-a928-bc77425d1c2b.webp,Bilet 41-50,300,,,,
Ko'rsatilgan qaysi belgi yo'lning o'ta sirpanchiq bo'lgan qismini bildiradi?,Кўрсатилган қайси белги йўлнинг ўта сирпанчиқ бўлган қисмини билдиради?,"{""A"",""A va B"",""V""}","{""А"",""А ва Б"",""В""}",2,https://ptest.uz/images/ac54382a-74ce-42fb-8b2b-23ad55c7d2c2.webp,Bilet 41-50,300,,,,
Chorrahada qaysi avtomobil yo'l berishi kerak?,Чорраҳада қайси автомобил йўл бериши керак?,"{""Ko'k avtomobil"",""Qizil avtomobil""}","{""Кўк автомобил"",""Қизил автомобил""}",1,https://ptest.uz/images/d052d01e-4f9c-48fb-9ee6-1cd0bae5cbab.webp,Bilet 41-50,300,,,,
"Chap qo'lni yonga cho'zish yoki o'ng qo'lni tirsakdan to'g'ri burchak ostida bukib, yuqoriga ko'tarish ishorasi nimani bildiradi?","Чап қўлни ёнга чўзиш ёки ўнг қўлни тирсакдан тўғри бурчак остида букиб, юқорига кўтариш ишораси нимани билдиради?","{""Chapga burilishni yoki qayrilib olishni"",""O'ngga burilish yoki qayrilib olishni"",""To'xtashni""}","{""Чапга бурилишни ёки қайрилиб олишни"",""Ўнгга бурилиш ёки қайрилиб олишни"",""Тўхташни""}",0,https://postimg.cc/Dmfk0bYv,Bilet 41-50,300,,,,
Qattiq ulagichda shatakka olingan avtobusda yoki trolleybusda odam tashishga ruxsat yetiladimi?,Қаттиқ улагичда шатакка олинган автобусда ёки троллейбусда одам ташишга рухсат етиладими?,"{""Taqiqlanadi"",""Ruxsat etiladi""}","{""Таъқиқланади"",""Рухсат этилади""}",0,https://postimg.cc/Dmfk0bYv,Bilet 41-50,300,,,,
Avtomobilni qanday boshqarish usuli yonilg'i sarfini tejaydi?,Автомобилни қандай бошқариш усули ёнилғи сарфини тежайди?,"{""Shiddat bilan tezlanish va ohista sekinlashish bilan"",""Ohista (ravon) tezlanish va shiddat bilan sekinlashish bilan"",""Ohista (ravon) tezlanish va ohista sekinlashish bilan""}","{""Шиддат билан тезланиш ва оҳиста секинлашиш билан"",""Оҳиста (равон) тезланиш ва шиддат билан секинлашиш билан"",""Оҳиста (равон) тезланиш ва оҳиста секинлашиш билан""}",2,https://postimg.cc/Dmfk0bYv,Bilet 41-50,300,,,,
Venoz qon ketish alomatlarini ko'rsating:,Веноз қон кетиш аломатларини кўрсатинг:,"{""Qon tomirlaridan pushti rangli qon kuchli pulsatsiya bilan otilib chiqadi"",""Qon tomirlaridan to'q qizil rangdagi qon sizib oqib chiqadi"",""Mayda qon tomirlaridan ichki azolarga qon sizib oqib qichadi""}","{""Қон томирларидан пушти рангли қон кучли пулсация билан отилиб чиқади"",""Қон томирларидан тўқ қизил рангдаги қон сизиб оқиб чиқади"",""Майда қон томирларидан ички аъзоларга қон сизиб оқиб қичади""}",1,https://postimg.cc/Dmfk0bYv,Bilet 41-50,300,,,,
Agar biror-bir to'siq sababli qarama-qarshi yo'nalishlarda harakatlanish qiyin bo'lsa kim yo'l berishi kerak?,Агар бирор-бир тўсиқ сабабли қарама-қарши йўналишларда ҳаракатланиш қийин бўлса ким йўл бериши керак?,"{""To'siq bo'lmagan tomondagi haydovchi"",""To'siq o'z tomonida bo'lgan haydovchi""}","{""Тўсиқ бўлмаган томондаги ҳайдовчи"",""Тўсиқ ўз томонида бўлган ҳайдовчи""}",1,https://postimg.cc/Dmfk0bYv,Bilet 41-50,300,,,,
Arterial qon kelish alomatlarini ko'rsating,Артериал қон келиш аломатларини кўрсатинг,"{""Qon tomirlaridan pushti rangli kuchli pulsatsiya bilan otilib chiqadi"",""Qon tomirlaridan to'q qizil rangdagi qon sizib oqib chiqadi"",""Mayda qon tomirlaridan ichki azolarga qonning oqib chiqishi kuzatiladi""}","{""Қон томирларидан пушти рангли кучли пулсация билан отилиб чиқади"",""Қон томирларидан тўқ қизил рангдаги қон сизиб оқиб чиқади"",""Майда қон томирларидан ички аъзоларга қоннинг оқиб чиқиши кузатилади""}",0,https://postimg.cc/Dmfk0bYv,Bilet 41-50,300,,,,
Yengil avtomobil tirkamasi burilishda qanday traektoriya bo'yicha harakatlanadi?,Енгил автомобил тиркамаси бурилишда қандай траектория бўйича ҳаракатланади?,"{""Burilish markaziga nisbatan avtomobil traektoriyasidan tashqarida"",""Avtomobil burilish traektoriyasi bo'yicha"",""Burilish markaziga nisbatan avtomobil traektoriyasidan ichkarida""}","{""Бурилиш марказига нисбатан автомобил траекториясидан ташқарида"",""Автомобил бурилиш траекторияси бўйича"",""Бурилиш марказига нисбатан автомобил траекториясидан ичкарида""}",2,https://postimg.cc/Dmfk0bYv,Bilet 41-50,300,,,,
Ushbu holatda qaysi transport vositasi yo'l berishi kerak?,Ушбу ҳолатда қайси транспорт воситаси йўл бериши керак?,"{""Yengil avtomobil"",""Yuk avtomobil""}","{""Енгил автомобиль"",""Юк автомобиль""}",1,https://ptest.uz/images/26f6f1da-d15a-4a64-ad08-2f36d9031de6.webp,Bilet 41-50,300,,,,
Qaysi belgi temir yo'l kesishmasini to'suvchi moslama bilan jihozlanganligi haqida ogohlantiradi?,Қайси белги темир йўл кесишмасини тўсувчи мослама билан жиҳозланганлиги ҳақида огоҳлантиради?,"{""A"",""B"",""C"",""D""}","{""A"",""B"",""C"",""D""}",2,https://ptest.uz/images/183e9693-094b-4d05-b5a2-2e0468a643d1.webp,Bilet 41-50,300,,,,
"""Imtiyoz"" atamasiga tegishli tarifni ko'rsating","""Имтиёз"" атамасига тегишли таърифни кўрсатинг","{""Yo'l harakati qatnashchilariga nisbatan imtiyozi bo'lgan boshqa yo'l harakati qatnashchisining harakat yo'nalishi yoki tezligini o'zgartirishga majbur yetishimumkin bo'lgan hollarda harakatni davom mumkin bo'lgan hollarda harakatni davom yettirmasligini yoki boshlamasligini, biror-bir manyovr bajarishi mumkin yemasligini bildiruvchi talab"",""Mo'ljallangan yo'nalishda boshqa yo'l harakati qatnashchilariga nisbatan oldin harakatlanish huquqi""}","{""Йўл ҳаракати қатнашчиларига нисбатан имтиёзи бўлган бошқа йўл ҳаракати қатнашчисининг ҳаракат йўналиши ёки тезлигини ўзгартиришга мажбур етишимумкин бўлган ҳолларда ҳаракатни давом мумкин бўлган ҳолларда ҳаракатни давом еттирмаслигини ёки бошламаслигини, бирор-бир манёвр бажариши мумкин емаслигини билдирувчи талаб"",""Мўлжалланган йўналишда бошқа йўл ҳаракати қатнашчиларига нисбатан олдин ҳаракатланиш ҳуқуқи""}",1,https://postimg.cc/Dmfk0bYv,Bilet 41-50,300,,,,
44- BILET Mexanik transport vositasi – bu ...,44- BILET Механик транспорт воситаси – бу ...,"{""Odamlarni, yuklarni tashishga yoki maxsus ishlarni bajarishga mo'ljallangan qurilma"",""Mexanik transport vositasi tarkibida harakatlanishga mo'ljallangan, dvigatel bilan jihozlanmagan transport vositasi. Bu atama yarim tirkama va uzaytirilgan tirkama va uzaytiriladigan tirkamalarga ham taaduqlidir"",""Dvigatel bilan harakatga keltiriladigan transportvositasi (mopeddan tashqari). Bu atama barcha traktor va o'ziyurar moslamalarga ham taalluqlidir""}","{""Одамларни, юкларни ташишга ёки махсус ишларни бажаришга мўлжалланган қурилма"",""Механик транспорт воситаси таркибида ҳаракатланишга мўлжалланган, двигател билан жиҳозланмаган транспорт воситаси. Бу атама ярим тиркама ва узайтирилган тиркама ва узайтириладиган тиркамаларга ҳам таадуқлидир"",""Двигател билан ҳаракатга келтириладиган транспортвоситаси (мопеддан ташқари). Бу атама барча трактор ва ўзиюрар мосламаларга ҳам тааллуқлидир""}",2,https://postimg.cc/Dmfk0bYv,Bilet 41-50,300,,,,
Ushbu belgi nimani bildiradi?,Ушбу белги нимани билдиради?,"{""Oldinda tik balandlik borligini"",""Oldinda ko'tarma ko'prik borligini"",""Suniy yo'l noteksligini""}","{""Олдинда тик баландлик борлигини"",""Олдинда кўтарма кўприк борлигини"",""Сунъий йўл нотекслигини""}",2,https://ptest.uz/images/8dbc7493-3cef-438c-8173-a4410744b56a.webp,Bilet 41-50,300,,,,
Qaysi yo'l belgilari yo'lning tor qismida haydovchiga ustunlik beradi?,Қайси йўл белгилари йўлнинг тор қисмида ҳайдовчига устунлик беради?,"{""Faqat B"",""A va B"",""Faqat D"",""Faqat C""}","{""Фақат Б"",""А ва Б"",""Фақат Д"",""Фақат C""}",2,https://ptest.uz/images/b761d042-1a3f-4b57-944d-0729027648e7.webp,Bilet 41-50,300,,,,
Yo'lning xavfli burilishlarida oldingi uzatmali avtomobilning orqa o'qi yon tomonga sirpanganda siz qanday harakat qilasiz?,Йўлнинг хавфли бурилишларида олдинги узатмали автомобилнинг орқа ўқи ён томонга сирпанганда сиз қандай ҳаракат қиласиз?,"{""Gaz berishni kamaytirib rul chambaragi bilan boshqaruvni barqarorlashtirasiz"",""Tormozlab turib rul chambaragini sirpangan tomonga burasiz"",""Gaz pedalini ohista bosib, avtomobilni rul chambaragini to'g'rilab, avtomobilni sirpanishdan olib chiqib ketasiz"",""Gaz pedalini ko'proq bosib rul chambaragini o'zgartirmasdan sirpanishdan olib chiqasiz""}","{""Газ беришни камайтириб рул чамбараги билан бошқарувни барқарорлаштирасиз"",""Тормозлаб туриб рул чамбарагини сирпанган томонга бурасиз"",""Газ педалини оҳиста босиб, автомобилни рул чамбарагини тўғрилаб, автомобилни сирпанишдан олиб чиқиб кетасиз"",""Газ педалини кўпроқ босиб рул чамбарагини ўзгартирмасдан сирпанишдан олиб чиқасиз""}",2,https://postimg.cc/Dmfk0bYv,Bilet 41-50,300,,,,
Yengil avtomobilga qaysi yo'nalishlarda harakatlanishga ruxsat yetiladi?,Енгил автомобилга қайси йўналишларда ҳаракатланишга рухсат етилади?,"{""Faqat to'g'riga"",""Faqat o'ngga va chapga"",""Istalgan yo'nalishda""}","{""Фақат тўғрига"",""Фақат ўнгга ва чапга"",""Исталган йўналишда""}",2,https://ptest.uz/images/958b8ca6-c187-4658-8246-b23cedd8e08f.webp,Bilet 41-50,300,,,,
Ushbu holatda ko'k avtomobil haydovchisi kimga yo'l berishi lozim?,Ушбу ҳолатда кўк автомобил ҳайдовчиси кимга йўл бериши лозим?,"{""Faqat avtobusga"",""Hech kimga"",""Faqat yengil avtomobilga""}","{""Фақат автобусга"",""Ҳеч кимга"",""Фақат енгил автомобилга""}",1,https://ptest.uz/images/65c94d04-fb71-4872-bf1a-fe477d9240c5.webp,Bilet 41-50,300,,,,
Aholi punktlaridan tashqarida tirkamali yuk avtomobillari qanday yuqori tezlik bilan harakatlanishi mumkin?,Аҳоли пунктларидан ташқарида тиркамали юк автомобиллари қандай юқори тезлик билан ҳаракатланиши мумкин?,"{""80 km/s"",""70 km/s"",""90 km/s"",""60 km/s""}","{""80 км/с"",""70 км/с"",""90 км/с"",""60 км/с""}",1,https://postimg.cc/Dmfk0bYv,Bilet 41-50,300,,,,
Yondosh hudud bu - ...,Ёндош ҳудуд бу - ...,"{""Bevosita yo'lga tutashgan va transport vositalari o'tib ketishi uchun mo'ljallanmagan hudud (hovlilar, turar joy dahalari avtomobil to'xtab turish joylari, yonilg'i quyish shaxobchalari, korxona va shunga o'xshashlar)."",""Yo'llarning o'zaro bir sathda kesishadigan, tutashadigan va ayriladigan joyi"",""Yo'lning relssiz transport vositalari harakati uchun mo'ljallangan qismi""}","{""Бевосита йўлга туташган ва транспорт воситалари ўтиб кетиши учун мўлжалланмаган ҳудуд (ҳовлилар, турар жой даҳалари автомобил тўхтаб туриш жойлари, ёнилғи қуйиш шахобчалари, корхона ва шунга ўхшашлар)."",""Йўлларнинг ўзаро бир сатҳда кесишадиган, туташадиган ва айриладиган жойи"",""Йўлнинг релссиз транспорт воситалари ҳаракати учун мўлжалланган қисми""}",0,https://postimg.cc/Dmfk0bYv,Bilet 41-50,300,,,,
Tezlik ortishi bilan haydovchining ko'rish maydoni qanday o'zgaradi?,Тезлик ортиши билан ҳайдовчининг кўриш майдони қандай ўзгаради?,"{""Kengayadi"",""O'zgarmaydi"",""Torayadi""}","{""Кенгаяди"",""Ўзгармайди"",""Тораяди""}",2,https://postimg.cc/Dmfk0bYv,Bilet 41-50,300,,,,
Ushbu yo'l belgisi nimani bildiradi?,Ушбу йўл белгиси нимани билдиради?,"{""Xafli yuk tashiyotgan transport vositalari harakatini taqiqlaydi"",""Og'ir yuk tashiyotgan transport vositalari harakatini taqiqlaydi"",""Portlovchi va tez alangalanadigan yuk tashiyotgan trasport vositalari harakatini taqiqlaydi""}","{""Хафли юк ташиётган транспорт воситалари ҳаракатини таъқиқлайди"",""Оғир юк ташиётган транспорт воситалари ҳаракатини таъқиқлайди"",""Портловчи ва тез алангаланадиган юк ташиётган траспорт воситалари ҳаракатини таъқиқлайди""}",0,https://ptest.uz/images/0362ddac-d73b-4ebf-bdeb-130490b8b181.webp,Bilet 41-50,300,,,,
Tormoz yo'li deb nimaga aytiladi?,Тормоз йўли деб нимага айтилади?,"{""Haydovchi biron bir xavfni aniqlab, avtomobilni to'liq to'xtaguncha bosib o'tgan masofasi"",""Haydovchi tormoz tepkisini bosgandan to avtomobil to'liq to'xtaguncha bosib o'tilgan masofa""}","{""Ҳайдовчи бирон бир хавфни аниқлаб, автомобилни тўлиқ тўхтагунча босиб ўтган масофаси"",""Ҳайдовчи тормоз тепкисини босгандан то автомобил тўлиқ тўхтагунча босиб ўтилган масофа""}",1,https://postimg.cc/Dmfk0bYv,Bilet 41-50,300,,,,
"Bosh miya jarohatlanganda, miya chayqalganda yoki bo'yin qismi jarohatlanganda birinchi yordam ko'rsatish:","Бош мия жароҳатланганда, мия чайқалганда ёки бўйин қисми жароҳатланганда биринчи ёрдам кўрсатиш:","{""Jarohatlangan odamni qattiq va tekis zambilga solib, bo'yin qismi tagiga qattiq yostiqcha qo'yib, qo'zg'atmasdan, mahkam bog'lab shifoxonaga yuboriladi"",""Jaroxatlangan odamni yonboshlatib yotqizib, bo'yin qismi tagiga qattiq yostiqcha qo'yib, qo'zg'atmasdan, mahkam bog'lab shifoxonaga yuboriladi"",""Jaroxatlangan odamni tinchlantirish, jarohatlangan joy sohasini sovuq suv muz qo'yish yo'llari bilan sovutish og'riqni susaytirish va qon ketishini kamaytirish""}","{""Жароҳатланган одамни қаттиқ ва текис замбилга солиб, бўйин қисми тагига қаттиқ ёстиқча қўйиб, қўзғатмасдан, маҳкам боғлаб шифохонага юборилади"",""Жарохатланган одамни ёнбошлатиб ётқизиб, бўйин қисми тагига қаттиқ ёстиқча қўйиб, қўзғатмасдан, маҳкам боғлаб шифохонага юборилади"",""Жарохатланган одамни тинчлантириш, жароҳатланган жой соҳасини совуқ сув муз қўйиш йўллари билан совутиш оғриқни сусайтириш ва қон кетишини камайтириш""}",0,https://postimg.cc/Dmfk0bYv,Bilet 41-50,300,,,,
Ushbu tik chiziq nimani bildiradi?,Ушбу тик чизиқ нимани билдиради?,"{""Temir yo'l kesishmasiga yaqinlashganlik haqida"",""Xavfli chorrahaga yaqinlashganlik haqida"",""Yo'lning kichik radiusli burilish, tik nishablik va boshqa xavfli joylarida yo'l to'siqlarining yon yuzalarini bildiradi""}","{""Темир йўл кесишмасига яқинлашганлик ҳақида"",""Хавфли чорраҳага яқинлашганлик ҳақида"",""Йўлнинг кичик радиусли бурилиш, тик нишаблик ва бошқа хавфли жойларида йўл тўсиқларининг ён юзаларини билдиради""}",2,https://ptest.uz/images/fe9c6466-f25b-4b5b-a541-2cbbdec51f4e.webp,Bilet 41-50,300,,,,
M3 toifadagi avtotransport vositalarining boshqaruv qurilmasidagi qanday yeng katta lyuft yig'indisiga yo'l qo'yiladi?,М3 тоифадаги автотранспорт воситаларининг бошқарув қурилмасидаги қандай енг катта люфт йиғиндисига йўл қўйилади?,"{""10 gradus"",""20 gradus"",""25 gradus""}","{""10 градус"",""20 градус"",""25 градус""}",1,https://postimg.cc/Dmfk0bYv,Bilet 41-50,300,,,,
Ushbu yo'l belgisi qanday maqsadda qo'llaniladi?,Ушбу йўл белгиси қандай мақсадда қўлланилади?,"{""Majburiy tarzda tezlikni kamaytirish uchun"",""To'xtamasdan o'tishni taqiqlaydi"",""Ehtiyot choralarni ko'rish uchun""}","{""Мажбурий тарзда тезликни камайтириш учун"",""Тўхтамасдан ўтишни таъқиқлайди"",""Эҳтиёт чораларни кўриш учун""}",1,https://ptest.uz/images/e2fd572e-fd46-4972-ae91-c42c5cb74833.webp,Bilet 41-50,300,,,,
Yo'l harakati qoidalariga ko'ra yo'l belgilari nechta guruhga bo'linadi,Йўл ҳаракати қоидаларига кўра йўл белгилари нечта гуруҳга бўлинади,"{""5"",""6"",""7""}","{""5"",""6"",""7""}",2,https://postimg.cc/Dmfk0bYv,Bilet 41-50,300,,,,
Ushbu chorrahada haydovchiga orqaga harakatlanib ko'rsatilgan manyovrni bajarishga ruxsat yetiladimi?,Ушбу чорраҳада ҳайдовчига орқага ҳаракатланиб кўрсатилган манёврни бажаришга рухсат етиладими?,"{""Ruxsat etiladi"",""Taqiqlanadi""}","{""Рухсат этилади"",""Таъқиқланади""}",1,https://ptest.uz/images/2570d80c-3f0a-41b7-84cc-c2733bcdbe6a.webp,Bilet 41-50,300,,,,
"Ushbu belgilardan qaysi biri ""Notekis yo'l"" deb ataladi?","Ушбу белгилардан қайси бири ""Нотекис йўл"" деб аталади?","{""A"",""B"",""C""}","{""A"",""B"",""C""}",2,https://ptest.uz/images/f9c46f14-90df-4673-a8ba-0787fd36d9b4.webp,Bilet 41-50,300,,,,
Haydovchining o'rtacha reaksiya vaqti deb qabul qilingan,Ҳайдовчининг ўртача реаксия вақти деб қабул қилинган,"{""Tahminan 0,2 soniya"",""Tahminan 1 soniya"",""Tahminan 5 soniya""}","{""Таҳминан 0,2 сония"",""Таҳминан 1 сония"",""Таҳминан 5 сония""}",1,https://postimg.cc/Dmfk0bYv,Bilet 41-50,300,,,,
"Qorin bo'shlig'i jarohatlangan odamga ovqat, suv, dori-darmon berishi mumkinmi?","Қорин бўшлиғи жароҳатланган одамга овқат, сув, дори-дармон бериши мумкинми?","{""Ha"",""Yo'q""}","{""Ҳа"",""Йўқ""}",1,https://postimg.cc/Dmfk0bYv,Bilet 41-50,300,,,,
Mexanik transport vositasi – bu ...,Механик транспорт воситаси – бу ...,"{""Odamlarni, yuklarni tashishga yoki maxsus ishlarni bajarishga mo'ljallangan qurilma"",""Mexanik transport vositasi tarkibida harakatlanishga mo'ljallangan, dvigatel bilan jihozlanmagan transport vositasi. Bu atama yarim tirkama va uzaytirilgan tirkama va uzaytiriladigan tirkamalarga ham taaduqlidir"",""Dvigatel bilan harakatga keltiriladigan transportvositasi (mopeddan tashqari). Bu atama barcha traktor va o'ziyurar moslamalarga ham taalluqlidir""}","{""Одамларни, юкларни ташишга ёки махсус ишларни бажаришга мўлжалланган қурилма"",""Механик транспорт воситаси таркибида ҳаракатланишга мўлжалланган, двигател билан жиҳозланмаган транспорт воситаси. Бу атама ярим тиркама ва узайтирилган тиркама ва узайтириладиган тиркамаларга ҳам таадуқлидир"",""Двигател билан ҳаракатга келтириладиган транспортвоситаси (мопеддан ташқари). Бу атама барча трактор ва ўзиюрар мосламаларга ҳам тааллуқлидир""}",2,https://postimg.cc/Dmfk0bYv,Bilet 41-50,300,,,,
45- BILET Ushbu belgilardan qaysi biri oldinda yo'l qoplamasi ustida suniy notekslik borligi haqida ogohlantiradi?,45- BILET Ушбу белгилардан қайси бири олдинда йўл қопламаси устида сунъий нотекслик борлиги ҳақида огоҳлантиради?,"{""A"",""V"",""S"",""A va S""}","{""А"",""В"",""С"",""А ва С""}",1,https://ptest.uz/images/fedef903-866f-44ad-a6df-7df40845ce77.webp,Bilet 41-50,300,,,,
Aylanma harakatlanish chorrahasida...,Айланма ҳаракатланиш чорраҳасида...,"{""Harakatlanayotgan transport vositalari aylanaga kirib kelayotgan transport vositalariga nisbatan ustunlikka (imtiyozga) ega"",""Harakatlanayotgan transport vositalariga nisbatan aylanaga kirib kelayotgan transport vositalari ustunlikka (imtiyozga) ega""}","{""Ҳаракатланаётган транспорт воситалари айланага кириб келаётган транспорт воситаларига нисбатан устунликка (имтиёзга) эга"",""Ҳаракатланаётган транспорт воситаларига нисбатан айланага кириб келаётган транспорт воситалари устунликка (имтиёзга) эга""}",0,https://postimg.cc/Dmfk0bYv,Bilet 41-50,300,,,,
Ushbu ko'rsatilgan holatda kim yo'l berishi kerak?,Ушбу кўрсатилган ҳолатда ким йўл бериши керак?,"{""Avtomobil haydovchisi"",""Mototsikl haydovchisi""}","{""Автомобил ҳайдовчиси"",""Мотоцикл ҳайдовчиси""}",1,https://ptest.uz/images/951c097a-7232-4a90-bf36-6d4fb7f3ae8d.webp,Bilet 41-50,300,,,,
Yo'l harakati havfsizligini taminlash,Йўл ҳаракати ҳавфсизлигини таъминлаш,"{""Yo'l transport hodisalarining kelib chiqish sabablarini oldini olishga, ularning og'ir oqibatlarini kamaytirishga qaratilgan faoliyat"",""Yo'llarda harakatni boshqarish bo'yicha huquqiy, tashkiliy-texnikaviy tadbirlar va boshqaruv harakatlari majmui"",""Yo'l harakati qatnashchilarining yo'l-transport hodisalari va ularning oqibatlaridan himoyalanganlik darajasini aks ettiruvchi yo'l harakati holati""}","{""Йўл транспорт ҳодисаларининг келиб чиқиш сабабларини олдини олишга, уларнинг оғир оқибатларини камайтиришга қаратилган фаолият"",""Йўлларда ҳаракатни бошқариш бўйича ҳуқуқий, ташкилий-техникавий тадбирлар ва бошқарув ҳаракатлари мажмуи"",""Йўл ҳаракати қатнашчиларининг йўл-транспорт ҳодисалари ва уларнинг оқибатларидан ҳимояланганлик даражасини акс эттирувчи йўл ҳаракати ҳолати""}",0,https://postimg.cc/Dmfk0bYv,Bilet 41-50,300,,,,
"Agar avtomobilning o'ng g'ildiraklari nam qoplamali yo'l yoqasiga chiqib qolsa, tavsiya etiladi:","Агар автомобилнинг ўнг ғилдираклари нам қопламали йўл ёқасига чиқиб қолса, тавсия этилади:","{""Avtomobilni tormozlash va to'liq to'xtatish"",""Avtomobilni tormozlab, yo'lning harakat qismiga ohista ravon burilish"",""Avtomobilni tormozlamasdan yo'lning harakat qismiga ohista ravon burish""}","{""Автомобилни тормозлаш ва тўлиқ тўхтатиш"",""Автомобилни тормозлаб, йўлнинг ҳаракат қисмига оҳиста равон бурилиш"",""Автомобилни тормозламасдан йўлнинг ҳаракат қисмига оҳиста равон буриш""}",2,https://postimg.cc/Dmfk0bYv,Bilet 41-50,300,,,,
Turar joy dahalarida eng katta tezlikda harakatlanishga ruxsat etiladi:,Турар жой даҳаларида энг катта тезликда ҳаракатланишга рухсат этилади:,"{""5km/s"",""20 km/s"",""30 km/s"",""40 km/s""}","{""5км/с"",""20 км/с"",""30 км/с"",""40 км/с""}",1,https://postimg.cc/Dmfk0bYv,Bilet 41-50,300,,,,
Shokning belgilari qanday ?,Шокнинг белгилари қандай ?,"{""Teri va shilliq qavatlarning oqarishi"",""Kuchli ter ajralishi"",""Og'iz qurishi, chanqoqolik, nafas olishning tezlashuvi"",""Es-hushning noaniqligi, behush holat"",""Yuqoridagi barcha holatlar""}","{""Тери ва шиллиқ қаватларнинг оқариши"",""Кучли тер ажралиши"",""Оғиз қуриши, чанқоқолик, нафас олишнинг тезлашуви"",""Эс-ҳушнинг ноаниқлиги, беҳуш ҳолат"",""Юқоридаги барча ҳолатлар""}",4,https://postimg.cc/Dmfk0bYv,Bilet 41-50,300,,,,
M2 toifali avtotransport vositalarining boshqaruv qurilmasidagi qanday eng katta lyuft yig'indisiga yo'l qo'yiladi,М2 тоифали автотранспорт воситаларининг бошқарув қурилмасидаги қандай энг катта люфт йиғиндисига йўл қўйилади,"{""10 gradus"",""20 gradus"",""3,25 gradus""}","{""10 градус"",""20 градус"",""3,25 градус""}",1,https://postimg.cc/Dmfk0bYv,Bilet 41-50,300,,,,
Tik nishabliklarda dvigatel bilan tormozlashda qiyalikka nisbatan qanday uzatma tanlanadi?,Тик нишабликларда двигател билан тормозлашда қияликка нисбатан қандай узатма танланади?,"{""Nishablik qancha qiyin bo'lsa uzatma pag'onasi shuncha yuqori bo'ladi"",""Nishablik qancha qiyin bo'lsa uzatma pag'onasi shuncha past tanlanadi"",""Pog'onalarni tanlashning nishablikka aloqasi yo'q""}","{""Нишаблик қанча қийин бўлса узатма пағонаси шунча юқори бўлади"",""Нишаблик қанча қийин бўлса узатма пағонаси шунча паст танланади"",""Поғоналарни танлашнинг нишабликка алоқаси йўқ""}",1,https://postimg.cc/Dmfk0bYv,Bilet 41-50,300,,,,
Ushbu qo'shimcha ahborot yo'l belgisi bildiradi:,Ушбу қўшимча аҳборот йўл белгиси билдиради:,"{""Barcha turdagi transport vositalarining to'xtab turish uchun yo'lning qatnov qismida, trotuar yoniga qo'yish usulini"",""Yengil avtomobillarning to'xtab turish joyini"",""Mexanik transport vositalarining to'xtab turish joyini""}","{""Барча турдаги транспорт воситаларининг тўхтаб туриш учун йўлнинг қатнов қисмида, тротуар ёнига қўйиш усулини"",""Енгил автомобилларнинг тўхтаб туриш жойини"",""Механик транспорт воситаларининг тўхтаб туриш жойини""}",0,https://ptest.uz/images/72a7d403-f02f-497b-bc67-ed1d442dd172.webp,Bilet 41-50,300,,,,
Ajratuvchi mintaqa - ...,Ажратувчи минтақа - ...,"{""Yo'lning relssiz transport vositalari harakati uchun mo'ljallangan qismi"",""Avtomobillarning bir qator bo'lib harakatlanishi uchun yetarlicha keng bo'lgan, yo'l chiziqlari bilan belgilangan yoki belgilanmagan yo'l qatnov qismining har qanday bo'ylama bo'lagi"",""Yo'lning yonma-yon joylashgan qatnov qismlarini ajratuvchi, transport vositalari harakatlanishi yoki to'xtashi uchun mo'ljallanmagan, yo'l sathidan ko'tarilgan yoki maysazor, ariq, maxsus to'siqlar bilan ajratilgan baland qismi""}","{""Йўлнинг релссиз транспорт воситалари ҳаракати учун мўлжалланган қисми"",""Автомобилларнинг бир қатор бўлиб ҳаракатланиши учун етарлича кенг бўлган, йўл чизиқлари билан белгиланган ёки белгиланмаган йўл қатнов қисмининг ҳар қандай бўйлама бўлаги"",""Йўлнинг ёнма-ён жойлашган қатнов қисмларини ажратувчи, транспорт воситалари ҳаракатланиши ёки тўхташи учун мўлжалланмаган, йўл сатҳидан кўтарилган ёки майсазор, ариқ, махсус тўсиқлар билан ажратилган баланд қисми""}",2,https://postimg.cc/Dmfk0bYv,Bilet 41-50,300,,,,
Muskul va paylarning ezilishi hamda cho'zilishi alomatlari qanday?,Мускул ва пайларнинг эзилиши ҳамда чўзилиши аломатлари қандай?,"{""Jarohatlangan joyda og'riq seziladi"",""Jarohatlangan joyda shishi paydo bo'ladi, og'riq seziladi, bazan shu joyda mayda kapillyar qon tomirlari yorilab, qon quyilishlari natijasida ko'karish paydo bo'ladi""}","{""Жароҳатланган жойда оғриқ сезилади"",""Жароҳатланган жойда шиши пайдо бўлади, оғриқ сезилади, баъзан шу жойда майда капилляр қон томирлари ёрилаб, қон қуйилишлари натижасида кўкариш пайдо бўлади""}",1,https://postimg.cc/Dmfk0bYv,Bilet 41-50,300,,,,
"""Aholi punkti"" atamasi nimani bildiradi?","""Аҳоли пункти"" атамаси нимани билдиради?","{""Kirish va chiqish yo'llari 5.22-5.25 belgilari bilan belgilangan hududni"",""Aholi yashaydigan hududni"",""Shahar, qishloq joylari hududini""}","{""Кириш ва чиқиш йўллари 5.22-5.25 белгилари билан белгиланган ҳудудни"",""Аҳоли яшайдиган ҳудудни"",""Шаҳар, қишлоқ жойлари ҳудудини""}",0,https://postimg.cc/Dmfk0bYv,Bilet 41-50,300,,,,
Chapga burilayotgan haydovchi kesishayotgan yo'lning qatnov qismidan o'tayotgan piyodalarga yo'l berishi kerakmi?,Чапга бурилаётган ҳайдовчи кесишаётган йўлнинг қатнов қисмидан ўтаётган пиёдаларга йўл бериши керакми?,"{""Ha, barcha hollarda o'tkazilishi kerak"",""Ha, agarda piyodalar o'tish joyi bo'lsa""}","{""Ҳа, барча ҳолларда ўтказилиши керак"",""Ҳа, агарда пиёдалар ўтиш жойи бўлса""}",0,https://postimg.cc/Dmfk0bYv,Bilet 41-50,300,,,,
"Tumanga qarshi old chiroqlarni qorong'i vaqtda, yo'lning yoritilmagan qismlarida uzoqni yoki yaqinni yorituvchi chiroqlar bilan birga qo'llash mumkinmi?","Туманга қарши олд чироқларни қоронғи вақтда, йўлнинг ёритилмаган қисмларида узоқни ёки яқинни ёритувчи чироқлар билан бирга қўллаш мумкинми?","{""Mumkin"",""Mumkin emas""}","{""Мумкин"",""Мумкин эмас""}",0,https://postimg.cc/Dmfk0bYv,Bilet 41-50,300,,,,
Qaysi rasmda ajratuvchi mintaqa bor yo'l ko'rsatilgan?,Қайси расмда ажратувчи минтақа бор йўл кўрсатилган?,"{""O'ngdagi rasmda"",""Chapdagi rasmda"",""Har ikkala rasmda""}","{""Ўнгдаги расмда"",""Чапдаги расмда"",""Ҳар иккала расмда""}",0,https://ptest.uz/images/5dbdd680-2ab0-4cfc-961e-b56e282ecb89.webp,Bilet 41-50,300,,,,
Qaysi belgi haydovchiga kesib o'tilayotgan yo'lda harakatlanayotgan transport vositalariga yo'l berish lozimligini bildiradi?,Қайси белги ҳайдовчига кесиб ўтилаётган йўлда ҳаракатланаётган транспорт воситаларига йўл бериш лозимлигини билдиради?,"{""A"",""B"",""V"",""G"",""B va G""}","{""А"",""Б"",""В"",""Г"",""Б ва Г""}",4,https://ptest.uz/images/f8c7c492-b224-4745-a640-e9f3c3b0ef5b.webp,Bilet 41-50,300,,,,
Ushbu chorrahada avtobus haydovchisi kimga yo'l berishi kerak?,Ушбу чорраҳада автобус ҳайдовчиси кимга йўл бериши керак?,"{""Hech kimga"",""Qizil avtomobilga"",""Ko'k avtomobilga""}","{""Ҳеч кимга"",""Қизил автомобилга"",""Кўк автомобилга""}",2,https://ptest.uz/images/dd6f9e78-ed26-4550-a146-71fb62ab8c3d.webp,Bilet 41-50,300,,,,
Kunning qorong'u vaqtida harakatlanayotgan transport vositasining haydovchi tezlikni tanlashda qanday eng asosiy hal qiluvchi omilni etiborga olishi kerak?,Куннинг қоронғу вақтида ҳаракатланаётган транспорт воситасининг ҳайдовчи тезликни танлашда қандай энг асосий ҳал қилувчи омилни эътиборга олиши керак?,"{""Yo'l harakati qoidalari o'rnatgan tezlik chegaralarini"",""Transport vositasining texnik tavsifnomasida ko'rsatilgan tezlik chegarasini"",""Ko'rish sharoitini""}","{""Йўл ҳаракати қоидалари ўрнатган тезлик чегараларини"",""Транспорт воситасининг техник тавсифномасида кўрсатилган тезлик чегарасини"",""Кўриш шароитини""}",2,https://postimg.cc/Dmfk0bYv,Bilet 41-50,300,,,,
"Agar avtomobilning o'ng g'ildiraklari nam qoplamali yo'l yoqasiga chiqib qolsa, tavsiya etiladi?","Агар автомобилнинг ўнг ғилдираклари нам қопламали йўл ёқасига чиқиб қолса, тавсия этилади?","{""A"",""V"",""S""}","{""А"",""В"",""С""}",1,https://postimg.cc/Dmfk0bYv,Bilet 41-50,300,,,,
46-BILET Ushbu yo'l belgisi qaysi transport vositalarining harakatlanishini taqiqlaydi?,46-BILET Ушбу йўл белгиси қайси транспорт воситаларининг ҳаракатланишини тақиқлайди?,"{""Ruxsat etilgan to'la vazni 3.5tonnadan ortiq bo'lgan yuk avtomobillarini"",""Xavfli yuk tashiyotgan transport vositalarining harakatlanishini"",""Barcha javoblar to'g'ri""}","{""Рухсат этилган тўла вазни 3.5тоннадан ортиқ бўлган юк автомобилларини"",""Хавфли юк ташиётган транспорт воситаларининг ҳаракатланишини"",""Барча жавоблар тўғри""}",1,https://ptest.uz/images/bd538633-f1ac-4b72-a180-6b379dc96bda.webp,Bilet 41-50,300,,,,
Ushbu svetafor qaysi yo'nalishida harakatlanishga ruxsat beradi?,Ушбу светафор қайси йўналишида ҳаракатланишга рухсат беради?,"{""Faqat Chapga"",""To'g'riga va o'nga"",""Faqat o'ngga"",""To'g'riga va chapga""}","{""Фақат Чапга"",""Тўғрига ва ўнга"",""Фақат ўнгга"",""Тўғрига ва чапга""}",1,https://ptest.uz/images/36dd573e-2fc1-43f4-bf09-f3a96fcaac74.webp,Bilet 41-50,300,,,,
“Imtiyoz” atamasiga tegishli tarifni ko'rsating,“Имтиёз” атамасига тегишли тарифни кўрсатинг,"{""Yo'l harakati qatnashchilariga nisbatan imtiyozi bo'lgan boshqa yo'l harakati qatnashchisining harakat yo'nalishi yoki tezligini o'zgartirishga majbur etishi mumkin bo'lgan hollarda harakatni davom ettirmasligini yoki boshlamasligini, biror-bir manyovr bajarishi mumkin emasligini bildiruvchi talab"",""Mo'ljallangan yo'nalishda boshqa yo'l harakati qatnashchilariga nisbatan oldin harakatlanish huquqi""}","{""Йўл ҳаракати қатнашчиларига нисбатан имтиёзи бўлган бошқа йўл ҳаракати қатнашчисининг ҳаракат йўналиши ёки тезлигини ўзгартиришга мажбур этиши мумкин бўлган ҳолларда ҳаракатни давом эттирмаслигини ёки бошламаслигини, бирор-бир манёвр бажариши мумкин эмаслигини билдирувчи талаб"",""Мўлжалланган йўналишда бошқа йўл ҳаракати қатнашчиларига нисбатан олдин ҳаракатланиш ҳуқуқи""}",1,https://postimg.cc/Dmfk0bYv,Bilet 41-50,300,,,,
Qaysi transport vositalariga harakatlanishga ruxsat berilgan?,Қайси транспорт воситаларига ҳаракатланишга рухсат берилган?,"{""Mototsiklga o'nga va yengil avtomobilga barcha yo'nalishlarga"",""Yengil avtomobilga o'nga va to'g'riga"",""Mototsiklga o'nga, yengil avtomobilga to'g'riga va o'nga""}","{""Мотоциклга ўнга ва енгил автомобилга барча йўналишларга"",""Енгил автомобилга ўнга ва тўғрига"",""Мотоциклга ўнга, енгил автомобилга тўғрига ва ўнга""}",2,https://ptest.uz/images/ad9af990-4b6d-46a6-854f-000b62cf7799.webp,Bilet 41-50,300,,,,
Qaysi belgi yo'lning ko'rsatilgan yo'nalishida oxiri berk ko'chaligini bildiradi?,Қайси белги йўлнинг кўрсатилган йўналишида охири берк кўчалигини билдиради?,"{""1"",""2"",""3"",""4"",""5""}","{""1"",""2"",""3"",""4"",""5""}",3,https://ptest.uz/images/6066499e-d82d-4f60-9a20-8be483ac58fe.webp,Bilet 41-50,300,,,,
"Bu vaziyatda siz o'ngga burilayotib, Siz:","Бу вазиятда сиз ўнгга бурилаётиб, Сиз:","{""Faqat transport vositalarga yo'l berasiz"",""Barcha qatnov qismidagi piyodalarga yo'l berasiz"",""Harakat yo'nalishi bo'yicha va burilayotgan ko'chani kesib o'tayotgan piyodalarga hamda borshqa transport vositlariga yo'l berasiz""}","{""Фақат транспорт воситаларга йўл берасиз"",""Барча қатнов қисмидаги пиёдаларга йўл берасиз"",""Ҳаракат йўналиши бўйича ва бурилаётган кўчани кесиб ўтаётган пиёдаларга ҳамда боршқа транспорт воситларига йўл берасиз""}",2,https://ptest.uz/images/777250a1-a8a9-478f-98da-0027c4bbc279.webp,Bilet 41-50,300,,,,
Sanab o'tilgan qaysi hollarda egiluvchan ulagichda shatakka olish taqiqlanadi?,Санаб ўтилган қайси ҳолларда эгилувчан улагичда шатакка олиш тақиқланади?,"{""Faqat tog'li yo'llarda"",""Faqat sirpanchiqda"",""Kunning qorong'i vaqtida va yetarlicha ko'rinmaslik sharoitida"",""Barcha sanab o'tilgan hollarda""}","{""Фақат тоғли йўлларда"",""Фақат сирпанчиқда"",""Куннинг қоронғи вақтида ва етарлича кўринмаслик шароитида"",""Барча санаб ўтилган ҳолларда""}",1,https://postimg.cc/Dmfk0bYv,Bilet 41-50,300,,,,
Yuk avtomobili haydovchisiga qaysi yo'nalishda harakatlanishga ruxsat beriladi?,Юк автомобили ҳайдовчисига қайси йўналишда ҳаракатланишга рухсат берилади?,"{""To'g'riga va o'ngga"",""O'ngga chapga va orqaga"",""Faqat o'ngga"",""Barcha yo'nalishlarga""}","{""Тўғрига ва ўнгга"",""Ўнгга чапга ва орқага"",""Фақат ўнгга"",""Барча йўналишларга""}",0,https://ptest.uz/images/39989f0c-0554-429c-be35-e2d381922a85.webp,Bilet 41-50,300,,,,
To'xtash qoidasini qaysi transport haydovchisi buzdi?,Тўхташ қоидасини қайси транспорт ҳайдовчиси бузди?,"{""Har ikkala haydovchi ham"",""Faqat kuk avtomobil haydovchisi"",""Faqat qizil avtomobil haydovchisi""}","{""Ҳар иккала ҳайдовчи ҳам"",""Фақат кук автомобил ҳайдовчиси"",""Фақат қизил автомобил ҳайдовчиси""}",2,https://ptest.uz/images/b5e8077b-558f-40cf-9ae3-e9be312b57dc.webp,Bilet 41-50,300,,,,
Ushbu vaziyatda siz o'ngdagi bo'lakda harakatlanayotib sizning bo'lagingizga qayta tizilmoqchi bo'lgan transport vositasiga yo'l berishingiz kerakmi?,Ушбу вазиятда сиз ўнгдаги бўлакда ҳаракатланаётиб сизнинг бўлагингизга қайта тизилмоқчи бўлган транспорт воситасига йўл беришингиз керакми?,"{""Kerak emas"",""Kerak""}","{""Керак эмас"",""Керак""}",0,https://ptest.uz/images/c02e7c83-d804-4c20-83df-845bb30c4dfc.webp,Bilet 41-50,300,,,,
Miltillovchi sariq ishorali svetofor:,Милтилловчи сариқ ишорали светофор:,"{""Tartibga solinmagan chorraha yoki piyodalar o'tish joyi borligidan xabardor qiladi"",""Tartibga solingan chorraha borligidan xabardor qiladi"",""Svetofor chirog'i almashuvidan xabardor qiladi""}","{""Тартибга солинмаган чорраҳа ёки пиёдалар ўтиш жойи борлигидан хабардор қилади"",""Тартибга солинган чорраҳа борлигидан хабардор қилади"",""Светофор чироғи алмашувидан хабардор қилади""}",0,https://postimg.cc/Dmfk0bYv,Bilet 41-50,300,,,,
Bu joyda yo'lovchilarni chiqarish yoki tushirish maqsadida to'xtash mumkinmi?,Бу жойда йўловчиларни чиқариш ёки тушириш мақсадида тўхташ мумкинми?,"{""Ha"",""Yo'q""}","{""Ҳа"",""Йўқ""}",0,https://postimg.cc/Dmfk0bYv,Bilet 41-50,300,,,,
N1 toifadagi avtotransport vositalarining boshqaruv qurilmasidagi qanday eng katta lyuft yig'indisiga yo'l qo'yiladi?,N1 тоифадаги автотранспорт воситаларининг бошқарув қурилмасидаги қандай энг катта люфт йиғиндисига йўл қўйилади?,"{""10 gradus"",""20 gradus"",""30 gradus""}","{""10 градус"",""20 градус"",""30 градус""}",1,https://ptest.uz/images/0f009b16-89ea-4fe3-a78a-d03b99d3a39f.webp,Bilet 41-50,300,,,,
Qaysi belgi ikkinchi darajali yo'l bilan kesishuvni bildiradi?,Қайси белги иккинчи даражали йўл билан кесишувни билдиради?,"{""1"",""2"",""3"",""4"",""5""}","{""1"",""2"",""3"",""4"",""5""}",0,https://ptest.uz/images/88f6dd38-db5e-4e27-9b6d-0484a9380563.webp,Bilet 41-50,300,,,,
Ushbu vaziyatdas siz,Ушбу вазиятдас сиз,"{""To'xtamasdan harakatni davom ettirishingiz mumkin"",""Belgi oldida to'xtashingiz va svetoforning ruxsat beruvchi ishorasini kutishingiz kerak""}","{""Тўхтамасдан ҳаракатни давом эттиришингиз мумкин"",""Белги олдида тўхташингиз ва светофорнинг рухсат берувчи ишорасини кутишингиз керак""}",1,https://ptest.uz/images/8e560e5d-dcf4-4716-82f4-35794e0f7fad.webp,Bilet 41-50,300,,,,
Ushbu yo'l nechta qatnov qismiga ega?,Ушбу йўл нечта қатнов қисмига эга?,"{""1"",""2"",""4""}","{""1"",""2"",""4""}",0,https://ptest.uz/images/2421f817-052a-4ac3-ad96-9f126066247e.webp,Bilet 41-50,300,,,,
Qaysi rasmda ikkita qatnov qismiga ega bo'lgan yo'l ko'rsatilgan?,Қайси расмда иккита қатнов қисмига эга бўлган йўл кўрсатилган?,"{""”A” rasmda"",""”B” rasmda"",""Hech qaysi rasmda""}","{""”А” расмда"",""”B” расмда"",""Ҳеч қайси расмда""}",2,https://ptest.uz/images/91736ed5-00b2-4ac9-99e5-e0808f1059aa.webp,Bilet 41-50,300,,,,
Qaysi belgi to'siqni o'ng yoki chap tomonidan chetlab o'tishga ruxsat etilishini bildiradi?,Қайси белги тўсиқни ўнг ёки чап томонидан четлаб ўтишга рухсат этилишини билдиради?,"{""1"",""2"",""3"",""4"",""5""}","{""1"",""2"",""3"",""4"",""5""}",4,https://ptest.uz/images/d675ff53-e6db-475d-b222-6cb87b26f450.webp,Bilet 41-50,300,,,,
Qizil avtomobil chorraxani nechinchi bo'lib kesib o'tadi?,Қизил автомобил чоррахани нечинчи бўлиб кесиб ўтади?,"{""Oxirgi bo'lib"",""Ikkinchi bo'lib"",""Birinchi bo'lib""}","{""Охирги бўлиб"",""Иккинчи бўлиб"",""Биринчи бўлиб""}",0,https://ptest.uz/images/51bc0302-335e-4c80-ae6a-6e55f4646543.webp,Bilet 41-50,300,,,,
Qanday hollarda sizga 50 km/s dan yuqori tezlikda harakatlanish taqiqlangan?,Қандай ҳолларда сизга 50 км/с дан юқори тезликда ҳаракатланиш тақиқланган?,"{""Faqat qatnov qismi nam bo'lsa"",""Har qanday holatda ham""}","{""Фақат қатнов қисми нам бўлса"",""Ҳар қандай ҳолатда ҳам""}",0,https://ptest.uz/images/2c7d1f88-0a6d-4e99-b2a2-bad63420466a.webp,Bilet 41-50,300,,,,
Ushbu yo'l belgisi qaysi transport vositalarining harakatlanishini taqiqlaydi?,Ушбу йўл белгиси қайси транспорт воситаларининг ҳаракатланишини тақиқлайди?,"{""Ruxsat etilgan to'la vazni 3.5tonnadan ortiq bo'lgan yuk avtomobillarini"",""Xavfli yuk tashiyotgan transport vositalarining harakatlanishini"",""Barcha javoblar to'g'ri""}","{""Рухсат этилган тўла вазни 3.5тоннадан ортиқ бўлган юк автомобилларини"",""Хавфли юк ташиётган транспорт воситаларининг ҳаракатланишини"",""Барча жавоблар тўғри""}",1,https://ptest.uz/images/bd538633-f1ac-4b72-a180-6b379dc96bda.webp,Bilet 41-50,300,,,,
47-bilet Motosikl haydovchisi qo'lini yuqoriga ko'tarib nima haqida axborot berayapti?,47-bilet Motosikl haydovchisi qo'lini yuqoriga ko'tarib nima haqida axborot berayapti?,"{""Harakatni davom ettirish haqida"",""O'nga burilmoqchi ekanligi haqida"",""To'xtash haqida""}","{""Harakatni davom ettirish haqida"",""O'nga burilmoqchi ekanligi haqida"",""To'xtash haqida""}",2,https://ptest.uz/images/970de05b-9a13-479f-874b-fbc2ad5ee0ae.webp,Bilet 41-50,300,,,,
Ushbu qo'shimcha axborot yo'l belgisi bildiradi:,Ushbu qo'shimcha axborot yo'l belgisi bildiradi:,"{""Belgi tasiri oralig'ida to'xtagan transport vositalari majburiy evakuasiya qilinishini ko'rsatadi"",""Belgi tasir oralig'ida to'xtagan transport vositalarini evakuasiya qilish ruxsat etilganligini bildiradi"",""Belgi tasir oralig'ida to'xtagan transport vositalarini evakuasiya qilish taqiqlanganligini bildiradi""}","{""Belgi tasiri oralig'ida to'xtagan transport vositalari majburiy evakuasiya qilinishini ko'rsatadi"",""Belgi tasir oralig'ida to'xtagan transport vositalarini evakuasiya qilish ruxsat etilganligini bildiradi"",""Belgi tasir oralig'ida to'xtagan transport vositalarini evakuasiya qilish taqiqlanganligini bildiradi""}",0,https://ptest.uz/images/eb99a114-e167-4209-9654-ac7466bc6e73.webp,Bilet 41-50,300,,,,
Turar joy dahalarida qanday eng katta tezlikda harakatlanishga ruxsat etiladi:,Turar joy dahalarida qanday eng katta tezlikda harakatlanishga ruxsat etiladi:,"{""5 km/s"",""40 km/s"",""30 km/s"",""20 km/s""}","{""5 km/s"",""40 km/s"",""30 km/s"",""20 km/s""}",3,https://postimg.cc/Dmfk0bYv,Bilet 41-50,300,,,,
Rasmda ko'rsatilgan chorraxa- ...,Rasmda ko'rsatilgan chorraxa- ...,"{""Tartibga solinmagan, teng ahamiyatga ega bo'lmagan yo'llar kesishgan chorraha"",""Tartibga solinmagan, teng ahamiyatga ega bo'lgan yo'llar kesishgan chorraha"",""Tartibga solingan chorraha""}","{""Tartibga solinmagan, teng ahamiyatga ega bo'lmagan yo'llar kesishgan chorraha"",""Tartibga solinmagan, teng ahamiyatga ega bo'lgan yo'llar kesishgan chorraha"",""Tartibga solingan chorraha""}",2,https://ptest.uz/images/d2a1cf70-3ce4-4eb7-89cb-66eff64f1af7.webp,Bilet 41-50,300,,,,
"Agar avtomobilning o'ng g'ildiraklari nam qoplamali yo'l yoqasiga chiqib qolsa, tavsiya etiladi:","Agar avtomobilning o'ng g'ildiraklari nam qoplamali yo'l yoqasiga chiqib qolsa, tavsiya etiladi:","{""Avtomobilni tormozlash va to'liq to'xtatish"",""Avtomobilni tormozlab, yo'lning harakat qismiga ohista ravon burish"",""Avtomobilni tormozlamasdan yo'lning harakat qismiga oxista ravon burish""}","{""Avtomobilni tormozlash va to'liq to'xtatish"",""Avtomobilni tormozlab, yo'lning harakat qismiga ohista ravon burish"",""Avtomobilni tormozlamasdan yo'lning harakat qismiga oxista ravon burish""}",2,https://postimg.cc/Dmfk0bYv,Bilet 41-50,300,,,,
Yo'nalishli bo'lmagan transport vositalari “A” xarfi bilan belgilangan o'ng bo'lakda qaysi holatlarda harakatlanishlari mumkin?,Yo'nalishli bo'lmagan transport vositalari “A” xarfi bilan belgilangan o'ng bo'lakda qaysi holatlarda harakatlanishlari mumkin?,"{""O'nga burilishda"",""Yo'lovchilarni chiqarish va tushirishda"",""Yuqoridagi barcha xolatlarda agarda yo'nalishli transport vositalariga xalaqit bermasa""}","{""O'nga burilishda"",""Yo'lovchilarni chiqarish va tushirishda"",""Yuqoridagi barcha xolatlarda agarda yo'nalishli transport vositalariga xalaqit bermasa""}",2,https://ptest.uz/images/8f4ec3e5-3dfa-49d4-bd68-9903ffb3e663.webp,Bilet 41-50,300,,,,
Yo'lning xavfli burilishlarida oldingi uzatmali avtomobilning orqa o'qi yon tomonga sirpanganda siz qanday harakat qilasiz?,Yo'lning xavfli burilishlarida oldingi uzatmali avtomobilning orqa o'qi yon tomonga sirpanganda siz qanday harakat qilasiz?,"{""Gaz berishni kamaytirib rul chambaragi bilan boshqaruvni barqarorlashtirasiz"",""Tormozlab turib rul chambaragini sirpangan tomonga burasiz"",""Gaz pedalini ohista bosib avtomobilni rul chambaragini to'g'rilab avtomobilni sirpanishdan olib chiqib ketasiz"",""Gaz pedalini ko'proq bosib rul chambaragini o'zgartirmasdan sirpanishdan olib chiqasiz""}","{""Gaz berishni kamaytirib rul chambaragi bilan boshqaruvni barqarorlashtirasiz"",""Tormozlab turib rul chambaragini sirpangan tomonga burasiz"",""Gaz pedalini ohista bosib avtomobilni rul chambaragini to'g'rilab avtomobilni sirpanishdan olib chiqib ketasiz"",""Gaz pedalini ko'proq bosib rul chambaragini o'zgartirmasdan sirpanishdan olib chiqasiz""}",2,https://postimg.cc/Dmfk0bYv,Bilet 41-50,300,,,,
Avtomobil haydovchisi qayrilib olmoqchi:,Avtomobil haydovchisi qayrilib olmoqchi:,"{""Chorrahadan birinchi bo'lib o'tadi"",""Tramvayga yo'l berib qayrilib oladi""}","{""Chorrahadan birinchi bo'lib o'tadi"",""Tramvayga yo'l berib qayrilib oladi""}",1,https://ptest.uz/images/95097da6-b74a-4083-b641-46afbbea4588.webp,Bilet 41-50,300,,,,
Ko'k avtomobil chorraxani kesib o'tadi:,Ko'k avtomobil chorraxani kesib o'tadi:,"{""Birinchi bo'lib"",""Ikkinchi bo'lib"",""Oxirgi bo'lib""}","{""Birinchi bo'lib"",""Ikkinchi bo'lib"",""Oxirgi bo'lib""}",2,https://ptest.uz/images/de6feeac-4453-4c4d-94d2-8fc6e33afe6e.webp,Bilet 41-50,300,,,,
Aylanma harakatlanish chorrahasida:,Aylanma harakatlanish chorrahasida:,"{""Harakatlanayotgan transport vositalari aylanaga kirib kelayotgan transport vositalariga nisbatan ustunlikka (imtiyozga) ega"",""Harakatlanayotgan transport vositalariga nisbatan aylanaga kirib kelayotgan transport vositalari ustunlikka (imtiyozga) ega""}","{""Harakatlanayotgan transport vositalari aylanaga kirib kelayotgan transport vositalariga nisbatan ustunlikka (imtiyozga) ega"",""Harakatlanayotgan transport vositalariga nisbatan aylanaga kirib kelayotgan transport vositalari ustunlikka (imtiyozga) ega""}",0,https://postimg.cc/Dmfk0bYv,Bilet 41-50,300,,,,
Ushbu qo'shimcha axborotyo'l belgisi:,Ushbu qo'shimcha axborotyo'l belgisi:,"{""Obektgacha bo'lgan masofani bildiradi"",""Belgining tasir oralig'ini bildiradi""}","{""Obektgacha bo'lgan masofani bildiradi"",""Belgining tasir oralig'ini bildiradi""}",0,https://ptest.uz/images/a449b489-4a20-4a2f-9791-84735d1f7cf2.webp,Bilet 41-50,300,,,,
Yo'l to'sig'iga chizilgan tik chiziq nimani bildiradi?,Yo'l to'sig'iga chizilgan tik chiziq nimani bildiradi?,"{""Temir yo'l kesishmasiga yaqinlashganlik haqida"",""Xavfli chorrahaga yaqinlashganlik haqida"",""Yo'lning kichik radiusli burilish, tik nishablik va boshqa xavfli joylarda yo'l to'siqlarining yon yuzalarini bildiradi""}","{""Temir yo'l kesishmasiga yaqinlashganlik haqida"",""Xavfli chorrahaga yaqinlashganlik haqida"",""Yo'lning kichik radiusli burilish, tik nishablik va boshqa xavfli joylarda yo'l to'siqlarining yon yuzalarini bildiradi""}",2,https://ptest.uz/images/55694a86-b342-4b78-a06c-4b94941aee50.webp,Bilet 41-50,300,,,,
Qaysi belgilar axborot-ishora belgilari hisoblanadi?,Qaysi belgilar axborot-ishora belgilari hisoblanadi?,"{""1 va 2"",""3 va 4"",""2 va 3"",""1 va 4""}","{""1 va 2"",""3 va 4"",""2 va 3"",""1 va 4""}",2,https://ptest.uz/images/0b47aec3-c4b4-4858-9ff5-6d10dc4bc997.webp,Bilet 41-50,300,,,,
Avtomobilning antiblokirovka tizimi (ABS) burilishda sirpanishva yonga siljishni oldini oladimi?,Avtomobilning antiblokirovka tizimi (ABS) burilishda sirpanishva yonga siljishni oldini oladimi?,"{""Avtomobilni faqat sirpanish ehtimolining oldini oladi"",""Avtomobilni faqat yonga siljish ehtimolining oldini oladi"",""Avtomobilning sirpanish va yonga tomonga sirpanishini oldini olmaydi""}","{""Avtomobilni faqat sirpanish ehtimolining oldini oladi"",""Avtomobilni faqat yonga siljish ehtimolining oldini oladi"",""Avtomobilning sirpanish va yonga tomonga sirpanishini oldini olmaydi""}",2,https://postimg.cc/Dmfk0bYv,Bilet 41-50,300,,,,
Qaysi yo'l belgilari yo'lning tor qismida haydovchiga ustunlik beradi?,Qaysi yo'l belgilari yo'lning tor qismida haydovchiga ustunlik beradi?,"{""V"",""A va V"",""B va V"",""B va G""}","{""В"",""A va В"",""Б va В"",""Б va Г""}",3,https://ptest.uz/images/f3bb17a7-e8e6-4764-a63f-5f4930d842d8.webp,Bilet 41-50,300,,,,
Rasmda ko'rsatilgan chorraxa- ...,Rasmda ko'rsatilgan chorraxa- ...,"{""Tartibga solinmagan, teng ahamiyatga ega bo'lmagan yo'llar kesishgan chorraha"",""Tartibga solinmagan, teng ahamiyatga ega bo'lgan yo'llar kesishgan chorraha"",""Tartibga solingan chorraha""}","{""Tartibga solinmagan, teng ahamiyatga ega bo'lmagan yo'llar kesishgan chorraha"",""Tartibga solinmagan, teng ahamiyatga ega bo'lgan yo'llar kesishgan chorraha"",""Tartibga solingan chorraha""}",0,https://ptest.uz/images/a82516e2-b64f-48f4-a620-6f3f87caa05f.webp,Bilet 41-50,300,,,,
Qaysi belgi ikkinchi darajali yo'l bilan tutashuvni bildiradi?,Qaysi belgi ikkinchi darajali yo'l bilan tutashuvni bildiradi?,"{""1"",""2"",""3"",""4"",""5""}","{""1"",""2"",""3"",""4"",""5""}",1,https://ptest.uz/images/b689c412-4d78-4d66-99ee-f50f7aca9385.webp,Bilet 41-50,300,,,,
Qaysi rasmda ajratuvchi mintaqa ko'rsatilgan?,Qaysi rasmda ajratuvchi mintaqa ko'rsatilgan?,"{""A"",""B"",""A va B"",""Hech qaysida""}","{""A"",""Б"",""A va Б"",""Hech qaysida""}",3,https://ptest.uz/images/2d9d1133-5aaa-4771-9d28-4fff4e4c31b0.webp,Bilet 41-50,300,,,,
Ushbu yo'l belgisi qanday maqsadda qo'llaniladi?,Ushbu yo'l belgisi qanday maqsadda qo'llaniladi?,"{""Majburiy tarzda tezlikni kamaytirish uchun"",""Keskin tormoz berish uchun"",""Ehtiyot choralarini ko'rish uchun""}","{""Majburiy tarzda tezlikni kamaytirish uchun"",""Keskin tormoz berish uchun"",""Ehtiyot choralarini ko'rish uchun""}",0,https://ptest.uz/images/d297f4a5-4bb2-446d-b16f-9662ab4479ea.webp,Bilet 41-50,300,,,,
Qaysi belgi yo'lning kichik radiusli burilish joyiga yaqinlashayotganlik haqida ogohlantiradi?,Qaysi belgi yo'lning kichik radiusli burilish joyiga yaqinlashayotganlik haqida ogohlantiradi?,"{""1"",""2"",""3"",""4"",""5""}","{""1"",""2"",""3"",""4"",""5""}",4,https://ptest.uz/images/a5e48d44-4ee3-426d-925a-10f6d307c1da.webp,Bilet 41-50,300,,,,
Motosikl haydovchisi qo'lini yuqoriga ko'tarib nima haqida axborot berayapti?,Motosikl haydovchisi qo'lini yuqoriga ko'tarib nima haqida axborot berayapti?,"{""Harakatni davom ettirish haqida"",""O'nga burilmoqchi ekanligi haqida"",""To'xtash haqida""}","{""Harakatni davom ettirish haqida"",""O'nga burilmoqchi ekanligi haqida"",""To'xtash haqida""}",2,https://ptest.uz/images/970de05b-9a13-479f-874b-fbc2ad5ee0ae.webp,Bilet 41-50,300,,,,
48-bilet Yo'lning qatnov qismi:,48-bilet Yo'lning qatnov qismi:,"{""Yo'lning relssiz transport vositalari harakati uchun mo'ljallangan qismi"",""Yo'lning transport vositalari harakati uchun mo'ljallangan qismi"",""Yo'lning avtomobillar harakati uchun mo'ljallangan qismi""}","{""Yo'lning relssiz transport vositalari harakati uchun mo'ljallangan qismi"",""Yo'lning transport vositalari harakati uchun mo'ljallangan qismi"",""Yo'lning avtomobillar harakati uchun mo'ljallangan qismi""}",0,https://postimg.cc/Dmfk0bYv,Bilet 41-50,300,,,,
Chapga burilayotgan sariq avtomobil haydovchisi qaysi bo'laklarni egallashi kerak?,Chapga burilayotgan sariq avtomobil haydovchisi qaysi bo'laklarni egallashi kerak?,"{""O'ng bo'lakni"",""Chap bo'lakni"",""O'rta bo'lakni"",""Istalgan bo'lakni""}","{""O'ng bo'lakni"",""Chap bo'lakni"",""O'rta bo'lakni"",""Istalgan bo'lakni""}",3,https://ptest.uz/images/033e5205-23ae-4510-ad2f-e1b975dbdee9.webp,Bilet 41-50,300,,,,
Engil avtomobil burilishda ag'darilib ketishga qarshi turg'unroq:,Engil avtomobil burilishda ag'darilib ketishga qarshi turg'unroq:,"{""Yo'lovchisiz va yuksiz"",""Yo'lovchisiz, biroq yuqori yukxonasidagi yuki bilan"",""Yo'lovchilari bilan yuksiz"",""Yo'lovchi va yuki bilan""}","{""Yo'lovchisiz va yuksiz"",""Yo'lovchisiz, biroq yuqori yukxonasidagi yuki bilan"",""Yo'lovchilari bilan yuksiz"",""Yo'lovchi va yuki bilan""}",0,https://postimg.cc/Dmfk0bYv,Bilet 41-50,300,,,,
M toifadagi avtotransport vositalari bu:,M toifadagi avtotransport vositalari bu:,"{""Kamida to'rt g'ildirakka ega bo'lgan va yo'lovchilarni tashish uchun foydalaniladigan mexanik transport vositalari"",""Yuk tashish uchun mo'ljallangan, eng katta vazni 3,5 t dan oshmaydigan avtotransport vositalari"",""Tirkamalar (yarim tirkamalar ham)""}","{""Kamida to'rt g'ildirakka ega bo'lgan va yo'lovchilarni tashish uchun foydalaniladigan mexanik transport vositalari"",""Yuk tashish uchun mo'ljallangan, eng katta vazni 3,5 t dan oshmaydigan avtotransport vositalari"",""Tirkamalar (yarim tirkamalar ham)""}",0,https://postimg.cc/Dmfk0bYv,Bilet 41-50,300,,,,
Qaysi javobda orqaga harakatlanish taqiqlangan joylar ko'rsatilgan?,Qaysi javobda orqaga harakatlanish taqiqlangan joylar ko'rsatilgan?,"{""Piyodalarning o'tish joylarida"",""Tunnellarda"",""Chorrahalarda"",""Barcha javoblar to'g'ri""}","{""Piyodalarning o'tish joylarida"",""Tunnellarda"",""Chorrahalarda"",""Barcha javoblar to'g'ri""}",3,https://postimg.cc/Dmfk0bYv,Bilet 41-50,300,,,,
Qaysi rasmdagi avtomobil haydovchisi yuk tashish qoidasini buzayapti? Ushbu yo'l belgisi:,Qaysi rasmdagi avtomobil haydovchisi yuk tashish qoidasini buzayapti? Ushbu yo'l belgisi:,"{""Qatnov qismida to'suvchi qurilma borligini bildiradi"",""Oldinda boshqariladigan to'suvchi qurilma borligini bildiradi"",""Chorraxa oldida to'suvchi qurilma borligini bildiradi""}","{""Qatnov qismida to'suvchi qurilma borligini bildiradi"",""Oldinda boshqariladigan to'suvchi qurilma borligini bildiradi"",""Chorraxa oldida to'suvchi qurilma borligini bildiradi""}",1,https://ptest.uz/images/b9c116f2-d0f5-4a0a-a97e-a08178be66c4.webp,Bilet 41-50,300,,,,
Chorraxadan oxirgi bo'lib qaysi transport vositasi kesib o'tadi?,Chorraxadan oxirgi bo'lib qaysi transport vositasi kesib o'tadi?,"{""Qizil avtomobil"",""Oq avtomobil, sariq bilan bir vaqtda"",""Sariq avtomobil""}","{""Qizil avtomobil"",""Oq avtomobil, sariq bilan bir vaqtda"",""Sariq avtomobil""}",1,https://ptest.uz/images/d37ab01c-bfd0-4a8f-8c20-8b89cab0464a.webp,Bilet 41-50,300,,,,
Shatakka olingan avtobusda odam tashishga ruxsat beriladimi?,Shatakka olingan avtobusda odam tashishga ruxsat beriladimi?,"{""Ruxsat beriladi"",""Taqiqlanadi"",""Faqat o'tirgan holda tashishga ruxsat beriladi""}","{""Ruxsat beriladi"",""Taqiqlanadi"",""Faqat o'tirgan holda tashishga ruxsat beriladi""}",1,https://postimg.cc/Dmfk0bYv,Bilet 41-50,300,,,,
Balandlikda yo'l chetida to'siq mavjud bo'lganda to'xtagan avtomobilni joyidan g'ildirab ketishini oldini olish uchun oldingi g'ildiraklarni burib qo'yish usuli qaysi javobda to'g'ri ko'rsatilgan:,Balandlikda yo'l chetida to'siq mavjud bo'lganda to'xtagan avtomobilni joyidan g'ildirab ketishini oldini olish uchun oldingi g'ildiraklarni burib qo'yish usuli qaysi javobda to'g'ri ko'rsatilgan:,"{""A va D"",""B va C"",""A va C"",""B va D""}","{""A va D"",""B va C"",""A va C"",""B va D""}",2,https://ptest.uz/images/4a5b6ee2-ca42-4a4e-9f78-810fac5d68aa.webp,Bilet 41-50,300,,,,
Ushbu yo'l belgisi qanday nomlanadi?,Ushbu yo'l belgisi qanday nomlanadi?,"{""Xavfli yuk tashayotgan transport vositasining harakatlanishi taqiqlangan"",""Katta o'lchamli yuklarni tashish taqiqlangan"",""Yuk avtomobillari bilan quvib o'tish taqiqlangan""}","{""Xavfli yuk tashayotgan transport vositasining harakatlanishi taqiqlangan"",""Katta o'lchamli yuklarni tashish taqiqlangan"",""Yuk avtomobillari bilan quvib o'tish taqiqlangan""}",0,https://ptest.uz/images/69e585a9-faec-494e-bee3-c5190883a110.webp,Bilet 41-50,300,,,,
Piyodalar to'xtab turgan avtobus va trolleybusning qaysi tomonidan yo'lni kesib o'tishlari kerak?,Piyodalar to'xtab turgan avtobus va trolleybusning qaysi tomonidan yo'lni kesib o'tishlari kerak?,"{""Oldi tomonidan"",""Orqa tomonidan"",""Istalgan tomonidan""}","{""Oldi tomonidan"",""Orqa tomonidan"",""Istalgan tomonidan""}",1,https://postimg.cc/Dmfk0bYv,Bilet 41-50,300,,,,
Ko'rsatilgan qaysi belgilar chapga burilishni taqiqlaydi?,Ko'rsatilgan qaysi belgilar chapga burilishni taqiqlaydi?,"{""Faqat A"",""A va B"",""A va C"",""Xammasi""}","{""Faqat A"",""A va B"",""A va C"",""Xammasi""}",2,https://ptest.uz/images/b722f64c-a143-46fa-868f-8a6472dd5a0a.webp,Bilet 41-50,300,,,,
O'ng tomondagi yondosh hududdan foydalanib qayrilib olishning ko'rsatilgan qaysi usuli harakat xavfsizligini taminlaydi,O'ng tomondagi yondosh hududdan foydalanib qayrilib olishning ko'rsatilgan qaysi usuli harakat xavfsizligini taminlaydi,"{""Faqat chap tomondagi rasmda"",""Faqat o'ng tomondagi rasmda"",""Ikkisida ham""}","{""Faqat chap tomondagi rasmda"",""Faqat o'ng tomondagi rasmda"",""Ikkisida ham""}",0,https://ptest.uz/images/3474f1f2-9716-4cd5-a464-b4e31973d28f.webp,Bilet 41-50,300,,,,
Qaysi transport vositasiga harakatlanish taqiqlangan?,Qaysi transport vositasiga harakatlanish taqiqlangan?,"{""Motosiklga"",""Xech kimga taqiqlanmagan"",""Yuk avtomobiliga""}","{""Motosiklga"",""Xech kimga taqiqlanmagan"",""Yuk avtomobiliga""}",2,https://ptest.uz/images/d22f2dfb-3806-45dd-991f-2f8c48f0aebe.webp,Bilet 41-50,300,,,,
108 km/s tezlikda harakatlanayotgan transport vositasi 1 sekundda qancha masofani bosib o'tadi?,108 km/s tezlikda harakatlanayotgan transport vositasi 1 sekundda qancha masofani bosib o'tadi?,"{""15 m"",""25 m"",""30 m""}","{""15 m"",""25 m"",""30 m""}",2,https://postimg.cc/Dmfk0bYv,Bilet 41-50,300,,,,
Chorraxani oxirgi bo'lib qaysi transport vositasi kesib o'tadi?,Chorraxani oxirgi bo'lib qaysi transport vositasi kesib o'tadi?,"{""Ko'k avtomobil"",""Qizil avtomobil"",""Yashil avtomobil""}","{""Ko'k avtomobil"",""Qizil avtomobil"",""Yashil avtomobil""}",1,https://ptest.uz/images/e599aab0-fd18-4301-938a-80d4bcd614b8.webp,Bilet 41-50,300,,,,
"Haydovchi yo'lning relssiz transport vositalari harakatlanadigan bo'laklar sonini belgilaydigan chiziqlar yoki yo'l belgilari bo'lmasa, bo'laklar sonini qanday aniqlashi kerak?","Haydovchi yo'lning relssiz transport vositalari harakatlanadigan bo'laklar sonini belgilaydigan chiziqlar yoki yo'l belgilari bo'lmasa, bo'laklar sonini qanday aniqlashi kerak?","{""Qatnov qismining kengligini, transport vositalari orasidagi zarur yonlama oraliq masofani va ularning gabarit o'lchamlarini hisobga olgan holda o'zi aniqlaydi"",""Bunday yo'lni ikki bo'lakli qarama qarshi harakat tashkil qilingan yo'l deb qabul qilishi kerak.""}","{""Qatnov qismining kengligini, transport vositalari orasidagi zarur yonlama oraliq masofani va ularning gabarit o'lchamlarini hisobga olgan holda o'zi aniqlaydi"",""Bunday yo'lni ikki bo'lakli qarama qarshi harakat tashkil qilingan yo'l deb qabul qilishi kerak.""}",0,https://postimg.cc/Dmfk0bYv,Bilet 41-50,300,,,,
Haydovchi o'zidan oldinda harakatlanayotgan transport vositasi bilan qancha oraliq masofa saqlab harakatlanishi kerak?,Haydovchi o'zidan oldinda harakatlanayotgan transport vositasi bilan qancha oraliq masofa saqlab harakatlanishi kerak?,"{""20 m"",""50 m"",""Haydovchi o'zidan oldinda harakatlanayotgan transport vositasi keskin tormoz berganida to'qnashib ketmaslik kafolatini beradigan darajadagi oraliq masofani saqlashi kerak""}","{""20 m"",""50 m"",""Haydovchi o'zidan oldinda harakatlanayotgan transport vositasi keskin tormoz berganida to'qnashib ketmaslik kafolatini beradigan darajadagi oraliq masofani saqlashi kerak""}",2,https://postimg.cc/Dmfk0bYv,Bilet 41-50,300,,,,
Chap tomondagi yondosh hududdan foydalanib qayrilib olishning ko'rsatilgan qaysi usuli harakat xavfsizligini taminlaydi? Yo'lning qatnov qismi:,Chap tomondagi yondosh hududdan foydalanib qayrilib olishning ko'rsatilgan qaysi usuli harakat xavfsizligini taminlaydi? Yo'lning qatnov qismi:,"{""Yo'lning relssiz transport vositalari harakati uchun mo'ljallangan qismi"",""Yo'lning transport vositalari harakati uchun mo'ljallangan qismi"",""Yo'lning avtomobillar harakati uchun mo'ljallangan qismi""}","{""Yo'lning relssiz transport vositalari harakati uchun mo'ljallangan qismi"",""Yo'lning transport vositalari harakati uchun mo'ljallangan qismi"",""Yo'lning avtomobillar harakati uchun mo'ljallangan qismi""}",0,https://ptest.uz/images/a6e21460-1db2-4dfe-88b1-a9c5f449a049.webp,Bilet 41-50,300,,,,
49-bilet Trotuar va piyodalar yo'lkasi bo'lmaganda bolalar guruhini yo'lda qanday tartibda olib yurish mumkin?,49-bilet Trotuar va piyodalar yo'lkasi bo'lmaganda bolalar guruhini yo'lda qanday tartibda olib yurish mumkin?,"{""Qatnov qismi chetidan katta yoshdagilar kuzatuvida olib yurishga ruxsat etiladi"",""Yo'l yoqasidan faqat kunduzi va katta yoshdagilar kuzatuvida olib yurishga ruxsat etiladi""}","{""Qatnov qismi chetidan katta yoshdagilar kuzatuvida olib yurishga ruxsat etiladi"",""Yo'l yoqasidan faqat kunduzi va katta yoshdagilar kuzatuvida olib yurishga ruxsat etiladi""}",1,https://postimg.cc/Dmfk0bYv,Bilet 41-50,300,,,,
Turar joy dahasidan yo'lga chiqishda yo'l berish zarur?,Turar joy dahasidan yo'lga chiqishda yo'l berish zarur?,"{""O'ng tomondan yaqinlashib kelayotgan transport vositalariga"",""Chap tomondan yaqinlashib kelayotgan transport vositalariga"",""Ko'k rangli yalt-yalt etuvchi chiroqcha-mayoqcha yoqilgan transport vositalariga"",""Barcha transport vositalariga""}","{""O'ng tomondan yaqinlashib kelayotgan transport vositalariga"",""Chap tomondan yaqinlashib kelayotgan transport vositalariga"",""Ko'k rangli yalt-yalt etuvchi chiroqcha-mayoqcha yoqilgan transport vositalariga"",""Barcha transport vositalariga""}",3,https://postimg.cc/Dmfk0bYv,Bilet 41-50,300,,,,
Chorrahani ikkinchi bo'lib kesib o'tadi:,Chorrahani ikkinchi bo'lib kesib o'tadi:,"{""Tramvay"",""Motosikl"",""Avtomobil""}","{""Tramvay"",""Motosikl"",""Avtomobil""}",2,https://ptest.uz/images/c6c383a0-8110-48c1-92b8-539ee5f3ee90.webp,Bilet 41-50,300,,,,
Ko'rsatilgan kaysi belgilar faqat shu o'rnatilgan bo'lakni o'ziga tasir qiladi?,Ko'rsatilgan kaysi belgilar faqat shu o'rnatilgan bo'lakni o'ziga tasir qiladi?,"{""«B» va «V»"",""Faqat «B»"",""Faqat «A»""}","{""«Б» va «В»"",""Faqat «Б»"",""Faqat «А»""}",2,https://ptest.uz/images/cf2e9f82-3d48-452e-866a-a2f282e7727f.webp,Bilet 41-50,300,,,,
Chorraxadan oxirgi bo'lib qaysi transport vositasi kesib o'tadi?,Chorraxadan oxirgi bo'lib qaysi transport vositasi kesib o'tadi?,"{""Velosiped"",""Avtobus"",""Avtomobil""}","{""Velosiped"",""Avtobus"",""Avtomobil""}",2,https://ptest.uz/images/949a6ad5-2186-499f-9059-108ffa899fa2.webp,Bilet 41-50,300,,,,
Kunning yorug' vaqtida harakatlanayotgan qaysi rasmdagi avtomobil haydovchisi yuk tashish qoidasini buzayapti?,Kunning yorug' vaqtida harakatlanayotgan qaysi rasmdagi avtomobil haydovchisi yuk tashish qoidasini buzayapti?,"{""A"",""Xar ikki rasmda"",""Xech kim buzmayapti""}","{""A"",""Xar ikki rasmda"",""Xech kim buzmayapti""}",2,https://ptest.uz/images/ffa56de8-88b3-4cb8-8e06-d749e5ed136d.webp,Bilet 41-50,300,,,,
Yo'lovchilarga taqiqlanadi?,Yo'lovchilarga taqiqlanadi?,"{""Transport vositasi harakatlanayotgan vaqtda haydovchini boshqarishdan chalg'itish va unga xalaqit berish"",""Harakatlanayotgan bortli yuk avtomobillarida tik turish, bortlarda yoki undan yuqoridagi yuk ustida o'tirish"",""Transport vositasi harakatlanayotgan vaqtda uning eshiklarini ochish"",""Barcha ko'rsatilgan javoblar to'g'ri""}","{""Transport vositasi harakatlanayotgan vaqtda haydovchini boshqarishdan chalg'itish va unga xalaqit berish"",""Harakatlanayotgan bortli yuk avtomobillarida tik turish, bortlarda yoki undan yuqoridagi yuk ustida o'tirish"",""Transport vositasi harakatlanayotgan vaqtda uning eshiklarini ochish"",""Barcha ko'rsatilgan javoblar to'g'ri""}",3,https://postimg.cc/Dmfk0bYv,Bilet 41-50,300,,,,
Harakatlanish bo'lagi:,Harakatlanish bo'lagi:,"{""Yo'lning relssiz transport vositalari harakati uchun mo'ljallangan qismi"",""Yo'lning yonma-yon joylashgan qatnov qismlarini ajratuvchi, transport vositalari harakatlanishi yoki to'xtashi uchun mo'ljallanmagan, yo'l sathidan baland va (yoki) 1.1 yotiq chizig'i bilan belgilangan qismi"",""Avtomobillarning bir qator bo'lib harakatlanishi uchun etarlicha keng bo'lgan, yo'l chiziqlari bilan belgilangan yoki belgilanmagan yo'l qatnov qismining har qanday bo'ylama bo'lagi""}","{""Yo'lning relssiz transport vositalari harakati uchun mo'ljallangan qismi"",""Yo'lning yonma-yon joylashgan qatnov qismlarini ajratuvchi, transport vositalari harakatlanishi yoki to'xtashi uchun mo'ljallanmagan, yo'l sathidan baland va (yoki) 1.1 yotiq chizig'i bilan belgilangan qismi"",""Avtomobillarning bir qator bo'lib harakatlanishi uchun etarlicha keng bo'lgan, yo'l chiziqlari bilan belgilangan yoki belgilanmagan yo'l qatnov qismining har qanday bo'ylama bo'lagi""}",2,https://postimg.cc/Dmfk0bYv,Bilet 41-50,300,,,,
Agar piyodalar o'tish joylaridan keyin tirbandlik paydo bo'lsa haydovchi qaerda to'xtashi kerak?,Agar piyodalar o'tish joylaridan keyin tirbandlik paydo bo'lsa haydovchi qaerda to'xtashi kerak?,"{""Piyodalar o'tish joyida, agar piyodalar bo'lmasa"",""Piyodalar o'tish joyiga 5 m etmasdan"",""Bevosita piyodalar o'tish joyi oldida""}","{""Piyodalar o'tish joyida, agar piyodalar bo'lmasa"",""Piyodalar o'tish joyiga 5 m etmasdan"",""Bevosita piyodalar o'tish joyi oldida""}",2,https://postimg.cc/Dmfk0bYv,Bilet 41-50,300,,,,
Avtomagistralda to'xtashga ruxsat berilgan,Avtomagistralda to'xtashga ruxsat berilgan,"{""Faqat qatnov qismini chetini bildiruvchi chiziqdan chetda"",""Qatnov qismidan chetda barcha joyda"",""5.15 yoki 6.11 yo'l belgilari bilan belgilangan maxsus to'xtab turish maydonchalarida""}","{""Faqat qatnov qismini chetini bildiruvchi chiziqdan chetda"",""Qatnov qismidan chetda barcha joyda"",""5.15 yoki 6.11 yo'l belgilari bilan belgilangan maxsus to'xtab turish maydonchalarida""}",2,https://postimg.cc/Dmfk0bYv,Bilet 41-50,300,,,,
Sariq avtomobil chorrahani nechanchi bo'lib kesib o'tadi?,Sariq avtomobil chorrahani nechanchi bo'lib kesib o'tadi?,"{""Uchinchi bo'lib"",""Ikkinchi bo'lib"",""Oxirgi bo'lib""}","{""Uchinchi bo'lib"",""Ikkinchi bo'lib"",""Oxirgi bo'lib""}",2,https://ptest.uz/images/fed4aabe-2d97-47dc-8558-229b1784e7fe.webp,Bilet 41-50,300,,,,
Bu qo'shimcha-axborot yo'l belgisi qaysi yo'l belgisi bilan birgalikda qullaniladi?,Bu qo'shimcha-axborot yo'l belgisi qaysi yo'l belgisi bilan birgalikda qullaniladi?,"{""A"",""B"",""C""}","{""A"",""B"",""C""}",1,https://ptest.uz/images/a6c2f2ea-ad74-430a-bee8-331ea53e9442.webp,Bilet 41-50,300,,,,
Temir yo'l kesishmalari va ularga yaqin joylarda quvib o'tishga tegishli qanday yo'l harakati qoidalari amal qiladi?,Temir yo'l kesishmalari va ularga yaqin joylarda quvib o'tishga tegishli qanday yo'l harakati qoidalari amal qiladi?,"{""Temir yo'l kesishmalarida va ularga 100 metrdan kam masofa qolganda quvib o'tish taqiqlanadi"",""Quvib o'tish faqat temir yo'l kesishmalaridan keyin taqiqlanadi"",""Temir yo'l kesishmalarida, ularga 100 metrdan kam masofa qolganda va temir yo'l kesishmalaridan keyin 100 metr davomida quvib o'tish taqiqlanadi""}","{""Temir yo'l kesishmalarida va ularga 100 metrdan kam masofa qolganda quvib o'tish taqiqlanadi"",""Quvib o'tish faqat temir yo'l kesishmalaridan keyin taqiqlanadi"",""Temir yo'l kesishmalarida, ularga 100 metrdan kam masofa qolganda va temir yo'l kesishmalaridan keyin 100 metr davomida quvib o'tish taqiqlanadi""}",0,https://postimg.cc/Dmfk0bYv,Bilet 41-50,300,,,,
Harakatlanish bo'lagidagi uchburchak shaklidagi chiziq:,Harakatlanish bo'lagidagi uchburchak shaklidagi chiziq:,"{""Yo'lning xavfli qismini bildiradi"",""Yo'l berishingiz kerak bo'lgan joy yaqinlashayotganligi haqida ogohlantiradi"",""To'xtashingiz zarur bo'lgan joyni bildiradi""}","{""Yo'lning xavfli qismini bildiradi"",""Yo'l berishingiz kerak bo'lgan joy yaqinlashayotganligi haqida ogohlantiradi"",""To'xtashingiz zarur bo'lgan joyni bildiradi""}",1,https://ptest.uz/images/18841463-0561-4f97-8095-ab874ca3f953.webp,Bilet 41-50,300,,,,
Qaysi holatlarda jabrlanuvchiga yurak-o'pka reanimasiyasini boshlash kerak?,Qaysi holatlarda jabrlanuvchiga yurak-o'pka reanimasiyasini boshlash kerak?,"{""Yurak soxasida og'riq sezilganda va nafas olish qiyinlashganda"",""Xushidan ketishda, nafas olish faoliyatidan qatiy nazar"",""Xushidan ketishda, nafas olish olish faoliyati va qon aylanishi to'xtaganda""}","{""Yurak soxasida og'riq sezilganda va nafas olish qiyinlashganda"",""Xushidan ketishda, nafas olish faoliyatidan qatiy nazar"",""Xushidan ketishda, nafas olish olish faoliyati va qon aylanishi to'xtaganda""}",2,https://postimg.cc/Dmfk0bYv,Bilet 41-50,300,,,,
"To'la vazni 3,5 tonnadan oshmaydigan yuk avtomobillarini quyidagilar bilan jihozlanmagan bo'lsa xam foydalanishga ruxsat etiladi:","To'la vazni 3,5 tonnadan oshmaydigan yuk avtomobillarini quyidagilar bilan jihozlanmagan bo'lsa xam foydalanishga ruxsat etiladi:","{""O't o'chirgich"",""Tibbiyot qutichasi"",""O'zi yurib ketishidan saqlovchi, g'ildirak diametriga muvofiq (kamida ikkita) tirgak"",""Majburiy to'xtaganini bildiruvchi belgi (yoki miltillovchi qizil chiroq)""}","{""O't o'chirgich"",""Tibbiyot qutichasi"",""O'zi yurib ketishidan saqlovchi, g'ildirak diametriga muvofiq (kamida ikkita) tirgak"",""Majburiy to'xtaganini bildiruvchi belgi (yoki miltillovchi qizil chiroq)""}",2,https://postimg.cc/Dmfk0bYv,Bilet 41-50,300,,,,
Ko'rsatilgan qaysi yo'l belgisi engil yo'nalishsiz taksilarga yo'lovchilarni tushurish-chiqarish (yuklarni ortish-tushurish) vaqtida tasir qilmaydi?,Ko'rsatilgan qaysi yo'l belgisi engil yo'nalishsiz taksilarga yo'lovchilarni tushurish-chiqarish (yuklarni ortish-tushurish) vaqtida tasir qilmaydi?,"{""Faqat A"",""Faqat B"",""Faqat B,C,D"",""Hammasi""}","{""Faqat A"",""Faqat B"",""Faqat B,C,D"",""Hammasi""}",3,https://ptest.uz/images/173bcb44-ab88-415e-9784-2d6adab3578f.webp,Bilet 41-50,300,,,,
Mexanik transport vositalarini shatakka olishda egiluvchan ulagichga kamida nechta ogohlantiruvchi qurilma o'rnatiladi?,Mexanik transport vositalarini shatakka olishda egiluvchan ulagichga kamida nechta ogohlantiruvchi qurilma o'rnatiladi?,"{""Kamida ikkita"",""Kamida uchta"",""Kamida bitta""}","{""Kamida ikkita"",""Kamida uchta"",""Kamida bitta""}",0,https://postimg.cc/Dmfk0bYv,Bilet 41-50,300,,,,
Svetofor ishoralari imtiyoz belgilari talablariga zid kelgan hollarda?,Svetofor ishoralari imtiyoz belgilari talablariga zid kelgan hollarda?,"{""Haydovchilar svetofor ishoralariga amal qilishlari kerak"",""Haydovchilar imtiyoz belgilari talablariga amal qilishlari kerak""}","{""Haydovchilar svetofor ishoralariga amal qilishlari kerak"",""Haydovchilar imtiyoz belgilari talablariga amal qilishlari kerak""}",0,https://postimg.cc/Dmfk0bYv,Bilet 41-50,300,,,,
Siz to'g'ri yo'lda harakatlanayotib to'satdan yo'lning qisman katta bo'lmagan sirpanchiq qismiga duch keldingiz. Bunda qanday ehtiyot choralarini ko'rasiz?,Siz to'g'ri yo'lda harakatlanayotib to'satdan yo'lning qisman katta bo'lmagan sirpanchiq qismiga duch keldingiz. Bunda qanday ehtiyot choralarini ko'rasiz?,"{""Avtomobilni ohista to'xtatish"",""Rulni burib sirpanchiqdan chiqib ketish"",""Harakat yo'nalishini va tezlikni o'zgartirmasdan ehtiyotkorlik bilan o'tib ketish""}","{""Avtomobilni ohista to'xtatish"",""Rulni burib sirpanchiqdan chiqib ketish"",""Harakat yo'nalishini va tezlikni o'zgartirmasdan ehtiyotkorlik bilan o'tib ketish""}",2,https://postimg.cc/Dmfk0bYv,Bilet 41-50,300,,,,
Trotuar va piyodalar yo'lkasi bo'lmaganda bolalar guruhini yo'lda qanday tartibda olib yurish mumkin?,Trotuar va piyodalar yo'lkasi bo'lmaganda bolalar guruhini yo'lda qanday tartibda olib yurish mumkin?,"{""Qatnov qismi chetidan katta yoshdagilar kuzatuvida olib yurishga ruxsat etiladi"",""Yo'l yoqasidan faqat kunduzi va katta yoshdagilar kuzatuvida olib yurishga ruxsat etiladi""}","{""Qatnov qismi chetidan katta yoshdagilar kuzatuvida olib yurishga ruxsat etiladi"",""Yo'l yoqasidan faqat kunduzi va katta yoshdagilar kuzatuvida olib yurishga ruxsat etiladi""}",1,https://postimg.cc/Dmfk0bYv,Bilet 41-50,300,,,,
50-bilet Chorraxadan uchinchi bo'lib qaysi avtomobil kesib o'tadi:,50-bilet Chorraxadan uchinchi bo'lib qaysi avtomobil kesib o'tadi:,"{""Qizil avtomobil"",""Yashil avtomobil"",""Ko'k avtomobil""}","{""Qizil avtomobil"",""Yashil avtomobil"",""Ko'k avtomobil""}",0,https://ptest.uz/images/3ee9ef37-3c4b-4556-bbdb-133a76db97bd.webp,Bilet 41-50,300,,,,
Ko'rsatilgan belgilardan qaysi biri texnik tavsifnomasiga yoki holatiga ko'ra tezligi soatiga 40 kilometrdan kam bo'lgan transport vositalarining harakatlanishini taqiqlaydi?,Ko'rsatilgan belgilardan qaysi biri texnik tavsifnomasiga yoki holatiga ko'ra tezligi soatiga 40 kilometrdan kam bo'lgan transport vositalarining harakatlanishini taqiqlaydi?,"{""Faqat A"",""Faqat C"",""A va B""}","{""Faqat A"",""Faqat C"",""A va B""}",0,https://ptest.uz/images/79658ff2-ac51-4f11-a290-7965c0b11f06.webp,Bilet 41-50,300,,,,
Chorrahadan ikkinchi bo'lib qaysi transport vositasi kesib o'tadi?,Chorrahadan ikkinchi bo'lib qaysi transport vositasi kesib o'tadi?,"{""Qizil avtomobil"",""Yashil avtomobil"",""Yashil avtomobil tramvay bilan bir vaqtda""}","{""Qizil avtomobil"",""Yashil avtomobil"",""Yashil avtomobil tramvay bilan bir vaqtda""}",2,https://ptest.uz/images/075f93e2-2fd1-4103-bdc2-3b87b2fa71f6.webp,Bilet 41-50,300,,,,
Qatnov qismi yo'l chiziqlari bilan ajratilgan bo'lsa haydovchilar qanday holatlarda qatiy bo'laklar bo'yicha harakatlanishlari kerak?,Qatnov qismi yo'l chiziqlari bilan ajratilgan bo'lsa haydovchilar qanday holatlarda qatiy bo'laklar bo'yicha harakatlanishlari kerak?,"{""Faqat harakatlanish serqatnov bo'lganda"",""Faqat harakatlanish bo'laklari uzluksiz sidirg'a chiziqlar bilan ajratilgan bo'lsa"",""Barcha holatlarda""}","{""Faqat harakatlanish serqatnov bo'lganda"",""Faqat harakatlanish bo'laklari uzluksiz sidirg'a chiziqlar bilan ajratilgan bo'lsa"",""Barcha holatlarda""}",2,https://postimg.cc/Dmfk0bYv,Bilet 41-50,300,,,,
Old chiroqlar va orqa gabarit chiroqlari ishlayotmagan transport vositasi harakatini davom ettirishi taqiqlanadi:,Old chiroqlar va orqa gabarit chiroqlari ishlayotmagan transport vositasi harakatini davom ettirishi taqiqlanadi:,"{""Faqat etarli ko'rinmaslikda"",""Faqat kunning qorong'i vaqtida"",""Barcha javoblarda ko'rsatilgan holatlarda""}","{""Faqat etarli ko'rinmaslikda"",""Faqat kunning qorong'i vaqtida"",""Barcha javoblarda ko'rsatilgan holatlarda""}",2,https://postimg.cc/Dmfk0bYv,Bilet 41-50,300,,,,
Qaysi holatlarda aholi punktlarida tovushli ishoralardan foydalanish mumkin?,Qaysi holatlarda aholi punktlarida tovushli ishoralardan foydalanish mumkin?,"{""Faqat zarur bo'lgan hollarda yo'l-transport hodisasining oldini olish uchun"",""Faqat boshqa haydovchilarni quvib o'tish haqida ogohlantirish uchun"",""Barcha javoblarda ko'rsatilgan holatlarda""}","{""Faqat zarur bo'lgan hollarda yo'l-transport hodisasining oldini olish uchun"",""Faqat boshqa haydovchilarni quvib o'tish haqida ogohlantirish uchun"",""Barcha javoblarda ko'rsatilgan holatlarda""}",0,https://postimg.cc/Dmfk0bYv,Bilet 41-50,300,,,,
Qaysi belgi tartibga solinmagan piyodalar o'tish joyiga yaqinlashayotganlik haqida ogohlantiradi?,Qaysi belgi tartibga solinmagan piyodalar o'tish joyiga yaqinlashayotganlik haqida ogohlantiradi?,"{""Faqat A"",""A va V"",""Xammasi""}","{""Faqat A"",""A va V"",""Xammasi""}",0,https://ptest.uz/images/cf4a5a6c-8320-4454-9804-32b05d760cd5.webp,Bilet 41-50,300,,,,
Turar joy dahalarida piyodalar yo'lning qaysi qismida harakatlanishlari kerak?,Turar joy dahalarida piyodalar yo'lning qaysi qismida harakatlanishlari kerak?,"{""Trotuardan yoki qatnov qismidan"",""Faqat trotuar bo'yicha"",""Qatnov qismi chetida bir qator bo'lib""}","{""Trotuardan yoki qatnov qismidan"",""Faqat trotuar bo'yicha"",""Qatnov qismi chetida bir qator bo'lib""}",0,https://postimg.cc/Dmfk0bYv,Bilet 41-50,300,,,,
Qaysi transport vositalari yo'nalishli transport vositalari hisoblanadi?,Qaysi transport vositalari yo'nalishli transport vositalari hisoblanadi?,"{""Belgilangan yo'nalishi va bekatlari bo'lgan, yo'lovchi tashish uchun mo'ljallangan umum foydalanishdagi transport vositalari (trolleybus, tramvay, avtobus, yo'nalishli taksi)"",""Avtobuslar"",""Yo'lovchilarni tashuvchi istalgan transport vositalari""}","{""Belgilangan yo'nalishi va bekatlari bo'lgan, yo'lovchi tashish uchun mo'ljallangan umum foydalanishdagi transport vositalari (trolleybus, tramvay, avtobus, yo'nalishli taksi)"",""Avtobuslar"",""Yo'lovchilarni tashuvchi istalgan transport vositalari""}",0,https://postimg.cc/Dmfk0bYv,Bilet 41-50,300,,,,
"Qo'l oyoq uchlari( tirsakdan past qismi, boldir) sinishida transport shinalari yoki ularni qo'lda yasash uchun vositalar bo'lmasa birinchi tibbiy yordam qanday ko'rsatiladi?","Qo'l oyoq uchlari( tirsakdan past qismi, boldir) sinishida transport shinalari yoki ularni qo'lda yasash uchun vositalar bo'lmasa birinchi tibbiy yordam qanday ko'rsatiladi?","{""Yo'lning ushbu qismida ruxsat berilgan eng yuqori tezlikni"",""Yo'l yoki marshrut raqamini"",""Yo'lning ushbu qismida tavsiya berilgan tezlikni""}","{""Yo'lning ushbu qismida ruxsat berilgan eng yuqori tezlikni"",""Yo'l yoki marshrut raqamini"",""Yo'lning ushbu qismida tavsiya berilgan tezlikni""}",0,https://ptest.uz/images/651e600c-d8a3-4761-9713-e356c8573bdf.webp,Bilet 41-50,300,,,,
Ko'rsatilgan belgilardan qaysilarining talabi bevosita o'rnatilgan joyidan kuchga kiradi?,Ko'rsatilgan belgilardan qaysilarining talabi bevosita o'rnatilgan joyidan kuchga kiradi?,"{""Faqat B"",""A va B"",""Xammasi""}","{""Faqat B"",""A va B"",""Xammasi""}",1,https://ptest.uz/images/cb0e7b55-2807-4627-9c71-bbd10f4f4574.webp,Bilet 41-50,300,,,,
Chorraxadan birinchi bo'lib qaysi avtomobil kesib o'tadi,Chorraxadan birinchi bo'lib qaysi avtomobil kesib o'tadi,"{""Yashil avtomobil"",""Qizil avtomobil"",""Ko'k avtomobil""}","{""Yashil avtomobil"",""Qizil avtomobil"",""Ko'k avtomobil""}",0,https://ptest.uz/images/7c883276-9845-4202-8514-804df85c8f1a.webp,Bilet 41-50,300,,,,
Asosiy yo'l:,Asosiy yo'l:,"{""Toshli yo'lga nisbatan asfalt qoplamali yo'l"",""Ikki bo'lakli yo'lga nisbatan uch yoki undan ko'p bo'lakli yo'l"",""Tuproqli yo'lga nisbatan qattiq qoplamali (asfalt va sement-betonli, tosh va shunga o'xshashlar yotqizilgan) yo'l"",""Barcha javoblar to'g'ri""}","{""Toshli yo'lga nisbatan asfalt qoplamali yo'l"",""Ikki bo'lakli yo'lga nisbatan uch yoki undan ko'p bo'lakli yo'l"",""Tuproqli yo'lga nisbatan qattiq qoplamali (asfalt va sement-betonli, tosh va shunga o'xshashlar yotqizilgan) yo'l"",""Barcha javoblar to'g'ri""}",2,https://postimg.cc/Dmfk0bYv,Bilet 41-50,300,,,,
Tartibga solinmagan chorrahada qaysi belgi albatta to'xtashni talab qiladi?,Tartibga solinmagan chorrahada qaysi belgi albatta to'xtashni talab qiladi?,"{""Faqat A"",""Faqat B"",""B va S"",""Xammasi""}","{""Faqat A"",""Faqat B"",""B va S"",""Xammasi""}",1,https://ptest.uz/images/60c96584-7880-4d75-9591-e1888fe5f4ea.webp,Bilet 41-50,300,,,,
Chorraxadan birinchi bo'lib kesib o'tadi:,Chorraxadan birinchi bo'lib kesib o'tadi:,"{""Qizil avtomobil"",""Ko'k avtomobil"",""Yashil avtomobil""}","{""Qizil avtomobil"",""Ko'k avtomobil"",""Yashil avtomobil""}",2,https://ptest.uz/images/4af85c43-1218-452b-9683-b61ff71af5df.webp,Bilet 41-50,300,,,,
Engil avtomobilning tormoz yo'li tormoz tizimiga ega bo'lmagan tirkama bilan harakatlanayotganda qanday o'zgaradi?,Engil avtomobilning tormoz yo'li tormoz tizimiga ega bo'lmagan tirkama bilan harakatlanayotganda qanday o'zgaradi?,"{""Kamayadi, chunki tirkama harakatlanishga qo'shimcha qarshilik ko'rsatadi"",""O'zgarmaydi"",""Ortadi""}","{""Kamayadi, chunki tirkama harakatlanishga qo'shimcha qarshilik ko'rsatadi"",""O'zgarmaydi"",""Ortadi""}",2,https://postimg.cc/Dmfk0bYv,Bilet 41-50,300,,,,
Qaysi rasmdagi avtomobil haydovchisi yuk tashish qoidasini buzayapti?,Qaysi rasmdagi avtomobil haydovchisi yuk tashish qoidasini buzayapti?,"{""A"",""B"",""A va V""}","{""A"",""B"",""A va V""}",2,https://ptest.uz/images/dcc7dac3-c3a9-41a8-81e0-78538d30fdd5.webp,Bilet 41-50,300,,,,
"Ko'rsatilgan belgilardan qaysi biri ruxsat etilgan to'la vazni 3,5 tonnadan oshmaydigan yuk avtomobillariga harakatlanishga ruxsat beradi?","Ko'rsatilgan belgilardan qaysi biri ruxsat etilgan to'la vazni 3,5 tonnadan oshmaydigan yuk avtomobillariga harakatlanishga ruxsat beradi?","{""Faqat A i C"",""Faqat C"",""A va B""}","{""Faqat A i C"",""Faqat C"",""A va B""}",0,https://ptest.uz/images/464165a9-04f1-4f0c-b26d-2aef4b383579.webp,Bilet 41-50,300,,,,
Transport vositasining ruxsat etilgan to'la vazn bu - ...,Transport vositasining ruxsat etilgan to'la vazn bu - ...,"{""Aslahalangan transport vositasining ishlab chiqargan korxona tomonidan belgilangan, yuk, haydovchi va yo'lovchilari bilan birgalikdagi eng yuqori vazni (o'lchovi)"",""Transport vositasining yuki, haydovchi va yo'lovchilari bilan birgalikdagi vazni"",""Aslahalangan transport vositasining ishlab chiqargan korxona tomonidan belgilangan, yuksiz, haydovchisiz va yo'lovchilarsiz eng yuqori vazni (o'lchovi)""}","{""Aslahalangan transport vositasining ishlab chiqargan korxona tomonidan belgilangan, yuk, haydovchi va yo'lovchilari bilan birgalikdagi eng yuqori vazni (o'lchovi)"",""Transport vositasining yuki, haydovchi va yo'lovchilari bilan birgalikdagi vazni"",""Aslahalangan transport vositasining ishlab chiqargan korxona tomonidan belgilangan, yuksiz, haydovchisiz va yo'lovchilarsiz eng yuqori vazni (o'lchovi)""}",0,https://postimg.cc/Dmfk0bYv,Bilet 41-50,300,,,,
Chorraxadan uchinchi bo'lib qaysi avtomobil kesib o'tadi:,Chorraxadan uchinchi bo'lib qaysi avtomobil kesib o'tadi:,"{""Qizil avtomobil"",""Yashil avtomobil"",""Ko'k avtomobil""}","{""Qizil avtomobil"",""Yashil avtomobil"",""Ko'k avtomobil""}",0,https://ptest.uz/images/3ee9ef37-3c4b-4556-bbdb-133a76db97bd.webp,Bilet 41-50,300,,,,
