question,question_cyrl,answers,answers_cyrl,correct_answer,image_url,category,time_limit,audio_url,audio_url_cyrl,explanation_text,explanation_text_cyrl
Haydovchi qanday holda bu belgining talablarini to'g'ri bajaradi?,Ҳайдовчи қандай ҳолда бу белгининг талабларини тўғри бажаради?,"{""Kesishadigan yo'l bo'ylab harakat qilayotgan mexanik transport vositalariga yo'l beradi"",""Kesishadigan yo'l bo'ylab harakat qilayotgan transport vositalariga yo'l beradi""}","{""Кесишадиган ёл бўйлаб ҳаракат қилаётган механик транспорт воситаларига ёл беради"",""Кесишадиган ёл бўйлаб ҳаракат қилаётган транспорт воситаларига ёл беради""}",1,https://ptest.uz/images/3732ba1f-208b-4336-86ac-b5bfcd6ad3f8.webp,21-BILET,300,,,,
"Avtopoezdni shu vaziyatda, agar u 40 km/s, dan kam tezlik bilan harakat qilayotgan bo'lsa, quvib o'tishga ruxsat etiladimi?","Автопоездни шу вазиятда, агар у 40 км/с, дан кам тезлик билан ҳаракат қилаётган бўлса, қувиб ўтишга рухсат етиладими?","{""Taqiqlanadi"",""Ruxsat etiladi""}","{""Тақиқланади"",""Рухсат етилади""}",0,https://ptest.uz/images/00541196-4363-44a2-b90f-63656072bd46.webp,21-BILET,300,,,,
"Ikki tomonlama harakatli yo'lda uchta bo'lak bor, siz o'ngga burilishingiz zarur. Siz ushbu manyovrni qaysi bo'lakdan amalga oshirasiz?","Икки томонлама ҳаракатли ёлда учта бўлак бор, сиз ўнгга бурилишингиз зарур. Сиз ушбу манёврни қайси бўлакдан амалга оширасиз?","{""O'ng bo'lakdan"",""O'rta bo'lakdan"",""O'ng yoki o'rta bo'lakdan"",""O'rta bo'lakdan, lekin faqat o'ng bo'lak band bo'lgan vaqtda""}","{""Ўнг бўлакдан"",""Ўрта бўлакдан"",""Ўнг ёки ўрта бўлакдан"",""Ўрта бўлакдан, лекин фақат ўнг бўлак банд бўлган вақтда""}",0,https://postimg.cc/Dmfk0bYv,21-BILET,300,,,,
Qaysi transport vositasining haydovchisi yo'l berishi kerak?,Қайси транспорт воситасининг ҳайдовчиси ёл бериши керак?,"{""Ko'k avtomobilning haydovchisi"",""Qizil avtomobilning haydovchisi""}","{""Кўк автомобилнинг ҳайдовчиси"",""Қизил автомобилнинг ҳайдовчиси""}",0,https://ptest.uz/images/18cc427e-716e-4e0f-a6f4-9f20c907890e.webp,21-BILET,300,,,,
Jarohatdan behushlanganda birinchi tibbiy yordamni qanday ko'rsatish kerak?,Жароҳатдан беҳушланганда биринчи тиббий ёрдамни қандай кўрсатиш керак?,"{""Kiyim-boshni echish yoki bo'shatish, toza havo kelishini taminlash. Nashatir spirti hidlatish. Yuzga sovuq suv sepish. Peshonaga va gardanga iliq malhamlar qo'yish"",""Mutloq tinch qo'yish. Boshni tushirish, oyoqlarni ko'tarish, badanni isitish. Qaynoq ichimlik (choy va shu kabilar) berish. Bog'langan jgutni shifokorsiz echmaslik va bo'shatmaslik""}","{""Кийим-бошни ечиш ёки бўшатиш, тоза ҳаво келишини таминлаш. Нашатир спирти ҳидлатиш. Юзга совуқ сув сепиш. Пешонага ва гарданга илиқ малҳамлар қўйиш"",""Мутлоқ тинч қўйиш. Бошни тушириш, оёқларни кўтариш, баданни иситиш. Қайноқ ичимлик (чой ва шу кабилар) бериш. Боғланган жгутни шифокорсиз ечмаслик ва бўшатмаслик""}",1,https://postimg.cc/Dmfk0bYv,21-BILET,300,,,,
Oq chiziq bilan belgilangan orolchaga kirishga ruxsat etiladimi?,Оқ чизиқ билан белгиланган оролчага киришга рухсат етиладими?,"{""Faqat to'xtash uchun ruxsat etiladi"",""Orqa bilan harakat qilganda ruxsat etiladi"",""Taqiqlanadi""}","{""Фақат тўхташ учун рухсат етилади"",""Орқа билан ҳаракат қилганда рухсат етилади"",""Тақиқланади""}",2,https://ptest.uz/images/a7d04f41-709f-46ca-8fc4-b7e8211dd9ad.webp,21-BILET,300,,,,
Relssiz transport vositalarining harakatlanishi uchun bo'laklar soni qanday aniqlanadi?,Релссиз транспорт воситаларининг ҳаракатланиши учун бўлаклар сони қандай аниқланади?,"{""Yo'l yotiq chizig'i bilan"",""Bo'laklar bo'yicha harakatlanish yo'nalishi yoki \""????? ?????? ???????????? ????????\"" yo'l belgilari bilan"",""Haydovchining o'zi tomonidan qatnov qismining kengligini, transport vositalarining o'lchamlarini va ular o'rtasidagi zarur yonlama oraliq masofani hisobga olib"",""Barcha sanab o'tilgan usullar bilan""}","{""Ёл ётиқ чизиғи билан"",""Бўлаклар бўйича ҳаракатланиш ёналиши ёки \""????? ?????? ???????????? ????????\"" ёл белгилари билан"",""Ҳайдовчининг ўзи томонидан қатнов қисмининг кенглигини, транспорт воситаларининг ўлчамларини ва улар ўртасидаги зарур ёнлама оралиқ масофани ҳисобга олиб"",""Барча санаб ўтилган усуллар билан""}",3,https://postimg.cc/Dmfk0bYv,21-BILET,300,,,,
Harakatlanish kimga ruxsat etilgan?,Ҳаракатланиш кимга рухсат етилган?,"{""Yuk avtomobili va motosiklga"",""Barcha transport vositalariga"",""Tramvayga va engil avtomobilga"",""Engil va yuk avtomobiliga, motosiklga""}","{""Юк автомобили ва мотосиклга"",""Барча транспорт воситаларига"",""Трамвайга ва енгил автомобилга"",""Енгил ва юк автомобилига, мотосиклга""}",0,https://postimg.cc/Dmfk0bYv,21-BILET,300,,,,
Haydovchi qaysi rasmda qoidalar talablarini buzmay turib manyovr qildi?,Ҳайдовчи қайси расмда қоидалар талабларини бузмай туриб манёвр қилди?,"{""1"",""2"",""3""}","{""1"",""2"",""3""}",0,https://ptest.uz/images/a544d057-16cd-4b5e-9a90-55c073aecee6.webp,21-BILET,300,,,,
"Kunning qorong'i vaqtida va etarlicha ko'rinmaydigan sharoitlarda yo'lda qoldirilgan yo'l mashinalari, qurilish materiallari, qurilmalar va hokazolar belgilanishi kerak:","Куннинг қоронги вақтида ва етарлича кўринмайдиган шароитларда ёлда қолдирилган ёл машиналари, қурилиш материаллари, қурилмалар ва ҳоказолар белгиланиши керак:","{""Tegishli yo'l belgilari bilan"",""Yo'naltiruvchi va tevaragini o'rovchi moslamalar bilan"",""Qizil yoki sariq yoritkich chiroqlari bilan"",""Barcha sanab o'tilgan hollar bajarilishi kerak""}","{""Тегишли ёл белгилари билан"",""Ёналтирувчи ва теварагини ўровчи мосламалар билан"",""Қизил ёки сариқ ёриткич чироқлари билан"",""Барча санаб ўтилган ҳоллар бажарилиши керак""}",3,https://postimg.cc/Dmfk0bYv,21-BILET,300,,,,
Transport vositalari chorrahani quyidagi tartibda kesib o'tadilar:,Транспорт воситалари чорраҳани қуйидаги тартибда кесиб ўтадилар:,"{""Tramvay, avtomobil va avtobus bir vaqtda"",""Tramvay, avtobus, avtomobil"",""Avtobus, tramvay, avtomobil""}","{""Трамвай, автомобил ва автобус бир вақтда"",""Трамвай, автобус, автомобил"",""Автобус, трамвай, автомобил""}",0,https://ptest.uz/images/cdcab0dd-3192-4088-ab4a-22513f9bce82.webp,21-BILET,300,,,,
Qaysi transport vositasining haydovchisi qayrilishni to'g'ri bajaradi?,Қайси транспорт воситасининг ҳайдовчиси қайрилишни тўғри бажаради?,"{""Ko'k avtomobilning haydovchisi"",""Qizil avtomobilning haydovchisi"",""Har ikki haydovchi""}","{""Кўк автомобилнинг ҳайдовчиси"",""Қизил автомобилнинг ҳайдовчиси"",""Ҳар икки ҳайдовчи""}",2,https://ptest.uz/images/440c5991-c4e3-40ec-bcd9-7113ba8170f6.webp,21-BILET,300,,,,
Ko'rsatilgan belgilardan qay biri avtopoezdni bildirish uchun o'rnatiladi?,Кўрсатилган белгилардан қай бири автопоездни билдириш учун ўрнатилади?,"{""Chap belgi"",""O'ng belgi"",""Har ikki belgi""}","{""Чап белги"",""Ўнг белги"",""Ҳар икки белги""}",2,https://ptest.uz/images/b71c7f62-519f-43fd-a4fb-6a9b8243b9bb.webp,21-BILET,300,,,,
Qaysi avtomobil to'xtash qoidasini buzdi?,Қайси автомобил тўхташ қоидасини бузди?,"{""Yashil avtomobil"",""Har ikkisi buzdi"",""Har ikkisi ham buzmadi""}","{""Яшил автомобил"",""Ҳар иккиси бузди"",""Ҳар иккиси ҳам бузмади""}",1,https://ptest.uz/images/ed398a24-6d2a-4c72-b81c-7000c45b8500.webp,21-BILET,300,,,,
"Agar yo'l bo'lagi sidirg'a chiziq bilan ajratilib, belgi bilan belgilangan bo'lsa, avtobus haydovchisining bo'lak bo'ylab harakatlanishiga ruxsat etiladimi?","Агар ёл бўлаги сидирға чизиқ билан ажратилиб, белги билан белгиланган бўлса, автобус ҳайдовчисининг бўлак бўйлаб ҳаракатланишига рухсат етиладими?","{""Ruxsat etiladi"",""Taqiqlanadi"",""Agar avtobus belgilangan yo'nalish bo'yicha harakatlansa, ruxsat etiladi""}","{""Рухсат етилади"",""Тақиқланади"",""Агар автобус белгиланган ёналиш бўйича ҳаракатланса, рухсат етилади""}",2,https://ptest.uz/images/4e5773b0-e84f-49c2-b066-790d85bba0dc.webp,21-BILET,300,,,,
Ko'krak qafasi shikastlangan yaradorni kerakli joyga qanday eltish kerak?,Кўкрак қафаси шикастланган ярадорни керакли жойга қандай елтиш керак?,"{""Yaralangan yoni bilan yotgan yoki yarim o'tirgan holda"",""Sog' yoni bilan yotgan yoki o'tirgan holda"",""Orqasi bilan yoki qorni bilan yotgan holda""}","{""Яраланган ёни билан ётган ёки ярим ўтирган ҳолда"",""Соғ ёни билан ётган ёки ўтирган ҳолда"",""Орқаси билан ёки қорни билан ётган ҳолда""}",0,https://postimg.cc/Dmfk0bYv,21-BILET,300,,,,
Ko'rsatilgan belgilardan qay biri ilgari kiritilgan barcha cheklashlarni bekor qiladi?,Кўрсатилган белгилардан қай бири илгари киритилган барча чеклашларни бекор қилади?,"{""1"",""2"",""3"",""4"",""5""}","{""1"",""2"",""3"",""4"",""5""}",3,https://ptest.uz/images/cfa6ddfb-e0d4-47f0-a00e-7ebe3baa4f37.webp,21-BILET,300,,,,
Avtomobil haydovchisi uni boshqa transport vositalari quvib o'tayotganda qanday harakat qilishi kerak?,Автомобил ҳайдовчиси уни бошқа транспорт воситалари қувиб ўтаётганда қандай ҳаракат қилиши керак?,"{""Harakat bo'lagini o'zgartirmay, o'ng burilish ishorasini berishi"",""Harakat tezligini oshirish yoki boshqa xatti-harakatlar bilan quvib o'tishga to'sqinlik qilmasligi"",""Harakat tezligini kamaytirishi, tovush ishora berishi""}","{""Ҳаракат бўлагини ўзгартирмай, ўнг бурилиш ишорасини бериши"",""Ҳаракат тезлигини ошириш ёки бошқа хатти-ҳаракатлар билан қувиб ўтишга тўсқинлик қилмаслиги"",""Ҳаракат тезлигини камайтириши, товуш ишора бериши""}",1,https://postimg.cc/Dmfk0bYv,21-BILET,300,,,,
Qo'l bilan beriladigan ogohlantiruvchi ishora qoidalarga muvofiq qachon tugallanishi mumkin?,Қўл билан бериладиган огоҳлантирувчи ишора қоидаларга мувофиқ қачон тугалланиши мумкин?,"{""Manyovrni bevosita bajarishdan oldin"",""Manyovr tugagandan so'ng zudlik bilan"",""Manyovr bajarayotgan vaqtda""}","{""Манёврни бевосита бажаришдан олдин"",""Манёвр тугагандан сўнг зудлик билан"",""Манёвр бажараётган вақтда""}",0,https://postimg.cc/Dmfk0bYv,21-BILET,300,,,,
Qish vaqtida orqa etakchi ko'prikli avtomobilda chuqur bo'lib qolgan g'ildirak izidan qanday chiqish mumkin?,Қиш вақтида орқа етакчи кўприкли автомобилда чуқур бўлиб қолган ғилдирак изидан қандай чиқиш мумкин?,"{""Uncha katta bo'lmagan tezliqda chiqish, birinchi galda boshqaruv chambaragini chiqish tomonning ro'parasiga, keyin esa chiqish tomoniga shiddat bilan burish kerak"",""Izdan chiqishni iloji boricha tezroq boshlash, dastlab boshqaruv chambaragini chiqish tomoniga, keyin esa ro'parasiga burish kerak""}","{""Унча катта бўлмаган тезлиқда чиқиш, биринчи галда бошқарув чамбарагини чиқиш томоннинг рўпарасига, кейин еса чиқиш томонига шиддат билан буриш керак"",""Издан чиқишни иложи борича тезроқ бошлаш, дастлаб бошқарув чамбарагини чиқиш томонига, кейин еса рўпарасига буриш керак""}",0,https://postimg.cc/Dmfk0bYv,21-BILET,300,,,,
Haydovchi qanday holda bu belgining talablarini to'g'ri bajaradi?,Ҳайдовчи қандай ҳолда бу белгининг талабларини тўғри бажаради?,"{""Kesishadigan yo'l bo'ylab harakat qilayotgan mexanik transport vositalariga yo'l beradi"",""Kesishadigan yo'l bo'ylab harakat qilayotgan transport vositalariga yo'l beradi""}","{""Кесишадиган ёл бўйлаб ҳаракат қилаётган механик транспорт воситаларига ёл беради"",""Кесишадиган ёл бўйлаб ҳаракат қилаётган транспорт воситаларига ёл беради""}",1,https://ptest.uz/images/3732ba1f-208b-4336-86ac-b5bfcd6ad3f8.webp,21-BILET,300,,,,
Qaysi belgi kesishadigan yo'l bo'ylab harakat qilayotgan transport vositalariga yo'l berish majburiyatini yuklaydi?,Қайси белги кесишадиган ёл бўйлаб ҳаракат қилаётган транспорт воситаларига ёл бериш мажбуриятини юклайди?,"{""1"",""2"",""3"",""4"",""5""}","{""1"",""2"",""3"",""4"",""5""}",3,https://ptest.uz/images/5277d174-31ff-41a8-9697-2330ee2fda26.webp,22-BILET,300,,,,
Manyovr vaqtida haydovchi xar doim ogoxlantiruvchi ishorasi berishi kerakmi?,Манёвр вақтида ҳайдовчи хар доим огохлантирувчи ишораси бериши керакми?,"{""Faqat agar uning orqasida boshqa transport vositasi harakatlanayotgan holda"",""Faqat agar uning transport vositasi burilishini ko'rsatuvchi chiroqlar bilan jihozlangan holda"",""Faqat serqatnov harakatli yo'lda"",""Faqat u harakatning boshqa ishtirokchilarini chalg'itmagan hollarda""}","{""Фақат агар унинг орқасида бошқа транспорт воситаси ҳаракатланаётган ҳолда"",""Фақат агар унинг транспорт воситаси бурилишини кўрсатувчи чироқлар билан жиҳозланган ҳолда"",""Фақат серқатнов ҳаракатли ёлда"",""Фақат у ҳаракатнинг бошқа иштирокчиларини чалғитмаган ҳолларда""}",3,https://postimg.cc/Dmfk0bYv,22-BILET,300,,,,
Chorrahani kesib o'tish navbatini ko'rsating:,Чорраҳани кесиб ўтиш навбатини кўрсатинг:,"{""Ko'k, qizil, ayni vaqtda yashil bilan"",""Qizil, ko'k, yashil"",""Qizil ayni vaqtda yashil bilan, ko'k""}","{""Кўк, қизил, айни вақтда яшил билан"",""Қизил, кўк, яшил"",""Қизил айни вақтда яшил билан, кўк""}",2,https://ptest.uz/images/6616c132-f0cf-42ee-99d7-37861bd5cc2c.webp,22-BILET,300,,,,
"Transport vositasining haydovchisi oldida ""to'xtash chizig'i"" chizilgan va svetoforning yashil yoritkichi yoniq bo'lgan chorrahaga yaqinlashayotib nima qilishi kerak?","Транспорт воситасининг ҳайдовчиси олдида ""тўхташ чизиғи"" чизилган ва светофорнинг яшил ёриткичи ёниқ бўлган чорраҳага яқинлашаётиб нима қилиши керак?","{""\""?????? ??????\""da to'xtashi, so'ng esa harakatni qayta tiklashi"",""To'xtamasdan chorraha orqali harakatni davom ettirishi""}","{""\""?????? ??????\""да тўхташи, сўнг еса ҳаракатни қайта тиклаши"",""Тўхтамасдан чорраҳа орқали ҳаракатни давом еттириши""}",1,https://postimg.cc/Dmfk0bYv,22-BILET,300,,,,
"Ruxsat etilgan to'la vazni 3,5 t dan kam bo'lgan yuk avtomobilining haydovchisiga avtomagistrallarda nima taqiqlangan?","Рухсат етилган тўла вазни 3,5 т дан кам бўлган юк автомобилининг ҳайдовчисига автомагистралларда нима тақиқланган?","{""Uch bo'lakli yo'lning ikkinchi bo'lagida harakatlanish"",""Orqa bilan harakatlanish"",""Mexanik transport vositalarini shatakka olish"",""Barcha sanab o'tilgan harakatlar""}","{""Уч бўлакли ёлнинг иккинчи бўлагида ҳаракатланиш"",""Орқа билан ҳаракатланиш"",""Механик транспорт воситаларини шатакка олиш"",""Барча санаб ўтилган ҳаракатлар""}",1,https://postimg.cc/Dmfk0bYv,22-BILET,300,,,,
Qaysi transport vositasi haydovchisi yo'l berishi kerak?,Қайси транспорт воситаси ҳайдовчиси ёл бериши керак?,"{""Avtomobil haydovchisi"",""Motosikl haydovchisi""}","{""Автомобил ҳайдовчиси"",""Мотосикл ҳайдовчиси""}",1,https://ptest.uz/images/f0b7329e-4325-41e6-9054-b746f36b0e12.webp,22-BILET,300,,,,
Aholi punktlaridan tashqarida yuk avtomobil yukxonasida odamlarni tashishda qanday eng yuqori tezlikda harakatlanishga ruxsat etiladi?,Аҳоли пунктларидан ташқарида юк автомобил юкхонасида одамларни ташишда қандай енг юқори тезликда ҳаракатланишга рухсат етилади?,"{""40 km/s"",""50 km/s"",""60 km/s"",""70 km/s"",""80 km/s""}","{""40 км/с"",""50 км/с"",""60 км/с"",""70 км/с"",""80 км/с""}",2,https://postimg.cc/Dmfk0bYv,22-BILET,300,,,,
Bunday vaziyatda haydovchi nima qilishi kerak?,Бундай вазиятда ҳайдовчи нима қилиши керак?,"{""Oldindan yaqin fara chiroqlarini yoqib va uzluksiz tovush ishorasini berib, eng kam tezlik bilan turgan transport vositasini aylanib o'tishi"",""Qatnov qismidan o'tayotgan bolalarga yo'l berishi"",""Bu yo'l qismidan o'tishi kerak, chunki bolalar qatnov qismini piyodalar o'tish joyidan kesib o'tmayaptilar""}","{""Олдиндан яқин фара чироқларини ёқиб ва узлуксиз товуш ишорасини бериб, енг кам тезлик билан турган транспорт воситасини айланиб ўтиши"",""Қатнов қисмидан ўтаётган болаларга ёл бериши"",""Бу ёл қисмидан ўтиши керак, чунки болалар қатнов қисмини пиёдалар ўтиш жойидан кесиб ўтмаяптилар""}",1,https://ptest.uz/images/3ce87672-16cf-4f85-bb8a-ba3ee5271ebf.webp,22-BILET,300,,,,
Mazkur taniqlik belgisi nimani bildiradi?,Мазкур таниқлик белгиси нимани билдиради?,"{""Oldinda qatnov qismi notekis bo'lgan yo'l qismini"",""Oldinda shu yo'nalishda harakatlanish uchun uch bo'lakli yo'l qismini"",""Mexanik transport vositasida tishli turumlangan (shiplar) shinalar o'rnatilganini""}","{""Олдинда қатнов қисми нотекис бўлган ёл қисмини"",""Олдинда шу ёналишда ҳаракатланиш учун уч бўлакли ёл қисмини"",""Механик транспорт воситасида тишли турумланган (шиплар) шиналар ўрнатилганини""}",2,https://ptest.uz/images/90d8baf5-c067-4546-8efd-c1fd08dc3c08.webp,22-BILET,300,,,,
Avtobus haydovchisiga yo'lovchilarni tushirish uchun to'xtashga ruxsat etiladimi?,Автобус ҳайдовчисига ёловчиларни тушириш учун тўхташга рухсат етиладими?,"{""Taqiqlanadi"",""Ruxsat etiladi""}","{""Тақиқланади"",""Рухсат етилади""}",0,https://ptest.uz/images/971ae0f9-4594-41ec-ab25-46ee30dce6f8.webp,22-BILET,300,,,,
Bu yotiq chiziq nimani bildiradi?,Бу ётиқ чизиқ нимани билдиради?,"{""Piyodalar o'tish joyini"",""Velosiped yo'lkasi qatnov qismini kesib o'tadigan joyni"",""Mol haydaladigan joyni""}","{""Пиёдалар ўтиш жойини"",""Велосипед ёлкаси қатнов қисмини кесиб ўтадиган жойни"",""Мол ҳайдаладиган жойни""}",1,https://ptest.uz/images/9fc9a8e0-55fe-44f3-8984-c982399d9fb8.webp,22-BILET,300,,,,
Qaysi transport vositasi haydovchisi yo'l berishi kerak?,Қайси транспорт воситаси ҳайдовчиси ёл бериши керак?,"{""Avtobusning haydovchisi"",""Yuk tashuvchi avtomobilning haydovchisi""}","{""Автобуснинг ҳайдовчиси"",""Юк ташувчи автомобилнинг ҳайдовчиси""}",1,https://ptest.uz/images/2fe6efa9-b8c0-426e-b132-dcc58e641d85.webp,22-BILET,300,,,,
Qaysi transport vositasining haydovchisi aylanma harakatli kesishmaga to'g'ri chiqadi?,Қайси транспорт воситасининг ҳайдовчиси айланма ҳаракатли кесишмага тўғри чиқади?,"{""Ikki haydovchi"",""Faqat avtobusning haydovchisi"",""Faqat engil avtomobilning haydovchisi""}","{""Икки ҳайдовчи"",""Фақат автобуснинг ҳайдовчиси"",""Фақат енгил автомобилнинг ҳайдовчиси""}",0,https://ptest.uz/images/1b5ee07c-3ebf-44ac-8ff0-0e0efa6cce24.webp,22-BILET,300,,,,
Yo'lovchilarni tushirish uchun bu belgi o'rnatilgan bo'lakda to'xtashga ruxsat etiladimi?,Ёловчиларни тушириш учун бу белги ўрнатилган бўлакда тўхташга рухсат етиладими?,"{""Agar bo'lak qatnov qismining o'ng chetida joylashgan va u yotiq uzluksiz chizig'i bilan qatnov qismidan ajratilmagan bo'lsa ruxsat etiladi"",""Taqiqlanadi"",""Ruxsat etiladi""}","{""Агар бўлак қатнов қисмининг ўнг четида жойлашган ва у ётиқ узлуксиз чизиғи билан қатнов қисмидан ажратилмаган бўлса рухсат етилади"",""Тақиқланади"",""Рухсат етилади""}",0,https://ptest.uz/images/7fc48bf5-61e9-4708-9e13-ab7b54a861b7.webp,22-BILET,300,,,,
"Siz quvib o'tish uchun chiqdingiz va bexosdan ro'paradan kelayotgan avtobusni ko'rib qoldingiz. Agar Siz quvib o'tishni tugallay olishingizga ishonchingiz bo'lmasa, Siz:","Сиз қувиб ўтиш учун чиқдингиз ва бехосдан рўпарадан келаётган автобусни кўриб қолдингиз. Агар Сиз қувиб ўтишни тугаллай олишингизга ишончингиз бўлмаса, Сиз:","{""Tovush xabarini berib va faralarni yoqib quvib o'tishni uni tugallaguncha davom ettirishingiz kerak"",""Tezlikni asta ko'paytirishingiz va quvib o'tishni tezroq tugallashingiz kerak"",""Tezlikni kamaytirishingiz va avval egallagan bo'lagingizga qaytishingiz kerak""}","{""Товуш хабарини бериб ва фараларни ёқиб қувиб ўтишни уни тугаллагунча давом еттиришингиз керак"",""Тезликни аста кўпайтиришингиз ва қувиб ўтишни тезроқ тугаллашингиз керак"",""Тезликни камайтиришингиз ва аввал егаллаган бўлагингизга қайтишингиз керак""}",2,https://postimg.cc/Dmfk0bYv,22-BILET,300,,,,
Bu joyda quvib o'tishga ruxsat etilganmi?,Бу жойда қувиб ўтишга рухсат етилганми?,"{""Quvib o'tilayotgan transport vositasi 40 km/s dan kam tezlik bilan harakatlanganda ruxsat etiladi"",""Taqiqlanadi"",""Agar quvib o'tish temir yo'l kesishmasigacha tugasa, ruxsat etiladi""}","{""Қувиб ўтилаётган транспорт воситаси 40 км/с дан кам тезлик билан ҳаракатланганда рухсат етилади"",""Тақиқланади"",""Агар қувиб ўтиш темир ёл кесишмасигача тугаса, рухсат етилади""}",1,https://ptest.uz/images/23843879-b00d-4832-a5d0-84a92bc804db.webp,22-BILET,300,,,,
Ishlamayotgan boshqaruv ruli bilan to'xtab turish yoki tamirlash joyiga borishga ruxsat etiladimi?,Ишламаётган бошқарув рули билан тўхтаб туриш ёки тамирлаш жойига боришга рухсат етиладими?,"{""Qattiq ulagichda shatakka olinganda ruxsat etiladi"",""Harakat havfsizligini taminlovchi tezlikda ruxsat etiladi"",""Taqiqlanadi""}","{""Қаттиқ улагичда шатакка олинганда рухсат етилади"",""Ҳаракат ҳавфсизлигини таминловчи тезликда рухсат етилади"",""Тақиқланади""}",2,https://postimg.cc/Dmfk0bYv,22-BILET,300,,,,
Bu belgida qaysi yuk avtomobili harakatni davom ettirishi mumkin?,Бу белгида қайси юк автомобили ҳаракатни давом еттириши мумкин?,"{""8 tonnagacha yuk ortgan avtomobil"",""8 tonna yuk ko'tarish quvvatiga ega bo'lgan bo'sh avtomobil"",""Ruxsat etilgan to'la vazni 8 tonnadan ortiq bo'lmagan avtomobil""}","{""8 тоннагача юк ортган автомобил"",""8 тонна юк кўтариш қувватига ега бўлган бўш автомобил"",""Рухсат етилган тўла вазни 8 тоннадан ортиқ бўлмаган автомобил""}",2,https://ptest.uz/images/80dff73e-7d0f-4908-9432-3acd4dbe2b6e.webp,22-BILET,300,,,,
Qayta tizilishda haydovchi boshqa transport vositalariga yo'l berishi kerakmi?,Қайта тизилишда ҳайдовчи бошқа транспорт воситаларига ёл бериши керакми?,"{""Kerak, agar transport vositasi qo'shni bo'lak bo'yicha yo'lakay harakat qilsa"",""Kerak emas"",""O'zaro qayta tizilishda barcha hollarda kerak""}","{""Керак, агар транспорт воситаси қўшни бўлак бўйича ёлакай ҳаракат қилса"",""Керак емас"",""Ўзаро қайта тизилишда барча ҳолларда керак""}",0,https://postimg.cc/Dmfk0bYv,22-BILET,300,,,,
Tyagach haydovchisi nima qilishi kerak?,Тягач ҳайдовчиси нима қилиши керак?,"{""Xavfli burilishdan 100 metr o'tib turib to'xtash va orqasida to'plangan transport vositalarini o'tkazib yuborishi"",""O'sha tezlik bilan harakatni davom ettirishi"",""Qo'li bilan o'zini ro'para bo'lakdan quvib o'tishlari haqida ishora qilishi kerak""}","{""Хавфли бурилишдан 100 метр ўтиб туриб тўхташ ва орқасида тўпланган транспорт воситаларини ўтказиб юбориши"",""Ўша тезлик билан ҳаракатни давом еттириши"",""Қўли билан ўзини рўпара бўлакдан қувиб ўтишлари ҳақида ишора қилиши керак""}",0,https://ptest.uz/images/3ad7e0d6-5ea1-4d19-8e82-8e73e6a49f83.webp,22-BILET,300,,,,
Qaysi belgi kesishadigan yo'l bo'ylab harakat qilayotgan transport vositalariga yo'l berish majburiyatini yuklaydi?,Қайси белги кесишадиган ёл бўйлаб ҳаракат қилаётган транспорт воситаларига ёл бериш мажбуриятини юклайди?,"{""1"",""2"",""3"",""4"",""5""}","{""1"",""2"",""3"",""4"",""5""}",3,https://ptest.uz/images/5277d174-31ff-41a8-9697-2330ee2fda26.webp,22-BILET,300,,,,
Uch bo'lakli bo'lgan ikki tomonlama harakatlanadigan yo'llarda ro'paradagi harakat uchun mo'ljallangan chetki chap bo'lakka o'tishga ruxsat etiladimi?,Уч бўлакли бўлган икки томонлама ҳаракатланадиган ёлларда рўпарадаги ҳаракат учун мўлжалланган четки чап бўлакка ўтишга рухсат етиладими?,"{""Quvib o'tish uchun ruxsat etiladi"",""Barcha hollarda ruxsat etiladi"",""Taqiqlanadi""}","{""Қувиб ўтиш учун рухсат етилади"",""Барча ҳолларда рухсат етилади"",""Тақиқланади""}",2,https://postimg.cc/Dmfk0bYv,23-BILET,300,,,,
Qayta tizilish oldidan ogohlantiruvchi ishora qachon berilishi kerak?,Қайта тизилиш олдидан огоҳлантирувчи ишора қачон берилиши керак?,"{""Bevosita manyovrni bajarishni boshlash oldidan"",""Manyovrni bajarishni boshlagandan so'ng zudlik bilan"",""Manyovrni bajarishni boshlamasidan oldinroq""}","{""Бевосита манёврни бажаришни бошлаш олдидан"",""Манёврни бажаришни бошлагандан сўнг зудлик билан"",""Манёврни бажаришни бошламасидан олдинроқ""}",2,https://postimg.cc/Dmfk0bYv,23-BILET,300,,,,
Transport vositalari chorrahani quyidagi tartibda kesib o'tadilar:,Транспорт воситалари чорраҳани қуйидаги тартибда кесиб ўтадилар:,"{""Qizil avtomobil, tramvay ayni vaqtda yashil avtomobil bilan"",""Tramvay, qizil, yashil avtomobillar"",""Tramvay, ayni vaqtda yashil avtomobil, qizil avtomobil""}","{""Қизил автомобил, трамвай айни вақтда яшил автомобил билан"",""Трамвай, қизил, яшил автомобиллар"",""Трамвай, айни вақтда яшил автомобил, қизил автомобил""}",0,https://ptest.uz/images/9fdaf374-1436-46d3-91b6-9657d5370647.webp,23-BILET,300,,,,
Bu yo'l belgisi nimani bildiradi?,Бу ёл белгиси нимани билдиради?,"{""Yo'l (marshrut) raqamini ko'rsatadi"",""Eng yaqin aholi yashaydigan joygacha bo'lgan masofani ko'rsatadi"",""DANning eng yaqin mahkamasigacha bo'lgan masofani ko'rsatadi"",""\""???????? ???????\"" vazifasini bajaradi""}","{""Ёл (маршрут) рақамини кўрсатади"",""Енг яқин аҳоли яшайдиган жойгача бўлган масофани кўрсатади"",""ДАНнинг енг яқин маҳкамасигача бўлган масофани кўрсатади"",""\""???????? ???????\"" вазифасини бажаради""}",0,https://ptest.uz/images/a768212a-d5c8-4571-a406-ebe16689e44e.webp,23-BILET,300,,,,
Furgon yukxonada odamlarni tashishga ruxsat etiladimi?,Фургон юкхонада одамларни ташишга рухсат етиладими?,"{""Taqiqlanadi"",""Ruxsat etiladi"",""Agar ularning tuzilishi odamlarni tashishga moslashtirilgan bo'lsa, ruxsat etiladi""}","{""Тақиқланади"",""Рухсат етилади"",""Агар уларнинг тузилиши одамларни ташишга мослаштирилган бўлса, рухсат етилади""}",2,https://postimg.cc/Dmfk0bYv,23-BILET,300,,,,
"Yo'lning chapga burilishiga yaqinlashganingizda, u o'ylaganingizdan ko'ra ancha keskinroq bo'lib chiqsa, Siz","Ёлнинг чапга бурилишига яқинлашганингизда, у ўйлаганингиздан кўра анча кескинроқ бўлиб чиқса, Сиз","{""Tezlikni o'zgartirmay va yo'l qatnov qismining chap yoqasidan harakatni davom ettirishingiz kerak"",""Harakat tezligini kamaytirishingiz kerak"",""Burilishdan tezroq o'tish uchun tezlikni oshirishingiz kerak""}","{""Тезликни ўзгартирмай ва ёл қатнов қисмининг чап ёқасидан ҳаракатни давом еттиришингиз керак"",""Ҳаракат тезлигини камайтиришингиз керак"",""Бурилишдан тезроқ ўтиш учун тезликни оширишингиз керак""}",1,https://postimg.cc/Dmfk0bYv,23-BILET,300,,,,
Ko'k avtomobilga qaysi yo'nalishda harakatlanishga ruxsat etiladi?,Кўк автомобилга қайси ёналишда ҳаракатланишга рухсат етилади?,"{""Faqat orqa yo'nalishda"",""To'g'riga, chap va orqa yo'nalishda"",""Chap va orqa yo'nalishda"",""Barcha yo'nalishlarda""}","{""Фақат орқа ёналишда"",""Тўғрига, чап ва орқа ёналишда"",""Чап ва орқа ёналишда"",""Барча ёналишларда""}",2,https://ptest.uz/images/1044f826-f496-4dfc-ba14-fb05dd40eb05.webp,23-BILET,300,,,,
"Agar transport vositasining ishchi tormozining samaradorligi Qoidalar talabiga javob bermasa, u holda siz majbursiz:","Агар транспорт воситасининг ишчи тормозининг самарадорлиги Қоидалар талабига жавоб бермаса, у ҳолда сиз мажбурсиз:","{""Belgilangan safarni davom ettirishga, bunda kunning yorug' vaqtida yaqinni yorituvchi fara chirog'ini yoqishga"",""Bundan keyingi harakatni to'xtatishga"",""Nosozlikni o'sha joyda bartaraf etishga, agar buning iloji bo'lmasa zarur ehtiyot choralariga rioya qilgan holda to'xtab turish yoki tamirlashga olib borishga""}","{""Белгиланган сафарни давом еттиришга, бунда куннинг ёруғ вақтида яқинни ёритувчи фара чироғини ёқишга"",""Бундан кейинги ҳаракатни тўхтатишга"",""Носозликни ўша жойда бартараф етишга, агар бунинг иложи бўлмаса зарур еҳтиёт чораларига риоя қилган ҳолда тўхтаб туриш ёки тамирлашга олиб боришга""}",2,https://postimg.cc/Dmfk0bYv,23-BILET,300,,,,
Haydovchi to'xtash oldidan ogohlatiruvchi ishora berishga qachon majbur?,Ҳайдовчи тўхташ олдидан огоҳлатирувчи ишора беришга қачон мажбур?,"{""Faqat shu holdaki, agar uning orqasidan boshqa transport vositasi harakat qilsa"",""Faqat aholi punktlarida"",""Barcha hollarda""}","{""Фақат шу ҳолдаки, агар унинг орқасидан бошқа транспорт воситаси ҳаракат қилса"",""Фақат аҳоли пунктларида"",""Барча ҳолларда""}",2,https://postimg.cc/Dmfk0bYv,23-BILET,300,,,,
Ro'paradan kelayotgan avtomobil haydovchisi qanday yo'l tutishi kerak?,Рўпарадан келаётган автомобил ҳайдовчиси қандай ёл тутиши керак?,"{""Yo'l yoqasida to'xtashi"",""Yalt-yalt etuvchi chiroq mayoqchasi yoqilgan avtomobiliga halaqit bermasdan harakatni davom ettirishi""}","{""Ёл ёқасида тўхташи"",""Ялт-ялт етувчи чироқ маёқчаси ёқилган автомобилига ҳалақит бермасдан ҳаракатни давом еттириши""}",1,https://ptest.uz/images/91adc14e-7916-4528-a661-b4beaac94c32.webp,23-BILET,300,,,,
Yo'naltirgichlar bilan ko'rsatilgan qaysi yo'nalishlarda harakatlanishga ruxsat etilgan?,Ёналтиргичлар билан кўрсатилган қайси ёналишларда ҳаракатланишга рухсат етилган?,"{""\""?\"""",""\""?\"""",""\""?\"" va \""?\""""}","{""\""?\"""",""\""?\"""",""\""?\"" ва \""?\""""}",0,https://ptest.uz/images/042c6fa6-abf7-43f2-9f12-f4ca1c8bfb09.webp,23-BILET,300,,,,
Motosiklning haydovchisi qanday holda chapga to'g'ri burildi?,Мотосиклнинг ҳайдовчиси қандай ҳолда чапга тўғри бурилди?,"{""Chorrahaga chiqdi, yuk avtomobilini o'tkazib yubordi, burilishni tugalladi"",""Chorrahaga chiqdi va tartibga soluvchining ruxsat etuvchi ishorasini kutib, burilishni tugalladi"",""To'xtadi va tartibga soluvchining ruxsat etuvchi ishorasida to'xtamay chapga burildi""}","{""Чорраҳага чиқди, юк автомобилини ўтказиб юборди, бурилишни тугаллади"",""Чорраҳага чиқди ва тартибга солувчининг рухсат етувчи ишорасини кутиб, бурилишни тугаллади"",""Тўхтади ва тартибга солувчининг рухсат етувчи ишорасида тўхтамай чапга бурилди""}",2,https://ptest.uz/images/48063952-a0a4-4703-84bb-a0cf8df8fbc1.webp,23-BILET,300,,,,
Avtomobilning qaysi yo'nalishda harakatlanishiga ruxsat etiladi?,Автомобилнинг қайси ёналишда ҳаракатланишига рухсат етилади?,"{""Chapga va o'ngga"",""Faqat to'g'riga"",""Barcha yo'nalishlarga""}","{""Чапга ва ўнгга"",""Фақат тўғрига"",""Барча ёналишларга""}",2,https://ptest.uz/images/017923a8-8ec7-423f-b6b2-7b83712e86ab.webp,23-BILET,300,,,,
Chorrahani ikkinchi bo'lib kim kesib o'tadi?,Чорраҳани иккинчи бўлиб ким кесиб ўтади?,"{""Yashil avtomobil"",""Qizil avtomobil"",""Ko'k avtomobil"",""Sariq avtomobil""}","{""Яшил автомобил"",""Қизил автомобил"",""Кўк автомобил"",""Сариқ автомобил""}",1,https://ptest.uz/images/b1e93ee9-2072-41c0-947d-c24f5f93bae7.webp,23-BILET,300,,,,
Qaysi transport vositasining haydovchisi yo'lda tezlanish bo'lagi bo'lganda unga chiqish qoidasini buzdi?,Қайси транспорт воситасининг ҳайдовчиси ёлда тезланиш бўлаги бўлганда унга чиқиш қоидасини бузди?,"{""Har ikki haydovchi"",""Har ikki haydovchi to'g'ri chiqadi"",""Ko'k avtomobilning haydovchisi"",""Yashil avtomobilning haydovchisi""}","{""Ҳар икки ҳайдовчи"",""Ҳар икки ҳайдовчи тўғри чиқади"",""Кўк автомобилнинг ҳайдовчиси"",""Яшил автомобилнинг ҳайдовчиси""}",3,https://ptest.uz/images/914230f7-7094-4639-870a-0b79bfc9f319.webp,23-BILET,300,,,,
Haydovchi yo'l-transport hodisasida shikastlangan transport vositasini shatakka olish uchun yuk avtomobilini ichki ishlar organi xodimi ixtiyoriga qanday holda berishi kerak?,Ҳайдовчи ёл-транспорт ҳодисасида шикастланган транспорт воситасини шатакка олиш учун юк автомобилини ички ишлар органи ходими ихтиёрига қандай ҳолда бериши керак?,"{""Faqat shu holdaki, agar shatakka olish yo'l-yo'lakay yo'nalishda amalga oshirilsa"",""Har qanday holda, fuqarolarga tegishli transport vositalaridan tashqari"",""Haydovchining istagi bo'yicha""}","{""Фақат шу ҳолдаки, агар шатакка олиш ёл-ёлакай ёналишда амалга оширилса"",""Ҳар қандай ҳолда, фуқароларга тегишли транспорт воситаларидан ташқари"",""Ҳайдовчининг истаги бўйича""}",1,https://postimg.cc/Dmfk0bYv,23-BILET,300,,,,
To'xtash qoidasini buzgan hamma haydovchilar qaysi javobda ko'rsatilgan?,Тўхташ қоидасини бузган ҳамма ҳайдовчилар қайси жавобда кўрсатилган?,"{""Qizil avtomobil va motosiklning haydovchilari"",""Ko'k avtomobil haydovchisi"",""Motosiklning haydovchisi"",""Barcha transport vositalarining haydovchilari""}","{""Қизил автомобил ва мотосиклнинг ҳайдовчилари"",""Кўк автомобил ҳайдовчиси"",""Мотосиклнинг ҳайдовчиси"",""Барча транспорт воситаларининг ҳайдовчилари""}",3,https://ptest.uz/images/78cda1b5-6ade-42e8-8356-047cfacbf30b.webp,23-BILET,300,,,,
Burilish vaqtida qatnov qismining kesishmasidan chiqishda transport vositasi qaerda bo'lmasligi kerak?,Бурилиш вақтида қатнов қисмининг кесишмасидан чиқишда транспорт воситаси қаерда бўлмаслиги керак?,"{""Chap bo'lakda, agar o'ng bo'lak bo'sh bo'lsa"",""Qarama-qarshi harakat tomonida"",""Agar bir yo'nalishda harakatlanish uchun uchtadan kam bo'lmagan bo'lak bo'lganda, chap bo'lakda"",""Ruxsat etilgan to'la vazni 3,5 t. dan ortiq bo'lgan faqat yuk avtomobillariga bir yo'nalishdan harakatlanishi uchun ikkita bo'lak bo'lsa, chap bo'lakda""}","{""Чап бўлакда, агар ўнг бўлак бўш бўлса"",""Қарама-қарши ҳаракат томонида"",""Агар бир ёналишда ҳаракатланиш учун учтадан кам бўлмаган бўлак бўлганда, чап бўлакда"",""Рухсат етилган тўла вазни 3,5 т. дан ортиқ бўлган фақат юк автомобилларига бир ёналишдан ҳаракатланиши учун иккита бўлак бўлса, чап бўлакда""}",1,https://postimg.cc/Dmfk0bYv,23-BILET,300,,,,
Bu yotiq chiziq nimani bildiradi?,Бу ётиқ чизиқ нимани билдиради?,"{""Faqat avtobusning harakatlanishi uchun mo'ljallangan bo'lakni bildiradi"",""Faqat belgilangan yo'nalishdagi transport vositalarining harakatlanishi uchun mo'ljallangan bo'lakni bildiradi"",""Avtobuslar va trolleybuslarning harakatlanishi uchun mo'ljallangan bo'lakni bildiradi"",""Avtobuslar va marshrutli taksi (alohida kichik avtobuslar)ning harakatlanishi uchun mo'ljallangan bo'lakni bildiradi""}","{""Фақат автобуснинг ҳаракатланиши учун мўлжалланган бўлакни билдиради"",""Фақат белгиланган ёналишдаги транспорт воситаларининг ҳаракатланиши учун мўлжалланган бўлакни билдиради"",""Автобуслар ва троллейбусларнинг ҳаракатланиши учун мўлжалланган бўлакни билдиради"",""Автобуслар ва маршрутли такси (алоҳида кичик автобуслар)нинг ҳаракатланиши учун мўлжалланган бўлакни билдиради""}",1,https://ptest.uz/images/e5512446-aa69-4808-aa5a-ec7e96f9032c.webp,23-BILET,300,,,,
Avtomagistralda ajratuvchi bo'lakning uzilishlariga kirishga ruxsat etiladimi?,Автомагистралда ажратувчи бўлакнинг узилишларига киришга рухсат етиладими?,"{""Ruxsat etiladi"",""Faqat orqa burilish uchun ruxsat etiladi, to'la vazni 3,5 t dan ortiq bo'lgan yuk avtomobillarning haydovchilari bundan mustasno"",""Taqiqlanadi"",""Belgilangan yo'nalishdagi transport vositalariga ruxsat etiladi""}","{""Рухсат етилади"",""Фақат орқа бурилиш учун рухсат етилади, тўла вазни 3,5 т дан ортиқ бўлган юк автомобилларнинг ҳайдовчилари бундан мустасно"",""Тақиқланади"",""Белгиланган ёналишдаги транспорт воситаларига рухсат етилади""}",2,https://postimg.cc/Dmfk0bYv,23-BILET,300,,,,
Uch bo'lakli bo'lgan ikki tomonlama harakatlanadigan yo'llarda ro'paradagi harakat uchun mo'ljallangan chetki chap bo'lakka o'tishga ruxsat etiladimi?,Уч бўлакли бўлган икки томонлама ҳаракатланадиган ёлларда рўпарадаги ҳаракат учун мўлжалланган четки чап бўлакка ўтишга рухсат етиладими?,"{""Quvib o'tish uchun ruxsat etiladi"",""Barcha hollarda ruxsat etiladi"",""Taqiqlanadi""}","{""Қувиб ўтиш учун рухсат етилади"",""Барча ҳолларда рухсат етилади"",""Тақиқланади""}",2,https://postimg.cc/Dmfk0bYv,23-BILET,300,,,,
Ko'k avtomobilning haydovchisiga quvib o'tishga ruxsat etiladimi?,Кўк автомобилнинг ҳайдовчисига қувиб ўтишга рухсат етиладими?,"{""Ruxsat etiladi"",""Taqiqlanadi"",""Ruxsat etiladi, agar qizil avtomobil 40 km/soatdan kam tezlik bilan harakatlanayotgan bo'lsa""}","{""Рухсат етилади"",""Тақиқланади"",""Рухсат етилади, агар қизил автомобил 40 км/соатдан кам тезлик билан ҳаракатланаётган бўлса""}",1,https://ptest.uz/images/9cb5edd2-51b5-402d-a3e8-59032c60d577.webp,24-BILET,300,,,,
Sirpanchiq yo'lda yurgizgich bilan tormozlashni qo'llash orqa uzatmali avtomobil uchun:,Сирпанчиқ ёлда юргизгич билан тормозлашни қўллаш орқа узатмали автомобил учун:,"{""Avtomobilning turg'unligini oshiradi"",""Avtomobilning turg'unligini kamaytiradi"",""Avtomobilning turg'unligiga hech qanday tasir ko'rsatmaydi""}","{""Автомобилнинг турғунлигини оширади"",""Автомобилнинг турғунлигини камайтиради"",""Автомобилнинг турғунлигига ҳеч қандай тасир кўрсатмайди""}",0,https://postimg.cc/Dmfk0bYv,24-BILET,300,,,,
"Agar qatnov qismining kengligi chetki chap bo'lakdan qayrilish uchun etarli bo'lmasa, qoidalar qayrilishni qatnov qismining o'ng chekkasi yoki yo'lning o'ng yoqasidan amalga oshirishga yo'l qo'yadimi?","Агар қатнов қисмининг кенглиги четки чап бўлакдан қайрилиш учун етарли бўлмаса, қоидалар қайрилишни қатнов қисмининг ўнг чеккаси ёки ёлнинг ўнг ёқасидан амалга оширишга ёл қўядими?","{""Qatnov qismining faqat o'ng chekkasidan yo'l qo'yadi. Yo'lning o'ng yoqasidan yo'l qo'yilmaydi"",""Yo'l qo'yiladi. Bunda qayrilayotgan haydovchi yo'lakay va qarama-qarshi kelayotgan transport vositalarini o'tkazib yuborishi kerak"",""Yo'l qo'yilmaydi""}","{""Қатнов қисмининг фақат ўнг чеккасидан ёл қўяди. Ёлнинг ўнг ёқасидан ёл қўйилмайди"",""Ёл қўйилади. Бунда қайрилаётган ҳайдовчи ёлакай ва қарама-қарши келаётган транспорт воситаларини ўтказиб юбориши керак"",""Ёл қўйилмайди""}",1,https://postimg.cc/Dmfk0bYv,24-BILET,300,,,,
Svetoforning bir vaqtda yoqilgan sariq va qizil ishoralari nimani bildiradi?,Светофорнинг бир вақтда ёқилган сариқ ва қизил ишоралари нимани билдиради?,"{""Harakatni boshlash mumkin"",""Harakatni taqiqlaydi va tezda yashil ishora yoqilishi haqida ogohlantiradi"",""Chorrahaga maxsus ovoz yoki miltillovchi chiroq bilan ishora berayotgan transport vositasi yaqinlashib kelayotganini""}","{""Ҳаракатни бошлаш мумкин"",""Ҳаракатни тақиқлайди ва тезда яшил ишора ёқилиши ҳақида огоҳлантиради"",""Чорраҳага махсус овоз ёки милтилловчи чироқ билан ишора бераётган транспорт воситаси яқинлашиб келаётганини""}",1,https://ptest.uz/images/3785acdb-6c23-41a2-adff-6046497aa4cd.webp,24-BILET,300,,,,
Transport vositalarining haydovchilari avtobus yoki trolleybusga yo'l berishlari kerak:,Транспорт воситаларининг ҳайдовчилари автобус ёки троллейбусга ёл беришлари керак:,"{""Agar u harakatni to'xtash joyidan boshlasa"",""Agar u \""?????\"" soatda marshrut bo'yicha harakat qilsa"",""Aholi punktlarida, agar u belgilangan to'xtash joyidan (bekatlardan) harakatni boshlasa""}","{""Агар у ҳаракатни тўхташ жойидан бошласа"",""Агар у \""?????\"" соатда маршрут бўйича ҳаракат қилса"",""Аҳоли пунктларида, агар у белгиланган тўхташ жойидан (бекатлардан) ҳаракатни бошласа""}",2,https://postimg.cc/Dmfk0bYv,24-BILET,300,,,,
"Aholi punktlarida relssiz transport vositalariga, agar bir yo'nalishda uchta va undan ortiq harakatlanish bo'lagi bo'lganda, qaysi bo'lakdan harakatlanishga ruxsat etiladi? Yuk avtomobillari hisobga kirmaydi","Аҳоли пунктларида релссиз транспорт воситаларига, агар бир ёналишда учта ва ундан ортиқ ҳаракатланиш бўлаги бўлганда, қайси бўлакдан ҳаракатланишга рухсат етилади? Юк автомобиллари ҳисобга кирмайди","{""Har qanday bo'lak bo'yicha"",""Iloji boricha qatnov qismining o'ng chekkasiga yaqin bo'lak bo'yicha"",""Chapki chekkadan tashqari har qanday bo'lak bo'yicha. Unga faqat boshqa bo'laklarda harakat serqatnov bo'lganda, shuningdek, chapga burilish, orqaga qayrilish va bir tomonlama harakat tashkil qilingan yo'lda to'xtash uchun o'tishga ruxsat etiladi""}","{""Ҳар қандай бўлак бўйича"",""Иложи борича қатнов қисмининг ўнг чеккасига яқин бўлак бўйича"",""Чапки чеккадан ташқари ҳар қандай бўлак бўйича. Унга фақат бошқа бўлакларда ҳаракат серқатнов бўлганда, шунингдек, чапга бурилиш, орқага қайрилиш ва бир томонлама ҳаракат ташкил қилинган ёлда тўхташ учун ўтишга рухсат етилади""}",2,https://postimg.cc/Dmfk0bYv,24-BILET,300,,,,
Quyidagi qaysi suratda haydovchi avtomobilni qoidaga xilof ravishda to'xtash joyiga qo'ygan?,Қуйидаги қайси суратда ҳайдовчи автомобилни қоидага хилоф равишда тўхташ жойига қўйган?,"{""Faqat chapdagi"",""Chap va o'rtadagi"",""Barchasida""}","{""Фақат чапдаги"",""Чап ва ўртадаги"",""Барчасида""}",1,https://ptest.uz/images/222f1fd2-85da-4e7e-a188-00aa3554f891.webp,24-BILET,300,,,,
Ko'k avtomobil chorrahani kesib o'tadi:,Кўк автомобил чорраҳани кесиб ўтади:,"{""Birinchi bo'lib ayni bir vaqtda qizil bilan"",""Ikkinchi bo'lib ayni vaqtda qizil bilan"",""Uchinchi bo'lib ayni vaqtda qizil bilan""}","{""Биринчи бўлиб айни бир вақтда қизил билан"",""Иккинчи бўлиб айни вақтда қизил билан"",""Учинчи бўлиб айни вақтда қизил билан""}",2,https://ptest.uz/images/861c2490-a6da-466d-9440-5028d14b4d2d.webp,24-BILET,300,,,,
Chorrahada harakatlanishning majburiy yo'nalishini qaysi belgi ko'rsatadi?,Чорраҳада ҳаракатланишнинг мажбурий ёналишини қайси белги кўрсатади?,"{""1"",""2"",""3"",""4"",""5""}","{""1"",""2"",""3"",""4"",""5""}",3,https://ptest.uz/images/eaff8f04-88d9-4f5d-b55a-d88f43955618.webp,24-BILET,300,,,,
Harakatni boshlashdan avval shaharlararo avtobus haydovchilari nima qilishlari kerak?,Ҳаракатни бошлашдан аввал шаҳарлараро автобус ҳайдовчилари нима қилишлари керак?,"{""Yo'lovchilarga halokat bo'lganda chiqish joylaridan foydalanish haqida tushuntirish"",""Yo'lovchilarga chiqish, undan tushish va unga joylashish tartibi haqida tushuntirish"",""Yo'lovchilarga harakatlanish vaqtida salon ichida yurish mumkin emasligi haqida tushuntirish""}","{""Ёловчиларга ҳалокат бўлганда чиқиш жойларидан фойдаланиш ҳақида тушунтириш"",""Ёловчиларга чиқиш, ундан тушиш ва унга жойлашиш тартиби ҳақида тушунтириш"",""Ёловчиларга ҳаракатланиш вақтида салон ичида юриш мумкин емаслиги ҳақида тушунтириш""}",0,https://postimg.cc/Dmfk0bYv,24-BILET,300,,,,
Qaysi belgi to'xtamasdan o'tishni taqiqlaydi?,Қайси белги тўхтамасдан ўтишни тақиқлайди?,"{""1"",""2"",""3"",""4"",""5""}","{""1"",""2"",""3"",""4"",""5""}",3,https://ptest.uz/images/f0e60e4f-1a15-47c3-93dc-df5d9aa48ae2.webp,24-BILET,300,,,,
Davlat YHX xizmati ruxsatisiz transport vositasining yuk bilan yoki yuksiz harakatlanishiga qanday yuqori maksimal kenglikda yo'l qo'yiladi?,Давлат ЙҲХ хизмати рухсатисиз транспорт воситасининг юк билан ёки юксиз ҳаракатланишига қандай юқори максимал кенгликда ёл қўйилади?,"{""2,0 m"",""2,55 m"",""3,8 m"",""4,0 m"",""5,0 m""}","{""2,0 м"",""2,55 м"",""3,8 м"",""4,0 м"",""5,0 м""}",1,https://postimg.cc/Dmfk0bYv,24-BILET,300,,,,
Qaysi transport vositasining haydovchisi yo'l berishi kerak?,Қайси транспорт воситасининг ҳайдовчиси ёл бериши керак?,"{""Avtomobil haydovchisi"",""Tramvay haydovchisi""}","{""Автомобил ҳайдовчиси"",""Трамвай ҳайдовчиси""}",0,https://ptest.uz/images/d9a46d53-5595-4b18-9cee-d1e72eeec003.webp,24-BILET,300,,,,
Bu tik yo'l chizig'i nimani bildiradi?,Бу тик ёл чизиғи нимани билдиради?,"{""Yo'lning xavfli joylaridagi harakatlanish bo'lagi chegarasini bildiradi"",""Yo'lning boshqa qismlarida yo'l chetidagi to'siqlarning yon chegarasini belgilaydi"",""Xavfli yo'l qismlarida bordyurlarni belgilaydi"",""Yo'naltiruvchi ustunchalar, beton yoki temir-beton ustunchalar, to'siq ustunchalari va shunga o'xshashlarni belgilaydi""}","{""Ёлнинг хавфли жойларидаги ҳаракатланиш бўлаги чегарасини билдиради"",""Ёлнинг бошқа қисмларида ёл четидаги тўсиқларнинг ён чегарасини белгилайди"",""Хавфли ёл қисмларида бордюрларни белгилайди"",""Ёналтирувчи устунчалар, бетон ёки темир-бетон устунчалар, тўсиқ устунчалари ва шунга ўхшашларни белгилайди""}",1,https://ptest.uz/images/27ae6be7-5c0f-406f-9ac4-186248d8dc0e.webp,24-BILET,300,,,,
Qaysi rasmda haydovchi to'g'ri burilmoqda?,Қайси расмда ҳайдовчи тўғри бурилмоқда?,"{""Chapdagi rasmda"",""O'ngdagi rasmda""}","{""Чапдаги расмда"",""Ўнгдаги расмда""}",0,https://ptest.uz/images/93357a1e-818d-4eb0-ba9e-70f930a43858.webp,24-BILET,300,,,,
Bu yo'l chizig'i nimani bildiradi?,Бу ёл чизиғи нимани билдиради?,"{""Yo'llar ostin-ustun o'tadigan chorrahalarni"",""Harakatlanish tezligi 40 km/s gacha cheklangan qismini"",""Yo'l inshootlarining harakatdagi transport vositalariga xavf tug'diradigan tik bo'laklarini""}","{""Ёллар остин-устун ўтадиган чорраҳаларни"",""Ҳаракатланиш тезлиги 40 км/с гача чекланган қисмини"",""Ёл иншоотларининг ҳаракатдаги транспорт воситаларига хавф туғдирадиган тик бўлакларини""}",2,https://ptest.uz/images/7164a0ec-159f-47aa-9629-935be6c9435f.webp,24-BILET,300,,,,
Qaysi avtomobil to'xtab turishga to'g'ri qo'yilgan?,Қайси автомобил тўхтаб туришга тўғри қўйилган?,"{""Engil avtomobil"",""Har ikkisi noto'g'ri qo'yilgan"",""Har ikkisi to'g'ri qo'yilgan"",""Yuk avtomobil""}","{""Енгил автомобил"",""Ҳар иккиси нотўғри қўйилган"",""Ҳар иккиси тўғри қўйилган"",""Юк автомобил""}",1,https://ptest.uz/images/2376ab73-b210-49e7-8107-2dce8f5786ff.webp,24-BILET,300,,,,
Avtomobilga o'rnatilgan bu taniqlik belgi nimani bildiradi?,Автомобилга ўрнатилган бу таниқлик белги нимани билдиради?,"{""Avtomobil shifokor haydovchiga tegishli ekanini"",""Avtomobil haydovchi nogironga tegishli ekanini"",""Avtomobil uyda tibbiy yordami ko'rsatish uchun mo'ljallanganini""}","{""Автомобил шифокор ҳайдовчига тегишли еканини"",""Автомобил ҳайдовчи ногиронга тегишли еканини"",""Автомобил уйда тиббий ёрдами кўрсатиш учун мўлжалланганини""}",0,https://ptest.uz/images/15517695-2d1f-4c30-bb87-7a7f3c9a29eb.webp,24-BILET,300,,,,
Harakatlanishga ruxsat etilgan barcha transport vositalari qaysi javobda to'g'ri ko'rsatilgan?,Ҳаракатланишга рухсат етилган барча транспорт воситалари қайси жавобда тўғри кўрсатилган?,"{""Avtomobillar va motosikl"",""Barcha transport vositalari"",""Avtomobillar va tramvay""}","{""Автомобиллар ва мотосикл"",""Барча транспорт воситалари"",""Автомобиллар ва трамвай""}",0,https://ptest.uz/images/d7018304-6099-4eb4-bab7-913c6a16e4ab.webp,24-BILET,300,,,,
Haydovchi oq hassa bilan ishora berayotgan ko'zi ojiz piyodalarni o'tkazib yuborishi kerakmi?,Ҳайдовчи оқ ҳасса билан ишора бераётган кўзи ожиз пиёдаларни ўтказиб юбориши керакми?,"{""Barcha hollarda o'tkazib yuborishi kerak, shu jumladan piyodalar o'tish joylardan tashqarida ham"",""Tartibga solinadigan piyodalar o'tish joyida o'tkazib yuborishi kerak"",""Tartibga solinmagan piyodalar o'tish joyida o'tkazib yuborishi kerak"",""Har qanday piyodalar o'tish joyida o'tkazib yuborish kerak""}","{""Барча ҳолларда ўтказиб юбориши керак, шу жумладан пиёдалар ўтиш жойлардан ташқарида ҳам"",""Тартибга солинадиган пиёдалар ўтиш жойида ўтказиб юбориши керак"",""Тартибга солинмаган пиёдалар ўтиш жойида ўтказиб юбориши керак"",""Ҳар қандай пиёдалар ўтиш жойида ўтказиб юбориш керак""}",0,https://postimg.cc/Dmfk0bYv,24-BILET,300,,,,
Ko'k avtomobilning haydovchisiga quvib o'tishga ruxsat etiladimi?,Кўк автомобилнинг ҳайдовчисига қувиб ўтишга рухсат етиладими?,"{""Ruxsat etiladi"",""Taqiqlanadi"",""Ruxsat etiladi, agar qizil avtomobil 40 km/soatdan kam tezlik bilan harakatlanayotgan bo'lsa""}","{""Рухсат етилади"",""Тақиқланади"",""Рухсат етилади, агар қизил автомобил 40 км/соатдан кам тезлик билан ҳаракатланаётган бўлса""}",1,https://ptest.uz/images/9cb5edd2-51b5-402d-a3e8-59032c60d577.webp,24-BILET,300,,,,
Haydovchi aholi punktidan tashqarida harakat qoidalarini buzmoqdami?,Ҳайдовчи аҳоли пунктидан ташқарида ҳаракат қоидаларини бузмоқдами?,"{""Ha"",""Yo'q""}","{""Ҳа"",""Ёқ""}",0,https://ptest.uz/images/afe230b7-d8a4-4724-94ac-15f271b945f3.webp,25-BILET,300,,,,
Bu yo'l belgisi nimani bildiradi?,Бу ёл белгиси нимани билдиради?,"{""Shlagbaum bilan jihozlanmagan bir izli temir yo'l kesishmasini"",""Shlagbaum bilan jihozlangan bir izli temir yo'l kesishmasini"",""Shlagbaum bilan jihozlanmagan ikki va undan ko'p izli temir yo'l kesishmasini""}","{""Шлагбаум билан жиҳозланмаган бир изли темир ёл кесишмасини"",""Шлагбаум билан жиҳозланган бир изли темир ёл кесишмасини"",""Шлагбаум билан жиҳозланмаган икки ва ундан кўп изли темир ёл кесишмасини""}",2,https://ptest.uz/images/436fe4fb-f268-428e-b55f-a1420eb071bb.webp,25-BILET,300,,,,
Ko'rsatilgan belgilardan qaysi biri avtomagistrallarga o'rnatiladi?,Кўрсатилган белгилардан қайси бири автомагистралларга ўрнатилади?,"{""1"",""2"",""3"",""4"",""5""}","{""1"",""2"",""3"",""4"",""5""}",2,https://ptest.uz/images/d192075b-b130-4961-8cc2-dadc132c1a9f.webp,25-BILET,300,,,,
Bu erda avtomobilning to'xtashiga ruxsat berilganmi?,Бу ерда автомобилнинг тўхташига рухсат берилганми?,"{""Taqiqlangan, chunki uzuq-uzuq yotiq chizig'i bilan to'xtab turgan va avtomobil orasidagi masofa 3 metrdan kam"",""Oyning juft kunlarida taqiqlangan"",""Ruxsat berilgan""}","{""Тақиқланган, чунки узуқ-узуқ ётиқ чизиғи билан тўхтаб турган ва автомобил орасидаги масофа 3 метрдан кам"",""Ойнинг жуфт кунларида тақиқланган"",""Рухсат берилган""}",2,https://ptest.uz/images/ab703a9e-417d-4841-bdb2-9157491506d7.webp,25-BILET,300,,,,
Belgilardan qay biri ajratuvchi bo'lagi bo'lgan yo'lning harakat uchun yopiq qatnov qismini aylanib o'tish yo'nalishini ko'rsatadi?,Белгилардан қай бири ажратувчи бўлаги бўлган ёлнинг ҳаракат учун ёпиқ қатнов қисмини айланиб ўтиш ёналишини кўрсатади?,"{""1"",""2"",""3"",""4"",""5""}","{""1"",""2"",""3"",""4"",""5""}",4,https://ptest.uz/images/759671cd-a342-4af0-8cf7-262b45f1daa7.webp,25-BILET,300,,,,
Tormozlanish bo'lagi bo'lgan yo'lda qaysi transport vositasi unga chiqish qoidasini buzdi?,Тормозланиш бўлаги бўлган ёлда қайси транспорт воситаси унга чиқиш қоидасини бузди?,"{""Har ikki transport vositasi"",""Sariq avtomobil"",""Har ikki transport vositasi to'g'ri burilyapti""}","{""Ҳар икки транспорт воситаси"",""Сариқ автомобил"",""Ҳар икки транспорт воситаси тўғри буриляпти""}",1,https://ptest.uz/images/2eb626be-44da-4f81-a2d2-6224a18163d4.webp,25-BILET,300,,,,
Transport vositalarining temir yo'l kesishmasiga qancha masofadan yaqinroqda to'xtab turishlari taqaqlanadi?,Транспорт воситаларининг темир ёл кесишмасига қанча масофадан яқинроқда тўхтаб туришлари тақақланади?,"{""300 m"",""150 m"",""100 m"",""50 m"",""25 m""}","{""300 м"",""150 м"",""100 м"",""50 м"",""25 м""}",3,https://postimg.cc/Dmfk0bYv,25-BILET,300,,,,
Chorrahani transport vositalari quyidagi tartibda kesib o'tadilar:,Чорраҳани транспорт воситалари қуйидаги тартибда кесиб ўтадилар:,"{""Hamma bir vaqtda"",""Ko'k, qizil, yashil"",""Ko'k ayni vaqtda yashil bilan, qizil"",""Qizil, yashil bilan ko'k""}","{""Ҳамма бир вақтда"",""Кўк, қизил, яшил"",""Кўк айни вақтда яшил билан, қизил"",""Қизил, яшил билан кўк""}",0,https://ptest.uz/images/f6055d32-7d47-450c-9fa2-162ff10bfc8e.webp,25-BILET,300,,,,
Harakatlanish ruxsat etilgan:,Ҳаракатланиш рухсат етилган:,"{""Qizil avtomobilga"",""Motosiklga"",""Tramvayga va qizil avtomobilga"",""Tramvayga"",""Ko'k avtomobilga""}","{""Қизил автомобилга"",""Мотосиклга"",""Трамвайга ва қизил автомобилга"",""Трамвайга"",""Кўк автомобилга""}",0,https://ptest.uz/images/54638144-854c-4844-9be4-e6003e9df6de.webp,25-BILET,300,,,,
Haydovchining o'zi aniqlay oladigan harakatlanish uchun to'sqinlik yoki xavf tug'ilganda qanday choralar ko'rishi kerak?,Ҳайдовчининг ўзи аниқлай оладиган ҳаракатланиш учун тўсқинлик ёки хавф туғилганда қандай чоралар кўриши керак?,"{""Xavfsizlik choralariga rioya qilgan holda tezlikni kamaytirishi va xavfli yo'l qismidan o'tishi"",""Tezlikni transport vositasi to'xtagunicha kamaytirishi yoki to'siqni aylanib o'tishning boshqa harakat qatnashchilari uchun xavfsiz choralarni ko'rishi"",""Sodir bo'lgan hodisa haqida ichki ishlar organlariga xabar berishi"",""DYHX xizmatining eng yaqin mahkamasiga yoki IIO idorasiga kelishi va paydo bo'lgan to'sqinliklar yoki xavf-xatar to'g'risida xabar berishi""}","{""Хавфсизлик чораларига риоя қилган ҳолда тезликни камайтириши ва хавфли ёл қисмидан ўтиши"",""Тезликни транспорт воситаси тўхтагунича камайтириши ёки тўсиқни айланиб ўтишнинг бошқа ҳаракат қатнашчилари учун хавфсиз чораларни кўриши"",""Содир бўлган ҳодиса ҳақида ички ишлар органларига хабар бериши"",""ДЙҲХ хизматининг енг яқин маҳкамасига ёки ИИО идорасига келиши ва пайдо бўлган тўсқинликлар ёки хавф-хатар тўғрисида хабар бериши""}",1,https://postimg.cc/Dmfk0bYv,25-BILET,300,,,,
Yo'l chizig'i bilan ajratilgan bekat maydonchasidan harakatlanish uchun foydalanishga ruxsat etiladimi?,Ёл чизиғи билан ажратилган бекат майдончасидан ҳаракатланиш учун фойдаланишга рухсат етиладими?,"{""Ruxsat etiladi"",""Taqiqlanadi"",""To'xtash joyida tramvay bo'lmaganda ruxsat etiladi""}","{""Рухсат етилади"",""Тақиқланади"",""Тўхташ жойида трамвай бўлмаганда рухсат етилади""}",1,https://ptest.uz/images/5c3929e8-d5f9-495e-b5c3-b2aee7780fa1.webp,25-BILET,300,,,,
Agar jonlantirishni (reanimasiyani) 2 kishi bir vaqtda olib borganda yurakni bilvosita massaj qilish va suniy nafas oldirish qanday bajariladi?,Агар жонлантиришни (реанимасияни) 2 киши бир вақтда олиб борганда юракни билвосита массаж қилиш ва суний нафас олдириш қандай бажарилади?,"{""Bir marta ko'krak qafasi bosiladi, bir marta havo puflanadi va hokazo"",""Ikki marta havo puflanadi, so'ng yurak sohasi 30 marta bosiladi va hokazo"",""2-3 marta havo puflangandan so'ng 15 marta ko'krak qafasi bosiladi""}","{""Бир марта кўкрак қафаси босилади, бир марта ҳаво пуфланади ва ҳоказо"",""Икки марта ҳаво пуфланади, сўнг юрак соҳаси 30 марта босилади ва ҳоказо"",""2-3 марта ҳаво пуфлангандан сўнг 15 марта кўкрак қафаси босилади""}",1,https://postimg.cc/Dmfk0bYv,25-BILET,300,,,,
Sanab o'tilgan sharoitlardan qay birida avtomobillar va avtopoezdlardan foydalanish taqiqlanadi?,Санаб ўтилган шароитлардан қай бирида автомобиллар ва автопоездлардан фойдаланиш тақиқланади?,"{""Gidravlik tormoz tizimining zichligi buzilganda"",""Tormoz tizimining samaradorligi qoida talablariga javob beradi"",""To'xtab turish tormoz tizimi harakatsiz holatda to'la vazndagi transport vositalarini 16% dan kam bo'lgan qiyalikda ushlab tura olganda""}","{""Гидравлик тормоз тизимининг зичлиги бузилганда"",""Тормоз тизимининг самарадорлиги қоида талабларига жавоб беради"",""Тўхтаб туриш тормоз тизими ҳаракатсиз ҳолатда тўла вазндаги транспорт воситаларини 16% дан кам бўлган қияликда ушлаб тура олганда""}",0,https://postimg.cc/Dmfk0bYv,25-BILET,300,,,,
"Qaysi belgi agar yuk avtomobilni tirkamasi bilan birga ruxsat etilgan to'liq vazni 7 tonnaga teng bo'lsa, tirkamali avtomobillarning harakatlanishini taqiqlaydi?","Қайси белги агар юк автомобилни тиркамаси билан бирга рухсат етилган тўлиқ вазни 7 тоннага тенг бўлса, тиркамали автомобилларнинг ҳаракатланишини тақиқлайди?","{""1"",""2"",""3"",""4"",""5""}","{""1"",""2"",""3"",""4"",""5""}",3,https://ptest.uz/images/2411eab0-c3f2-424d-b87f-47516068a21e.webp,25-BILET,300,,,,
Qaysi transport vositalari yo'lovchilarni tushirish uchun noto'g'ri to'xtagan?,Қайси транспорт воситалари ёловчиларни тушириш учун нотўғри тўхтаган?,"{""Qizil avtomobil"",""Ko'k avtomobil"",""Motosikl"",""Har ikki avtomobil"",""Hamma transport vositalari""}","{""Қизил автомобил"",""Кўк автомобил"",""Мотосикл"",""Ҳар икки автомобил"",""Ҳамма транспорт воситалари""}",0,https://ptest.uz/images/ea518e55-dbdb-4c41-877c-2b3891b772a4.webp,25-BILET,300,,,,
Jabrlanuvchiga uning yurak faoliyati yoki nafas olishi to'xtaganda qanday ketma-ketlikda birinchi yordam ko'rsatish zarur?,Жабрланувчига унинг юрак фаолияти ёки нафас олиши тўхтаганда қандай кетма-кетликда биринчи ёрдам кўрсатиш зарур?,"{""Yurakni massaj qilish, nafas yo'llarini bo'shatish, suniy nafas oldirish"",""Suniy nafas oldirish, yurakni ustidan massaj qilish, nafas yo'llarini bo'shatish"",""Nafas yo'llarini bo'shatish, suniy nafas oldirish va yurakning ustidan massaj qilish""}","{""Юракни массаж қилиш, нафас ёлларини бўшатиш, суний нафас олдириш"",""Суний нафас олдириш, юракни устидан массаж қилиш, нафас ёлларини бўшатиш"",""Нафас ёлларини бўшатиш, суний нафас олдириш ва юракнинг устидан массаж қилиш""}",2,https://postimg.cc/Dmfk0bYv,25-BILET,300,,,,
Tashiladigan yuk vaznini va o'qlar bo'yicha tushadigan og'irlikni taqsimlashni kim tartibga solib turadi?,Ташиладиган юк вазнини ва ўқлар бўйича тушадиган оғирликни тақсимлашни ким тартибга солиб туради?,"{""Davlat YHXX"",""Avtoxo'jalik mamuriyati"",""Mazkur transport vositasini tayyorlovchi-korxona""}","{""Давлат ЙҲХХ"",""Автохўжалик мамурияти"",""Мазкур транспорт воситасини тайёрловчи-корхона""}",2,https://postimg.cc/Dmfk0bYv,25-BILET,300,,,,
Bu belgi qaysi transport vositalariga tegishli emas?,Бу белги қайси транспорт воситаларига тегишли емас?,"{""Traktorlar va o'ziyurar avtomobillarga"",""Avtobuslar va mikro avtobuslarga"",""Belgi tasirida joylashgan korxonalarga xizmat ko'rsatayotgan transport vositasiga""}","{""Тракторлар ва ўзиюрар автомобилларга"",""Автобуслар ва микро автобусларга"",""Белги тасирида жойлашган корхоналарга хизмат кўрсатаётган транспорт воситасига""}",2,https://ptest.uz/images/58b580a1-a62e-4eea-9620-851b1ec78167.webp,25-BILET,300,,,,
Mazkur vaziyatda qizil avtomobilga quvib o'tishga ruxsat etiladimi?,Мазкур вазиятда қизил автомобилга қувиб ўтишга рухсат етиладими?,"{""Ruxsat etiladi"",""Taqiqlanadi"",""Quvib o'tilayotgan transport vositasing tezligi 40 km/s dan kam bo'lganda ruxsat etiladi""}","{""Рухсат етилади"",""Тақиқланади"",""Қувиб ўтилаётган транспорт воситасинг тезлиги 40 км/с дан кам бўлганда рухсат етилади""}",0,https://ptest.uz/images/f4c9fb0b-e2fa-4c4b-a225-df93d930b63b.webp,25-BILET,300,,,,
Harakatlanish taqiqlangan:,Ҳаракатланиш тақиқланган:,"{""Ko'k-sariq avtomobilga chapga"",""Ko'k-sariq avtomobilga to'g'riga, qizil avtomobilga to'g'riga va o'ngga"",""Qizil avtomobilga - to'g'riga va o'ngga""}","{""Кўк-сариқ автомобилга чапга"",""Кўк-сариқ автомобилга тўғрига, қизил автомобилга тўғрига ва ўнгга"",""Қизил автомобилга - тўғрига ва ўнгга""}",0,https://ptest.uz/images/4abfded4-94c2-451e-9da0-0af9eb5225d1.webp,25-BILET,300,,,,
Haydovchi aholi punktidan tashqarida harakat qoidalarini buzmoqdami?,Ҳайдовчи аҳоли пунктидан ташқарида ҳаракат қоидаларини бузмоқдами?,"{""Ha"",""Yo'q""}","{""Ҳа"",""Ёқ""}",0,https://ptest.uz/images/afe230b7-d8a4-4724-94ac-15f271b945f3.webp,25-BILET,300,,,,
Transport vositalariga qaysi yo'nalish bo'yicha harakatlanishga ruxsat etiladi?,Транспорт воситаларига қайси ёналиш бўйича ҳаракатланишга рухсат етилади?,"{""Tramvayga chapga yoki to'g'riga"",""Faqat avtomobilga chapga"",""Tramvay va avtomobilga chapga"",""Tramvayga chapga yoki to'g'riga, avtomobilga tramvaydan so'ng"",""Tramvayga chapga, avtomobilga chapga va teskari yo'nalishga""}","{""Трамвайга чапга ёки тўғрига"",""Фақат автомобилга чапга"",""Трамвай ва автомобилга чапга"",""Трамвайга чапга ёки тўғрига, автомобилга трамвайдан сўнг"",""Трамвайга чапга, автомобилга чапга ва тескари ёналишга""}",4,https://ptest.uz/images/eae6f5c7-2408-47b2-9218-5d2a28e03fe8.webp,26-BILET,300,,,,
Bu belgi o'rnatilgan yo'lda avtobuslarga harakatlanish ruxsat etiladimi?,Бу белги ўрнатилган ёлда автобусларга ҳаракатланиш рухсат етиладими?,"{""Faqat ruxsat etilgan to'la vazni 3,5 t dan ortiq bo'lmagan avtomobillarga ruxsat etiladi"",""Taqiqlanadi"",""Ruxsat etiladi""}","{""Фақат рухсат етилган тўла вазни 3,5 т дан ортиқ бўлмаган автомобилларга рухсат етилади"",""Тақиқланади"",""Рухсат етилади""}",2,https://ptest.uz/images/ac3305ee-a7c1-4971-baf0-c98d495fa07e.webp,26-BILET,300,,,,
Belgilangan yo'nalishdagi transport vositalariga qaysilar kiradi?,Белгиланган ёналишдаги транспорт воситаларига қайсилар киради?,"{""Avtobuslar va yo'nalishli taksilar"",""Tramvaylar va trolleybuslar"",""Belgilangan yo'nalishlar bo'yicha harakatlanadigan avtobuslar, trolleybuslar, tramvaylar va yo'nalishli taksilar""}","{""Автобуслар ва ёналишли таксилар"",""Трамвайлар ва троллейбуслар"",""Белгиланган ёналишлар бўйича ҳаракатланадиган автобуслар, троллейбуслар, трамвайлар ва ёналишли таксилар""}",2,https://postimg.cc/Dmfk0bYv,26-BILET,300,,,,
"""Gazel"" yuk avtomobilining yuk bilan balandligi yo'l ustidan 3,8 m bo'lsa, uni tashish mumkinmi?","""Газел"" юк автомобилининг юк билан баландлиги ёл устидан 3,8 м бўлса, уни ташиш мумкинми?","{""Ruxsat beriladi"",""Ruxsat berilmaydi"",""Ruxsat beriladi, faqat yo'nalishlarda osma ko'priklar, osma yo'l (estakada) bo'lmasa""}","{""Рухсат берилади"",""Рухсат берилмайди"",""Рухсат берилади, фақат ёналишларда осма кўприклар, осма ёл (естакада) бўлмаса""}",0,https://postimg.cc/Dmfk0bYv,26-BILET,300,,,,
"Yuk transport vositasining o'lchamlaridan chiqib tursa, kunning qorong'i vaqtida va etarli ko'rinmaydigan sharoitda qanday belgilanadi?","Юк транспорт воситасининг ўлчамларидан чиқиб турса, куннинг қоронги вақтида ва етарли кўринмайдиган шароитда қандай белгиланади?","{""Ishora taxtachalari yoki bayroqchalar (diagonal bo'yicha navbatma-navbat tortilgan qizil va oq yo'lli) bilan"",""\""????? ??????? ??\"" taniqlik belgisi bilan belgilanishi, qo'shimcha ravishda oldiga oq, orqasiga esa qizil chiroqlar yoki yorug'lik qaytargich bilan"",""Orqasiga qizil, oldiga oq bayroqchalar bilan""}","{""Ишора тахтачалари ёки байроқчалар (диагонал бўйича навбатма-навбат тортилган қизил ва оқ ёлли) билан"",""\""????? ??????? ??\"" таниқлик белгиси билан белгиланиши, қўшимча равишда олдига оқ, орқасига еса қизил чироқлар ёки ёруғлик қайтаргич билан"",""Орқасига қизил, олдига оқ байроқчалар билан""}",1,https://postimg.cc/Dmfk0bYv,26-BILET,300,,,,
Qaysi avtomobil haydovchisiga to'xtashga ruxsat etilgan?,Қайси автомобил ҳайдовчисига тўхташга рухсат етилган?,"{""Engil avtomobilning haydovchisiga"",""Yuk avtomobilining haydovchisiga"",""Har ikki haydovchiga""}","{""Енгил автомобилнинг ҳайдовчисига"",""Юк автомобилининг ҳайдовчисига"",""Ҳар икки ҳайдовчига""}",1,https://ptest.uz/images/8a31031a-16fc-49a1-80f6-766375d40317.webp,26-BILET,300,,,,
Ko'k avtomobilning haydovchisi qanday yo'l tutishi kerak?,Кўк автомобилнинг ҳайдовчиси қандай ёл тутиши керак?,"{""Sariq avtomobilga u orqadan kelayotgani uchun yo'l bermay, mo'ljallangan yo'nalishda chorrahani kesib o'tishi"",""Qarama-qarshi harakat bo'lagiga darhol qayta tizilishi"",""Tezlikni kamaytirishi, sariq avtomobilga quvib o'tishni tugallashiga imkon berishi, so'ng esa chapga burilishni ko'rsatadigan chiroqni yoqib, chapga burilishi lozim""}","{""Сариқ автомобилга у орқадан келаётгани учун ёл бермай, мўлжалланган ёналишда чорраҳани кесиб ўтиши"",""Қарама-қарши ҳаракат бўлагига дарҳол қайта тизилиши"",""Тезликни камайтириши, сариқ автомобилга қувиб ўтишни тугаллашига имкон бериши, сўнг еса чапга бурилишни кўрсатадиган чироқни ёқиб, чапга бурилиши лозим""}",2,https://ptest.uz/images/e8078d7e-5278-4b88-b73a-d8b4766bc0cf.webp,26-BILET,300,,,,
Belgilardan qaysi biri bevosita yo'lning xavfli qismi oldiga o'rnatiladi?,Белгилардан қайси бири бевосита ёлнинг хавфли қисми олдига ўрнатилади?,"{""1"",""2"",""3"",""4"",""5""}","{""1"",""2"",""3"",""4"",""5""}",4,https://ptest.uz/images/d8179554-9702-40d6-8835-269937479750.webp,26-BILET,300,,,,
Qaysi transport vositasiga harakatlanish ruxsat etiladi?,Қайси транспорт воситасига ҳаракатланиш рухсат етилади?,"{""Sariq va qizil avtomobilga"",""Yashil, qizil va oq avtomobilgatosiklga"",""Oq va yashil avtomobilga""}","{""Сариқ ва қизил автомобилга"",""Яшил, қизил ва оқ автомобилгатосиклга"",""Оқ ва яшил автомобилга""}",0,https://ptest.uz/images/604edbfc-b7ad-4b32-9adc-fcd320655884.webp,26-BILET,300,,,,
Yo'lovchilarni tushirish uchun qaysi transport vositalari to'g'ri to'xtadi?,Ёловчиларни тушириш учун қайси транспорт воситалари тўғри тўхтади?,"{""Engil avtomobil"",""Motosikl"",""Avtobus"",""Barcha transport vositalari""}","{""Енгил автомобил"",""Мотосикл"",""Автобус"",""Барча транспорт воситалари""}",0,https://ptest.uz/images/1b966794-41ff-4e8e-9e18-e932435b442b.webp,26-BILET,300,,,,
Qayrilish taqiqlanadi:,Қайрилиш тақиқланади:,"{""Chorrahalarda va ularga 15 metrdan dan yaqinroqda"",""Chorrahalar oldiga 15 metrdan yaqinroqda"",""Yo'lning loaqal bir yo'nalishida 100 metrdan kamroq qismi ko'rinadigan aholi punktlaridan tashqarida"",""Loaqal bir yo'nalishda yo'lning 100 metrdan kamroq qismi ko'ringanda""}","{""Чорраҳаларда ва уларга 15 метрдан дан яқинроқда"",""Чорраҳалар олдига 15 метрдан яқинроқда"",""Ёлнинг лоақал бир ёналишида 100 метрдан камроқ қисми кўринадиган аҳоли пунктларидан ташқарида"",""Лоақал бир ёналишда ёлнинг 100 метрдан камроқ қисми кўринганда""}",3,https://postimg.cc/Dmfk0bYv,26-BILET,300,,,,
"Avtomobil harakatlanayotganda kutilmaganda shinasi yorilib ketsa, haydovchi nima qilishi zarur?","Автомобил ҳаракатланаётганда кутилмаганда шинаси ёрилиб кетса, ҳайдовчи нима қилиши зарур?","{""Ishchi tormoz bilan to'la to'xtaguncha keskin tormozlash"",""Avtomobilni to'xtab turish tormozi yordamida to'xtatish"",""Rul chambaragini ushlab turish, to'g'ri chiziqda harakatni saqlash, tezlikni kamaytirish va to'xtatish""}","{""Ишчи тормоз билан тўла тўхтагунча кескин тормозлаш"",""Автомобилни тўхтаб туриш тормози ёрдамида тўхтатиш"",""Рул чамбарагини ушлаб туриш, тўғри чизиқда ҳаракатни сақлаш, тезликни камайтириш ва тўхтатиш""}",2,https://postimg.cc/Dmfk0bYv,26-BILET,300,,,,
Qaysi belgi chapga burilishga ruxsat etadi?,Қайси белги чапга бурилишга рухсат етади?,"{""1"",""2"",""3"",""4"",""5""}","{""1"",""2"",""3"",""4"",""5""}",2,https://ptest.uz/images/135cb2f0-ef26-4b13-b22e-1d3cd10a3bb2.webp,26-BILET,300,,,,
"Bunday yo'l belgisi bilan belgilangan yo'l qismlarida ruxsat etilgan to'la vazni 3,5 t dan ortiq bo'lgan yuk avtomobillarining qanday yuqori tezlik bilan harakatlanishiga ruxsat etiladi?","Бундай ёл белгиси билан белгиланган ёл қисмларида рухсат етилган тўла вазни 3,5 т дан ортиқ бўлган юк автомобилларининг қандай юқори тезлик билан ҳаракатланишига рухсат етилади?","{""60 km/s"",""90 km/s"",""80 km/s"",""70 km/s"",""100 km/s""}","{""60 км/с"",""90 км/с"",""80 км/с"",""70 км/с"",""100 км/с""}",2,https://ptest.uz/images/fa7c3a54-fc0e-4a9f-8a75-b0b351482e31.webp,26-BILET,300,,,,
Harakat tezligi 40 km/sdan oshmaydigan transport vositasiga qatnov qismining chap tasmasiga chiqishga qachon ruxsat etiladi?,Ҳаракат тезлиги 40 км/сдан ошмайдиган транспорт воситасига қатнов қисмининг чап тасмасига чиқишга қачон рухсат етилади?,"{""Burilish yoki qayrilish oldidan qayta tizilishda"",""Quvib o'tishda, o'zib ketishda yoki aylanib o'tishda"",""Sanab o'tilgan barcha hollarda"",""Sanab o'tilgan barcha hollarda, shuningdek, agar bir yo'nalishda harakatlanish uchun uchta va undan ortiq tasma bo'lganda""}","{""Бурилиш ёки қайрилиш олдидан қайта тизилишда"",""Қувиб ўтишда, ўзиб кетишда ёки айланиб ўтишда"",""Санаб ўтилган барча ҳолларда"",""Санаб ўтилган барча ҳолларда, шунингдек, агар бир ёналишда ҳаракатланиш учун учта ва ундан ортиқ тасма бўлганда""}",2,https://ptest.uz/images/a1b62224-e46f-4b31-8c94-94144757251a.webp,26-BILET,300,,,,
"Agar pnevmatik uzatmaning zichligi buzilib, kompressor ishlamay turganda boshqaruv asboblarining erkin holatida havo bosimining 30 daqiqada qancha MPa-ga pasayishiga sabab bo'lsa, tormoz tizimi nosoz hisoblanadi?","Агар пневматик узатманинг зичлиги бузилиб, компрессор ишламай турганда бошқарув асбобларининг еркин ҳолатида ҳаво босимининг 30 дақиқада қанча МПа-га пасайишига сабаб бўлса, тормоз тизими носоз ҳисобланади?","{""0,025"",""0,035"",""0,05"",""0,055"",""0,06""}","{""0,025"",""0,035"",""0,05"",""0,055"",""0,06""}",2,https://postimg.cc/Dmfk0bYv,26-BILET,300,,,,
Kim o'quv tashkilotlarida avtomototransport vositalarini boshqarishni o'rgatish huquqiga ega?,Ким ўқув ташкилотларида автомототранспорт воситаларини бошқаришни ўргатиш ҳуқуқига ега?,"{""Boshqarishni o'rgatish huquqini beruvchi hujjatlari bo'lgan haydashni o'rgatuvchi instruktor"",""Tajribali haydovchi"",""3 yillik ishlagan davri bo'lgan haydovchi"",""5 yil haydovchilik ishlagan davriga ega bo'lgan 1 - va 2 - toifa haydovchilar""}","{""Бошқаришни ўргатиш ҳуқуқини берувчи ҳужжатлари бўлган ҳайдашни ўргатувчи инструктор"",""Тажрибали ҳайдовчи"",""3 йиллик ишлаган даври бўлган ҳайдовчи"",""5 йил ҳайдовчилик ишлаган даврига ега бўлган 1 - ва 2 - тоифа ҳайдовчилар""}",0,https://postimg.cc/Dmfk0bYv,26-BILET,300,,,,
Transport vositalari chorrahani quyidagi tartibda kesib o'tadi:,Транспорт воситалари чорраҳани қуйидаги тартибда кесиб ўтади:,"{""1- va 2-tramvaylar ayni vaqtda yashil avtomobil bilan, qizil, ko'k avtomobillar"",""1-tramvay ayni vaqtda yashil avtomobil bilan, qizil avtomobil; 2-tramvay va ko'k avtomobil bir vaqtda""}","{""1- ва 2-трамвайлар айни вақтда яшил автомобил билан, қизил, кўк автомобиллар"",""1-трамвай айни вақтда яшил автомобил билан, қизил автомобил; 2-трамвай ва кўк автомобил бир вақтда""}",1,https://ptest.uz/images/97e8b669-bcad-407d-a8c4-a90d31f9046b.webp,26-BILET,300,,,,
Bu yo'l belgisi bilan belgilangan yo'l qismida engil avtomobilni shatakka olishga ruxsat etiladimi?,Бу ёл белгиси билан белгиланган ёл қисмида енгил автомобилни шатакка олишга рухсат етиладими?,"{""Ruxsat etiladi"",""Taqiqlanadi""}","{""Рухсат етилади"",""Тақиқланади""}",1,https://ptest.uz/images/a4029266-08f4-4d52-bc0d-ca3b74b180ea.webp,26-BILET,300,,,,
Chorrahani oxirgi bo'lib kesib o'tadi:,Чорраҳани охирги бўлиб кесиб ўтади:,"{""Ko'k avtomobil"",""Yashil avtomobil"",""Qizil avtomobil""}","{""Кўк автомобил"",""Яшил автомобил"",""Қизил автомобил""}",0,https://ptest.uz/images/1dee9371-da27-4f25-bf6a-4c18266b776e.webp,26-BILET,300,,,,
Transport vositalariga qaysi yo'nalish bo'yicha harakatlanishga ruxsat etiladi?,Транспорт воситаларига қайси ёналиш бўйича ҳаракатланишга рухсат етилади?,"{""Tramvayga chapga yoki to'g'riga"",""Faqat avtomobilga chapga"",""Tramvay va avtomobilga chapga"",""Tramvayga chapga yoki to'g'riga, avtomobilga tramvaydan so'ng"",""Tramvayga chapga, avtomobilga chapga va teskari yo'nalishga""}","{""Трамвайга чапга ёки тўғрига"",""Фақат автомобилга чапга"",""Трамвай ва автомобилга чапга"",""Трамвайга чапга ёки тўғрига, автомобилга трамвайдан сўнг"",""Трамвайга чапга, автомобилга чапга ва тескари ёналишга""}",4,https://ptest.uz/images/eae6f5c7-2408-47b2-9218-5d2a28e03fe8.webp,26-BILET,300,,,,
Qanday sharoitlarda transport vositalaridan foydalanish taqiqlanadi?,Қандай шароитларда транспорт воситаларидан фойдаланиш тақиқланади?,"{""Yoritish chiroqlari yo'nalishi buzilgan bo'lsa"",""Tashqi yoritish asboblari va yorug'lik qaytargichlar ifloslanganda"",""Yoritish asboblari o'rnida mazkur yoritish asboblarining turiga mos kelmaydigan lampalardan foydalanilganda"",""Sanab o'tilgan barcha hollarda""}","{""Ёритиш чироқлари ёналиши бузилган бўлса"",""Ташқи ёритиш асбоблари ва ёруғлик қайтаргичлар ифлосланганда"",""Ёритиш асбоблари ўрнида мазкур ёритиш асбобларининг турига мос келмайдиган лампалардан фойдаланилганда"",""Санаб ўтилган барча ҳолларда""}",3,https://postimg.cc/Dmfk0bYv,27-BILET,300,,,,
"Haydovchi, agar uning transport vositasi 40 km/s ga teng yoki undan ortiq tezlik bilan balandlikka chiqa olmasa, nima chora ko'rishi kerak?","Ҳайдовчи, агар унинг транспорт воситаси 40 км/с га тенг ёки ундан ортиқ тезлик билан баландликка чиқа олмаса, нима чора кўриши керак?","{""Asosiy bo'lak bo'yicha, agar unda boshqa transport vositalari yo'q bo'lsa, harakatlanishni davom ettirishi"",""Qo'shimcha bo'lakka qayta tizilishi"",""Agar balandlikning davomliligi 30 m dan oshmasa, asosiy bo'lak bo'yicha harakatlanishni davom ettirishi""}","{""Асосий бўлак бўйича, агар унда бошқа транспорт воситалари ёқ бўлса, ҳаракатланишни давом еттириши"",""Қўшимча бўлакка қайта тизилиши"",""Агар баландликнинг давомлилиги 30 м дан ошмаса, асосий бўлак бўйича ҳаракатланишни давом еттириши""}",1,https://ptest.uz/images/1cb3b8a5-fcd3-4d24-9af9-468b90120d33.webp,27-BILET,300,,,,
Yo'lovchi tashishga mo'ljallanmagan yuk avtomobilida yukni kuzatib boruvchi yoki qabul qilib oluvchi shaxslarning tashilishiga ruxsat beriladimi?,Ёловчи ташишга мўлжалланмаган юк автомобилида юкни кузатиб борувчи ёки қабул қилиб олувчи шахсларнинг ташилишига рухсат бериладими?,"{""Agar bort balandligidan pastda joylashgan qulay o'rindiq bo'lsa ruxsat beriladi"",""Taqiqlanadi""}","{""Агар борт баландлигидан пастда жойлашган қулай ўриндиқ бўлса рухсат берилади"",""Тақиқланади""}",0,https://postimg.cc/Dmfk0bYv,27-BILET,300,,,,
Qaysi belgi yo'lning bir tomonlamali harakatlanish yo'l qismini ko'rsatadi?,Қайси белги ёлнинг бир томонламали ҳаракатланиш ёл қисмини кўрсатади?,"{""1"",""2"",""3"",""4"",""5""}","{""1"",""2"",""3"",""4"",""5""}",2,https://ptest.uz/images/08369abe-03c1-44af-899a-fc939be94572.webp,27-BILET,300,,,,
Quvib o'tish nima?,Қувиб ўтиш нима?,"{""Egallagan harakatlanish bo'lagidan chiqib oldinda ketayotgan transport vositasidan o'zib ketish"",""Bir yoki bir nechta transport vositalarini qarama-qarshi yo'nalishda harakatlanish uchun mo'ljallangan tasmaga chiqib, so'ngra ilgari egallagan qatoriga qaytib o'tish bilan bog'liq bo'lgan o'zib ketish"",""Kam tezlik bilan qo'shni qatorda harakatlanayotgan bir yoki bir qancha transport vositalaridan o'zib ketish""}","{""Егаллаган ҳаракатланиш бўлагидан чиқиб олдинда кетаётган транспорт воситасидан ўзиб кетиш"",""Бир ёки бир нечта транспорт воситаларини қарама-қарши ёналишда ҳаракатланиш учун мўлжалланган тасмага чиқиб, сўнгра илгари егаллаган қаторига қайтиб ўтиш билан боғлиқ бўлган ўзиб кетиш"",""Кам тезлик билан қўшни қаторда ҳаракатланаётган бир ёки бир қанча транспорт воситаларидан ўзиб кетиш""}",1,https://postimg.cc/Dmfk0bYv,27-BILET,300,,,,
O'ng va chap g'ildiraklarining shinalari turlicha yeyilgan avtomobilga tormoz berish qanday xavfli oqibatlarga olib kelishi mumkin?,Ўнг ва чап ғилдиракларининг шиналари турлича ейилган автомобилга тормоз бериш қандай хавфли оқибатларга олиб келиши мумкин?,"{""Tormoz barabanlarining qizib ketishiga"",""Naqsh izlarining ko'chib ketishiga"",""Avtomobilning ag'darilib ketishi mumkin darajada sirpanib ketishiga""}","{""Тормоз барабанларининг қизиб кетишига"",""Нақш изларининг кўчиб кетишига"",""Автомобилнинг ағдарилиб кетиши мумкин даражада сирпаниб кетишига""}",2,https://postimg.cc/Dmfk0bYv,27-BILET,300,,,,
Avtomobillar chorrahani quyidagi tartibda kesib o'tadilar:,Автомобиллар чорраҳани қуйидаги тартибда кесиб ўтадилар:,"{""Sariq chorrahaga chiqadi va yashilni o'tkazib yuborish uchun to'xtaydi; yashil, ko'k ayni vaqtda qizil bilan, sariq"",""Ko'k, ayni vaqtda qizil bilan, yashil, sariq"",""Yashil, ko'k ayni vaqtda qizil, so'ng sariq""}","{""Сариқ чорраҳага чиқади ва яшилни ўтказиб юбориш учун тўхтайди; яшил, кўк айни вақтда қизил билан, сариқ"",""Кўк, айни вақтда қизил билан, яшил, сариқ"",""Яшил, кўк айни вақтда қизил, сўнг сариқ""}",2,https://ptest.uz/images/f094b919-affd-4092-a139-45f7b0cb50fe.webp,27-BILET,300,,,,
Chiziqlar bilan bo'laklarga ajratilgan yo'lning qatnov qismida transport vositalarining harakatlanishi qanday amalga oshirilishi kerak?,Чизиқлар билан бўлакларга ажратилган ёлнинг қатнов қисмида транспорт воситаларининг ҳаракатланиши қандай амалга оширилиши керак?,"{""Qatiy bo'laklar bo'yicha, uzuq-uzuq chiziqni kesib o'tishga faqat qayta tizilishda ruxsat etiladi"",""Agar qatnov qismi transport vositalaridan xoli bo'lsa, bo'lak bo'yicha qatiy emas"",""Agar transport vositalarining o'lchamlari eniga katta bo'lmasa, bo'lak bo'yicha qatiy emas"",""Agar qatnov qismida tirkamali avtomobillar bo'lmasa va bunda ancha tor harakat oralig'ini saqlash mumkin bo'lsa, bo'laklar bo'yicha qatiy emas""}","{""Қатий бўлаклар бўйича, узуқ-узуқ чизиқни кесиб ўтишга фақат қайта тизилишда рухсат етилади"",""Агар қатнов қисми транспорт воситаларидан холи бўлса, бўлак бўйича қатий емас"",""Агар транспорт воситаларининг ўлчамлари енига катта бўлмаса, бўлак бўйича қатий емас"",""Агар қатнов қисмида тиркамали автомобиллар бўлмаса ва бунда анча тор ҳаракат оралиғини сақлаш мумкин бўлса, бўлаклар бўйича қатий емас""}",0,https://postimg.cc/Dmfk0bYv,27-BILET,300,,,,
Boldir suyagi o'rtasidan singanda transportda olib yurish uchun taxtakach yoki uning o'rniga o'tuvchi narsa qanday qo'yiladi?,Болдир суяги ўртасидан синганда транспортда олиб юриш учун тахтакач ёки унинг ўрнига ўтувчи нарса қандай қўйилади?,"{""Singan joyga qo'yiladigan shina yoki uning o'rnini bosuvchi narsani siqib bog'lash kerak"",""Shinani ikki tomondan butun boldir uzunligida tovondan to tizza bo'g'inigacha qo'yish kerak"",""Tovon tagidan to son o'rtasigacha oyoqning ichki va tashqi tomonidan ikkita shina qo'yish kerak. Singan joyni, tizza va boldir-oyoq kafti bo'g'inlarini qimirlatmaslik lozim""}","{""Синган жойга қўйиладиган шина ёки унинг ўрнини босувчи нарсани сиқиб боғлаш керак"",""Шинани икки томондан бутун болдир узунлигида товондан то тизза бўғинигача қўйиш керак"",""Товон тагидан то сон ўртасигача оёқнинг ички ва ташқи томонидан иккита шина қўйиш керак. Синган жойни, тизза ва болдир-оёқ кафти бўғинларини қимирлатмаслик лозим""}",2,https://postimg.cc/Dmfk0bYv,27-BILET,300,,,,
Qizil avtomobilning haydovchisiga tramvay yo'li bo'yicha harakatlanishga ruxsat etiladimi?,Қизил автомобилнинг ҳайдовчисига трамвай ёли бўйича ҳаракатланишга рухсат етиладими?,"{""Ruxsat etiladi"",""Taqiqlangan""}","{""Рухсат етилади"",""Тақиқланган""}",0,https://ptest.uz/images/437cdb0a-8581-4cd2-bfd8-274338dedd77.webp,27-BILET,300,,,,
"Siz chapga burilishga yoki qayrilishga qaror qildingiz. Orqa ko'rinadigan ko'zguga qarab, bildingizki, ortingizdagi haydovchi sizni quvib o'tmoqchi. Sizning bundan keyingi harakatingiz?","Сиз чапга бурилишга ёки қайрилишга қарор қилдингиз. Орқа кўринадиган кўзгуга қараб, билдингизки, ортингиздаги ҳайдовчи сизни қувиб ўтмоқчи. Сизнинг бундан кейинги ҳаракатингиз?","{""Burilishning chap ko'rsatkichini yoqish va qatnov qismida qulay joylashib olishdan foydalanib, manyovr qilishga kirishish"",""Sizning ortingizdan kelayotgan haydovchi sizni quvib o'tib ketgandan so'nggina burilishning chap ko'rsatkichini yoqish"",""Burilishning chap ko'rsatkichini yoqish, o'zini quvib o'tishga imkon berishi va so'ng manyovr qilishga kirishish""}","{""Бурилишнинг чап кўрсаткичини ёқиш ва қатнов қисмида қулай жойлашиб олишдан фойдаланиб, манёвр қилишга киришиш"",""Сизнинг ортингиздан келаётган ҳайдовчи сизни қувиб ўтиб кетгандан сўнггина бурилишнинг чап кўрсаткичини ёқиш"",""Бурилишнинг чап кўрсаткичини ёқиш, ўзини қувиб ўтишга имкон бериши ва сўнг манёвр қилишга киришиш""}",1,https://postimg.cc/Dmfk0bYv,27-BILET,300,,,,
Qaysi transport vositasining haydovchisi to'xtash qoidasini buzdi?,Қайси транспорт воситасининг ҳайдовчиси тўхташ қоидасини бузди?,"{""Faqat motosikl haydovchisi"",""Faqat avtomobil haydovchisi"",""Har ikkisi buzdi"",""Hech kim buzmadi""}","{""Фақат мотосикл ҳайдовчиси"",""Фақат автомобил ҳайдовчиси"",""Ҳар иккиси бузди"",""Ҳеч ким бузмади""}",0,https://ptest.uz/images/5c8d7ae5-bf8f-46ee-a089-cc2823e3da28.webp,27-BILET,300,,,,
"""Ruxsat etilgan to'la vazn"" nima?","""Рухсат етилган тўла вазн"" нима?","{""Transport vositasining yuk ko'tarishi"",""Transport vositasining haqiqiy vazni"",""Aslahalangan transport vositasining ishlab chiqaruvchi korxona tomonidan belgilangan, yuk, haydovchi va yo'lovchilari bilan birgalikdagi eng yuqori vazni (o'lchovi). Bir tarkibda harakatlanayotgan (tirkama va h.k.) transport vositalarining ruxsat etilgan to'la vazniga shu tarkibga kiruvchi transport vositalarining ruxsat etilgan to'la vaznlari yig'indisi kiradi"",""Transport vositasida tashiladigan yukning ishlab chiqargan korxona yo'l qo'ygan texnik tavsifnomasi sifatida belgilanadigan vazni""}","{""Транспорт воситасининг юк кўтариши"",""Транспорт воситасининг ҳақиқий вазни"",""Аслаҳаланган транспорт воситасининг ишлаб чиқарувчи корхона томонидан белгиланган, юк, ҳайдовчи ва ёловчилари билан биргаликдаги енг юқори вазни (ўлчови). Бир таркибда ҳаракатланаётган (тиркама ва ҳ.к.) транспорт воситаларининг рухсат етилган тўла вазнига шу таркибга кирувчи транспорт воситаларининг рухсат етилган тўла вазнлари йиғиндиси киради"",""Транспорт воситасида ташиладиган юкнинг ишлаб чиқарган корхона ёл қўйган техник тавсифномаси сифатида белгиланадиган вазни""}",2,https://postimg.cc/Dmfk0bYv,27-BILET,300,,,,
Mazkur vaziyatda quvib o'tishga ruxsat etilganmi?,Мазкур вазиятда қувиб ўтишга рухсат етилганми?,"{""40 km/soatdan kam tezlik bilan harakatlanayotgan faqat yakka transport vositalariga ruxsat etilgan"",""Taqiqlangan"",""Hamma hollarda ruxsat etilgan""}","{""40 км/соатдан кам тезлик билан ҳаракатланаётган фақат якка транспорт воситаларига рухсат етилган"",""Тақиқланган"",""Ҳамма ҳолларда рухсат етилган""}",1,https://ptest.uz/images/85b7c372-10bc-484a-a87d-042a81c846d9.webp,27-BILET,300,,,,
Aholi punktlarida malum harakat tezligiga rioya etayotgan yirik o'lchamli transport vositasining haydovchisi qanday yo'l tutishi kerak?,Аҳоли пунктларида малум ҳаракат тезлигига риоя етаётган йирик ўлчамли транспорт воситасининг ҳайдовчиси қандай ёл тутиши керак?,"{""To'xtashi va orqasida to'planib qolgan transport vositalarini o'tkazib yuborishi"",""Harakatni davom ettirishi""}","{""Тўхташи ва орқасида тўпланиб қолган транспорт воситаларини ўтказиб юбориши"",""Ҳаракатни давом еттириши""}",1,https://ptest.uz/images/d50d8712-6ef9-44bf-b007-6d169df3ab47.webp,27-BILET,300,,,,
Avtomagistralda qatnov qismining chetini bildiruvchi sidirg'a oq chiziqni bosib o'tishga ruxsat etiladimi?,Автомагистралда қатнов қисмининг четини билдирувчи сидирға оқ чизиқни босиб ўтишга рухсат етиладими?,"{""Ruxsat etiladi"",""Taqiqlanadi"",""Agar avtomagistralda harakatlanish serqatnov bo'lsa, taqiqlanadi""}","{""Рухсат етилади"",""Тақиқланади"",""Агар автомагистралда ҳаракатланиш серқатнов бўлса, тақиқланади""}",0,https://ptest.uz/images/78fd555c-7e40-46b6-b75d-a6d0a3e5d00c.webp,27-BILET,300,,,,
Transport vositalari chorrahani quyidagi tartibda kesib o'tadilar:,Транспорт воситалари чорраҳани қуйидаги тартибда кесиб ўтадилар:,"{""Yashil avtomobil ayni vaqtda 2-tramvay bilan; 1-tramvay, ko'k, sariq, qizil avtomobillar"",""1- va 2-tramvaylar ayni vaqtda sariq avtomobil bilan, yashil, ko'k, qizil avtomobillar""}","{""Яшил автомобил айни вақтда 2-трамвай билан; 1-трамвай, кўк, сариқ, қизил автомобиллар"",""1- ва 2-трамвайлар айни вақтда сариқ автомобил билан, яшил, кўк, қизил автомобиллар""}",1,https://ptest.uz/images/6908cf09-f7b3-410d-ac2f-2315c10811f8.webp,27-BILET,300,,,,
Bu belgida harakatlanish ruxsat etiladi:,Бу белгида ҳаракатланиш рухсат етилади:,"{""Faqat avtomobil haydovchisiga"",""Faqat avtomobil va motosikl haydovchilariga"",""Barcha transport vositalarining haydovchilariga"",""Faqat avtomobil va avtobus haydovchilariga""}","{""Фақат автомобил ҳайдовчисига"",""Фақат автомобил ва мотосикл ҳайдовчиларига"",""Барча транспорт воситаларининг ҳайдовчиларига"",""Фақат автомобил ва автобус ҳайдовчиларига""}",2,https://ptest.uz/images/bfee5768-af13-4a3a-956e-b3d7e86ba6b7.webp,27-BILET,300,,,,
Qaysi rasmda haydovchi o'ngga to'g'ri burilyapti?,Қайси расмда ҳайдовчи ўнгга тўғри буриляпти?,"{""1"",""2""}","{""1"",""2""}",0,https://ptest.uz/images/d45d59e1-19e0-4fae-907a-250f27b9b812.webp,27-BILET,300,,,,
Qanday sharoitlarda transport vositalaridan foydalanish taqiqlanadi?,Қандай шароитларда транспорт воситаларидан фойдаланиш тақиқланади?,"{""Yoritish chiroqlari yo'nalishi buzilgan bo'lsa"",""Tashqi yoritish asboblari va yorug'lik qaytargichlar ifloslanganda"",""Yoritish asboblari o'rnida mazkur yoritish asboblarining turiga mos kelmaydigan lampalardan foydalanilganda"",""Sanab o'tilgan barcha hollarda""}","{""Ёритиш чироқлари ёналиши бузилган бўлса"",""Ташқи ёритиш асбоблари ва ёруғлик қайтаргичлар ифлосланганда"",""Ёритиш асбоблари ўрнида мазкур ёритиш асбобларининг турига мос келмайдиган лампалардан фойдаланилганда"",""Санаб ўтилган барча ҳолларда""}",3,https://postimg.cc/Dmfk0bYv,27-BILET,300,,,,
Chorrahani oxirgi kesib o'tadi:,Чорраҳани охирги кесиб ўтади:,"{""Qizil avtomobil"",""Ko'k avtomobil"",""Yashil avtomobil""}","{""Қизил автомобил"",""Кўк автомобил"",""Яшил автомобил""}",2,https://ptest.uz/images/93cb8a81-2d6c-4044-895d-d20fe7d235cb.webp,28-BILET,300,,,,
Bu belgida yuk avtomobillaridan qaysi biriga harakatlanishni davom ettirishga ruxsat etiladi?,Бу белгида юк автомобилларидан қайси бирига ҳаракатланишни давом еттиришга рухсат етилади?,"{""Yukxonasida odam tashishga moslashtirilgan maxsus yuk avtomobillarida"",""Furgon-yukxonada mahsulotlar tashiydigan avtomobillarga"",""\""?????\"" yozuvi bo'lgan avtomobillarga""}","{""Юкхонасида одам ташишга мослаштирилган махсус юк автомобилларида"",""Фургон-юкхонада маҳсулотлар ташийдиган автомобилларга"",""\""?????\"" ёзуви бўлган автомобилларга""}",0,https://ptest.uz/images/bb528f38-abb1-4de0-951e-8428324bc244.webp,28-BILET,300,,,,
Transport vositalari chorrahadan quyidagi tartibda o'tadilar:,Транспорт воситалари чорраҳадан қуйидаги тартибда ўтадилар:,"{""Ko'k avtomobil, tramvay, qizil avtomobil"",""Tramvay, qizil, so'ngra ko'k avtomobil"",""Tramvay, ko'k avtomobil chorrahaga chiqadi, qizilga yo'l beradi, so'ngra burilishni tugallaydi""}","{""Кўк автомобил, трамвай, қизил автомобил"",""Трамвай, қизил, сўнгра кўк автомобил"",""Трамвай, кўк автомобил чорраҳага чиқади, қизилга ёл беради, сўнгра бурилишни тугаллайди""}",0,https://ptest.uz/images/22eec92a-5ea9-4e0e-b84c-3925321914a1.webp,28-BILET,300,,,,
Bu joyda to'xtashga ruxsat etilganmi?,Бу жойда тўхташга рухсат етилганми?,"{""Ruxsat etilgan"",""Taqiqlangan""}","{""Рухсат етилган"",""Тақиқланган""}",1,https://ptest.uz/images/859c742f-5635-4776-89a2-adc6a69ae486.webp,28-BILET,300,,,,
Transport vositasini boshqarishni o'rgatyotgan shaxs haydovchi hisoplanadimi?,Транспорт воситасини бошқаришни ўргатётган шахс ҳайдовчи ҳисопланадими?,"{""Ha"",""Yo'q""}","{""Ҳа"",""Ёқ""}",0,https://postimg.cc/Dmfk0bYv,28-BILET,300,,,,
Bu yo'l belgisi:,Бу ёл белгиси:,"{""Ikki g'ildirakli kajavasiz motosikllardan tashqari hamma mexanik transport vositalarining harakatlanishini taqiqlaydi"",""G'ildirakli traktorlardan tashqari hamma transport vositalarining harakatlanishini taqiqlaydi"",""Traktorlar va o'zi yurar mashinalarning harakatlanishi taqiqlanadi""}","{""Икки ғилдиракли кажавасиз мотосикллардан ташқари ҳамма механик транспорт воситаларининг ҳаракатланишини тақиқлайди"",""Ғилдиракли тракторлардан ташқари ҳамма транспорт воситаларининг ҳаракатланишини тақиқлайди"",""Тракторлар ва ўзи юрар машиналарнинг ҳаракатланиши тақиқланади""}",2,https://ptest.uz/images/d12de547-6450-4f14-815a-181e35584a34.webp,28-BILET,300,,,,
Chorrahani oxirgi bo'lib kim kesib o'tadi?,Чорраҳани охирги бўлиб ким кесиб ўтади?,"{""Qizil avtomobil"",""Ko'k avtomobil"",""Yashil avtomobil""}","{""Қизил автомобил"",""Кўк автомобил"",""Яшил автомобил""}",0,https://ptest.uz/images/f39d6ea1-c529-465d-b174-0a14d75dfafa.webp,28-BILET,300,,,,
Belgilarning tasiri qaysi transport vositalariga tatbiq etiladi?,Белгиларнинг тасири қайси транспорт воситаларига татбиқ етилади?,"{""Faqat engil avtomobillarga"",""Engil avtomobillarga va motosikllarga"",""Engil avtomobillarga va ruxsat etilgan to'la vazni 3,5 t dan kam yoki teng bo'lgan yuk avtomobillariga""}","{""Фақат енгил автомобилларга"",""Енгил автомобилларга ва мотосиклларга"",""Енгил автомобилларга ва рухсат етилган тўла вазни 3,5 т дан кам ёки тенг бўлган юк автомобилларига""}",2,https://ptest.uz/images/81539064-3f6f-4ea0-9cda-be91bd38f2c2.webp,28-BILET,300,,,,
Shatakka olish qanday hollarda taqiqlangan?,Шатакка олиш қандай ҳолларда тақиқланган?,"{""Yaxmalakda qattiq ulagichda"",""Yaxmalakda egiluvchan ulagichda"",""Yon kajavali motosikllar bilan""}","{""Яхмалакда қаттиқ улагичда"",""Яхмалакда егилувчан улагичда"",""Ён кажавали мотосикллар билан""}",1,https://postimg.cc/Dmfk0bYv,28-BILET,300,,,,
Harakatlanish qaysi yo'nalishga ruxsat etilgan?,Ҳаракатланиш қайси ёналишга рухсат етилган?,"{""To'g'riga va o'ngga birinchi yo'nalishga"",""O'ngga birinchi yo'nalishga"",""O'ngga ikkinchi yo'nalishga"",""O'ngga birinchi va ikkinchi yo'nalishga""}","{""Тўғрига ва ўнгга биринчи ёналишга"",""Ўнгга биринчи ёналишга"",""Ўнгга иккинчи ёналишга"",""Ўнгга биринчи ва иккинчи ёналишга""}",1,https://ptest.uz/images/ae80e50a-c76d-4f03-85b7-d966b7728228.webp,28-BILET,300,,,,
Shaharlararo qatnaydigan avtobusning haydovchisiga aholi punktlaridan tashqarida tezlikni 80 km/s dan oshirishga ruxsat etiladimi?,Шаҳарлараро қатнайдиган автобуснинг ҳайдовчисига аҳоли пунктларидан ташқарида тезликни 80 км/с дан оширишга рухсат етиладими?,"{""Faqat shu yo'nalishda harakatlanish uchun ikki yoki undan ortiq bo'lak bo'lgan yo'l bo'yicha harakatlanganda ruxsat etiladi"",""Ruxsat etiladi"",""Taqiqlanadi""}","{""Фақат шу ёналишда ҳаракатланиш учун икки ёки ундан ортиқ бўлак бўлган ёл бўйича ҳаракатланганда рухсат етилади"",""Рухсат етилади"",""Тақиқланади""}",1,https://postimg.cc/Dmfk0bYv,28-BILET,300,,,,
"Aholi yashaydigan joylardan tashqarida transport vositalarining uzoq to'xtab turishi (dam olishi, tunash va hokazo)ga qaerda ruxsat etiladi?","Аҳоли яшайдиган жойлардан ташқарида транспорт воситаларининг узоқ тўхтаб туриши (дам олиши, тунаш ва ҳоказо)га қаерда рухсат етилади?","{""Yo'l chetida"",""To'xtab turish maydonchalarida yoki yo'ldan tashqarida"",""Yo'l qatnov qismining o'ng tomonida, biroq boshqa transport vositalarining harakatlanishiga to'sqinlik qilmasligi kerak"",""Yo'lning chap tomonida, biroq harakat xafvsizligi choralariga rioya qilgan holda""}","{""Ёл четида"",""Тўхтаб туриш майдончаларида ёки ёлдан ташқарида"",""Ёл қатнов қисмининг ўнг томонида, бироқ бошқа транспорт воситаларининг ҳаракатланишига тўсқинлик қилмаслиги керак"",""Ёлнинг чап томонида, бироқ ҳаракат хафвсизлиги чораларига риоя қилган ҳолда""}",1,https://postimg.cc/Dmfk0bYv,28-BILET,300,,,,
Yonilg'i quyish joyidan yo'lga chiqish chorraha hisoblanadimi?,Ёнилғи қуйиш жойидан ёлга чиқиш чорраҳа ҳисобланадими?,"{""Hisoblanmaydi"",""Hisoblanadi""}","{""Ҳисобланмайди"",""Ҳисобланади""}",0,https://postimg.cc/Dmfk0bYv,28-BILET,300,,,,
Qaysi belgi shlagbaumli temir yo'l kesishmasiga yaqinlashganlik haqida ogohlantiradi?,Қайси белги шлагбаумли темир ёл кесишмасига яқинлашганлик ҳақида огоҳлантиради?,"{""1"",""2"",""3"",""4"",""5""}","{""1"",""2"",""3"",""4"",""5""}",3,https://ptest.uz/images/dd9be77c-05af-41ed-836b-50cc2d6a8397.webp,28-BILET,300,,,,
Mazkur belgi nima haqida xabar beradi?,Мазкур белги нима ҳақида хабар беради?,"{""Trolleybus yoki avtobus to'xtash joylarini bildiradi"",""Marshrutdan boshqa barcha transport vositalariga yo'lning o'ng qatori bo'yicha harakatlanishni taqiqlaydi""}","{""Троллейбус ёки автобус тўхташ жойларини билдиради"",""Маршрутдан бошқа барча транспорт воситаларига ёлнинг ўнг қатори бўйича ҳаракатланишни тақиқлайди""}",0,https://ptest.uz/images/b300c9af-8b99-4427-9a2a-3a42253a7982.webp,28-BILET,300,,,,
Ushbu yotiq chiziqlardan qaysi biri belgilangan yo'nalishdagi transport vositalari uchun to'xtashga ruxsat beradi?,Ушбу ётиқ чизиқлардан қайси бири белгиланган ёналишдаги транспорт воситалари учун тўхташга рухсат беради?,"{""\""?\"""",""\""?\"""",""\""?\"""",""\""?\"", \""?\"", \""?\""""}","{""\""?\"""",""\""?\"""",""\""?\"""",""\""?\"", \""?\"", \""?\""""}",3,https://ptest.uz/images/a54ba283-0657-44fd-a0f0-2035c71a8e85.webp,28-BILET,300,,,,
Egiluvchan ulagichda shatakka olganda transport vositalari orasidagi masofa qanday bo'lishi kerak?,Егилувчан улагичда шатакка олганда транспорт воситалари орасидаги масофа қандай бўлиши керак?,"{""1-3 m"",""2-4 m"",""3-6 m"",""4-6 m"",""4-8 m""}","{""1-3 м"",""2-4 м"",""3-6 м"",""4-6 м"",""4-8 м""}",3,https://postimg.cc/Dmfk0bYv,28-BILET,300,,,,
"Qaysi belgi ""Mehmonxona""ni bildiradi?","Қайси белги ""Меҳмонхона""ни билдиради?","{""1"",""2"",""3"",""4"",""5""}","{""1"",""2"",""3"",""4"",""5""}",2,https://ptest.uz/images/954f077d-0fc3-442b-ab54-d982006f5dc4.webp,28-BILET,300,,,,
"Zanjirli bo'lgan qishloq xo'jalik, yo'l qurilishi va mexanik transport vositalariga temir yo'l kesishmasidan o'tishga ruxsat etiladimi?","Занжирли бўлган қишлоқ хўжалик, ёл қурилиши ва механик транспорт воситаларига темир ёл кесишмасидан ўтишга рухсат етиладими?","{""Agar temir yo'l boshlig'ining ruxsati bo'lsa, ruxsat etiladi"",""Mexanik transport vositalariga yuklab olib o'tishga ruxsat etiladi"",""Taqiqlanadi""}","{""Агар темир ёл бошлиғининг рухсати бўлса, рухсат етилади"",""Механик транспорт воситаларига юклаб олиб ўтишга рухсат етилади"",""Тақиқланади""}",1,https://postimg.cc/Dmfk0bYv,28-BILET,300,,,,
Qizil avtomobil chorrahani kesib o'tadi:,Қизил автомобил чорраҳани кесиб ўтади:,"{""Birinchi bo'lib"",""Ikkinchi bo'lib""}","{""Биринчи бўлиб"",""Иккинчи бўлиб""}",0,https://ptest.uz/images/e6172828-953e-493b-9394-d86a7c64afb0.webp,28-BILET,300,,,,
Chorrahani oxirgi kesib o'tadi:,Чорраҳани охирги кесиб ўтади:,"{""Qizil avtomobil"",""Ko'k avtomobil"",""Yashil avtomobil""}","{""Қизил автомобил"",""Кўк автомобил"",""Яшил автомобил""}",2,https://ptest.uz/images/93cb8a81-2d6c-4044-895d-d20fe7d235cb.webp,28-BILET,300,,,,
Mazkur yotiq chiziq nimani anglatadi?,Мазкур ётиқ чизиқ нимани англатади?,"{""Belgilangan yo'nalishdagi transport vositalari harakatlanadigan bo'lakni"",""Maxsus avtomobillar harakatlanadigan bo'lakni"",""Reversiv harakatlanish bo'lagining chegarasini""}","{""Белгиланган ёналишдаги транспорт воситалари ҳаракатланадиган бўлакни"",""Махсус автомобиллар ҳаракатланадиган бўлакни"",""Реверсив ҳаракатланиш бўлагининг чегарасини""}",2,https://ptest.uz/images/a375cf9f-a222-465a-b91c-0168471b1e6b.webp,29-BILET,300,,,,
Transport vositalarining trotuar va piyodalar yo'lkasi bo'ylab harakatlanishiga yo'l qo'yiladimi?,Транспорт воситаларининг тротуар ва пиёдалар ёлкаси бўйлаб ҳаракатланишига ёл қўйиладими?,"{""Yo'l qo'yiladi, agar bu piyodalarning harakatiga xalal bermasa"",""Yo'l qo'yilmaydi, chunki bu piyodalarning hayotini xavf ostiga qo'yishi mumkin"",""Bevosita shu trotuar yoki yo'lkalarda joylashgan savdo yoki boshqa korxonalarga xizmat ko'rsatishda yo'l qo'yiladi"",""Trotuarda turgan boshqa transport vositasini aylanib o'tish uchun yo'l qo'yiladi""}","{""Ёл қўйилади, агар бу пиёдаларнинг ҳаракатига халал бермаса"",""Ёл қўйилмайди, чунки бу пиёдаларнинг ҳаётини хавф остига қўйиши мумкин"",""Бевосита шу тротуар ёки ёлкаларда жойлашган савдо ёки бошқа корхоналарга хизмат кўрсатишда ёл қўйилади"",""Тротуарда турган бошқа транспорт воситасини айланиб ўтиш учун ёл қўйилади""}",2,https://postimg.cc/Dmfk0bYv,29-BILET,300,,,,
Qaysi qo'shimcha axborot belgisi transport vositalarini to'xtab turish joyiga qo'yish usulini ko'rsatadi?,Қайси қўшимча ахборот белгиси транспорт воситаларини тўхтаб туриш жойига қўйиш усулини кўрсатади?,"{""1"",""2"",""3"",""4"",""5""}","{""1"",""2"",""3"",""4"",""5""}",2,https://ptest.uz/images/fb8c480a-aa19-4820-8053-ef4f7e615975.webp,29-BILET,300,,,,
Qizil avtomobilning haydovchisi:,Қизил автомобилнинг ҳайдовчиси:,"{""Yo'l berishi kerak"",""Birinchi galda harakatlanishga ustunlikka ega""}","{""Ёл бериши керак"",""Биринчи галда ҳаракатланишга устунликка ега""}",0,https://ptest.uz/images/691b7879-98f4-4cf7-ad0d-ce2b0c7b10b3.webp,29-BILET,300,,,,
Bu yo'l belgisi bildiradi:,Бу ёл белгиси билдиради:,"{""Oxiri berk ko'chaga olib boradigan yo'lni"",""Aholi yashaydigan joydagi manzilga tomon harakatlanish yo'nalishini"",""Balandlikda yoki tezlanish bo'lagida qo'shimcha bo'lakning tugaganini""}","{""Охири берк кўчага олиб борадиган ёлни"",""Аҳоли яшайдиган жойдаги манзилга томон ҳаракатланиш ёналишини"",""Баландликда ёки тезланиш бўлагида қўшимча бўлакнинг тугаганини""}",0,https://ptest.uz/images/96e7e4c7-a31d-4912-a152-6f6d1644a1d1.webp,29-BILET,300,,,,
Uzunasiga ketgan sidirg'a chizig'i bilan to'xtagan transport vositalari o'rtasidagi masofa quyidagidan kam bo'lgan joylarda transport vositalarining to'xtashi va to'xtab turishi taqiqlanadi:,Узунасига кетган сидирға чизиғи билан тўхтаган транспорт воситалари ўртасидаги масофа қуйидагидан кам бўлган жойларда транспорт воситаларининг тўхташи ва тўхтаб туриши тақиқланади:,"{""2,0 m"",""3,0 m"",""4,0 m"",""5,0 m"",""6,0 m""}","{""2,0 м"",""3,0 м"",""4,0 м"",""5,0 м"",""6,0 м""}",1,https://postimg.cc/Dmfk0bYv,29-BILET,300,,,,
Shatakka olingan engil avtomobilda yo'lovchilarni tashish mumkinmi?,Шатакка олинган енгил автомобилда ёловчиларни ташиш мумкинми?,"{""Egiluvchi va qattiq ulagichda ruxsat etiladi"",""Taqiqlanadi""}","{""Егилувчи ва қаттиқ улагичда рухсат етилади"",""Тақиқланади""}",0,https://postimg.cc/Dmfk0bYv,29-BILET,300,,,,
Quyidagi belgi tagidagi qo'shimcha axborot belgisi haydovchiga nima haqida xabar beradi?,Қуйидаги белги тагидаги қўшимча ахборот белгиси ҳайдовчига нима ҳақида хабар беради?,"{""To'xtab turish paytida yurgizgichni o'chirish taqiqlanadi"",""Yurgizgichni o'chirish sharti bilan to'xtab turish""}","{""Тўхтаб туриш пайтида юргизгични ўчириш тақиқланади"",""Юргизгични ўчириш шарти билан тўхтаб туриш""}",1,https://ptest.uz/images/270aec62-945d-4c9d-b726-7716ec79a8c1.webp,29-BILET,300,,,,
Yuk avtomobilining yukxonasida 8 nafardan ko'p odamlarni tashish qaysi haydovchilarga ruxsat beriladi?,Юк автомобилининг юкхонасида 8 нафардан кўп одамларни ташиш қайси ҳайдовчиларга рухсат берилади?,"{""\""?\"" toifadagi transport vositasini boshqarish huquqi guvohnomasi bo'lib, shu avtomobilda uch yillik ish davriga ega bo'lgan haydovchilarga"",""\""D\"" va \""?\"" toifadagi transport vositalarini boshqarish huquqiga ega bo'lgan va shu toifadagi transport vositalaridan birini 3 yildan ortiq boshqargan haydovchilarga""}","{""\""?\"" тоифадаги транспорт воситасини бошқариш ҳуқуқи гувоҳномаси бўлиб, шу автомобилда уч йиллик иш даврига ега бўлган ҳайдовчиларга"",""\""Д\"" ва \""?\"" тоифадаги транспорт воситаларини бошқариш ҳуқуқига ега бўлган ва шу тоифадаги транспорт воситаларидан бирини 3 йилдан ортиқ бошқарган ҳайдовчиларга""}",1,https://postimg.cc/Dmfk0bYv,29-BILET,300,,,,
Bunday yo'l belgisi bilan belgilangan yo'l qismlarida shaharlararo qatnaydigan avtobuslarning qanday eng yuqori tezlikda harakatlanishiga ruxsat etiladi?,Бундай ёл белгиси билан белгиланган ёл қисмларида шаҳарлараро қатнайдиган автобусларнинг қандай енг юқори тезликда ҳаракатланишига рухсат етилади?,"{""50 km/s"",""60 km/s"",""70 km/s"",""80 km/s"",""90 km/s""}","{""50 км/с"",""60 км/с"",""70 км/с"",""80 км/с"",""90 км/с""}",4,https://ptest.uz/images/2e7b86d8-9d88-4246-8f66-42c125fa52e5.webp,29-BILET,300,,,,
Benzin bug'idan zaharlanishning alomatlari qanday?,Бензин буғидан заҳарланишнинг аломатлари қандай?,"{""Ko'z o'ngi qorong'ilashadi, bosh aylanadi, muvozanat yo'qoladi, yiqiladi. Tomir urishi sekinlashadi. Oyoq-qo'l soviydi"",""Mastga o'xshab harakatlanadi, bosh aylanadi, og'riydi, ko'ngil ayniydi, qayt qiladi, mushaklari tortishadi. Nafas olish sekinlashadi""}","{""Кўз ўнги қоронгилашади, бош айланади, мувозанат ёқолади, йиқилади. Томир уриши секинлашади. Оёқ-қўл совийди"",""Мастга ўхшаб ҳаракатланади, бош айланади, оғрийди, кўнгил айнийди, қайт қилади, мушаклари тортишади. Нафас олиш секинлашади""}",1,https://postimg.cc/Dmfk0bYv,29-BILET,300,,,,
Haydovchi quvib o'tishni boshlashdan oldin nimaga ishonch hosil qilishi kerak?,Ҳайдовчи қувиб ўтишни бошлашдан олдин нимага ишонч ҳосил қилиши керак?,"{""Quvib o'tayotgan transport vositasidan ancha tezroq harakatlanishiga"",""Shu bo'lak bo'yicha oldinda harakatlanayotgan transport vositasining haydovchisi chapga burilish (qayta tizilish) haqida ishora bermaganiga"",""U chiqishga mo'ljallangan yo'l qismi 1000 m masofada bo'sh ekanligiga""}","{""Қувиб ўтаётган транспорт воситасидан анча тезроқ ҳаракатланишига"",""Шу бўлак бўйича олдинда ҳаракатланаётган транспорт воситасининг ҳайдовчиси чапга бурилиш (қайта тизилиш) ҳақида ишора бермаганига"",""У чиқишга мўлжалланган ёл қисми 1000 м масофада бўш еканлигига""}",1,https://postimg.cc/Dmfk0bYv,29-BILET,300,,,,
Motosikllarni shatakka olishga ruxsat etiladimi?,Мотосиклларни шатакка олишга рухсат етиладими?,"{""Yon kajavali motosikllarga ruxsat etiladi"",""Taqiqlanadi"",""Tekis joylarda ruxsat etiladi"",""Yon kajavasi bo'lmagan motosikllarga ruxsat etiladi""}","{""Ён кажавали мотосиклларга рухсат етилади"",""Тақиқланади"",""Текис жойларда рухсат етилади"",""Ён кажаваси бўлмаган мотосиклларга рухсат етилади""}",0,https://postimg.cc/Dmfk0bYv,29-BILET,300,,,,
Chorrahani birinchi bo'lib kesib o'tadi,Чорраҳани биринчи бўлиб кесиб ўтади,"{""Qizil avtomobil"",""Ko'k avtomobil"",""Yashil avtomobil""}","{""Қизил автомобил"",""Кўк автомобил"",""Яшил автомобил""}",2,https://ptest.uz/images/8af12ca4-1bee-42ea-b688-079aab44d5db.webp,29-BILET,300,,,,
"Yotiq uzluksiz sariq chiziq ""To'xtash taqiqlangan"" belgisi bilan birga to'xtashga ruxsat etadi:","Ётиқ узлуксиз сариқ чизиқ ""Тўхташ тақиқланган"" белгиси билан бирга тўхташга рухсат етади:","{""Yo'lovchilarni tushiradigai barcha transport vositalariga"",""Avtobuslarga va trolleybuslarga"",""Faqat belgilangan yo'nalishdagi transport vositalariga va yo'nalishsiz engil taksilarga""}","{""Ёловчиларни туширадигаи барча транспорт воситаларига"",""Автобусларга ва троллейбусларга"",""Фақат белгиланган ёналишдаги транспорт воситаларига ва ёналишсиз енгил таксиларга""}",2,https://ptest.uz/images/cf1a51d2-1731-4dec-a64d-0c9faf931f67.webp,29-BILET,300,,,,
Chorrahani ikkinchi bo'lib kim kesib o'tadi?,Чорраҳани иккинчи бўлиб ким кесиб ўтади?,"{""Yashil avtom obil"",""Qizil avtomobil ayni vaqtda ko'k bilan"",""Sariq avtomobil""}","{""Яшил автом обил"",""Қизил автомобил айни вақтда кўк билан"",""Сариқ автомобил""}",1,https://ptest.uz/images/5cc7a33f-70f0-493e-bf7b-bbfb4aae5ad4.webp,29-BILET,300,,,,
Qaysi yo'l asosiy yo'l hisoblanadi?,Қайси ёл асосий ёл ҳисобланади?,"{""Tuproqli yo'lga nisbatan qoplamali yo'l yoki tegishli belgilar bilan belgilangan yo'l"",""Uch tomonlama chorrahada tutashib kelgan yo'lga nisbatan har ikki tomonga davom etuvchi yo'l"",""Har bir yo'nalishda harakatlanish uchun bir bo'lakli yo'lga nisbatan ko'p bo'lakli qatnov qismi bo'lgan yo'l""}","{""Тупроқли ёлга нисбатан қопламали ёл ёки тегишли белгилар билан белгиланган ёл"",""Уч томонлама чорраҳада туташиб келган ёлга нисбатан ҳар икки томонга давом етувчи ёл"",""Ҳар бир ёналишда ҳаракатланиш учун бир бўлакли ёлга нисбатан кўп бўлакли қатнов қисми бўлган ёл""}",0,https://postimg.cc/Dmfk0bYv,29-BILET,300,,,,
Sekinyurar transport vositalarining temir yo'l kesishmasi orqali harakatlanishiga faqat temir yo'l boshlig'ining ruxsati bilan harakat tezligi quyidagidan kam bo'lganda yo'l qo'yiladi,Секинюрар транспорт воситаларининг темир ёл кесишмаси орқали ҳаракатланишига фақат темир ёл бошлиғининг рухсати билан ҳаракат тезлиги қуйидагидан кам бўлганда ёл қўйилади,"{""3 km/s"",""5 km/s"",""8 km/s"",""10 km/s"",""30 km/s""}","{""3 км/с"",""5 км/с"",""8 км/с"",""10 км/с"",""30 км/с""}",2,https://postimg.cc/Dmfk0bYv,29-BILET,300,,,,
Temir yo'l kesishmasidan o'tishda haydovchi nimaga amal qilishi kerak?,Темир ёл кесишмасидан ўтишда ҳайдовчи нимага амал қилиши керак?,"{""Shlagbaumning holatiga va yorug'lik ishorasiga"",""Yo'l belgilari va chiziqlariga"",""Temir yo'l kesishmasi navbatchisining ko'rsatmalari va ishoralariga"",""Barcha sanab o'tilgan talablarga""}","{""Шлагбаумнинг ҳолатига ва ёруғлик ишорасига"",""Ёл белгилари ва чизиқларига"",""Темир ёл кесишмаси навбатчисининг кўрсатмалари ва ишораларига"",""Барча санаб ўтилган талабларга""}",3,https://postimg.cc/Dmfk0bYv,29-BILET,300,,,,
Bu belgi bilan belgilangan yo'l qismlarida ajratuvchi bo'lakning uzilish joyida qayrilishga ruxsat etiladimi?,Бу белги билан белгиланган ёл қисмларида ажратувчи бўлакнинг узилиш жойида қайрилишга рухсат етиладими?,"{""Ruxsat etiladi"",""Taqiqlanadi"",""Faqat to'la vazni 3,5 tonnagacha bo'lgan transport vositalariga ruxsat etiladi""}","{""Рухсат етилади"",""Тақиқланади"",""Фақат тўла вазни 3,5 тоннагача бўлган транспорт воситаларига рухсат етилади""}",1,https://ptest.uz/images/e4662f75-db7f-4e5c-94a6-17706e775f9a.webp,29-BILET,300,,,,
Mazkur yotiq chiziq nimani anglatadi?,Мазкур ётиқ чизиқ нимани англатади?,"{""Belgilangan yo'nalishdagi transport vositalari harakatlanadigan bo'lakni"",""Maxsus avtomobillar harakatlanadigan bo'lakni"",""Reversiv harakatlanish bo'lagining chegarasini""}","{""Белгиланган ёналишдаги транспорт воситалари ҳаракатланадиган бўлакни"",""Махсус автомобиллар ҳаракатланадиган бўлакни"",""Реверсив ҳаракатланиш бўлагининг чегарасини""}",2,https://ptest.uz/images/a375cf9f-a222-465a-b91c-0168471b1e6b.webp,29-BILET,300,,,,
???????????? ????? ?? ????? ??????????????? ???? ?????????????? ???? ?????? ??????? ???????,???????????? ????? ?? ????? ??????????????? ???? ?????????????? ???? ?????? ??????? ???????,"{""???????????? ???? ???????? ????????? ???????????????? ?????? ??????? ??????????? ??????"",""???????????? ????? ?? ????? ????????????? ???????????????? ?????? ??????? ??????????? ??????""}","{""???????????? ???? ???????? ????????? ???????????????? ?????? ??????? ??????????? ??????"",""???????????? ????? ?? ????? ????????????? ???????????????? ?????? ??????? ??????????? ??????""}",0,https://ptest.uz/images/7b1549fe-c27a-4404-941c-77217bc06197.webp,30-BILET,300,,,,
"??????? ?????? ???????????? ????????? ???????? ?????? ?????? 2.5 ""??????????? ???????????? ???????????"" ??? ??????? ??? ???????? ??????????, ???? ????????? ??????? ??????? ???????? ????? ?????? ???????????? ?????? ????? ?????? ????????? ?????? ??????","??????? ?????? ???????????? ????????? ???????? ?????? ?????? 2.5 ""??????????? ???????????? ???????????"" ??? ??????? ??? ???????? ??????????, ???? ????????? ??????? ??????? ???????? ????? ?????? ???????????? ?????? ????? ?????? ????????? ?????? ??????","{""1 ?"",""5 ?"",""10 ?"",""15 ?"",""20 ?""}","{""1 ?"",""5 ?"",""10 ?"",""15 ?"",""20 ?""}",1,https://postimg.cc/Dmfk0bYv,30-BILET,300,,,,
????????? ??????? ????? ??? ????? ??????,????????? ??????? ????? ??? ????? ??????,"{""??? ?????????"",""???? ?????????"",""????? ?????????""}","{""??? ?????????"",""???? ?????????"",""????? ?????????""}",0,https://ptest.uz/images/5ed03906-ad5e-46a9-8cc0-df1bdcc49d20.webp,30-BILET,300,,,,
???????????? ??????? ???????? ???????? ??????? ??????? ?????? ???????? ??????? ???? ??????? ?????? ???????? ???? ????????? ???? ???????? ??????,???????????? ??????? ???????? ???????? ??????? ??????? ?????? ???????? ??????? ???? ??????? ?????? ???????? ???? ????????? ???? ???????? ??????,"{""????? ??????? ?????? ???????? ???????????"",""????? ??????? ????????? ????????"",""???????????? ???????? ????"",""????? ?????? ???????????? ????? ????????""}","{""????? ??????? ?????? ???????? ???????????"",""????? ??????? ????????? ????????"",""???????????? ???????? ????"",""????? ?????? ???????????? ????? ????????""}",3,https://postimg.cc/Dmfk0bYv,30-BILET,300,,,,
??????? ????????? ????????????? ?????????? ?????? ??????????? ????????????,??????? ????????? ????????????? ?????????? ?????? ??????????? ????????????,"{""???????? ????? ?????? ????????"",""?????? ???????? ?????? ????????"",""?????? ?????? ?????? ????????? ??????????? ???????? ?????????""}","{""???????? ????? ?????? ????????"",""?????? ???????? ?????? ????????"",""?????? ?????? ?????? ????????? ??????????? ???????? ?????????""}",2,https://postimg.cc/Dmfk0bYv,30-BILET,300,,,,
?? ??????? ????? ??????????? ?????????????? ?????? ????????,?? ??????? ????? ??????????? ?????????????? ?????? ????????,"{""??????? ????? 12 ? ?????? ???? ???? ?? ????????????"",""??????? ????? 12 ? ?????? ?? ???? ?? ????????????""}","{""??????? ????? 12 ? ?????? ???? ???? ?? ????????????"",""??????? ????? 12 ? ?????? ?? ???? ?? ????????????""}",1,https://ptest.uz/images/50dcd403-9536-4bbe-91be-97f7ec44d123.webp,30-BILET,300,,,,
?????????????? ????? ??????????? ?????????????? ????? ??????? ?????????????? ?????? ????????,?????????????? ????? ??????????? ?????????????? ????? ??????? ?????????????? ?????? ????????,"{""\""?\"" ?? \""?\"""",""\""?\"" ?? \""?\"""",""\""?\"" ?? \""?\""""}","{""\""?\"" ?? \""?\"""",""\""?\"" ?? \""?\"""",""\""?\"" ?? \""?\""""}",2,https://ptest.uz/images/c6e3848e-2973-450c-9b94-9bb16c85a7df.webp,30-BILET,300,,,,
"""?????? ???????????"" ??????? ???? ???????????","""?????? ???????????"" ??????? ???? ???????????","{""???????? ???????? ?????? ????"",""??????? 150 ?. ??? ??? ?????? ?????"",""????? ????????, ?????, ??? ?????????? ?? ?????? ???????????, ????????? ??????? ????-???? ??????? ??????? ???????? 300 ?. ??? ??? ??????"",""?????, ??? ?????, ?????""}","{""???????? ???????? ?????? ????"",""??????? 150 ?. ??? ??? ?????? ?????"",""????? ????????, ?????, ??? ?????????? ?? ?????? ???????????, ????????? ??????? ????-???? ??????? ??????? ???????? 300 ?. ??? ??? ??????"",""?????, ??? ?????, ?????""}",2,https://postimg.cc/Dmfk0bYv,30-BILET,300,,,,
???? ????????? ????????? ??????? ????? ????? ??????,???? ????????? ????????? ??????? ????? ????? ??????,"{""???????"",""???????"",""??????""}","{""???????"",""???????"",""??????""}",1,https://ptest.uz/images/86b0f103-f510-414b-bdac-8be2c6b26eab.webp,30-BILET,300,,,,
??????? ????????? ???????? ??????? ????????? ????????? ?????? ?????? ??????????? ??????,??????? ????????? ???????? ??????? ????????? ????????? ?????? ?????? ??????????? ??????,"{""????? ?? ?? ?????? ???????? ??????????, ??????? ???????????? ?????, ??????????? ??? ?????????? ?????"",""????????? ???????? ???????? ??????????????? ??????? ?????? ??????? ????? ??????????? ?????"",""????????? ???????? ???? ?????? ?? ??????, ?????? ????? ?????? ???????? ????? ??????????? ?????""}","{""????? ?? ?? ?????? ???????? ??????????, ??????? ???????????? ?????, ??????????? ??? ?????????? ?????"",""????????? ???????? ???????? ??????????????? ??????? ?????? ??????? ????? ??????????? ?????"",""????????? ???????? ???? ?????? ?? ??????, ?????? ????? ?????? ???????? ????? ??????????? ?????""}",0,https://postimg.cc/Dmfk0bYv,30-BILET,300,,,,
???? ?????? ?? ????? ??????? ??????? ????????? ????????? ?????????????? ????? ????????? ????????? ????????? ?????? ?????? ????? ??????????????? ?????? ???????,???? ?????? ?? ????? ??????? ??????? ????????? ????????? ?????????????? ????? ????????? ????????? ????????? ?????? ?????? ????? ??????????????? ?????? ???????,"{""40 ??/??????? ??????????"",""60 ??/??????? ??????????"",""????? ???????? ????? ???????????? ?????? ??? ??????? ?????? ????????? ??????????""}","{""40 ??/??????? ??????????"",""60 ??/??????? ??????????"",""????? ???????? ????? ???????????? ?????? ??? ??????? ?????? ????????? ??????????""}",2,https://postimg.cc/Dmfk0bYv,30-BILET,300,,,,
"?? ?????????? ???????? ?????????? ???????, ???????? ???? ???? ????? ????????????","?? ?????????? ???????? ?????????? ???????, ???????? ???? ???? ????? ????????????","{""????????????? ?????????? ?????"",""????????? ????????? ?????"",""??????????? ?????????????? ???? ?????"",""???????????? ?????? ?????""}","{""????????????? ?????????? ?????"",""????????? ????????? ?????"",""??????????? ?????????????? ???? ?????"",""???????????? ?????? ?????""}",2,https://postimg.cc/Dmfk0bYv,30-BILET,300,,,,
????? ???????? ??? ???????????? ?????? ????? ???????? ????? ???????,????? ???????? ??? ???????????? ?????? ????? ???????? ????? ???????,"{""2 ??????? ??? ????????"",""3 ??????? ??? ????????"",""1 ??????? ??? ????????""}","{""2 ??????? ??? ????????"",""3 ??????? ??? ????????"",""1 ??????? ??? ????????""}",2,https://postimg.cc/Dmfk0bYv,30-BILET,300,,,,
?????? ????????? ?????????????? ??????? ?? ?????? ?????? ????????????,?????? ????????? ?????????????? ??????? ?? ?????? ?????? ????????????,"{""????????? ?????????? ?? ???????????? ???????? ????????? ????????"",""???????????, ????????????? ?? ???? ????????, ??? ????????? ????? ??? ?????? ?????? ???????????? ?????? ????????"",""??????????? ?????? ????? ?????? 30 ? ??? ?????? ?????? ????????""}","{""????????? ?????????? ?? ???????????? ???????? ????????? ????????"",""???????????, ????????????? ?? ???? ????????, ??? ????????? ????? ??? ?????? ?????? ???????????? ?????? ????????"",""??????????? ?????? ????? ?????? 30 ? ??? ?????? ?????? ????????""}",1,https://postimg.cc/Dmfk0bYv,30-BILET,300,,,,
?2; ?3 ????????? ????????????? ?????????????? ???? ?????????? ???????????? ?????????? ?????????????? ??? ?????????? ?????:,?2; ?3 ????????? ????????????? ?????????????? ???? ?????????? ???????????? ?????????? ?????????????? ??? ?????????? ?????:,"{""0,8 ??"",""1,0 ??"",""1,6 ??"",""2,0 ??"",""2,5 ??""}","{""0,8 ??"",""1,0 ??"",""1,6 ??"",""2,0 ??"",""2,5 ??""}",3,https://postimg.cc/Dmfk0bYv,30-BILET,300,,,,
??????? ????? ????????? ?????? ????????,??????? ????? ????????? ?????? ????????,"{""????? ???????"",""????? ?? ?????"",""???????, ????? ?? ?????"",""????? ????????????""}","{""????? ???????"",""????? ?? ?????"",""???????, ????? ?? ?????"",""????? ????????????""}",2,https://ptest.uz/images/b5bd46d7-26f3-43c0-98e2-fd35b943f1a9.webp,30-BILET,300,,,,
????? ????-???? ???? ????? ????? ??? ??????? ????? ??????????? ???????,????? ????-???? ???? ????? ????? ??? ??????? ????? ??????????? ???????,"{""\""?????? ???????????\"""",""\""?????? ????? ???????????\"""",""\""?????? ??? ????? ????????? ?????? ????? ???????????\""""}","{""\""?????? ???????????\"""",""\""?????? ????? ???????????\"""",""\""?????? ??? ????? ????????? ?????? ????? ???????????\""""}",1,https://ptest.uz/images/6dd25b26-a224-4890-8231-44955b78ad2c.webp,30-BILET,300,,,,
????? ????????????? ?????????? ?????? ????? ??????????? ????????,????? ????????????? ?????????? ?????? ????? ??????????? ????????,"{""?????"",""?????"",""??? ?????? ??????"",""??? ??????? ???????""}","{""?????"",""?????"",""??? ?????? ??????"",""??? ??????? ???????""}",2,https://ptest.uz/images/b3f85398-d1da-44c9-8190-8c8e17f52f4f.webp,30-BILET,300,,,,
???????????? ???? ????????? ????? ????????? ???????????? ?????????????? ?????? ????????,???????????? ???? ????????? ????? ????????? ???????????? ?????????????? ?????? ????????,"{""????????? ?? ??????????"",""??????????, ????? ??????????? ?? ?? ????????????"",""????? ?? ?? ???????????????"",""????? ????????? ????????????""}","{""????????? ?? ??????????"",""??????????, ????? ??????????? ?? ?? ????????????"",""????? ?? ?? ???????????????"",""????? ????????? ????????????""}",2,https://ptest.uz/images/79811900-ed57-45dd-850f-d9461f018240.webp,30-BILET,300,,,,
?????? ?????? ??????????? ????????? ?????????? ??????? ???? ?????????,?????? ?????? ??????????? ????????? ?????????? ??????? ???? ?????????,"{""???? ??????? ????? ????????? ???????????? ??????? ????? ??????? ???????? ????????? ???????? ???? ??????? ????? ?????, ?????? ?????? ?????"",""????? ?????? ????????"",""???? ??????? ??????? ????????? ?????????? ???????? ????? ??? ?????? ???? ?????"",""????? ???? ?????? ????? ????? ?????""}","{""???? ??????? ????? ????????? ???????????? ??????? ????? ??????? ???????? ????????? ???????? ???? ??????? ????? ?????, ?????? ?????? ?????"",""????? ?????? ????????"",""???? ??????? ??????? ????????? ?????????? ???????? ????? ??? ?????? ???? ?????"",""????? ???? ?????? ????? ????? ?????""}",0,https://postimg.cc/Dmfk0bYv,30-BILET,300,,,,
