question,question_cyrl,answers,answers_cyrl,correct_answer,image_url,category,time_limit,audio_url,audio_url_cyrl,explanation_text,explanation_text_cyrl
Qaysi shartlarda transport vositalaridan foydalanish taqiqlanadi?,Қайси шартларда транспорт воситаларидан фойдаланиш тақиқланади?,"{""Gidravlik tormoz tizimidan suyuqlik oqayotgan bo'lsa"",""Ishchi tormoz tizimi samaradorligi talabga javob bermaydi"",""Kompressor pnevmatik tormoz tizimida o'rnatilgan bosimni taminlay olmagan holatda"",""Ko'rsatilgan barcha holatlarda""}","{""Гидравлик тормоз тизимидан суюқлик оқаётган бўлса"",""Ишчи тормоз тизими самарадорлиги талабга жавоб бермайди"",""Компрессор пневматик тормоз тизимида ўрнатилган босимни таминлай олмаган ҳолатда"",""Кўрсатилган барча ҳолатларда""}",3,https://postimg.cc/Dmfk0bYv,1-BILET,300,,,,
Avtomobilda yoqilgan sarg'ish rangli miltillovchi chiroq yoqilgan holatda harakatlanish uchun imtiyoz beradimi?,Автомобилда ёқилган сарғиш рангли милтилловчи чироқ ёқилган ҳолатда ҳаракатланиш учун имтиёз берадими?,"{""Ha"",""Yo'q""}","{""Ҳа"",""Ёқ""}",1,https://postimg.cc/Dmfk0bYv,1-BILET,300,,,,
Yo'lning qarama-qarshi harakat yo'nalishi tomoniga chiqish qachon taqiqlanadi?,Ёлнинг қарама-қарши ҳаракат ёналиши томонига чиқиш қачон тақиқланади?,"{""Ikki tomonlama harakatli, 4ta yoki undan ko'p bo'lakli yo'llarda"",""Ikki tomonlama harakatli, qarama-qarshi yo'nalishdagi transport vositalari oqimlari ikkita uzluksiz chiziqlar bilan ajratilgan, 4ta bo'lakli yo'llarda"",""Yuqoridagi barcha hollarda""}","{""Икки томонлама ҳаракатли, 4та ёки ундан кўп бўлакли ёлларда"",""Икки томонлама ҳаракатли, қарама-қарши ёналишдаги транспорт воситалари оқимлари иккита узлуксиз чизиқлар билан ажратилган, 4та бўлакли ёлларда"",""Юқоридаги барча ҳолларда""}",2,https://postimg.cc/Dmfk0bYv,1-BILET,300,,,,
Yo'naltirgichlarning qaysilari bo'ylab harakatlanishga ruxsat etiladi?,Ёналтиргичларнинг қайсилари бўйлаб ҳаракатланишга рухсат етилади?,"{""Faqat \"" ? \"" yo'nalish bo'ylab"",""Faqat \"" ? \"" yo'nalish bo'ylab"",""Faqat \"" ? \"" yo'nalish bo'ylab"",""Faqat \"" ? \"" va \"" ? \"" yo'nalishlari bo'ylab"",""Faqat \"" ? \"" yo'nalish bo'ylab""}","{""Фақат \"" ? \"" ёналиш бўйлаб"",""Фақат \"" ? \"" ёналиш бўйлаб"",""Фақат \"" ? \"" ёналиш бўйлаб"",""Фақат \"" ? \"" ва \"" ? \"" ёналишлари бўйлаб"",""Фақат \"" ? \"" ёналиш бўйлаб""}",3,https://ptest.uz/images/ccff763f-0a97-4958-8ac7-72f5e3649d57.webp,1-BILET,300,,,,
Bunday taniqlik belgisi bilan belgilanadigan transport vositasi:,Бундай таниқлик белгиси билан белгиланадиган транспорт воситаси:,"{""Og'ir vaznli va yirik o'lchamli yuklarni tashuvchi"",""Uzunligi yuk bilan yoki yuksiz 20 metrdan ortiq bo'lgan transport vositasi"",""Furgon yukxonasida odamlarni tashuvchi""}","{""Оғир вазнли ва йирик ўлчамли юкларни ташувчи"",""Узунлиги юк билан ёки юксиз 20 метрдан ортиқ бўлган транспорт воситаси"",""Фургон юкхонасида одамларни ташувчи""}",1,https://ptest.uz/images/173d29b3-0a47-4ef2-a5a5-4cc1c5c2a405.webp,1-BILET,300,,,,
Haydovchi harakatlanishni boshlashidan oldin qanday amallarni bajarishi kerak?,Ҳайдовчи ҳаракатланишни бошлашидан олдин қандай амалларни бажариши керак?,"{""Transport vositasining sozligini va to'la jixozlanganligini tekshirishi"",""Harakatlanish boshlanishi havfsiz bo'lishiga va harakatning boshqa ishtirokchilariga halaqit bermasligiga ishonch hosil qilishi kerak"",""Tegishli yo'nalishdagi burilishning yorug'lik ko'rsatkichi bilan ishora berishi"",""Sanab o'tilgan hamma harakatlarni bajarishi""}","{""Транспорт воситасининг созлигини ва тўла жихозланганлигини текшириши"",""Ҳаракатланиш бошланиши ҳавфсиз бўлишига ва ҳаракатнинг бошқа иштирокчиларига ҳалақит бермаслигига ишонч ҳосил қилиши керак"",""Тегишли ёналишдаги бурилишнинг ёруғлик кўрсаткичи билан ишора бериши"",""Санаб ўтилган ҳамма ҳаракатларни бажариши""}",1,https://postimg.cc/Dmfk0bYv,1-BILET,300,,,,
Shu joyda to'xtab turishga ruxsat etiladimi?,Шу жойда тўхтаб туришга рухсат етиладими?,"{""Ruxsat etiladi"",""Taqiqlanadi""}","{""Рухсат етилади"",""Тақиқланади""}",0,https://ptest.uz/images/18fb64f5-6cd2-4fea-bb62-3d109f527e66.webp,1-BILET,300,,,,
Umurtqasining ko'krak qismi shikastlangan kishi transportda qanday tashiladi?,Умуртқасининг кўкрак қисми шикастланган киши транспортда қандай ташилади?,"{""Qattiq taxtada orqasi bilan yotgan holda"",""Yumshoq tushamada orqasi bilan yotgan holda"",""Qattiq taxtada yoni bilan yotgan holda""}","{""Қаттиқ тахтада орқаси билан ётган ҳолда"",""Юмшоқ тушамада орқаси билан ётган ҳолда"",""Қаттиқ тахтада ёни билан ётган ҳолда""}",0,https://postimg.cc/Dmfk0bYv,1-BILET,300,,,,
Qaysi transport vositasining haydovchisi yo'l berishi kerak?,Қайси транспорт воситасининг ҳайдовчиси ёл бериши керак?,"{""Avtomobil haydovchisi"",""Tramvay haydovchisi""}","{""Автомобил ҳайдовчиси"",""Трамвай ҳайдовчиси""}",1,https://ptest.uz/images/52e4a87d-cc40-4595-866d-2a045fbab594.webp,1-BILET,300,,,,
Transport vositasini orqaga harakatlantirish paytida haydovchi qanday talablarni bajarishi kerak?,Транспорт воситасини орқага ҳаракатлантириш пайтида ҳайдовчи қандай талабларни бажариши керак?,"{""Harakatning  boshqa ishtirokchilariga halaqit bermaslik. Harakat havfsizligini taminlash uchun zarur bo'lsa, boshqa shaxslar yordamidan foydalanish"",""Boshqa shaxslar yordamidan foydalanish"",""Transport vositasida tumanga qarshi chiroqlar bo'lsa, ularni yoqish"",""Gabarit chiroqlarini yoqish""}","{""Ҳаракатнинг  бошқа иштирокчиларига ҳалақит бермаслик. Ҳаракат ҳавфсизлигини таминлаш учун зарур бўлса, бошқа шахслар ёрдамидан фойдаланиш"",""Бошқа шахслар ёрдамидан фойдаланиш"",""Транспорт воситасида туманга қарши чироқлар бўлса, уларни ёқиш"",""Габарит чироқларини ёқиш""}",0,https://postimg.cc/Dmfk0bYv,1-BILET,300,,,,
Chorrahadan birinchi bo'lib o'tadi:,Чорраҳадан биринчи бўлиб ўтади:,"{""Qizil avtomobil"",""Ko'k avtomobil"",""Sariq avtomobil"",""Yashil avtomobil""}","{""Қизил автомобил"",""Кўк автомобил"",""Сариқ автомобил"",""Яшил автомобил""}",3,https://ptest.uz/images/15c7fb23-fa83-4b18-ab47-2c53892866d7.webp,1-BILET,300,,,,
Qaysi transport vositasining haydovchisi chorrahadan birinchi bo'lib o'tadi?,Қайси транспорт воситасининг ҳайдовчиси чорраҳадан биринчи бўлиб ўтади?,"{""Avtomobil va avtobus haydovchisi"",""Tramvay haydovchisi""}","{""Автомобил ва автобус ҳайдовчиси"",""Трамвай ҳайдовчиси""}",0,https://ptest.uz/images/24a767f8-eafb-4610-ab46-3d79e780da8e.webp,1-BILET,300,,,,
Qaysi holatda egri yo'lda harakatlanayotgan avtomobil turg'unligi taminlangan?,Қайси ҳолатда егри ёлда ҳаракатланаётган автомобил турғунлиги таминланган?,"{""Uzatma ulangan holatda"",""Uzatma ajratilgan holatda"",""Tezlik oshirilganda""}","{""Узатма уланган ҳолатда"",""Узатма ажратилган ҳолатда"",""Тезлик оширилганда""}",0,https://postimg.cc/Dmfk0bYv,1-BILET,300,,,,
Qaysi transport vositasi haydovchisi to'g'riga harakatlanish huquqiga ega?,Қайси транспорт воситаси ҳайдовчиси тўғрига ҳаракатланиш ҳуқуқига ега?,"{""Avtobus va motosikl haydovchilari"",""Engil va yuk avtomobillari haydovchilari"",""Engil avtomobil haydovchisi""}","{""Автобус ва мотосикл ҳайдовчилари"",""Енгил ва юк автомобиллари ҳайдовчилари"",""Енгил автомобил ҳайдовчиси""}",2,https://ptest.uz/images/3b8200ab-5ee9-4283-bcaa-71e042063ec1.webp,1-BILET,300,,,,
Qo'yidagi belgilar qaysi yo'nalishda harakatlanishga ruxsat beradi?,Қўйидаги белгилар қайси ёналишда ҳаракатланишга рухсат беради?,"{""Faqat chapga"",""Faqat to'g'riga"",""Faqat o'ngga"",""To'g'riga, o'ngga va qayrilishga""}","{""Фақат чапга"",""Фақат тўғрига"",""Фақат ўнгга"",""Тўғрига, ўнгга ва қайрилишга""}",3,https://ptest.uz/images/fa368d84-adce-4bed-b0d1-b1b612e653f4.webp,1-BILET,300,,,,
Bu belgilarning tasir oralig'ida qaysi avtomobil uchun to'xtashga ruxsat beriladi?,Бу белгиларнинг тасир оралиғида қайси автомобил учун тўхташга рухсат берилади?,"{""Qizilga"",""Ikkala avtomobilga"",""Hech qaysi biriga"",""Sariq avtomobilga""}","{""Қизилга"",""Иккала автомобилга"",""Ҳеч қайси бирига"",""Сариқ автомобилга""}",3,https://ptest.uz/images/ea41338a-b202-47ab-b2bf-1de5b26be4f3.webp,1-BILET,300,,,,
Avtomagistralda quyidagilar taqiqlanadi:,Автомагистралда қуйидагилар тақиқланади:,"{""Qayrilib olish va ajratuvchi bo'lakning texnologik o'zilish joylariga kirish"",""Orqaga harakatlanish"",""\""?????? ????? ????\"" yoki \""??? ???? ????\"" belgilari bo'lgan maxsus maydonchalardan tashqari joyda to'xtash"",""Yuqoridagi barcha holatlar""}","{""Қайрилиб олиш ва ажратувчи бўлакнинг технологик ўзилиш жойларига кириш"",""Орқага ҳаракатланиш"",""\""?????? ????? ????\"" ёки \""??? ???? ????\"" белгилари бўлган махсус майдончалардан ташқари жойда тўхташ"",""Юқоридаги барча ҳолатлар""}",3,https://postimg.cc/Dmfk0bYv,1-BILET,300,,,,
Tibbiyot qutichasi va o't o'chirgich bo'lmagan qanday trasnport vositalaridan foynadalanish taqiqlanadi?,Тиббиёт қутичаси ва ўт ўчиргич бўлмаган қандай траснпорт воситаларидан фойнадаланиш тақиқланади?,"{""Faqat \"" M1 \"" toifali trasnport vositasi"",""Faqat \"" M2; M3; N1 \"" toifali trasnport vositasi"",""Faqat \"" N2; N3 \"" toifali trasnport vositasi"",""Hamma sanab o'tilgan transport vositalaridan""}","{""Фақат \"" М1 \"" тоифали траснпорт воситаси"",""Фақат \"" М2; М3; Н1 \"" тоифали траснпорт воситаси"",""Фақат \"" Н2; Н3 \"" тоифали траснпорт воситаси"",""Ҳамма санаб ўтилган транспорт воситаларидан""}",3,https://postimg.cc/Dmfk0bYv,1-BILET,300,,,,
Harakatlanish taqiqlanadi:,Ҳаракатланиш тақиқланади:,"{""Qizil va oq avtomobillarga"",""Ko'k, yashil va oq avtomobillarga"",""Oq, ko'k va sariq avtomobillarga""}","{""Қизил ва оқ автомобилларга"",""Кўк, яшил ва оқ автомобилларга"",""Оқ, кўк ва сариқ автомобилларга""}",1,https://ptest.uz/images/3b6b1f1d-3fc9-44b9-a1a4-18e3eb3f0d7e.webp,1-BILET,300,,,,
Mazkur chiziq nima haqida ogohlantiradi?,Мазкур чизиқ нима ҳақида огоҳлантиради?,"{""Transport vositalarining majburiy to'xtash joyiga yaqinlashayotgani"",""\""??????????? ???????????? ???????????\"" belgisi bilan birga qo'llanilganda haydovchini \""??????\"" chizig'iga yaqinlashayotganligini"",""Transport vositasi piyodalarga yo'l berishi kerak bo'lgan joyni ko'rsatadi""}","{""Транспорт воситаларининг мажбурий тўхташ жойига яқинлашаётгани"",""\""??????????? ???????????? ???????????\"" белгиси билан бирга қўлланилганда ҳайдовчини \""??????\"" чизиғига яқинлашаётганлигини"",""Транспорт воситаси пиёдаларга ёл бериши керак бўлган жойни кўрсатади""}",1,https://ptest.uz/images/842cbeae-9f28-4115-a918-70c63c1cab48.webp,1-BILET,300,,,,
Qaysi belgi Qoidalarning aholi punktlarida harakatlanish tartibini belgilaydigan talablarning bekor kilinishini ko'rsatadi?,Қайси белги Қоидаларнинг аҳоли пунктларида ҳаракатланиш тартибини белгилайдиган талабларнинг бекор килинишини кўрсатади?,"{""1"",""2"",""3"",""4"",""5""}","{""1"",""2"",""3"",""4"",""5""}",3,https://postimg.cc/Dmfk0bYv,2-BILET,300,,,,
O'ngga burilganda shu belgi bilan belgilangan bo'lakka o'tishga ruxsat etiladimi?,Ўнгга бурилганда шу белги билан белгиланган бўлакка ўтишга рухсат етиладими?,"{""Ruxsat etiladi"",""Taqiqlanadi"",""Agar bo'lak qolgan harakat qismidan yotiq uzluksiz chiziq bilan ajratilmagan bo'lsa, ruxsat etiladi""}","{""Рухсат етилади"",""Тақиқланади"",""Агар бўлак қолган ҳаракат қисмидан ётиқ узлуксиз чизиқ билан ажратилмаган бўлса, рухсат етилади""}",2,https://ptest.uz/images/1413b3b6-6477-45ab-a91a-05b8a49f6953.webp,2-BILET,300,,,,
"Yuk transport vositasiga shunday joylashtirilishi kerakki, u:","Юк транспорт воситасига шундай жойлаштирилиши керакки, у:","{""Yukxona devorlaridan baland chiqmasligi kerak"",""Shovqin hosil qilmasligi, chang ko'tarmasligi va atrof-muxitni iflos qilmasligi kerak"",""Transport vositasining orqa o'lchamidan 0,8 m. dan ortiq chiqib turmasligi kerak""}","{""Юкхона деворларидан баланд чиқмаслиги керак"",""Шовқин ҳосил қилмаслиги, чанг кўтармаслиги ва атроф-мухитни ифлос қилмаслиги керак"",""Транспорт воситасининг орқа ўлчамидан 0,8 м. дан ортиқ чиқиб турмаслиги керак""}",1,https://postimg.cc/Dmfk0bYv,2-BILET,300,,,,
Qaysi belgi qarama-qarshi harakatlanishning ustunligini bildiradi?,Қайси белги қарама-қарши ҳаракатланишнинг устунлигини билдиради?,"{""1"",""2"",""3"",""4"",""5""}","{""1"",""2"",""3"",""4"",""5""}",1,https://ptest.uz/images/78efcb70-7a04-4239-85d7-8d54f1decaa6.webp,2-BILET,300,,,,
Mazkur yo'l belgisi nimani bildiradi?,Мазкур ёл белгиси нимани билдиради?,"{""Yo'lning trotuar yoki piyodalar yo'lkasi bo'lgan qismini"",""Yo'lning piyodalar o'tish joyi bo'lgan qismini""}","{""Ёлнинг тротуар ёки пиёдалар ёлкаси бўлган қисмини"",""Ёлнинг пиёдалар ўтиш жойи бўлган қисмини""}",1,https://ptest.uz/images/38418c80-7bc3-4887-80a2-d1b6665e1cdb.webp,2-BILET,300,,,,
Qaysi transport vositasiga harakatlanish ruxsat etiladi?,Қайси транспорт воситасига ҳаракатланиш рухсат етилади?,"{""Motosiklga"",""Yuk avtomobiliga"",""Avtobusga"",""Engil avtomobilga"",""Engil va yuk avtomobillariga""}","{""Мотосиклга"",""Юк автомобилига"",""Автобусга"",""Енгил автомобилга"",""Енгил ва юк автомобилларига""}",3,https://ptest.uz/images/cfd914aa-e047-4f45-831c-e2c7354890fe.webp,2-BILET,300,,,,
Qaysi transport vositalarini qatnov qismning chetida ikki qator qo'yish mumkin?,Қайси транспорт воситаларини қатнов қисмнинг четида икки қатор қўйиш мумкин?,"{""Kajavasiz motosikllar, mopedlar va velosipedlar"",""Kajavali motosikllar"",""\""???????\"" taniqli belgisi bo'lgan engil avtomobillar"",""Ruxsat etilgan to'la vazni 3,5 t. dan kam bo'lgan, bevosita trotuarlar bo'ylab joylashgan savdo va boshqa korxonalarga xizmat qiluvchi yuk avtomobillari""}","{""Кажавасиз мотосикллар, мопедлар ва велосипедлар"",""Кажавали мотосикллар"",""\""???????\"" таниқли белгиси бўлган енгил автомобиллар"",""Рухсат етилган тўла вазни 3,5 т. дан кам бўлган, бевосита тротуарлар бўйлаб жойлашган савдо ва бошқа корхоналарга хизмат қилувчи юк автомобиллари""}",0,https://postimg.cc/Dmfk0bYv,2-BILET,300,,,,
Qaysi joylarda transport vositalariga qatnov qismining chetiga burchak ostida to'xtab turishga ruxsat etiladi?,Қайси жойларда транспорт воситаларига қатнов қисмининг четига бурчак остида тўхтаб туришга рухсат етилади?,"{""Har bir yo'nalishda ikkitadan bo'lagi bo'lgan yo'llarda"",""Har bir yo'nalishda uchta va undan ko'p bo'lagi bo'lgan yo'llarda"",""Faqat bir tomonlama harakatli yo'llarda"",""Yo'lning qatnov qismi kengaygan joylarda boshqa yo'l harakati qatnashchilariga halaqit bermaslik sharti bilan""}","{""Ҳар бир ёналишда иккитадан бўлаги бўлган ёлларда"",""Ҳар бир ёналишда учта ва ундан кўп бўлаги бўлган ёлларда"",""Фақат бир томонлама ҳаракатли ёлларда"",""Ёлнинг қатнов қисми кенгайган жойларда бошқа ёл ҳаракати қатнашчиларига ҳалақит бермаслик шарти билан""}",3,https://postimg.cc/Dmfk0bYv,2-BILET,300,,,,
Suyak singanda qotirib bog'lash uchun nimadan shina sifatida foydalanish eng qo'lay?,Суяк синганда қотириб боғлаш учун нимадан шина сифатида фойдаланиш енг қўлай?,"{""Bint"",""Gazmol"",""Taxta bo'lagi""}","{""Бинт"",""Газмол"",""Тахта бўлаги""}",2,https://postimg.cc/Dmfk0bYv,2-BILET,300,,,,
Haydovchi o'z harakati yo'nalishidan qatiy nazar kimga transport vositasini taqdim etishi kerak?,Ҳайдовчи ўз ҳаракати ёналишидан қатий назар кимга транспорт воситасини тақдим етиши керак?,"{""Yo'l xizmati xodimlariga"",""Tibbiyot xodimlariga zudlik bilan tibbiy yordamga muxtoj bo'lgan fukarolarni davolash-profilaktika muassasasiga olib borish uchun""}","{""Ёл хизмати ходимларига"",""Тиббиёт ходимларига зудлик билан тиббий ёрдамга мухтож бўлган фукароларни даволаш-профилактика муассасасига олиб бориш учун""}",1,https://postimg.cc/Dmfk0bYv,2-BILET,300,,,,
Yashil avtomobil chorrahadan nechanchi bo'lib o'tadi?,Яшил автомобил чорраҳадан нечанчи бўлиб ўтади?,"{""Ikkinchi"",""Birinchi""}","{""Иккинчи"",""Биринчи""}",0,https://ptest.uz/images/c715cbf8-7bda-4058-bc47-ab46828360f6.webp,2-BILET,300,,,,
Transport vositalari chorrahadan quyidagi tartibda o'tadilar:,Транспорт воситалари чорраҳадан қуйидаги тартибда ўтадилар:,"{""Tramvay va avtobus, engil avtomobil"",""Tramvay, engil avtomobil, avtobus"",""Engil avtomobil, tramvay va avtobus""}","{""Трамвай ва автобус, енгил автомобил"",""Трамвай, енгил автомобил, автобус"",""Енгил автомобил, трамвай ва автобус""}",2,https://ptest.uz/images/e62b76ba-e0b1-4f14-9010-cf807fed675d.webp,2-BILET,300,,,,
Qaysi transport vositasining haydovchisi yo'l berishi kerak?,Қайси транспорт воситасининг ҳайдовчиси ёл бериши керак?,"{""Motosikl haydovchisi"",""Avtomobil haydovchisi""}","{""Мотосикл ҳайдовчиси"",""Автомобил ҳайдовчиси""}",1,https://ptest.uz/images/7b4d2c97-9167-45b4-997e-d453c2a17718.webp,2-BILET,300,,,,
Qaysi yo'nalishlarda harakatlanishga ruxsat etilgan?,Қайси ёналишларда ҳаракатланишга рухсат етилган?,"{""Faqat \"" ? \"""",""Faqat \"" ? \"""",""\"" ? \"" va \"" ? \"""",""\"" ? \"", \"" ? \"", \"" ? \"" va \"" ? \"""",""\"" ? \"", \"" ? \"" va \"" ? \""""}","{""Фақат \"" ? \"""",""Фақат \"" ? \"""",""\"" ? \"" ва \"" ? \"""",""\"" ? \"", \"" ? \"", \"" ? \"" ва \"" ? \"""",""\"" ? \"", \"" ? \"" ва \"" ? \""""}",2,https://ptest.uz/images/2d83c9c9-c652-45d7-9d0d-ad23ba915b78.webp,2-BILET,300,,,,
"Avtomobilning qaysi gildiragi ""sirpanib"" tormozlanishga ko'proq moyil?","Автомобилнинг қайси гилдираги ""сирпаниб"" тормозланишга кўпроқ мойил?","{""Orqa g'ildiraklar"",""Oldingi g'ildiraklar""}","{""Орқа ғилдираклар"",""Олдинги ғилдираклар""}",0,https://postimg.cc/Dmfk0bYv,2-BILET,300,,,,
Ushbu yo'l belgisi nima haqida ogohlantiradi?,Ушбу ёл белгиси нима ҳақида огоҳлантиради?,"{""Bir izli temir yo'l kesishmasiga yaqinlashayotganligi haqida"",""Shlagbaum bilan jixozlanmagan bir izli temir yo'l kesishmasi borligidan"",""Shlagbaum bilan jixozlanmagan ikki izli temir yo'l kesishmasi borligidan""}","{""Бир изли темир ёл кесишмасига яқинлашаётганлиги ҳақида"",""Шлагбаум билан жихозланмаган бир изли темир ёл кесишмаси борлигидан"",""Шлагбаум билан жихозланмаган икки изли темир ёл кесишмаси борлигидан""}",1,https://ptest.uz/images/bc2af0c7-1f98-4b12-9aa8-3bec41b1103a.webp,2-BILET,300,,,,
Qaysi transport vositalariga to'xtab turishga ruxsat etilgan?,Қайси транспорт воситаларига тўхтаб туришга рухсат етилган?,"{""Faqat motosiklga"",""Faqat yuk avtomobiliga"",""Faqat engil avtomobilga"",""Engil avtomobil va motosiklga"",""Barcha transport vositalariga""}","{""Фақат мотосиклга"",""Фақат юк автомобилига"",""Фақат енгил автомобилга"",""Енгил автомобил ва мотосиклга"",""Барча транспорт воситаларига""}",3,https://ptest.uz/images/19ddca49-8e32-4f56-8ca4-1a40cfc1ee21.webp,2-BILET,300,,,,
Kunning qorong'i vaqtida suniy yoritilmagan yo'llarda yoki etarli ko'rinmaslik sharoitida yonmaydigan orqa gabarit chiroqlari bilan to'xtab turish yoki tamirlash joyiga borishga ruxsat beriladimi?,Куннинг қоронги вақтида суний ёритилмаган ёлларда ёки етарли кўринмаслик шароитида ёнмайдиган орқа габарит чироқлари билан тўхтаб туриш ёки тамирлаш жойига боришга рухсат бериладими?,"{""Alohida ehtiyotkorlik bilan borishga ruxsat beriladi"",""Taqiqlanadi""}","{""Алоҳида еҳтиёткорлик билан боришга рухсат берилади"",""Тақиқланади""}",1,https://postimg.cc/Dmfk0bYv,2-BILET,300,,,,
"Harakat ikki tomonlama bo'lgan, uch bo'lakli yo'lda siz o'ngga burilishingiz zarur. Ushbu harakatni qaysi bo'lakdan amalga oshirasiz?","Ҳаракат икки томонлама бўлган, уч бўлакли ёлда сиз ўнгга бурилишингиз зарур. Ушбу ҳаракатни қайси бўлакдан амалга оширасиз?","{""O'ng bo'lakdan"",""O'rta bo'lakdan"",""O'ng yoki o'rta bo'lakdan"",""O'rta bo'lakdan, lekin faqat o'ng bo'lak band bo'lganda""}","{""Ўнг бўлакдан"",""Ўрта бўлакдан"",""Ўнг ёки ўрта бўлакдан"",""Ўрта бўлакдан, лекин фақат ўнг бўлак банд бўлганда""}",0,https://postimg.cc/Dmfk0bYv,2-BILET,300,,,,
Qo'l jarohatlanganda kiyim qanday tartibda kiygiziladi?,Қўл жароҳатланганда кийим қандай тартибда кийгизилади?,"{""Kiyim avval jarohatlangan qo'lga, so'ngra sog'iga kiydiriladi"",""Kiyim ikkala qo'lga baravar kiydiriladi"",""Kiyim avval sog' qo'lga, so'ngra jarohatlangan qo'lga kiydiriladi""}","{""Кийим аввал жароҳатланган қўлга, сўнгра соғига кийдирилади"",""Кийим иккала қўлга баравар кийдирилади"",""Кийим аввал соғ қўлга, сўнгра жароҳатланган қўлга кийдирилади""}",0,https://postimg.cc/Dmfk0bYv,2-BILET,300,,,,
Qaysi belgi Qoidalarning aholi punktlarida harakatlanish tartibini belgilaydigan talablarning bekor kilinishini ko'rsatadi?,Қайси белги Қоидаларнинг аҳоли пунктларида ҳаракатланиш тартибини белгилайдиган талабларнинг бекор килинишини кўрсатади?,"{""1"",""2"",""3"",""4"",""5""}","{""1"",""2"",""3"",""4"",""5""}",3,https://ptest.uz/images/4f551392-9936-4108-9d09-a5c0788b8251.webp,2-BILET,300,,,,
Tartibga soluvchining mazkur ishorasi qo'yidagini bildiradi:,Тартибга солувчининг мазкур ишораси қўйидагини билдиради:,"{""Ko'k, yashil avtomobillarga harakatlanishga ruxsat etiladi. Qizil, sariq, oq avtomobillarga taqiqlanadi"",""Ko'k, qizil, yashil avtomobillarga harakatlanishga ruxsat etiladi. Sariq, oq avtomobillarga taqiqlanadi""}","{""Кўк, яшил автомобилларга ҳаракатланишга рухсат етилади. Қизил, сариқ, оқ автомобилларга тақиқланади"",""Кўк, қизил, яшил автомобилларга ҳаракатланишга рухсат етилади. Сариқ, оқ автомобилларга тақиқланади""}",1,https://postimg.cc/Dmfk0bYv,3-BILET,300,,,,
Shu joyda hovliga burilishga ruxsat etiladimi?,Шу жойда ҳовлига бурилишга рухсат етиладими?,"{""Ruxsat etiladi."",""Taqiqlanadi""}","{""Рухсат етилади."",""Тақиқланади""}",0,https://ptest.uz/images/af3f98f1-6269-438b-84ea-61ae78928df2.webp,3-BILET,300,,,,
"M2, M3 toifali avtotransport vositalari shina protektorlari naqshlarining qoldiq balandligi kamida qancha bo'lishi kerak?","М2, М3 тоифали автотранспорт воситалари шина протекторлари нақшларининг қолдиқ баландлиги камида қанча бўлиши керак?","{""0,8 mm."",""1,2 mm."",""1,6 mm"",""2 mm."",""2,5 mm.""}","{""0,8 мм."",""1,2 мм."",""1,6 мм"",""2 мм."",""2,5 мм.""}",3,https://postimg.cc/Dmfk0bYv,3-BILET,300,,,,
Ko'rsatigan vaziyatda qaysi bo'lakdan o'ngga burilish lozim ?,Кўрсатиган вазиятда қайси бўлакдан ўнгга бурилиш лозим ?,"{""Faqat ikkinchi bo'lakdan"",""Faqat \"" ? \"" chizig'i bilan belgilangan o'ng chekkadagi bo'lakdan""}","{""Фақат иккинчи бўлакдан"",""Фақат \"" ? \"" чизиғи билан белгиланган ўнг чеккадаги бўлакдан""}",1,https://ptest.uz/images/ec522225-f20b-4c4c-8e4c-51f02627b7ba.webp,3-BILET,300,,,,
Aholi punktlaridan tashqarida engil avtomobillarning qanday eng katta tezlik bilan harakatlanishiga ruxsat etiladi?,Аҳоли пунктларидан ташқарида енгил автомобилларнинг қандай енг катта тезлик билан ҳаракатланишига рухсат етилади?,"{""110 km/c"",""100 km/c"",""90 km/c"",""80 km/c"",""70 km/c""}","{""110 км/c"",""100 км/c"",""90 км/c"",""80 км/c"",""70 км/c""}",1,https://postimg.cc/Dmfk0bYv,3-BILET,300,,,,
Avtomagistralda shatakka olishga ruxsat beriladimi?,Автомагистралда шатакка олишга рухсат бериладими?,"{""50 km/s tezlik bilan ruxsat etilgan."",""Taqiqlanadi."",""Faqat qisman ortish usuli bilan yoki qattiq tirkagich bilan ruxsat beriladi."",""Egiluvchan tirkagich bilan ruxsat beriladi."",""Istalgan usulda ruxsat etilgan""}","{""50 км/с тезлик билан рухсат етилган."",""Тақиқланади."",""Фақат қисман ортиш усули билан ёки қаттиқ тиркагич билан рухсат берилади."",""Егилувчан тиркагич билан рухсат берилади."",""Исталган усулда рухсат етилган""}",4,https://postimg.cc/Dmfk0bYv,3-BILET,300,,,,
Qaysi transport vositalariga harakatlanishga ruxsat etiladi?,Қайси транспорт воситаларига ҳаракатланишга рухсат етилади?,"{""Faqat qizil avtomobilga."",""Barcha transport vositalariga."",""Qizil, ko'k va yashil avtomobillarga.""}","{""Фақат қизил автомобилга."",""Барча транспорт воситаларига."",""Қизил, кўк ва яшил автомобилларга.""}",2,https://ptest.uz/images/c7a93fbe-6e5f-4a93-918f-89a9fb550bb2.webp,3-BILET,300,,,,
Qaysi transport vositasining xaydovchisi birinchi navbatda harakatlanish huquqiga ega?,Қайси транспорт воситасининг хайдовчиси биринчи навбатда ҳаракатланиш ҳуқуқига ега?,"{""Yuk avtomobili haydovchisi"",""Avtobus haydovchisi""}","{""Юк автомобили ҳайдовчиси"",""Автобус ҳайдовчиси""}",0,https://ptest.uz/images/d64b32b4-f5f2-48dc-89fb-65aff6ecdabe.webp,3-BILET,300,,,,
Bu yo'l belgisi bildiradi:,Бу ёл белгиси билдиради:,"{""Belgida ko'rsatilgandan ortiq yuk ko'taruvchi yuk avtomobillari va transport vositalari tarkibi (tirkamali yuk avtomobillari)ning harakat qilishi taqiqlanadi."",""Umumiy haqiqiy vazni (yo'lovchilar va yuk vaznini qushgan holda) belgida ko'rsatilgandan ortiq bo'lgan transport vositalari, shu jumladan-tirkamali transport vositalarining harakat qilishi taqiqlanadi.""}","{""Белгида кўрсатилгандан ортиқ юк кўтарувчи юк автомобиллари ва транспорт воситалари таркиби (тиркамали юк автомобиллари)нинг ҳаракат қилиши тақиқланади."",""Умумий ҳақиқий вазни (ёловчилар ва юк вазнини қушган ҳолда) белгида кўрсатилгандан ортиқ бўлган транспорт воситалари, шу жумладан-тиркамали транспорт воситаларининг ҳаракат қилиши тақиқланади.""}",1,https://ptest.uz/images/a1b8ba09-804f-41d8-96a7-7e6cf9a77878.webp,3-BILET,300,,,,
Qaysi holda qoidalar ogohlantirish ishorasini berishni talab kilmaydi?,Қайси ҳолда қоидалар огоҳлантириш ишорасини беришни талаб килмайди?,"{""Qatnov qismining chekkasida to'xtash oldidan"",""\""?????? ???????\"" belgisi bilan belgilangan yo'lning egri burilish joyi oldidan."",""Qo'shni harakat bo'lagiga o'tish oldidan.""}","{""Қатнов қисмининг чеккасида тўхташ олдидан"",""\""?????? ???????\"" белгиси билан белгиланган ёлнинг егри бурилиш жойи олдидан."",""Қўшни ҳаракат бўлагига ўтиш олдидан.""}",1,https://postimg.cc/Dmfk0bYv,3-BILET,300,,,,
Belgilangan yo'nalish bo'ylab ketayotgan avtobus haydovchi ushbu sharoitda yo'l berishi kerakmi?,Белгиланган ёналиш бўйлаб кетаётган автобус ҳайдовчи ушбу шароитда ёл бериши керакми?,"{""Kerak."",""Kerak emas."",""Kerak emas, chunki u to'g'riga ketayapti""}","{""Керак."",""Керак емас."",""Керак емас, чунки у тўғрига кетаяпти""}",0,https://ptest.uz/images/b17f2ed4-a0ed-4974-8fac-573a3b5459f6.webp,3-BILET,300,,,,
Siz balandlikda svetoforning ruxsat beruvchi ishorasini ko'tib to'xtadingiz. Bunda avtomobilni joyida to'tib turishning eng yaxshi usuli:,Сиз баландликда светофорнинг рухсат берувчи ишорасини кўтиб тўхтадингиз. Бунда автомобилни жойида тўтиб туришнинг енг яхши усули:,"{""To'xtab turish tormozi bilan"",""Birinchi uzatma ulangan holda ulovchini joydan jilmay aylantirish hisobiga"","". Yurgizgich o'chirilib, past uzatma ulangan holda"",""Ishchi tormoz bilan""}","{""Тўхтаб туриш тормози билан"",""Биринчи узатма уланган ҳолда уловчини жойдан жилмай айлантириш ҳисобига"","". Юргизгич ўчирилиб, паст узатма уланган ҳолда"",""Ишчи тормоз билан""}",0,https://postimg.cc/Dmfk0bYv,3-BILET,300,,,,
Qaysi hollarda velosipedchilarga qatnov qismining o'ng chekkasidan chiqishga yo'l qo'yiladi?,Қайси ҳолларда велосипедчиларга қатнов қисмининг ўнг чеккасидан чиқишга ёл қўйилади?,"{""Yuk ortib ketayotganda"",""Ruxsat etilgan hollarda chapga burilish yoki orqaga qaytish uchun"","". Ikkala sanab o'tilgan hollarda""}","{""Юк ортиб кетаётганда"",""Рухсат етилган ҳолларда чапга бурилиш ёки орқага қайтиш учун"","". Иккала санаб ўтилган ҳолларда""}",1,https://postimg.cc/Dmfk0bYv,3-BILET,300,,,,
Tirkamali engil avtomobillarga yo'lning shunday yo'l belgisi o'rnatilgan qismida qanday eng katta tezlik bilan harakatlanishga ruxsat etiladi?,Тиркамали енгил автомобилларга ёлнинг шундай ёл белгиси ўрнатилган қисмида қандай енг катта тезлик билан ҳаракатланишга рухсат етилади?,"{""60 km/c"",""70 km/c"",""80 km/c"",""100 km/c"",""110 km/c""}","{""60 км/c"",""70 км/c"",""80 км/c"",""100 км/c"",""110 км/c""}",2,https://ptest.uz/images/0b872b1d-5173-4096-8c2f-757108c93cb8.webp,3-BILET,300,,,,
Qaysi belgi transport vositalarining belgida ko'rsatilgandan kam oraliq masofada harakatlanishini taqiqlaydi?,Қайси белги транспорт воситаларининг белгида кўрсатилгандан кам оралиқ масофада ҳаракатланишини тақиқлайди?,"{""1"",""2"",""3"",""4"",""5""}","{""1"",""2"",""3"",""4"",""5""}",2,https://ptest.uz/images/cb163cdc-4d99-45ba-9a70-4b15acfe200b.webp,3-BILET,300,,,,
Mazkur holatda avtobus to'g'riga harakatlansa chorrahaga kirishiga ruxsat etiladimi?,Мазкур ҳолатда автобус тўғрига ҳаракатланса чорраҳага киришига рухсат етиладими?,"{""Ruxsat etiladi"",""Taqiqlanadi"",""Agar avtobus belgilangan yo'nalish bo'yicha harakatlanayotgan bo'lsa ruxsat etiladi""}","{""Рухсат етилади"",""Тақиқланади"",""Агар автобус белгиланган ёналиш бўйича ҳаракатланаётган бўлса рухсат етилади""}",1,https://ptest.uz/images/9df6003a-876b-4157-a1a0-adf820795720.webp,3-BILET,300,,,,
Chorrahada aylanma harakatlanish tashqil qilingan. Siz yaqinlashib kelayotgan chorrahaning qatnov qismi ikkita harakat bo'lagiga ega. Chorrahaga kirishda burilish uchun Siz qaysi bo'lakni egallashingiz lozim?,Чорраҳада айланма ҳаракатланиш ташқил қилинган. Сиз яқинлашиб келаётган чорраҳанинг қатнов қисми иккита ҳаракат бўлагига ега. Чорраҳага киришда бурилиш учун Сиз қайси бўлакни егаллашингиз лозим?,"{""O'ng bo'lakni"",""Chap bo'lakni"",""O'ng yoki chap bo'lakni""}","{""Ўнг бўлакни"",""Чап бўлакни"",""Ўнг ёки чап бўлакни""}",2,https://postimg.cc/Dmfk0bYv,3-BILET,300,,,,
Bu belgilar aholi yashaydigan joylarda havfli yo'l qismi boshlanishidan qancha masofada o'rnatiladi?,Бу белгилар аҳоли яшайдиган жойларда ҳавфли ёл қисми бошланишидан қанча масофада ўрнатилади?,"{""15-25 m"",""25-50 m"",""50-100 m"",""100-150 m"",""150-300 m""}","{""15-25 м"",""25-50 м"",""50-100 м"",""100-150 м"",""150-300 м""}",2,https://ptest.uz/images/ced2ae2c-b9e5-4ab9-9f00-95e6e33a8c86.webp,3-BILET,300,,,,
Sanab o'tilgan hollarning qaysi birida qoidalar haydovchi o'zining transport vositasini ichki ishlar xodimi ixtiyoriga berishi shart?,Санаб ўтилган ҳолларнинг қайси бирида қоидалар ҳайдовчи ўзининг транспорт воситасини ички ишлар ходими ихтиёрига бериши шарт?,"{""Barcha holatlarda"",""Kechiktirib bo'lmaydigan xizmat vazifalarini bajarish uchun"",""Ish joyiga borish uchun""}","{""Барча ҳолатларда"",""Кечиктириб бўлмайдиган хизмат вазифаларини бажариш учун"",""Иш жойига бориш учун""}",1,https://postimg.cc/Dmfk0bYv,3-BILET,300,,,,
Piyodalarga yo'lni piyodalar o'tish joyidan tashqarida kesib o'tishga ruxsat etiladimi?,Пиёдаларга ёлни пиёдалар ўтиш жойидан ташқарида кесиб ўтишга рухсат етиладими?,"{""Ruxsat etiladi."","". Yo'lning qatnov qismi chetiga to'g'ri burchak ostida, uning ikkala tomoni yaxshi ko'rinib turadigan, ko'rinish masofasida o'tish joyi yoki chorraha bo'lmasa, ajratuvchi bo'laksiz va to'siqsiz yo'llarda kesib o'tish ruxsat etiladi."","". Taqiqlanadi.""}","{""Рухсат етилади."","". Ёлнинг қатнов қисми четига тўғри бурчак остида, унинг иккала томони яхши кўриниб турадиган, кўриниш масофасида ўтиш жойи ёки чорраҳа бўлмаса, ажратувчи бўлаксиз ва тўсиқсиз ёлларда кесиб ўтиш рухсат етилади."","". Тақиқланади.""}",1,https://postimg.cc/Dmfk0bYv,3-BILET,300,,,,
Tartibga soluvchining mazkur ishorasi qo'yidagini bildiradi:,Тартибга солувчининг мазкур ишораси қўйидагини билдиради:,"{""Ko'k, yashil avtomobillarga harakatlanishga ruxsat etiladi. Qizil, sariq, oq avtomobillarga taqiqlanadi"",""Ko'k, qizil, yashil avtomobillarga harakatlanishga ruxsat etiladi. Sariq, oq avtomobillarga taqiqlanadi""}","{""Кўк, яшил автомобилларга ҳаракатланишга рухсат етилади. Қизил, сариқ, оқ автомобилларга тақиқланади"",""Кўк, қизил, яшил автомобилларга ҳаракатланишга рухсат етилади. Сариқ, оқ автомобилларга тақиқланади""}",1,https://ptest.uz/images/504363cd-43c1-4a5f-80f1-5b46a6b42802.webp,3-BILET,300,,,,
Agar g'ildiraklardagi tortish kuchi yo'l bilan tishlashish kuchidan ortiq bo'lsa:,Агар ғилдираклардаги тортиш кучи ёл билан тишлашиш кучидан ортиқ бўлса:,"{""Yurgizgich o'chib qoladi"",""Ulagich detallarining emirilishi ortadi"",""Etakchi g'ildiraklar o'rnidan jilmay aylanadi""}","{""Юргизгич ўчиб қолади"",""Улагич деталларининг емирилиши ортади"",""Етакчи ғилдираклар ўрнидан жилмай айланади""}",2,https://postimg.cc/Dmfk0bYv,4-BILET,300,,,,
"Qaysi belgi ""T"" simon chorrahada harakatlanish yo'nalishini ko'rsatadi?","Қайси белги ""Т"" симон чорраҳада ҳаракатланиш ёналишини кўрсатади?","{""1"",""2"",""3"",""4"",""5""}","{""1"",""2"",""3"",""4"",""5""}",1,https://ptest.uz/images/4c67bf85-3cac-4d46-b085-b2fbcca80606.webp,4-BILET,300,,,,
Qanday hollarda transport vositalaridan foydalanishga ruxsat etiladi?,Қандай ҳолларда транспорт воситаларидан фойдаланишга рухсат етилади?,"{""Qo'shaloq shinalar orasiga xavf-xatar tug'diruvchi begona qismlar qisilib, tiqilib qolganda"",""Shina o'lchamlari yoki cheklangan og'irlik transport vositasining turiga mos kelmaydi"",""M1, M2, M3 toifali 1 klass avtotransport vositalarining oldingi o'qiga 1 klassda tamirlangan shinalar qo'yilgan"",""Barcha sanab o'tilganlarda hollarda ruxsat etiladi""}","{""Қўшалоқ шиналар орасига хавф-хатар туғдирувчи бегона қисмлар қисилиб, тиқилиб қолганда"",""Шина ўлчамлари ёки чекланган оғирлик транспорт воситасининг турига мос келмайди"",""М1, М2, М3 тоифали 1 класс автотранспорт воситаларининг олдинги ўқига 1 классда тамирланган шиналар қўйилган"",""Барча санаб ўтилганларда ҳолларда рухсат етилади""}",2,https://postimg.cc/Dmfk0bYv,4-BILET,300,,,,
Kunduzgi vaqtda yaqinni yorituvchi fara chirog'ini yoqish ogohlantirish ishorasi bo'ladimi?,Кундузги вақтда яқинни ёритувчи фара чироғини ёқиш огоҳлантириш ишораси бўладими?,"{""Bo'ladi"",""Bo'lmaydi""}","{""Бўлади"",""Бўлмайди""}",0,https://postimg.cc/Dmfk0bYv,4-BILET,300,,,,
Belgilangan yo'nalish bo'yicha harakatlanayotgan yo'nalishli transport vositalarining haydovchilari piyodalar o'tish joyidan tashqarida oq xassa bilan ishora berayotgan ko'zi ojiz piyodalarni o'tkazib yuborishlari kerakmi?,Белгиланган ёналиш бўйича ҳаракатланаётган ёналишли транспорт воситаларининг ҳайдовчилари пиёдалар ўтиш жойидан ташқарида оқ хасса билан ишора бераётган кўзи ожиз пиёдаларни ўтказиб юборишлари керакми?,"{""Barcha hollarda o'tkazib yuborishlari kerak"",""O'tkazib yuborishlari kerak emas""}","{""Барча ҳолларда ўтказиб юборишлари керак"",""Ўтказиб юборишлари керак емас""}",0,https://postimg.cc/Dmfk0bYv,4-BILET,300,,,,
Harakatlanish kimga ruxsat etilgan?,Ҳаракатланиш кимга рухсат етилган?,"{""Barcha transport vositalariga"",""Motosiklga"",""Avtomobil va motosiklga""}","{""Барча транспорт воситаларига"",""Мотосиклга"",""Автомобил ва мотосиклга""}",1,https://ptest.uz/images/0673d4df-6396-4c9a-96f1-a04401274540.webp,4-BILET,300,,,,
"Agar transport vositasi o'lchamlari kattaligidan yoki boshqa sabablarga ko'ra chetki holatda burilishni bajara olmagan bo'lsa, bu qoidadan chetga chiqqan holda burilishga yo'l qo'yiladimi?","Агар транспорт воситаси ўлчамлари катталигидан ёки бошқа сабабларга кўра четки ҳолатда бурилишни бажара олмаган бўлса, бу қоидадан четга чиққан ҳолда бурилишга ёл қўйиладими?","{""Yo'l qo'yilmaydi"",""Yo'l qo'yiladi, agar bu boshqa transport vositalariga xalaqit bermasa, harakat xavfsizligini taminlab, talablardan chetka chiqishi mumkin"",""Aholi punktidan tashqaridagi yo'llarda yo'l qo'yiladi"",""Yo'l qo'yiladi, lekin faqat chorrahada emas""}","{""Ёл қўйилмайди"",""Ёл қўйилади, агар бу бошқа транспорт воситаларига халақит бермаса, ҳаракат хавфсизлигини таминлаб, талаблардан четка чиқиши мумкин"",""Аҳоли пунктидан ташқаридаги ёлларда ёл қўйилади"",""Ёл қўйилади, лекин фақат чорраҳада емас""}",1,https://postimg.cc/Dmfk0bYv,4-BILET,300,,,,
Transport vositalari chorrahadan quyidagi tartibda o'tadilar:,Транспорт воситалари чорраҳадан қуйидаги тартибда ўтадилар:,"{""Motosikl, tramvay va avtomobil"",""Tramvay, motosikl, avtomobil"",""Tramvay va avtomobil, motosikl""}","{""Мотосикл, трамвай ва автомобил"",""Трамвай, мотосикл, автомобил"",""Трамвай ва автомобил, мотосикл""}",0,https://ptest.uz/images/978db64e-7b77-443a-afa8-9dc603de676e.webp,4-BILET,300,,,,
Bu joyda quvib o'tishga ruxsat beriladimi?,Бу жойда қувиб ўтишга рухсат бериладими?,"{""Ruxsat etiladi"",""Taqiqlanadi"",""Agar quvib o'tilayotgan transportning tezligi 40 km/s dan kam bo'lsa ruxsat etiladi""}","{""Рухсат етилади"",""Тақиқланади"",""Агар қувиб ўтилаётган транспортнинг тезлиги 40 км/с дан кам бўлса рухсат етилади""}",0,https://ptest.uz/images/4777e12f-9cc9-4da1-aa33-44161077804b.webp,4-BILET,300,,,,
Transport vositalari chorrahadan quyidagi tartibda o'tadilar,Транспорт воситалари чорраҳадан қуйидаги тартибда ўтадилар,"{""Tramvay, avtobus, engil avtomobil"",""Avtobus, engil avtomobil, tramvay"",""Engil avtomobil, tramvay, avtobus""}","{""Трамвай, автобус, енгил автомобил"",""Автобус, енгил автомобил, трамвай"",""Енгил автомобил, трамвай, автобус""}",0,https://ptest.uz/images/cb475309-676f-4bc1-8c17-644b213f8395.webp,4-BILET,300,,,,
Shatakka olingan avtomobilda odamlarni tashishga ruxsat etiladimi?,Шатакка олинган автомобилда одамларни ташишга рухсат етиладими?,"{""Avtobusda ruxsat etiladi"",""Engil avtomobilda ruxsat etiladi"",""Qattiq ulagichda shatakka olingan yuk avtomobili yukxonasida ruxsat etiladi""}","{""Автобусда рухсат етилади"",""Енгил автомобилда рухсат етилади"",""Қаттиқ улагичда шатакка олинган юк автомобили юкхонасида рухсат етилади""}",1,https://postimg.cc/Dmfk0bYv,4-BILET,300,,,,
Qaysi yo'nalishda harakatlanishga ruxsat etiladi?,Қайси ёналишда ҳаракатланишга рухсат етилади?,"{""Faqat chapga"",""To'g'riga va o'ngga"",""Faqat o'ngga"",""Faqat to'g'riga""}","{""Фақат чапга"",""Тўғрига ва ўнгга"",""Фақат ўнгга"",""Фақат тўғрига""}",0,https://ptest.uz/images/033ab8a2-45fa-4ce3-8afb-de4f79c6791c.webp,4-BILET,300,,,,
Qaysi javobda ruxsat etilgan harakatlanish yo'nalishlari to'g'ri ko'rsatilgan?,Қайси жавобда рухсат етилган ҳаракатланиш ёналишлари тўғри кўрсатилган?,"{""\"" ? \"""",""\"" ? \"""",""\"" ? \"""",""\"" ? \"" va \"" ? \"""",""\"" ? \"" va \"" ? \""""}","{""\"" ? \"""",""\"" ? \"""",""\"" ? \"""",""\"" ? \"" ва \"" ? \"""",""\"" ? \"" ва \"" ? \""""}",3,https://ptest.uz/images/8e2441e6-8d1a-416c-9b12-68a4615c1076.webp,4-BILET,300,,,,
Qaysi javobda yo'lovchilar uchun chiqish va tushish maydonchasi bo'lmagan sharoitdagi joylar to'liq ko'rsatilgan?,Қайси жавобда ёловчилар учун чиқиш ва тушиш майдончаси бўлмаган шароитдаги жойлар тўлиқ кўрсатилган?,"{"". Qatnov qismi yoki trotuar tomonidan"",""Trotuar tomonidan"",""Yo'l yoqasida yoki qatnov qismi tomonidan"",""Trotuarda yoki yo'l yoqasi tomonidan""}","{"". Қатнов қисми ёки тротуар томонидан"",""Тротуар томонидан"",""Ёл ёқасида ёки қатнов қисми томонидан"",""Тротуарда ёки ёл ёқаси томонидан""}",3,https://postimg.cc/Dmfk0bYv,4-BILET,300,,,,
Velosipedchilarda trotuarda harakatlanishga ruxsat etiladimi?,Велосипедчиларда тротуарда ҳаракатланишга рухсат етиладими?,"{""Ruxsat etiladi"",""Piyodalar bo'lmaganda ruxsat etiladi"",""Taqiqlanadi""}","{""Рухсат етилади"",""Пиёдалар бўлмаганда рухсат етилади"",""Тақиқланади""}",2,https://postimg.cc/Dmfk0bYv,4-BILET,300,,,,
Ushbu yo'l belgisi qo'shimcha axborot belgisi bilan nimani bildiradi?,Ушбу ёл белгиси қўшимча ахборот белгиси билан нимани билдиради?,"{""Ruxsat etilgan to'la vazni 3,5 t dan ortiq transport vositalarining to'xtab turish joyi ko'rsatkich qatnov qismining chetida baland to'siq, toshi borligini bildiradi"",""Transport vositalarining to'xtab turish joyiga avtomobilni ko'rsatilgan usulda qo'yish taqiqlanadi"",""Engil avtomobillar va motosikllarni to'xtab turishga qo'yish joyi va usuli""}","{""Рухсат етилган тўла вазни 3,5 т дан ортиқ транспорт воситаларининг тўхтаб туриш жойи кўрсаткич қатнов қисмининг четида баланд тўсиқ, тоши борлигини билдиради"",""Транспорт воситаларининг тўхтаб туриш жойига автомобилни кўрсатилган усулда қўйиш тақиқланади"",""Енгил автомобиллар ва мотосиклларни тўхтаб туришга қўйиш жойи ва усули""}",2,https://ptest.uz/images/7a9c6f19-b031-4c97-9ca5-8cd09c5097ae.webp,4-BILET,300,,,,
Qaysi transport vositalariga harakatlanish ruxsat etiladi?,Қайси транспорт воситаларига ҳаракатланиш рухсат етилади?,"{""Yashil, ko'k va qora avtomobillarga"",""Qizil, sariq va yashil avtomobillarga"",""Yashil, ko'k va qizil""}","{""Яшил, кўк ва қора автомобилларга"",""Қизил, сариқ ва яшил автомобилларга"",""Яшил, кўк ва қизил""}",2,https://ptest.uz/images/41286de3-625e-4491-8916-4e16c58d4c4a.webp,4-BILET,300,,,,
Qattiq ulagich transport vositalari orasida qanchadan ortiq bo'lmagan masofani taminlashi kerak?,Қаттиқ улагич транспорт воситалари орасида қанчадан ортиқ бўлмаган масофани таминлаши керак?,"{""2 m"",""3 m"",""4 m"",""5 m"",""6 m""}","{""2 м"",""3 м"",""4 м"",""5 м"",""6 м""}",2,https://postimg.cc/Dmfk0bYv,4-BILET,300,,,,
"Oldida transport vositasi to'xtab turgan tartibga solinmaydigan piyodalar o'tish joyiga yaqinlashib kelmoqdasiz, Siz nima qilishingiz kerak?","Олдида транспорт воситаси тўхтаб турган тартибга солинмайдиган пиёдалар ўтиш жойига яқинлашиб келмоқдасиз, Сиз нима қилишингиз керак?","{""Piyodalar o'tish joyidan o'tish"",""Piyodalar o'tish joyidan to'xtamasdan o'tish, lekin alohida ehtiyotkorlik bilan"",""Harakatni davom ettirish, lekin to'xtab turgan transport vositasi oldida piyodalar yo'qligiga ishonch hosil qilgan holda"",""Albatta to'xtash, piyodalar paydo bo'lsa, ularni o'tkazib yuborish""}","{""Пиёдалар ўтиш жойидан ўтиш"",""Пиёдалар ўтиш жойидан тўхтамасдан ўтиш, лекин алоҳида еҳтиёткорлик билан"",""Ҳаракатни давом еттириш, лекин тўхтаб турган транспорт воситаси олдида пиёдалар ёқлигига ишонч ҳосил қилган ҳолда"",""Албатта тўхташ, пиёдалар пайдо бўлса, уларни ўтказиб юбориш""}",2,https://postimg.cc/Dmfk0bYv,4-BILET,300,,,,
Qanday hollarda quvib o'tish taqiqlanadi?,Қандай ҳолларда қувиб ўтиш тақиқланади?,"{""Tartibga solingan chorrahalarda"",""Tartibga solinmagan chorrahalardagi asosiy bo'lib hisoblanmaydigan yo'llarda"",""Teng ahamiyatga ega bo'lgan chorrahalarda"",""Hamma sanab o'tilgan hollarda""}","{""Тартибга солинган чорраҳаларда"",""Тартибга солинмаган чорраҳалардаги асосий бўлиб ҳисобланмайдиган ёлларда"",""Тенг аҳамиятга ега бўлган чорраҳаларда"",""Ҳамма санаб ўтилган ҳолларда""}",3,https://postimg.cc/Dmfk0bYv,4-BILET,300,,,,
Agar g'ildiraklardagi tortish kuchi yo'l bilan tishlashish kuchidan ortiq bo'lsa:,Агар ғилдираклардаги тортиш кучи ёл билан тишлашиш кучидан ортиқ бўлса:,"{""Yurgizgich o'chib qoladi"",""Ulagich detallarining emirilishi ortadi"",""Etakchi g'ildiraklar o'rnidan jilmay aylanadi""}","{""Юргизгич ўчиб қолади"",""Улагич деталларининг емирилиши ортади"",""Етакчи ғилдираклар ўрнидан жилмай айланади""}",2,https://postimg.cc/Dmfk0bYv,4-BILET,300,,,,
Bu erda quvib o'tishga ruxsat beriladimi?,Бу ерда қувиб ўтишга рухсат бериладими?,"{""Ruxsat beriladi"",""Taqiqlanadi""}","{""Рухсат берилади"",""Тақиқланади""}",1,https://ptest.uz/images/f6225ebe-b269-479e-8794-6be89b0d17e1.webp,5-BILET,300,,,,
Chorrahadan ikkinchi bo'lib kim o'tadi?,Чорраҳадан иккинчи бўлиб ким ўтади?,"{""Tramvay"",""Qizil avtomobil"",""Ko'k avtomobil""}","{""Трамвай"",""Қизил автомобил"",""Кўк автомобил""}",0,https://ptest.uz/images/b686951f-821c-4d0d-b373-d6f28e66f33f.webp,5-BILET,300,,,,
Transport vositalari chorrahadan quyidagi tartibda o'tadilar:,Транспорт воситалари чорраҳадан қуйидаги тартибда ўтадилар:,"{""Qizil avtomobil, tramvay, yashil, ko'k avtomobil"",""Tramvay, qizil, ko'k, yashil avtomobil"",""Tramvay, qizil, yashil, ko'k avtomobil""}","{""Қизил автомобил, трамвай, яшил, кўк автомобил"",""Трамвай, қизил, кўк, яшил автомобил"",""Трамвай, қизил, яшил, кўк автомобил""}",2,https://ptest.uz/images/4adca477-a404-43ed-898b-f0d43734efdb.webp,5-BILET,300,,,,
Boshqarishni o'rgatishdagi transport vositasi qanday jihozlangan bo'lishi kerak?,Бошқаришни ўргатишдаги транспорт воситаси қандай жиҳозланган бўлиши керак?,"{""Qoidalarning talablariga asosan taniqlik belgilari bilan"",""Ilashma va ishchi tormozning qo'shimcha tepkilari bilan"",""O'rgatuvchi uchun orqani ko'rsatuvchi ko'zgu bilan"",""Sanab o'tilgan barcha jihozlar va belgilar bilan""}","{""Қоидаларнинг талабларига асосан таниқлик белгилари билан"",""Илашма ва ишчи тормознинг қўшимча тепкилари билан"",""Ўргатувчи учун орқани кўрсатувчи кўзгу билан"",""Санаб ўтилган барча жиҳозлар ва белгилар билан""}",3,https://postimg.cc/Dmfk0bYv,5-BILET,300,,,,
Sanab o'tilgan qaysi holatlarda transport vositasidan foydalanish taqiqlanadi?,Санаб ўтилган қайси ҳолатларда транспорт воситасидан фойдаланиш тақиқланади?,"{""Pnevmatik tormoz yuritmasining manometri ishlamaydi"",""Motosiklning boshqaruv dempferi nosoz"",""M1 toifasidagi transport vositasining rul boshqarmasi lyuft yig'indisi 10 gradusdan ortiq"",""Barcha sanab o'tilgan hollarda""}","{""Пневматик тормоз юритмасининг манометри ишламайди"",""Мотосиклнинг бошқарув демпфери носоз"",""М1 тоифасидаги транспорт воситасининг рул бошқармаси люфт йиғиндиси 10 градусдан ортиқ"",""Барча санаб ўтилган ҳолларда""}",3,https://postimg.cc/Dmfk0bYv,5-BILET,300,,,,
Ushbu holatda quvib o'tishga ruxsat etiladimi?,Ушбу ҳолатда қувиб ўтишга рухсат етиладими?,"{""Ruxsat etiladi"",""Taqiqlanadi"",""Agar quvib o'tilayotgan transport vositasi 40 km/s dan kam tezlik bilan harakatlanayotgan bo'lsa, ruxsat beriladi""}","{""Рухсат етилади"",""Тақиқланади"",""Агар қувиб ўтилаётган транспорт воситаси 40 км/с дан кам тезлик билан ҳаракатланаётган бўлса, рухсат берилади""}",1,https://ptest.uz/images/6670d6e8-bc36-4b58-a656-31f6ab2c6067.webp,5-BILET,300,,,,
"Harakat tezligi ikki marta oshganda, tormozlanish yo'li necha marta ortadi?","Ҳаракат тезлиги икки марта ошганда, тормозланиш ёли неча марта ортади?","{""Tormoz yo'li harakat tezligiga bog'liq emas"",""Uch marta"",""To'rt marta"",""Ikki marta""}","{""Тормоз ёли ҳаракат тезлигига боғлиқ емас"",""Уч марта"",""Тўрт марта"",""Икки марта""}",2,https://postimg.cc/Dmfk0bYv,5-BILET,300,,,,
Ushbu svetofor qaysi harakatlanishni tartibga solish uchun qo'llanadi?,Ушбу светофор қайси ҳаракатланишни тартибга солиш учун қўлланади?,"{""Qatnov qismining butun kengligi bo'yicha"",""Qatnov qismidagi harakatlanish yo'nalishi qarama-qarshi tomonga o'zgaradigan bo'laklar bo'yicha"",""Faqat belgilangan yo'nalishdagi transport vositalar uchun mo'ljallangan bo'lak bo'yicha""}","{""Қатнов қисмининг бутун кенглиги бўйича"",""Қатнов қисмидаги ҳаракатланиш ёналиши қарама-қарши томонга ўзгарадиган бўлаклар бўйича"",""Фақат белгиланган ёналишдаги транспорт воситалар учун мўлжалланган бўлак бўйича""}",1,https://ptest.uz/images/3cb847e0-d3ee-4a78-b2b4-36e310a9e6fd.webp,5-BILET,300,,,,
Avtomobillarga qaysi yo'nalishda harakatlanishga ruxsat etiladi?,Автомобилларга қайси ёналишда ҳаракатланишга рухсат етилади?,"{""Qizil avtomobilga - to'g'riga, ko'k avtomobilga - to'g'riga va chapga"",""Qizil va ko'k avtomobilga - to'g'riga"",""Qizil avtomobilga - to'g'riga, ko'kiga - chapga""}","{""Қизил автомобилга - тўғрига, кўк автомобилга - тўғрига ва чапга"",""Қизил ва кўк автомобилга - тўғрига"",""Қизил автомобилга - тўғрига, кўкига - чапга""}",2,https://ptest.uz/images/bfce559b-b54e-4ae8-876e-3aba6c8c847c.webp,5-BILET,300,,,,
Svetoforning taqiqlovchi ishorasida va shlagbaum ochiq bo'lganda haydovchi nima qilishi kerak?,Светофорнинг тақиқловчи ишорасида ва шлагбаум очиқ бўлганда ҳайдовчи нима қилиши керак?,"{""Yaqinlashib kelayotgan poezd yo'qligiga shaxsan ishonch hosil qilishi va kesishmadan o'tishi kerak"",""Shlagbaumning holatiga asoslangan holda kesishmadan o'tishi kerak"",""Shlagbaumgacha 10 metrdan yaqin bo'lmagan masofada to'xtash"",""To'xtash chizig'i oldida, \""??????????? ???????????? ???????????\"" belgisi oldida, agar ular yo'q bo'lca shlagbaumgacha 5 metrdan yaqin bo'lmagan masofada to'xtash""}","{""Яқинлашиб келаётган поезд ёқлигига шахсан ишонч ҳосил қилиши ва кесишмадан ўтиши керак"",""Шлагбаумнинг ҳолатига асосланган ҳолда кесишмадан ўтиши керак"",""Шлагбаумгача 10 метрдан яқин бўлмаган масофада тўхташ"",""Тўхташ чизиғи олдида, \""??????????? ???????????? ???????????\"" белгиси олдида, агар улар ёқ бўлcа шлагбаумгача 5 метрдан яқин бўлмаган масофада тўхташ""}",3,https://postimg.cc/Dmfk0bYv,5-BILET,300,,,,
"Qizil avtomobilning haydovchisi, yalt-yalt etuvchi chiroq-mayoqcha va maxsus tovushli ishora yoqilgan transport vositasiga yaqinlashib kelayotganda nima qilishi kerak?","Қизил автомобилнинг ҳайдовчиси, ялт-ялт етувчи чироқ-маёқча ва махсус товушли ишора ёқилган транспорт воситасига яқинлашиб келаётганда нима қилиши керак?","{""Harakat bo'lagini o'zgartirmasdan to'xtashi va majburiy to'xtash chiroqlarini yoqishi"",""Tezlikni pasaytirish va boshqa qatorga o'tish bilan bog'liq keskin manyovrlarga yo'l qo'ymasdan harakatni davom ettirish"",""Yo'l berishi""}","{""Ҳаракат бўлагини ўзгартирмасдан тўхташи ва мажбурий тўхташ чироқларини ёқиши"",""Тезликни пасайтириш ва бошқа қаторга ўтиш билан боғлиқ кескин манёврларга ёл қўймасдан ҳаракатни давом еттириш"",""Ёл бериши""}",2,https://ptest.uz/images/db865c62-b430-466c-8b89-7052fd5b32bd.webp,5-BILET,300,,,,
Qaysi ishoralar ogohlantiruvchi hisoblanadi?,Қайси ишоралар огоҳлантирувчи ҳисобланади?,"{""Burilishni ko'rsatadigan miltillovchi chiroq yoki qo'l bilan beriladigan ishoralar"",""Tovushli ishoralar"",""Fara chiroqlarini o'chib-yoqilishi va kunduzgi vaqtda yaqinni yorituvchi fara chirog'ining yoqilishi"",""Sanab o'tilgan barcha ishoralar""}","{""Бурилишни кўрсатадиган милтилловчи чироқ ёки қўл билан бериладиган ишоралар"",""Товушли ишоралар"",""Фара чироқларини ўчиб-ёқилиши ва кундузги вақтда яқинни ёритувчи фара чироғининг ёқилиши"",""Санаб ўтилган барча ишоралар""}",3,https://postimg.cc/Dmfk0bYv,5-BILET,300,,,,
Qanday hollarda haydovchisi bo'lmagan transport vositalarini shatakka olish mumkin?,Қандай ҳолларда ҳайдовчиси бўлмаган транспорт воситаларини шатакка олиш мумкин?,"{""Barcha hollarda"",""Egiluvchan yoki qattiq ulangichda shatakka olishda"",""Qattiq ulagi chning tuzilishi shatakka olingan transport vositalarini shatakka olgan transport vositalarining izidan harakatlanishini taminlaganda"",""Qattiq ulangichda shatakka olishda""}","{""Барча ҳолларда"",""Егилувчан ёки қаттиқ улангичда шатакка олишда"",""Қаттиқ улаги чнинг тузилиши шатакка олинган транспорт воситаларини шатакка олган транспорт воситаларининг изидан ҳаракатланишини таминлаганда"",""Қаттиқ улангичда шатакка олишда""}",2,https://postimg.cc/Dmfk0bYv,5-BILET,300,,,,
Qaysi belgi teng ahamiyatli yo'llar kesishish chorrahasiga yaqinlashib kelayotganlik haqida ogohlantiradi?,Қайси белги тенг аҳамиятли ёллар кесишиш чорраҳасига яқинлашиб келаётганлик ҳақида огоҳлантиради?,"{""1"",""2"",""3"",""4"",""5""}","{""1"",""2"",""3"",""4"",""5""}",4,https://ptest.uz/images/104a15c1-b74b-43b6-977e-3a8f23b7da22.webp,5-BILET,300,,,,
Bir tirkamali avtopoezdning qanday eng katta uzunligida DYHXX ruxsatisiz harakatlanishga yo'l qo'yiladi?,Бир тиркамали автопоезднинг қандай енг катта узунлигида ДЙҲХХ рухсатисиз ҳаракатланишга ёл қўйилади?,"{""16 m"",""18 m"",""20 m"",""22 m"",""24 m""}","{""16 м"",""18 м"",""20 м"",""22 м"",""24 м""}",2,https://postimg.cc/Dmfk0bYv,5-BILET,300,,,,
To'xtagan transport vositasi bilan yotiq sidirg'a chiziq orasidagi masofa qancha bo'lganida to'xtash taqiqlanadi?,Тўхтаган транспорт воситаси билан ётиқ сидирға чизиқ орасидаги масофа қанча бўлганида тўхташ тақиқланади?,"{""6 m"",""5,5 m"",""4 m"",""3,5 m"",""2,5 m""}","{""6 м"",""5,5 м"",""4 м"",""3,5 м"",""2,5 м""}",4,https://ptest.uz/images/1146d6c2-97f4-4eee-8911-731ad97b8454.webp,5-BILET,300,,,,
"Shunday yo'l belgisi bo'lgan yo'l qismlarida ruxsat etilgan to'la vazni 3,5t. dan oshmaydigan yuk avtomobillariga qanday eng katta tezlik bilan harakat qilishga ruxsat etiladi?","Шундай ёл белгиси бўлган ёл қисмларида рухсат етилган тўла вазни 3,5т. дан ошмайдиган юк автомобилларига қандай енг катта тезлик билан ҳаракат қилишга рухсат етилади?","{""110 km/s"",""70 km/s"",""100 km/s"",""90 km/s"",""60 km/s""}","{""110 км/с"",""70 км/с"",""100 км/с"",""90 км/с"",""60 км/с""}",2,https://ptest.uz/images/48477662-f2bd-4c96-93cf-86918a8f14d7.webp,5-BILET,300,,,,
Mazkur belgi bilan belgilangan hududda qanday cheklanishlar kiritilgan?,Мазкур белги билан белгиланган ҳудудда қандай чекланишлар киритилган?,"{""Harakat tezligini 5km/s oshmasligi kerakligini bildiradi"",""Transport vositalarini boshqarishni o'rgatish"",""Kirib, chiqib ketish harakati taqiqlanadi"",""Engil avtomobillarning tunda to'xtab turishini taqiqlaydi""}","{""Ҳаракат тезлигини 5км/с ошмаслиги кераклигини билдиради"",""Транспорт воситаларини бошқаришни ўргатиш"",""Кириб, чиқиб кетиш ҳаракати тақиқланади"",""Енгил автомобилларнинг тунда тўхтаб туришини тақиқлайди""}",1,https://ptest.uz/images/b6a6a507-bd78-434e-87d1-d04bf4b98833.webp,5-BILET,300,,,,
"Ko'rsatilgan avtosisternalardan qaysi biri burilishda ag'darilib ketish xavfi kamroq, turg'unroq?","Кўрсатилган автосистерналардан қайси бири бурилишда ағдарилиб кетиш хавфи камроқ, турғунроқ?","{""Suyuqlik bilan 75% gacha to'ldirilgani"",""Suyuqlik bilan to'liq to'ldirilgani""}","{""Суюқлик билан 75% гача тўлдирилгани"",""Суюқлик билан тўлиқ тўлдирилгани""}",1,https://ptest.uz/images/f52b21f3-7bca-4511-b2fc-61123a3cea3e.webp,5-BILET,300,,,,
Qaysi transport vositalariga ko'rsatilgan yo'nalishlar bo'yicha harakatlanishga ruxsat etiladi?,Қайси транспорт воситаларига кўрсатилган ёналишлар бўйича ҳаракатланишга рухсат етилади?,"{""Avtomobil haydovchisiga"",""Avtomobil va motosikl haydovchisiga"",""Tramvay va avtomobil haydovchisiga""}","{""Автомобил ҳайдовчисига"",""Автомобил ва мотосикл ҳайдовчисига"",""Трамвай ва автомобил ҳайдовчисига""}",2,https://ptest.uz/images/f20acf46-dce0-4fd2-9128-caad49ffda25.webp,5-BILET,300,,,,
Bu erda quvib o'tishga ruxsat beriladimi?,Бу ерда қувиб ўтишга рухсат бериладими?,"{""Ruxsat beriladi"",""Taqiqlanadi""}","{""Рухсат берилади"",""Тақиқланади""}",1,https://ptest.uz/images/f6225ebe-b269-479e-8794-6be89b0d17e1.webp,5-BILET,300,,,,
Transport vositasi qachon faqat o'ng chetki bo'lakda harakatlanishi kerak?,Транспорт воситаси қачон фақат ўнг четки бўлакда ҳаракатланиши керак?,"{""Og'ir vaznli va yirik o'lchamli yuklarni tashishda"",""Agar haydovchi o'zini betob his qilsa"",""Agar harakatlanish vaqtida mahkamlangan yuk bo'shashib ketsa"",""Transport vositasi texnik sabablarga ko'ra 40 km/s dan ortiq tezlikda yura olmasa""}","{""Оғир вазнли ва йирик ўлчамли юкларни ташишда"",""Агар ҳайдовчи ўзини бетоб ҳис қилса"",""Агар ҳаракатланиш вақтида маҳкамланган юк бўшашиб кетса"",""Транспорт воситаси техник сабабларга кўра 40 км/с дан ортиқ тезликда юра олмаса""}",3,https://postimg.cc/Dmfk0bYv,6-BILET,300,,,,
Chorrahadan uchinchi bo'lib Qaysi avtomobil o'tadi:,Чорраҳадан учинчи бўлиб Қайси автомобил ўтади:,"{""Yashil avtomobil"",""Qizil avtomobil"",""Ko'k avtomobil"",""Sariq avtomobil""}","{""Яшил автомобил"",""Қизил автомобил"",""Кўк автомобил"",""Сариқ автомобил""}",2,https://ptest.uz/images/d6369ca9-6d08-4f5b-bd0b-98adcb892265.webp,6-BILET,300,,,,
Haydovchi tormozlanishda boshlangan avtomobilning sirpanib ketishini to'xtatish uchun bajarishi kerak:,Ҳайдовчи тормозланишда бошланган автомобилнинг сирпаниб кетишини тўхтатиш учун бажариши керак:,"{""Boshlangan tormozlashni tugatish"",""Ulagichni ajratishi"",""Tormoz tepkisini oxirigacha bosishi"",""Ulagichni ajratishi va to'xtab turish tormozi bilan tormozlashi""}","{""Бошланган тормозлашни тугатиш"",""Улагични ажратиши"",""Тормоз тепкисини охиригача босиши"",""Улагични ажратиши ва тўхтаб туриш тормози билан тормозлаши""}",0,https://postimg.cc/Dmfk0bYv,6-BILET,300,,,,
Etarli ko'rinmaslik sharoitida yo'lning yoritilmagan qismida to'xtagan yoki to'xtab turgan mexanik transport vositasining haydovchisi bajarishi kerak,Етарли кўринмаслик шароитида ёлнинг ёритилмаган қисмида тўхтаган ёки тўхтаб турган механик транспорт воситасининг ҳайдовчиси бажариши керак,"{""Tumanga qarshi faralarni yoki yaqinni yoritish faralarini yoqishi"",""Faralarning uzoqni yoritish chiroqlarini yoqishi"",""Gabarit chiroqlarini yoqishi""}","{""Туманга қарши фараларни ёки яқинни ёритиш фараларини ёқиши"",""Фараларнинг узоқни ёритиш чироқларини ёқиши"",""Габарит чироқларини ёқиши""}",2,https://postimg.cc/Dmfk0bYv,6-BILET,300,,,,
Avtomobilning yon tomonga sirpanib ketishi nima sababdan ro'y berishi mumkin?,Автомобилнинг ён томонга сирпаниб кетиши нима сабабдан рўй бериши мумкин?,"{""Faqat birdaniga keskin burilish sababli"",""Faqat birdaniga keskin tormozlash sababli"",""Birdaniga keskin tezlik olish va keskin tormozlash sababli"",""Barcha sanab o'tilgan hollarda""}","{""Фақат бирданига кескин бурилиш сабабли"",""Фақат бирданига кескин тормозлаш сабабли"",""Бирданига кескин тезлик олиш ва кескин тормозлаш сабабли"",""Барча санаб ўтилган ҳолларда""}",3,https://postimg.cc/Dmfk0bYv,6-BILET,300,,,,
Qizil avtomobil:,Қизил автомобил:,"{""Ko'k avtomobilga nisbatan ustunlikka ega, chunki asosiy yo'ldan ketyapti"",""Ko'k avtomobilga nisbatan ustunlikka ega, chunki aylanma harakatli yo'ldan ketayapti"",""Chorrahaga o'ng tomondan yaqinlashib kelgan ko'k avtomobilga yo'l berishi kerak""}","{""Кўк автомобилга нисбатан устунликка ега, чунки асосий ёлдан кетяпти"",""Кўк автомобилга нисбатан устунликка ега, чунки айланма ҳаракатли ёлдан кетаяпти"",""Чорраҳага ўнг томондан яқинлашиб келган кўк автомобилга ёл бериши керак""}",1,https://ptest.uz/images/d96d4e35-3cf8-4143-81b2-4d7b19ef6279.webp,6-BILET,300,,,,
Avtomobil qaysi yo'nalishlarda harakatlanishi mumkin?,Автомобил қайси ёналишларда ҳаракатланиши мумкин?,"{""Faqat o'ngga"",""To'xtash va svetoforning yashil chirog'ini kutish"",""Faqat to'g'riga"",""Barcha yo'nalishlar bo'yicha""}","{""Фақат ўнгга"",""Тўхташ ва светофорнинг яшил чироғини кутиш"",""Фақат тўғрига"",""Барча ёналишлар бўйича""}",3,https://ptest.uz/images/a246bec1-eb20-4371-884d-ad49c8df8b87.webp,6-BILET,300,,,,
Ogohlantirish ishorasini berish haydovchiga birinchi harakatlanish xuquqini beradimi?,Огоҳлантириш ишорасини бериш ҳайдовчига биринчи ҳаракатланиш хуқуқини берадими?,"{""Bermaydi"",""Manyovrni tugatish vaqtida beradi"",""Manyovrni boshlash vaqtida beradi"",""Hamma hollarda beradi""}","{""Бермайди"",""Манёврни тугатиш вақтида беради"",""Манёврни бошлаш вақтида беради"",""Ҳамма ҳолларда беради""}",0,https://postimg.cc/Dmfk0bYv,6-BILET,300,,,,
"Haydovchiga belgilangan traektoriya bo'yicha harakatlanib, manyovrlar bajarishga ruxsat berilganmi?","Ҳайдовчига белгиланган траектория бўйича ҳаракатланиб, манёврлар бажаришга рухсат берилганми?","{""\""?\"" bo'yicha ruxsat etilgan"",""\""?\"" bo'yicha ruxsat etilgan"",""Ikkovi bo'yicha ham ruxsat etilgan""}","{""\""?\"" бўйича рухсат етилган"",""\""?\"" бўйича рухсат етилган"",""Иккови бўйича ҳам рухсат етилган""}",2,https://ptest.uz/images/817c4198-7296-478b-826c-25f72754c570.webp,6-BILET,300,,,,
"Yuk tashish taqiqlanadi, agar:","Юк ташиш тақиқланади, агар:","{""Yuk enining chekka nuqtasi oldingi yoki orqa gabarit chiroqning tashqi chekkasidan 0,4 m. dan ortiq chiqib tursa"",""Yuk transport vositasining gabaritlaridan 1 m. ortiq chiqib tursa"",""Tashilayotgan yuk vazni shu transport vositasi uchun ishlab chiqargan korxona belgilagan kattalikdan ortiq bo'lsa"",""Barcha aytilgan hollarda""}","{""Юк енининг чекка нуқтаси олдинги ёки орқа габарит чироқнинг ташқи чеккасидан 0,4 м. дан ортиқ чиқиб турса"",""Юк транспорт воситасининг габаритларидан 1 м. ортиқ чиқиб турса"",""Ташилаётган юк вазни шу транспорт воситаси учун ишлаб чиқарган корхона белгилаган катталикдан ортиқ бўлса"",""Барча айтилган ҳолларда""}",2,https://postimg.cc/Dmfk0bYv,6-BILET,300,,,,
Qoidalarga ko'ra shatakka olish vaqtida bir-biriga ulangan mexanik transport vositalari tarkibining qanday umumiy uzunligiga yo'l qo'yiladi?,Қоидаларга кўра шатакка олиш вақтида бир-бирига уланган механик транспорт воситалари таркибининг қандай умумий узунлигига ёл қўйилади?,"{""20 m"",""21 m"",""22 m"",""23 m"",""24 m""}","{""20 м"",""21 м"",""22 м"",""23 м"",""24 м""}",0,https://postimg.cc/Dmfk0bYv,6-BILET,300,,,,
Ko'rsatilgan holda engil avtomobilga to'xtab turishga ruxsat etiladimi?,Кўрсатилган ҳолда енгил автомобилга тўхтаб туришга рухсат етиладими?,"{""Ruxsat etiladi"",""Taqiqlanadi""}","{""Рухсат етилади"",""Тақиқланади""}",1,https://ptest.uz/images/f843a092-0022-4400-99ee-562db70e68db.webp,6-BILET,300,,,,
Haydovchi piyodalarga qachon yo'l berishi kerak?,Ҳайдовчи пиёдаларга қачон ёл бериши керак?,"{""Hovlidan yo'lga chiqishda"",""Yo'ldan hovliga kirishda"",""Yonilg'i shaxobchasidan yo'lga chiqishda"",""To'xtab turish joyidan yo'lga chiqishda"",""Barcha sanab o'tilgan hollarda""}","{""Ҳовлидан ёлга чиқишда"",""Ёлдан ҳовлига киришда"",""Ёнилғи шахобчасидан ёлга чиқишда"",""Тўхтаб туриш жойидан ёлга чиқишда"",""Барча санаб ўтилган ҳолларда""}",4,https://postimg.cc/Dmfk0bYv,6-BILET,300,,,,
Ushbu svetafor qaysi yo'nalishda harakatlanishni taqiqlaydi?,Ушбу светафор қайси ёналишда ҳаракатланишни тақиқлайди?,"{""Faqat chapga"",""To'g'riga va chapga"",""To'g'riga va o'ngga"",""Faqat o'ngga""}","{""Фақат чапга"",""Тўғрига ва чапга"",""Тўғрига ва ўнгга"",""Фақат ўнгга""}",0,https://ptest.uz/images/3107e8f2-8986-4b18-8c1b-6df53d4f25dd.webp,6-BILET,300,,,,
Qaysi hollarda bir yo'nalishda harakatlanish uchun uchtadan kam bo'lagi bo'lgan yo'lda to'xtash va to'xtab turish taqiqlanadi?,Қайси ҳолларда бир ёналишда ҳаракатланиш учун учтадан кам бўлаги бўлган ёлда тўхташ ва тўхтаб туриш тақиқланади?,"{""Ko'priklarda, estakadalarda va osma yo'llarda"",""Ko'priklar, estakadalar va osma yo'llar ostida"",""Barcha sanab o'tilgan hollarda""}","{""Кўприкларда, естакадаларда ва осма ёлларда"",""Кўприклар, естакадалар ва осма ёллар остида"",""Барча санаб ўтилган ҳолларда""}",2,https://postimg.cc/Dmfk0bYv,6-BILET,300,,,,
Haydovchiga transport vositalarining to'xtab turish joylari chegarasini bildiradigan uzluksiz chiziqni kesib o'tishga ruxsat etiladimi?,Ҳайдовчига транспорт воситаларининг тўхтаб туриш жойлари чегарасини билдирадиган узлуксиз чизиқни кесиб ўтишга рухсат етиладими?,"{""To'xtash uchun ruxsat etiladi"",""Taqiqlanadi"",""Kirish va chiqish uchun ruxsat etiladi"",""Hamma hollarda ruxsat etiladi, agar to'xtab turish joyida boshqa transport vositalari yo'q bo'lsa""}","{""Тўхташ учун рухсат етилади"",""Тақиқланади"",""Кириш ва чиқиш учун рухсат етилади"",""Ҳамма ҳолларда рухсат етилади, агар тўхтаб туриш жойида бошқа транспорт воситалари ёқ бўлса""}",1,https://ptest.uz/images/29c9326a-c61b-41fd-a573-15ac371b6f9e.webp,6-BILET,300,,,,
Bu belgi nimani bildiradi?,Бу белги нимани билдиради?,"{""Ro'paradan kelayotgan transport vositalariga nisbatan birinchi o'tish xuquqini beradi"",""Haydovchi ro'paradan harakatlanayotgan transport vositasiga yo'l berishi kerak"",""Bir tomonlama harakatli yo'l qismining tamom bo'lganini bildiradi""}","{""Рўпарадан келаётган транспорт воситаларига нисбатан биринчи ўтиш хуқуқини беради"",""Ҳайдовчи рўпарадан ҳаракатланаётган транспорт воситасига ёл бериши керак"",""Бир томонлама ҳаракатли ёл қисмининг тамом бўлганини билдиради""}",1,https://ptest.uz/images/2074109f-054a-4fbe-8abd-666ad273273c.webp,6-BILET,300,,,,
oida bo'yicha necha yoshdan boshlab engil avtomobilni boshqarishga ruxsat etiladi?,оида бўйича неча ёшдан бошлаб енгил автомобилни бошқаришга рухсат етилади?,"{""14 yoshdan"",""16 yoshdan"",""18 yoshdan""}","{""14 ёшдан"",""16 ёшдан"",""18 ёшдан""}",2,https://postimg.cc/Dmfk0bYv,6-BILET,300,,,,
N2; N3 toifadagi avtotransport vositalarining boshqaruv qurilmasida qanday eng katta umumiy lyuft yig'indisiga yo'l qo'yiladi?,Н2; Н3 тоифадаги автотранспорт воситаларининг бошқарув қурилмасида қандай енг катта умумий люфт йиғиндисига ёл қўйилади?,"{""16°"",""20°"",""25°"",""26°"",""30°""}","{""16°"",""20°"",""25°"",""26°"",""30°""}",2,https://postimg.cc/Dmfk0bYv,6-BILET,300,,,,
Temir yo'l kesishmasi oldida turgan transport vositalarini qarama-qarshi harakatlanish bo'lagiga chiqib aylanib o'tishga ruxsat etiladimi?,Темир ёл кесишмаси олдида турган транспорт воситаларини қарама-қарши ҳаракатланиш бўлагига чиқиб айланиб ўтишга рухсат етиладими?,"{""Ruxsat etiladi, agar ro'paradan kelayotgan transport vositalari yo'q bo'lsa"",""Faqat yon kajavasiz motosikllarga ruxsat beriladi"",""Agar aylanib o'tayotgan transport vositasining tezligi 8 km/s dan kam bo'lsa, taqiqlanadi"",""Taqiqlanadi""}","{""Рухсат етилади, агар рўпарадан келаётган транспорт воситалари ёқ бўлса"",""Фақат ён кажавасиз мотосиклларга рухсат берилади"",""Агар айланиб ўтаётган транспорт воситасининг тезлиги 8 км/с дан кам бўлса, тақиқланади"",""Тақиқланади""}",3,https://postimg.cc/Dmfk0bYv,6-BILET,300,,,,
Transport vositasi qachon faqat o'ng chetki bo'lakda harakatlanishi kerak?,Транспорт воситаси қачон фақат ўнг четки бўлакда ҳаракатланиши керак?,"{""Og'ir vaznli va yirik o'lchamli yuklarni tashishda"",""Agar haydovchi o'zini betob his qilsa"",""Agar harakatlanish vaqtida mahkamlangan yuk bo'shashib ketsa"",""Transport vositasi texnik sabablarga ko'ra 40 km/s dan ortiq tezlikda yura olmasa""}","{""Оғир вазнли ва йирик ўлчамли юкларни ташишда"",""Агар ҳайдовчи ўзини бетоб ҳис қилса"",""Агар ҳаракатланиш вақтида маҳкамланган юк бўшашиб кетса"",""Транспорт воситаси техник сабабларга кўра 40 км/с дан ортиқ тезликда юра олмаса""}",3,https://postimg.cc/Dmfk0bYv,6-BILET,300,,,,
Yo'l yoqasida qaysi transport vositalarining haydovchilari qoidani buzib to'xtadilar?,Ёл ёқасида қайси транспорт воситаларининг ҳайдовчилари қоидани бузиб тўхтадилар?,"{""Faqat \""?\"""",""Faqat \""?\"""",""Faqat \""?\"""",""\""?\"" va \""?\"""",""\""?\"" va \""?\""""}","{""Фақат \""?\"""",""Фақат \""?\"""",""Фақат \""?\"""",""\""?\"" ва \""?\"""",""\""?\"" ва \""?\""""}",4,https://ptest.uz/images/6146dd9b-c3d5-49cc-a959-ae20e25567f6.webp,7-BILET,300,,,,
Qaysi javobda chorrahadan o'tish tartibi to'g'ri ko'rsatilgan?,Қайси жавобда чорраҳадан ўтиш тартиби тўғри кўрсатилган?,"{""Avtobus, avtomobil, velosiped"",""Avtomobil, avtobus, velosiped"",""Velosiped, avtobus, avtomobil""}","{""Автобус, автомобил, велосипед"",""Автомобил, автобус, велосипед"",""Велосипед, автобус, автомобил""}",2,https://ptest.uz/images/9488eeba-f2bb-470f-91de-964d260a8e32.webp,7-BILET,300,,,,
Haydovchi axoli punktlaridan tashqaridagi yo'lda quvib o'tilayotgan haydovchining etiborini jalb etish uchun faralar chiroqlarini o'chirib yoqish va tovush ishorasi berishni qo'llab to'g'ri qildimi?,Ҳайдовчи ахоли пунктларидан ташқаридаги ёлда қувиб ўтилаётган ҳайдовчининг етиборини жалб етиш учун фаралар чироқларини ўчириб ёқиш ва товуш ишораси беришни қўллаб тўғри қилдими?,"{""Noto'g'ri"",""To'g'ri""}","{""Нотўғри"",""Тўғри""}",1,https://postimg.cc/Dmfk0bYv,7-BILET,300,,,,
Engil avtomobilda tumanga qarshi faralarning nechtasini o'rnatishga ruxsat etiladi?,Енгил автомобилда туманга қарши фараларнинг нечтасини ўрнатишга рухсат етилади?,"{""Ikkita"",""To'rtta"",""Haydovchining xohishiga ko'ra""}","{""Иккита"",""Тўртта"",""Ҳайдовчининг хоҳишига кўра""}",0,https://postimg.cc/Dmfk0bYv,7-BILET,300,,,,
Qaysi transport vositalariga harakatlanish uchun ruxsat berilgan?,Қайси транспорт воситаларига ҳаракатланиш учун рухсат берилган?,"{""Engil va yuk avtomobillariga"",""Motosiklga, engil va yuk avtomobillariga"",""Engil avtomobilga va motosiklga""}","{""Енгил ва юк автомобилларига"",""Мотосиклга, енгил ва юк автомобилларига"",""Енгил автомобилга ва мотосиклга""}",2,https://ptest.uz/images/2c19c21e-db66-4e6a-b807-5a940a2d3964.webp,7-BILET,300,,,,
Quyidagi qaysi belgilar ogohlantiruvchi belgilar jumlasiga kiradi?,Қуйидаги қайси белгилар огоҳлантирувчи белгилар жумласига киради?,"{""Ikkinchidan boshqa barchasi"",""Uchinchidan boshqa barchasi"",""Hammasi""}","{""Иккинчидан бошқа барчаси"",""Учинчидан бошқа барчаси"",""Ҳаммаси""}",2,https://ptest.uz/images/c7bd97f0-5a9e-4ad9-8f4a-3f1d2138d32a.webp,7-BILET,300,,,,
Haydovchi orqa g'ildiraklari etakchi bo'lgan avtomobilning orqa o'qi sirpanib ketishi boshlanganida to'xtatish uchun nima qilishi kerak?,Ҳайдовчи орқа ғилдираклари етакчи бўлган автомобилнинг орқа ўқи сирпаниб кетиши бошланганида тўхтатиш учун нима қилиши керак?,"{""Boshqaruv rulini sirpanishga qarama-qarshi tomonga burish"",""Boshqaruv rulini sirpanish boshlanayotgan tomonga burish"",""Tormoz tepkisini bosish""}","{""Бошқарув рулини сирпанишга қарама-қарши томонга буриш"",""Бошқарув рулини сирпаниш бошланаётган томонга буриш"",""Тормоз тепкисини босиш""}",1,https://ptest.uz/images/cba9fe85-daf6-40fd-82d8-abc0d4e3a830.webp,7-BILET,300,,,,
"Agar yo'l boshlanishida ushbu belgi turgan bo'lsa, qatnov qismining qarama-qarshi yo'nalishiga o'tish mumkinmi?","Агар ёл бошланишида ушбу белги турган бўлса, қатнов қисмининг қарама-қарши ёналишига ўтиш мумкинми?","{""Chapga burilish uchun mumkin"",""Quvib o'tish uchun mumkin agar ro'paradan harakatlanish bo'lmasa va bo'lak qatnov qismining qolgan bo'lagidan uzuq-uzuq chizig'i bilan ajratilgan bo'lsa"",""Taqiqlanadi""}","{""Чапга бурилиш учун мумкин"",""Қувиб ўтиш учун мумкин агар рўпарадан ҳаракатланиш бўлмаса ва бўлак қатнов қисмининг қолган бўлагидан узуқ-узуқ чизиғи билан ажратилган бўлса"",""Тақиқланади""}",2,https://ptest.uz/images/611b5d0d-d7da-4dcd-a5bb-6bb3a59a9ceb.webp,7-BILET,300,,,,
Qarama-qarshi yo'nalishdagi transportlar oqimi ikkita sidirg'a chiziqlar bilan ajratilgan yo'l nechta harakatlanish uchun tasmaga ega?,Қарама-қарши ёналишдаги транспортлар оқими иккита сидирға чизиқлар билан ажратилган ёл нечта ҳаракатланиш учун тасмага ега?,"{""Ikkita"",""Ikkita yoki uchta"",""Uchta"",""To'rtta va undan ko'p bo'lakka""}","{""Иккита"",""Иккита ёки учта"",""Учта"",""Тўртта ва ундан кўп бўлакка""}",3,https://ptest.uz/images/03e74078-866e-4841-997c-39171512144c.webp,7-BILET,300,,,,
Ko'rsatilgan holatda o'zib o'tishga ruxsat etiladimi?,Кўрсатилган ҳолатда ўзиб ўтишга рухсат етиладими?,"{""Ruxsat etiladi"",""Taqiqlanadi"",""Agar o'zib o'tilayotgan transport vositasining tezligi 40 km/s dan kam bo'lsa, ruxsat beriladi""}","{""Рухсат етилади"",""Тақиқланади"",""Агар ўзиб ўтилаётган транспорт воситасининг тезлиги 40 км/с дан кам бўлса, рухсат берилади""}",0,https://ptest.uz/images/3d58b303-353d-4953-9914-30862b9d4231.webp,7-BILET,300,,,,
Avtomobillar chorrahadan quyidagi tartibda o'tadilar:,Автомобиллар чорраҳадан қуйидаги тартибда ўтадилар:,"{""Ko'k, yashil, qizil"",""Ko'k, yashil bilan bir vaqtda, qizil"",""Yashil, qizil bilan ko'k bir vaqtda""}","{""Кўк, яшил, қизил"",""Кўк, яшил билан бир вақтда, қизил"",""Яшил, қизил билан кўк бир вақтда""}",2,https://ptest.uz/images/3a9a0a01-49c2-4599-9410-7688375fdfdf.webp,7-BILET,300,,,,
Shatakka olish taqiqlanadi?,Шатакка олиш тақиқланади?,"{""Yaxmalakda, qattiq ulangich bilan"",""Yon kajavasi yo'q motosikllarni"",""Yon kajavasi bor motosikllarni"",""Ulangich bilan birga transport vositalarining umumiy uzunligi 20 metr bo'lganda""}","{""Яхмалакда, қаттиқ улангич билан"",""Ён кажаваси ёқ мотосиклларни"",""Ён кажаваси бор мотосиклларни"",""Улангич билан бирга транспорт воситаларининг умумий узунлиги 20 метр бўлганда""}",1,https://postimg.cc/Dmfk0bYv,7-BILET,300,,,,
Temir yo'l kesishmasida umumiy xatar ishorasi sifatida quyidagi ishoralar turkumi xizmat qiladi:,Темир ёл кесишмасида умумий хатар ишораси сифатида қуйидаги ишоралар туркуми хизмат қилади:,"{""Ikkita uzun va ikkita qisqa tovushli ishoralari"",""Bitta uzun va uchta qisqa tovushli ishoralari"",""Uchta uzun va uchta qisqa tovushli ishoralari"",""Uchta uzun va bitta qisqa tovushli ishoralari""}","{""Иккита узун ва иккита қисқа товушли ишоралари"",""Битта узун ва учта қисқа товушли ишоралари"",""Учта узун ва учта қисқа товушли ишоралари"",""Учта узун ва битта қисқа товушли ишоралари""}",1,https://postimg.cc/Dmfk0bYv,7-BILET,300,,,,
Chorrahani ikkinchi bo'lib kesib o'tadi:,Чорраҳани иккинчи бўлиб кесиб ўтади:,"{""Qizil avtomobil"",""Ko'k avtomobil"",""Yashil avtomobil""}","{""Қизил автомобил"",""Кўк автомобил"",""Яшил автомобил""}",1,https://ptest.uz/images/3939df96-c50c-461b-a862-763edd70dd75.webp,7-BILET,300,,,,
Sirpanchiq yo'lda orqa etakchi avtomobil uchun tormozlashning qaysi usuli xavfsiz to'xtashni taminlaydi?,Сирпанчиқ ёлда орқа етакчи автомобил учун тормозлашнинг қайси усули хавфсиз тўхташни таминлайди?,"{""Ulagichni uzmasdan tormoz tepkisini keskin bosish"",""Ulagichni uzmasdan tormoz tepkisini ko'plab marta uzuq-uzuq bosish va qo'yib yuborish"",""Ulagichni uzgan holda tormozlash""}","{""Улагични узмасдан тормоз тепкисини кескин босиш"",""Улагични узмасдан тормоз тепкисини кўплаб марта узуқ-узуқ босиш ва қўйиб юбориш"",""Улагични узган ҳолда тормозлаш""}",1,https://ptest.uz/images/dcc0e2cd-6e91-476a-a61d-c49828cc147a.webp,7-BILET,300,,,,
Sonning yumshoq to'qimalari lat eganda birinchi tibbiy yordam qanday ko'rsatiladi?,Соннинг юмшоқ тўқималари лат еганда биринчи тиббий ёрдам қандай кўрсатилади?,"{""Lat egan joyni qattiq bog'lash, 15-20 daqiqaga muz solingan xalta qo'yish. Oyoqni yuqori ko'tarish, tinch qo'yish"",""Lat egan oyoqni tarang qilib (pastdan yuqoriga) bog'lash, singandagi kabi shina qo'yish. Bir stakanga yarim choy qoshig'ida ichimlik soda solib ichirish, kasalxonaga jo'natish"",""Oyoqni yumshoq predmetga qo'yish""}","{""Лат еган жойни қаттиқ боғлаш, 15-20 дақиқага муз солинган халта қўйиш. Оёқни юқори кўтариш, тинч қўйиш"",""Лат еган оёқни таранг қилиб (пастдан юқорига) боғлаш, сингандаги каби шина қўйиш. Бир стаканга ярим чой қошиғида ичимлик сода солиб ичириш, касалхонага жўнатиш"",""Оёқни юмшоқ предметга қўйиш""}",0,https://postimg.cc/Dmfk0bYv,7-BILET,300,,,,
Transport vositasining bitta o'qiga har xil naqshli shinalarni o'rnatishga ruxsat etiladimi?,Транспорт воситасининг битта ўқига ҳар хил нақшли шиналарни ўрнатишга рухсат етиладими?,"{""Faqat oldingi o'qiga ruxsat etiladi"",""Oldingi etakchi ko'prikli avtomobilning faqat orqa o'qiga ruxsat etiladi"",""Taqiqlanadi""}","{""Фақат олдинги ўқига рухсат етилади"",""Олдинги етакчи кўприкли автомобилнинг фақат орқа ўқига рухсат етилади"",""Тақиқланади""}",2,https://postimg.cc/Dmfk0bYv,7-BILET,300,,,,
Qaysi belgi kesib o'tgan yo'llarda harakatlanayotgan transport vositalariga yo'l berishni yuklaydi?,Қайси белги кесиб ўтган ёлларда ҳаракатланаётган транспорт воситаларига ёл беришни юклайди?,"{""1"",""2"",""3"",""4"",""5""}","{""1"",""2"",""3"",""4"",""5""}",2,https://ptest.uz/images/c3c2ee99-ad52-4308-a99f-15a94fa47146.webp,7-BILET,300,,,,
Quvib o'tishda faralarning uzoqni yorituvchi chiroqlaridan ogohlantiruvchi ishora sifatida foydalanish mumkinmi?,Қувиб ўтишда фараларнинг узоқни ёритувчи чироқларидан огоҳлантирувчи ишора сифатида фойдаланиш мумкинми?,"{""Hamma holda mumkin"",""Mumkin, agar bu boshqa haydovchilarning ko'zini qamashtirmasa, shu jumladan, orqani ko'rish ko'zgusi orqali ham"",""Mumkin emas"",""Aholi punktlaridan tashqaridagi yo'llarda mumkin"",""To'g'ri""}","{""Ҳамма ҳолда мумкин"",""Мумкин, агар бу бошқа ҳайдовчиларнинг кўзини қамаштирмаса, шу жумладан, орқани кўриш кўзгуси орқали ҳам"",""Мумкин емас"",""Аҳоли пунктларидан ташқаридаги ёлларда мумкин"",""Тўғри""}",1,https://postimg.cc/Dmfk0bYv,7-BILET,300,,,,
Shikastlangan kishining o'mrov suyagi singanda nima qilish kerak?,Шикастланган кишининг ўмров суяги синганда нима қилиш керак?,"{""Singan joyga sovuq kompress qo'yish, bint bilan tarangroq bog'lash"",""Qo'ltiq sohasiga taxtakach qo'yish va to'g'rilab qo'yilgan qo'lini gavdasiga qo'shib bint bilan bog'lash"",""Paxta yoki bint o'ramasini qo'ltiq sohasiga qo'yib tirsagidan bukilgan qo'lini gavdasiga qo'shib bint bilan bog'lash""}","{""Синган жойга совуқ компресс қўйиш, бинт билан тарангроқ боғлаш"",""Қўлтиқ соҳасига тахтакач қўйиш ва тўғрилаб қўйилган қўлини гавдасига қўшиб бинт билан боғлаш"",""Пахта ёки бинт ўрамасини қўлтиқ соҳасига қўйиб тирсагидан букилган қўлини гавдасига қўшиб бинт билан боғлаш""}",2,https://postimg.cc/Dmfk0bYv,7-BILET,300,,,,
Yo'l yoqasida qaysi transport vositalarining haydovchilari qoidani buzib to'xtadilar?,Ёл ёқасида қайси транспорт воситаларининг ҳайдовчилари қоидани бузиб тўхтадилар?,"{""Faqat \""?\"""",""Faqat \""?\"""",""Faqat \""?\"""",""\""?\"" va \""?\"""",""\""?\"" va \""?\""""}","{""Фақат \""?\"""",""Фақат \""?\"""",""Фақат \""?\"""",""\""?\"" ва \""?\"""",""\""?\"" ва \""?\""""}",4,https://ptest.uz/images/6146dd9b-c3d5-49cc-a959-ae20e25567f6.webp,7-BILET,300,,,,
Qisman ortish usuli bilan avtomobilni shatakka olishda yo'lovchilar qaerda bo'lishlari mumkin?,Қисман ортиш усули билан автомобилни шатакка олишда ёловчилар қаерда бўлишлари мумкин?,"{""Har ikki avtomobilning kabinasida"",""Shatakka oluvchi avtomobilning kabinasida"",""Shatakka olingan avtomobilning kabinasida"",""Shatakka oluvchi avtomobilning kuzovida""}","{""Ҳар икки автомобилнинг кабинасида"",""Шатакка олувчи автомобилнинг кабинасида"",""Шатакка олинган автомобилнинг кабинасида"",""Шатакка олувчи автомобилнинг кузовида""}",1,https://postimg.cc/Dmfk0bYv,8-BILET,300,,,,
Haydovchi qayta tizilishdan va harakatlanish yo'nalishini o'zgartirishdan oldin nima qilishi zarur?,Ҳайдовчи қайта тизилишдан ва ҳаракатланиш ёналишини ўзгартиришдан олдин нима қилиши зарур?,"{""Ushbu manyovr xavfsiz bo'lishiga va harakatlanishning boshqa qatnashchilariga halaqit bermasligiga ishonch hosil qilishi"",""Chapga burilish haqida ogohlantirish ishorasi berishi va hech kimga halaqit bermasligi haqida ishonch xosil qilishi"",""Aholi punktlaridpn tashqarida tovush ishora berishi"",""Ko'rsatilgan barcha harakatlarni bajarishi""}","{""Ушбу манёвр хавфсиз бўлишига ва ҳаракатланишнинг бошқа қатнашчиларига ҳалақит бермаслигига ишонч ҳосил қилиши"",""Чапга бурилиш ҳақида огоҳлантириш ишораси бериши ва ҳеч кимга ҳалақит бермаслиги ҳақида ишонч хосил қилиши"",""Аҳоли пунктларидпн ташқарида товуш ишора бериши"",""Кўрсатилган барча ҳаракатларни бажариши""}",0,https://postimg.cc/Dmfk0bYv,8-BILET,300,,,,
Temir yo'l izlarini qaerda kesib o'tishga ruxsat beriladi?,Темир ёл изларини қаерда кесиб ўтишга рухсат берилади?,"{""Ko'rinish ikkala yo'nalishda 1000 metrdan kam bo'lmagan joylarda"",""Haydovchining nuqtai nazaricha eng qulay joylarda"",""Kesib o'tish uchun belgilab qo'yilgan joylarda"",""Temir yo'l bekatiga 1000 metrdan kam bo'lmagan masofada""}","{""Кўриниш иккала ёналишда 1000 метрдан кам бўлмаган жойларда"",""Ҳайдовчининг нуқтаи назарича енг қулай жойларда"",""Кесиб ўтиш учун белгилаб қўйилган жойларда"",""Темир ёл бекатига 1000 метрдан кам бўлмаган масофада""}",2,https://postimg.cc/Dmfk0bYv,8-BILET,300,,,,
Yotiq chiziqning uzluksiz sariq chizig'i nimani bildiradi?,Ётиқ чизиқнинг узлуксиз сариқ чизиғи нимани билдиради?,"{""Transport vositalarining to'xtashi taqiqlangan joyni"",""Belgilangan yo'nalishli transport vositalari uchun va taksi to'xtashiga ruxsat berilgan joyni"",""Transport vositalarining to'xtab turishi taqiqlangan joyni""}","{""Транспорт воситаларининг тўхташи тақиқланган жойни"",""Белгиланган ёналишли транспорт воситалари учун ва такси тўхташига рухсат берилган жойни"",""Транспорт воситаларининг тўхтаб туриши тақиқланган жойни""}",0,https://ptest.uz/images/d61ad29a-45c5-427a-88fb-d98bd26a1dae.webp,8-BILET,300,,,,
Haydovchi manyovrni bajarishda burilish ko'rsatkichlari bilan yorug'lik ishorasini har doim berishi kerakmi?,Ҳайдовчи манёврни бажаришда бурилиш кўрсаткичлари билан ёруғлик ишорасини ҳар доим бериши керакми?,"{""Har doim berishi kerak"",""Kerak emas, agar harakatlanishning boshqa qatnashchilarini chalg'itishi mumkin bo'lsa"",""Kerak, zaruriy ehtiyot choralarini ko'rgan holda""}","{""Ҳар доим бериши керак"",""Керак емас, агар ҳаракатланишнинг бошқа қатнашчиларини чалғитиши мумкин бўлса"",""Керак, зарурий еҳтиёт чораларини кўрган ҳолда""}",1,https://postimg.cc/Dmfk0bYv,8-BILET,300,,,,
Hamma bo'laklar band bo'lgan serqatnov harakatlanish vaqtida qayrilib olishga ruxsat beriladimi?,Ҳамма бўлаклар банд бўлган серқатнов ҳаракатланиш вақтида қайрилиб олишга рухсат бериладими?,"{""Istalgan paytda ruxsat beriladi"",""Faqat harakatlanish uchun bo'laklari uchtadan kam bo'lmagan yo'llarda ruxsat beriladi"",""Taqiqlanadi"",""Faqat chorrahalarda ruxsat beriladi""}","{""Исталган пайтда рухсат берилади"",""Фақат ҳаракатланиш учун бўлаклари учтадан кам бўлмаган ёлларда рухсат берилади"",""Тақиқланади"",""Фақат чорраҳаларда рухсат берилади""}",0,https://postimg.cc/Dmfk0bYv,8-BILET,300,,,,
Tos suyaklari singanda birinchi yordam qanday ko'rsatiladi?,Тос суяклари синганда биринчи ёрдам қандай кўрсатилади?,"{""Zararlangan joyni qattiq bog'lash, shikastlanganni yarim o'tirgan holatga keltirish"",""Shikastlanganni qattiq yuzaga orqasi bilan yotqizish, zararlangan joylarga qaynoq isitgich qo'yish"",""Shikastlanganni qattiq tekis yuzaga yotqizish, bukilgan va ikki tomonga kerilgan tizzalarining bo'g'inlari ostiga g'o'la shaklida o'ram qo'yish""}","{""Зарарланган жойни қаттиқ боғлаш, шикастланганни ярим ўтирган ҳолатга келтириш"",""Шикастланганни қаттиқ юзага орқаси билан ётқизиш, зарарланган жойларга қайноқ иситгич қўйиш"",""Шикастланганни қаттиқ текис юзага ётқизиш, букилган ва икки томонга керилган тиззаларининг бўғинлари остига ғўла шаклида ўрам қўйиш""}",2,https://postimg.cc/Dmfk0bYv,8-BILET,300,,,,
Transport vositalari chorrahadan qanday tartibda o'tadilar?,Транспорт воситалари чорраҳадан қандай тартибда ўтадилар?,"{""Qizil; ko'k sariq bilan bir vaqtda; yashil"",""Sariq yashil bilan bir vaqtda; qizil; ko'k"",""Qizil; yashil; ko'k sariq bilan bir vaqtda""}","{""Қизил; кўк сариқ билан бир вақтда; яшил"",""Сариқ яшил билан бир вақтда; қизил; кўк"",""Қизил; яшил; кўк сариқ билан бир вақтда""}",0,https://ptest.uz/images/27791f4e-bd4c-42d2-b0dc-63d0a50b4d0e.webp,8-BILET,300,,,,
Son suyagining uchdan birining pastki qismi singanda jarohatlangan odamni transportda tashish uchun taxtakach qanday qo'yiladi?,Сон суягининг учдан бирининг пастки қисми синганда жароҳатланган одамни транспортда ташиш учун тахтакач қандай қўйилади?,"{""Taxtakachni sonning butun uzunligicha tos-sondan tizza bo'g'inigacha qo'yib, singan joy bint bilan qattiq bog'lab qo'yiladi"",""Ikkita taxtakach oyoqning ichki va tashqi tomonidan qo'yiladi. Bittasini oyoq to'pig'idan qo'ltiqosti chuqurigacha, ikkinchisini to'piqdan chovgacha"",""Ikkita taxtakach oyoqning ikki tomonidan to'piqdan sonning yuqorigi uchdan bir qismigacha (singan joydan 15-20 sm yuqorigacha) qo'yiladi""}","{""Тахтакачни соннинг бутун узунлигича тос-сондан тизза бўғинигача қўйиб, синган жой бинт билан қаттиқ боғлаб қўйилади"",""Иккита тахтакач оёқнинг ички ва ташқи томонидан қўйилади. Биттасини оёқ тўпиғидан қўлтиқости чуқуригача, иккинчисини тўпиқдан човгача"",""Иккита тахтакач оёқнинг икки томонидан тўпиқдан соннинг юқориги учдан бир қисмигача (синган жойдан 15-20 см юқоригача) қўйилади""}",1,https://postimg.cc/Dmfk0bYv,8-BILET,300,,,,
Sanab o'tilgan sharoitlarning qaysi birlarida transport vositasidan foydalanish taqiqlanadi?,Санаб ўтилган шароитларнинг қайси бирларида транспорт воситасидан фойдаланиш тақиқланади?,"{""Oyna tozalagichlar belgilangan tartibda ishlamaydi"",""Ishlatib bo'lingan gazlarni chiqarib yuborish tizimi nosoz"",""Ishlab chiqargan korxona tomondan ko'zda tutilgan orqa himoya vositasi loyto'sgich va sachratmagichlar bo'lmasa"",""Sanab o'tilgan hamma sharoitlarda""}","{""Ойна тозалагичлар белгиланган тартибда ишламайди"",""Ишлатиб бўлинган газларни чиқариб юбориш тизими носоз"",""Ишлаб чиқарган корхона томондан кўзда тутилган орқа ҳимоя воситаси лойтўсгич ва сачратмагичлар бўлмаса"",""Санаб ўтилган ҳамма шароитларда""}",3,https://postimg.cc/Dmfk0bYv,8-BILET,300,,,,
"To'xtab turish tormoz tizimi qanchadan kam bo'lgan qiyalikda M toifadagi avtotransport vositalarini harakasiz holatda ushlab tura olmasa, bu avtotransport vositalaridan foydalanish taqiqlanadi?","Тўхтаб туриш тормоз тизими қанчадан кам бўлган қияликда М тоифадаги автотранспорт воситаларини ҳаракасиз ҳолатда ушлаб тура олмаса, бу автотранспорт воситаларидан фойдаланиш тақиқланади?","{""18 %"",""20 %"",""24 %"",""25 %""}","{""18 %"",""20 %"",""24 %"",""25 %""}",3,https://postimg.cc/Dmfk0bYv,8-BILET,300,,,,
Harakatlanishga ruxsat berilgan:,Ҳаракатланишга рухсат берилган:,"{""To'g'riga"",""O'ngga birinchi yo'lga"",""O'ngga ikkinchi yo'lga"",""O'ngga birinchi va ikkinchi yo'llarga""}","{""Тўғрига"",""Ўнгга биринчи ёлга"",""Ўнгга иккинчи ёлга"",""Ўнгга биринчи ва иккинчи ёлларга""}",1,https://ptest.uz/images/89888940-c4aa-4d20-8a70-afa407bc9a9e.webp,8-BILET,300,,,,
Suratlarning qaysi birida quvib o'tish ko'rsatilgan?,Суратларнинг қайси бирида қувиб ўтиш кўрсатилган?,"{""\""?\"""",""\""?\"""",""\""?\"" va \""?\""""}","{""\""?\"""",""\""?\"""",""\""?\"" ва \""?\""""}",0,https://ptest.uz/images/0cfd4ef3-4b84-476e-88d9-fa2d1abf7b46.webp,8-BILET,300,,,,
Qaysi holda avtomobilning ag'anab ketishiga qarshi turg'unligi ortadi?,Қайси ҳолда автомобилнинг ағанаб кетишига қарши турғунлиги ортади?,"{""Og'irlik markazi o'ngga siljiganda"",""Og'irlik markazi balandda joylashganda"",""Og'irlik markazi pastda joylashganda""}","{""Оғирлик маркази ўнгга силжиганда"",""Оғирлик маркази баландда жойлашганда"",""Оғирлик маркази пастда жойлашганда""}",2,https://ptest.uz/images/6a87a132-f741-4742-ba34-9783dcbc63a4.webp,8-BILET,300,,,,
Chorrahadan ikkinchi bo'lib o'tadi:,Чорраҳадан иккинчи бўлиб ўтади:,"{""Yashil avtomobil sariq bilan bir vaqtda"",""Qizil avtomobil"",""Ko'k avtomobil sariq bilan bir vaqtda""}","{""Яшил автомобил сариқ билан бир вақтда"",""Қизил автомобил"",""Кўк автомобил сариқ билан бир вақтда""}",2,https://ptest.uz/images/1f8a6ae5-21ad-4304-8518-be70fb1a13ee.webp,8-BILET,300,,,,
Qaysi javobda pyxcat berilgan harakat yo'nalishi to'g'ri ko'rsatilgan?,Қайси жавобда пйхcат берилган ҳаракат ёналиши тўғри кўрсатилган?,"{""Faqat orqaga burilish"",""To'g'riga va orqaga burilish"",""Faqat to'g'riga""}","{""Фақат орқага бурилиш"",""Тўғрига ва орқага бурилиш"",""Фақат тўғрига""}",2,https://ptest.uz/images/d7231765-418e-44fc-8271-9177b984e403.webp,8-BILET,300,,,,
Qaysi yo'nalishda harakatlanish taqiqlanadi?,Қайси ёналишда ҳаракатланиш тақиқланади?,"{""O'ngga birinchi yo'lga"",""O'ngga ikkinchi yo'lga"",""O'ngga birinchi va ikkinchi yo'llarga""}","{""Ўнгга биринчи ёлга"",""Ўнгга иккинчи ёлга"",""Ўнгга биринчи ва иккинчи ёлларга""}",1,https://ptest.uz/images/5fa04f14-fff3-4fae-a4ca-c25dac440ba0.webp,8-BILET,300,,,,
"""To'xtash taqiqlangan"" belgisi bilan birga to'siqning usti bo'ylab uzluksiz sariq chiziq chizilgan joyda yo'lovchilarni tushirishga ruxsat beriladimi?","""Тўхташ тақиқланган"" белгиси билан бирга тўсиқнинг усти бўйлаб узлуксиз сариқ чизиқ чизилган жойда ёловчиларни туширишга рухсат бериладими?","{""Ruxsat beriladi"",""Taqiqlanadi"",""Belgilangan yo'nalishdagi transport vositalari yo'q bo'lganda ruxsat beriladi"",""Belgilangan yo'nalishdagi transport vositalariga ruxsat beriladi""}","{""Рухсат берилади"",""Тақиқланади"",""Белгиланган ёналишдаги транспорт воситалари ёқ бўлганда рухсат берилади"",""Белгиланган ёналишдаги транспорт воситаларига рухсат берилади""}",3,https://ptest.uz/images/0f538ddd-7c6e-4b03-be86-e47b012bd3c1.webp,8-BILET,300,,,,
Chorraha oldida bu belgi o'rnatilgan bo'lsa; haydovchi qanday yo'l tutishi kerak?,Чорраҳа олдида бу белги ўрнатилган бўлса; ҳайдовчи қандай ёл тутиши керак?,"{""Kesishadigan yo'lda transport vositalari bo'lmasa chorrahadan to'xtamay o'tishi"",""Chorrahadan o'tishda ayniqsa hushyor bo'lishi"",""Kesishadigan yo'l bo'ylab harakatlanayotgan transport vositalariga yo'l berish uchun, to'xtash chizig'ida to'xtab, u yo'q bo'lsa kesib o'tiladigan qatnov qismining chetida to'xtashi""}","{""Кесишадиган ёлда транспорт воситалари бўлмаса чорраҳадан тўхтамай ўтиши"",""Чорраҳадан ўтишда айниқса ҳушёр бўлиши"",""Кесишадиган ёл бўйлаб ҳаракатланаётган транспорт воситаларига ёл бериш учун, тўхташ чизиғида тўхтаб, у ёқ бўлса кесиб ўтиладиган қатнов қисмининг четида тўхташи""}",2,https://ptest.uz/images/51466611-a130-4038-8ee7-f8057829a71d.webp,8-BILET,300,,,,
"Haydovchi o'z joyidan ketishi yoki transport vositasini qoldirishi mumkin, agar:","Ҳайдовчи ўз жойидан кетиши ёки транспорт воситасини қолдириши мумкин, агар:","{""U yurgizgichni o'chirgan va avtomobilning to'xtab turish tormoz tizimini ulagan bo'lsa"",""U yurgizgichni o'chirgan va orqaga siljib ketishga qarshi xavfsizlik buferini o'rnatgan bo'lsa"",""U transport vositasining o'z-o'zidan harakatlanishi yoki undan haydovchi yo'q vaqtda foydalanishga yo'l qo'ymaydigan zaruriy choralarni ko'rgan bo'lsa""}","{""У юргизгични ўчирган ва автомобилнинг тўхтаб туриш тормоз тизимини улаган бўлса"",""У юргизгични ўчирган ва орқага силжиб кетишга қарши хавфсизлик буферини ўрнатган бўлса"",""У транспорт воситасининг ўз-ўзидан ҳаракатланиши ёки ундан ҳайдовчи ёқ вақтда фойдаланишга ёл қўймайдиган зарурий чораларни кўрган бўлса""}",2,https://postimg.cc/Dmfk0bYv,8-BILET,300,,,,
Qisman ortish usuli bilan avtomobilni shatakka olishda yo'lovchilar qaerda bo'lishlari mumkin?,Қисман ортиш усули билан автомобилни шатакка олишда ёловчилар қаерда бўлишлари мумкин?,"{""Har ikki avtomobilning kabinasida"",""Shatakka oluvchi avtomobilning kabinasida"",""Shatakka olingan avtomobilning kabinasida"",""Shatakka oluvchi avtomobilning kuzovida""}","{""Ҳар икки автомобилнинг кабинасида"",""Шатакка олувчи автомобилнинг кабинасида"",""Шатакка олинган автомобилнинг кабинасида"",""Шатакка олувчи автомобилнинг кузовида""}",1,https://postimg.cc/Dmfk0bYv,8-BILET,300,,,,
"Quyidagi 3.27 ""To'xtash taqiqlangan"" belgisining amal qilish chegarasi qaerda tugaydi?","Қуйидаги 3.27 ""Тўхташ тақиқланган"" белгисининг амал қилиш чегараси қаерда тугайди?","{""Birinchi chorrahada"",""Aholi yashaydigan joyning oxirida"",""Yo'lning yotiq sariq chizig'i oxirida""}","{""Биринчи чорраҳада"",""Аҳоли яшайдиган жойнинг охирида"",""Ёлнинг ётиқ сариқ чизиғи охирида""}",2,https://ptest.uz/images/c811b066-d979-44e5-b441-7942f4f10762.webp,9-BILET,300,,,,
"Qattiq yoki egiluvchan ulagich yordamida shatakka olinganda, yuk avtomobilining yukxonasida odamlarni tashishga ruxsat beriladimi?","Қаттиқ ёки егилувчан улагич ёрдамида шатакка олинганда, юк автомобилининг юкхонасида одамларни ташишга рухсат бериладими?","{""Shatakka olgan va shatakka olingan avtomobillarning yukxonasida ruxsat beriladi"",""Faqat shatakka olingan avtomobil yukxonasida ruxsat beriladi"",""Faqat shatakka olgan avtomobil yukxonasida ruxsat beriladi""}","{""Шатакка олган ва шатакка олинган автомобилларнинг юкхонасида рухсат берилади"",""Фақат шатакка олинган автомобил юкхонасида рухсат берилади"",""Фақат шатакка олган автомобил юкхонасида рухсат берилади""}",2,https://postimg.cc/Dmfk0bYv,9-BILET,300,,,,
Qaysi belgi gabarit uzunligi belgisida ko'rsatilgandan uzun bo'lgan transport vositalarining harakatlanishini taqiqlaydi?,Қайси белги габарит узунлиги белгисида кўрсатилгандан узун бўлган транспорт воситаларининг ҳаракатланишини тақиқлайди?,"{""1"",""2"",""3"",""4"",""5""}","{""1"",""2"",""3"",""4"",""5""}",1,https://ptest.uz/images/5c31735a-a45a-453c-bcb7-3d7919d44d15.webp,9-BILET,300,,,,
M1 toifadagi transport vositalari shinalari protektori naqshining qoldiq balandligi necha mm. dan kam bo'lmasligi kerak?,М1 тоифадаги транспорт воситалари шиналари протектори нақшининг қолдиқ баландлиги неча мм. дан кам бўлмаслиги керак?,"{""0,8 mm"",""1,0 mm"",""1,6 mm"",""2,0 mm"",""2,5 mm""}","{""0,8 мм"",""1,0 мм"",""1,6 мм"",""2,0 мм"",""2,5 мм""}",2,https://postimg.cc/Dmfk0bYv,9-BILET,300,,,,
Transport vositalaridan qanday sharoitlarda foydalanishga ruxsat etiladi?,Транспорт воситаларидан қандай шароитларда фойдаланишга рухсат етилади?,"{""Shinalarning ayrim joylarida kord ko'rinib qoladigan nuqsonlari bor"",""M1 toifadagi avtotransport vositalarining oldingi o'qiga ikkinchi klassdagi tamirlangan shinalar o'rnatilgan"",""N2; N3 toifadagi transport vositalari shinalari protektori naqshining qoldiq balandligi 1,6 mm ni tashkil qiladi""}","{""Шиналарнинг айрим жойларида корд кўриниб қоладиган нуқсонлари бор"",""М1 тоифадаги автотранспорт воситаларининг олдинги ўқига иккинчи классдаги тамирланган шиналар ўрнатилган"",""Н2; Н3 тоифадаги транспорт воситалари шиналари протектори нақшининг қолдиқ баландлиги 1,6 мм ни ташкил қилади""}",2,https://postimg.cc/Dmfk0bYv,9-BILET,300,,,,
Yo'lning o'rtasida joylashgan bekatda to'xtagan yo'lakay yo'nalishli tramvay yonidan o'tayotganda haydovchi nima qilishi kerak?,Ёлнинг ўртасида жойлашган бекатда тўхтаган ёлакай ёналишли трамвай ёнидан ўтаётганда ҳайдовчи нима қилиши керак?,"{""To'xtashi kerak va tramvay eshiklarini yopganidan so'ng qo'zg'alish kerak"",""To'xtab turgan tramvayga ketayotgan yoki undan tushayotgan yo'lovchilarga yo'l berishi kerak""}","{""Тўхташи керак ва трамвай ешикларини ёпганидан сўнг қўзғалиш керак"",""Тўхтаб турган трамвайга кетаётган ёки ундан тушаётган ёловчиларга ёл бериши керак""}",1,https://postimg.cc/Dmfk0bYv,9-BILET,300,,,,
Yashil avtomobil haydovchisi:,Яшил автомобил ҳайдовчиси:,"{""Bir xil yo'nalishda to'g'riga harakatlanayotgan ko'k avtomobilga yo'l berishi kerak"",""Ko'k avtomobilga nisbatan ustunlikka ega, chunki quvib o'tish uchun mo'ljallangan bo'lakdan ketyapti"",""Ustunlikka ega, chunki burilish ishorasini yoqdi""}","{""Бир хил ёналишда тўғрига ҳаракатланаётган кўк автомобилга ёл бериши керак"",""Кўк автомобилга нисбатан устунликка ега, чунки қувиб ўтиш учун мўлжалланган бўлакдан кетяпти"",""Устунликка ега, чунки бурилиш ишорасини ёқди""}",0,https://ptest.uz/images/786d065a-bab9-4e18-b5fc-cfbab0f3360c.webp,9-BILET,300,,,,
Qaysi javobda shatakka olingan transport vositasidagi yoritish asboblarini yoqishning to'g'ri holati ko'rsatilgan?,Қайси жавобда шатакка олинган транспорт воситасидаги ёритиш асбобларини ёқишнинг тўғри ҳолати кўрсатилган?,"{""Kunning qorong'i vaqtida yoki tuman bo'lgan sharoitda faralarning yaqinni yoritish chiroqlari"",""Avariya yorug'lik ishoralari, u nosoz bo'lganda yoki bo'lmagan hollarda uning orqa tomoniga avariya sababli to'xtash belgisi o'rnatilishi kerak"",""Aholi punktlarida gabarit chiroqlari"",""Aholi punktlaridan tashqaridagi yo'llarda istalgan yoritish chiroqlarini""}","{""Куннинг қоронги вақтида ёки туман бўлган шароитда фараларнинг яқинни ёритиш чироқлари"",""Авария ёруғлик ишоралари, у носоз бўлганда ёки бўлмаган ҳолларда унинг орқа томонига авария сабабли тўхташ белгиси ўрнатилиши керак"",""Аҳоли пунктларида габарит чироқлари"",""Аҳоли пунктларидан ташқаридаги ёлларда исталган ёритиш чироқларини""}",1,https://postimg.cc/Dmfk0bYv,9-BILET,300,,,,
Chorrahadan oxirgi bo'lib qaysi avtomobil o'tadi?,Чорраҳадан охирги бўлиб қайси автомобил ўтади?,"{""Ko'k avtomobil"",""Sariq avtomobil"",""Yashil avtomobil"",""Qizil avtomobil""}","{""Кўк автомобил"",""Сариқ автомобил"",""Яшил автомобил"",""Қизил автомобил""}",2,https://ptest.uz/images/c996dbcb-0d14-46a9-b0c1-14169f5ff656.webp,9-BILET,300,,,,
Qayrilib olish taqiqlanadi:,Қайрилиб олиш тақиқланади:,"{""Piyodalar o'tish joylarida"",""Tunnellarda"",""Ko'priklarda, osma yo'llarda, estakadalarda va ularning ostida"",""Temir yo'l kesishmalarida"",""Hamma sanab o'tilgan hollarda""}","{""Пиёдалар ўтиш жойларида"",""Туннелларда"",""Кўприкларда, осма ёлларда, естакадаларда ва уларнинг остида"",""Темир ёл кесишмаларида"",""Ҳамма санаб ўтилган ҳолларда""}",4,https://postimg.cc/Dmfk0bYv,9-BILET,300,,,,
Aholi punktlaridan tashqarida qaysi belgi takrorlanadi?,Аҳоли пунктларидан ташқарида қайси белги такрорланади?,"{""1"",""2"",""3"",""4"",""5""}","{""1"",""2"",""3"",""4"",""5""}",2,https://ptest.uz/images/60229a16-17d5-42c1-8ea1-9cfc37ef1777.webp,9-BILET,300,,,,
Kunning qorong'i vaqtida yo'lning yoritilgan qismida aholi yashash joylarida harakatlanayotgan mexanik transport vositasida qaysi chiroqlar yoqilgan bo'lishi kerak?,Куннинг қоронги вақтида ёлнинг ёритилган қисмида аҳоли яшаш жойларида ҳаракатланаётган механик транспорт воситасида қайси чироқлар ёқилган бўлиши керак?,"{""Faralarning yaqinni yorituvchi chiroqlari"",""Faralarning uzoqni yorituvchi chiroqlari yoki gabarit chiroqlar"",""Faralarning yaqinni yorituvchi chiroqlari (tumanga qarshi faralar) yoki gabarit chiroqlar""}","{""Фараларнинг яқинни ёритувчи чироқлари"",""Фараларнинг узоқни ёритувчи чироқлари ёки габарит чироқлар"",""Фараларнинг яқинни ёритувчи чироқлари (туманга қарши фаралар) ёки габарит чироқлар""}",0,https://postimg.cc/Dmfk0bYv,9-BILET,300,,,,
Kunning qorong'u vaqtida yo'lning yoritilmagan qismlarida harakatlanayotganda mexanik transport vositasining qaysi chiroqlari yoqilgan bo'lishi kerak?,Куннинг қоронгу вақтида ёлнинг ёритилмаган қисмларида ҳаракатланаётганда механик транспорт воситасининг қайси чироқлари ёқилган бўлиши керак?,"{""*""}","{""*""}",0,https://postimg.cc/Dmfk0bYv,9-BILET,300,,,,
Yaqinni yoki uzoqni yorituvchi chiroqlar,Яқинни ёки узоқни ёритувчи чироқлар,"{""Faqat yaqinni yorituvchi chiroqlar"",""Faqat uzoqni yorituvchi chiroqlar""}","{""Фақат яқинни ёритувчи чироқлар"",""Фақат узоқни ёритувчи чироқлар""}",0,https://postimg.cc/Dmfk0bYv,9-BILET,300,,,,
"Agar tuproq yo'lda bevosita chorraha oldida to'shamali (qoplamali) yo'l qismi bo'lsa, bu uni ahamiyati jihatidan kesib o'tilayotgan yo'l qismi bilan teng huquqli qiladimi?","Агар тупроқ ёлда бевосита чорраҳа олдида тўшамали (қопламали) ёл қисми бўлса, бу уни аҳамияти жиҳатидан кесиб ўтилаётган ёл қисми билан тенг ҳуқуқли қиладими?","{""Yo'q"",""Ha""}","{""Ёқ"",""Ҳа""}",0,https://postimg.cc/Dmfk0bYv,9-BILET,300,,,,
Chorrahadan ikkinchi bo'lib qaysi avtomobil o'tadi?,Чорраҳадан иккинчи бўлиб қайси автомобил ўтади?,"{""Oq avtomobil sariq bilan bir vaqtda"",""Qizil avtomobil"",""Yashil avtomobil""}","{""Оқ автомобил сариқ билан бир вақтда"",""Қизил автомобил"",""Яшил автомобил""}",1,https://ptest.uz/images/5c360d0f-823e-4658-a45f-9d4e6350190c.webp,9-BILET,300,,,,
Qaysi yo'nalishda harakatlanish taqiqlanadi?,Қайси ёналишда ҳаракатланиш тақиқланади?,"{""Chapga va o'ngga"",""To'g'riga va orqa burilish yo'nalishida"",""Faqat to'g'riga"",""Hamma yo'nalishlarda""}","{""Чапга ва ўнгга"",""Тўғрига ва орқа бурилиш ёналишида"",""Фақат тўғрига"",""Ҳамма ёналишларда""}",0,https://ptest.uz/images/f18acc2e-3bad-4a40-90fd-0a29901dd250.webp,9-BILET,300,,,,
Qaysi belgi yo'l qismida avtomatlashtirilgan foto va video qayd etish texnika vositalari o'rnatilganligi haqida axborot beradi?,Қайси белги ёл қисмида автоматлаштирилган фото ва видео қайд етиш техника воситалари ўрнатилганлиги ҳақида ахборот беради?,"{""1"",""2"",""3"",""4""}","{""1"",""2"",""3"",""4""}",2,https://ptest.uz/images/5e45a771-4b86-4562-a999-cc85e4af362d.webp,9-BILET,300,,,,
Chorraha qismida kesib o'tgan yo'lga nisbatan asosiy bo'lgan yo'lda transport vositalarini quvib o'tishga ruxsat beriladimi?,Чорраҳа қисмида кесиб ўтган ёлга нисбатан асосий бўлган ёлда транспорт воситаларини қувиб ўтишга рухсат бериладими?,"{""Ruxsat beriladi"",""Taqiqlanadi""}","{""Рухсат берилади"",""Тақиқланади""}",0,https://postimg.cc/Dmfk0bYv,9-BILET,300,,,,
Suratdagi tasvirlangan holatda haydovchi nima qilishi lozim?,Суратдаги тасвирланган ҳолатда ҳайдовчи нима қилиши лозим?,"{""Bekatda (yo'l o'rtasida) turgan bir xil yo'nalishdagi tramvayga borayotgan yoki undan kelayotgan piyodalarga yo'l berish"",""To'xtash va tramvay eshiklari yopilgandan keyin harakatlanishni boshlash"",""Tezlikni zarur bo'lganda darhol to'xtash imkonini beradigan darajagacha pasaytirib harakatni davom ettirish""}","{""Бекатда (ёл ўртасида) турган бир хил ёналишдаги трамвайга бораётган ёки ундан келаётган пиёдаларга ёл бериш"",""Тўхташ ва трамвай ешиклари ёпилгандан кейин ҳаракатланишни бошлаш"",""Тезликни зарур бўлганда дарҳол тўхташ имконини берадиган даражагача пасайтириб ҳаракатни давом еттириш""}",0,https://ptest.uz/images/b257920d-2632-438f-9203-a418607e4cda.webp,9-BILET,300,,,,
Shu joyda to'xtab turishga ruxsat etiladimi?,Шу жойда тўхтаб туришга рухсат етиладими?,"{""Ruxsat etiladi"",""Taqiqlanadi""}","{""Рухсат етилади"",""Тақиқланади""}",1,https://ptest.uz/images/08ecf3db-996f-449f-a24d-1f01365b683d.webp,9-BILET,300,,,,
"Quyidagi 3.27 ""To'xtash taqiqlangan"" belgisining amal qilish chegarasi qaerda tugaydi?","Қуйидаги 3.27 ""Тўхташ тақиқланган"" белгисининг амал қилиш чегараси қаерда тугайди?","{""Birinchi chorrahada"",""Aholi yashaydigan joyning oxirida"",""Yo'lning yotiq sariq chizig'i oxirida""}","{""Биринчи чорраҳада"",""Аҳоли яшайдиган жойнинг охирида"",""Ёлнинг ётиқ сариқ чизиғи охирида""}",2,https://ptest.uz/images/c811b066-d979-44e5-b441-7942f4f10762.webp,9-BILET,300,,,,
Qaysi transport vositasining haydovchisi birinchi navbatda harakatlanish ustunligiga ega?,Қайси транспорт воситасининг ҳайдовчиси биринчи навбатда ҳаракатланиш устунлигига ега?,"{""Yo'l xizmati mashinasining haydovchisi"",""Engil avtomobil haydovchisi""}","{""Ёл хизмати машинасининг ҳайдовчиси"",""Енгил автомобил ҳайдовчиси""}",1,https://ptest.uz/images/98db72af-8199-453d-8879-57ad219d45b6.webp,10-BILET,300,,,,
Ishchi tormozi to'satdan ishlamay qolganda avtomobilni qanday to'xtatish kerak?,Ишчи тормози тўсатдан ишламай қолганда автомобилни қандай тўхтатиш керак?,"{""Eng past uzatmaga o'tish, to'xtab turish tormozi bilan tormozlash. Zarur bo'lganda biron-bir to'siqdan foydalanish"",""Ulagichni ajratish va to'xtab turish tormozi bilan keskin tormozlash""}","{""Енг паст узатмага ўтиш, тўхтаб туриш тормози билан тормозлаш. Зарур бўлганда бирон-бир тўсиқдан фойдаланиш"",""Улагични ажратиш ва тўхтаб туриш тормози билан кескин тормозлаш""}",0,https://ptest.uz/images/ce441b38-3444-4be5-8d4f-3f74cfa73a1d.webp,10-BILET,300,,,,
Quyidagi hollarning qaysi birida temir yo'l kesishmasiga kirish taqiqlanadi?,Қуйидаги ҳолларнинг қайси бирида темир ёл кесишмасига кириш тақиқланади?,"{""Svetoforning taqiqlovchi ishorasida shlagbaum ochiq turgan holatda"",""Qishloq xo'jaligi mashinasini mexanik transport vositasiga yuklab olib o'tish holatida"",""Tezligi 8 km/s dan ko'p bo'lgan transport vositalari""}","{""Светофорнинг тақиқловчи ишорасида шлагбаум очиқ турган ҳолатда"",""Қишлоқ хўжалиги машинасини механик транспорт воситасига юклаб олиб ўтиш ҳолатида"",""Тезлиги 8 км/с дан кўп бўлган транспорт воситалари""}",0,https://postimg.cc/Dmfk0bYv,10-BILET,300,,,,
Qayrilish taqiqlanadi:,Қайрилиш тақиқланади:,"{""Chorrahaga 15 metrdan yaqinroqda"",""Tartibga solinmaydigan chorrahalarda, agar kesib o'tilayotgan yo'lda bir tomonlama harakatlanish tashkil etilgan bo'lsa"",""Piyodalar o'tish joylarida"",""Hamma sanab o'tilgan hollarda""}","{""Чорраҳага 15 метрдан яқинроқда"",""Тартибга солинмайдиган чорраҳаларда, агар кесиб ўтилаётган ёлда бир томонлама ҳаракатланиш ташкил етилган бўлса"",""Пиёдалар ўтиш жойларида"",""Ҳамма санаб ўтилган ҳолларда""}",2,https://postimg.cc/Dmfk0bYv,10-BILET,300,,,,
Motosikllarning shinalari naqshining qoldiq chuqurligi qanchadan kam bo'lmasligi kerak?,Мотосиклларнинг шиналари нақшининг қолдиқ чуқурлиги қанчадан кам бўлмаслиги керак?,"{""0,5 mm"",""0,8 mm"",""1,0 mm"",""1,6 mm"",""2,0 mm""}","{""0,5 мм"",""0,8 мм"",""1,0 мм"",""1,6 мм"",""2,0 мм""}",1,https://postimg.cc/Dmfk0bYv,10-BILET,300,,,,
"Bu belgilarning qaysi biri ""Bir tomonlama harakatlanish yo'liga chiqish"" ni bildiradi?","Бу белгиларнинг қайси бири ""Бир томонлама ҳаракатланиш ёлига чиқиш"" ни билдиради?","{""Birinchi va beshinchi"",""Uchinchi va beshinchi"",""Ikkinchi va to'rtinchi""}","{""Биринчи ва бешинчи"",""Учинчи ва бешинчи"",""Иккинчи ва тўртинчи""}",0,https://ptest.uz/images/71f7570f-a9bf-4c86-abf5-e0df97479559.webp,10-BILET,300,,,,
Shatakka olingan mexanik transport vositasida qanday tashqi yoritish chiroqlari yoqilgan bo'lishi kerak?,Шатакка олинган механик транспорт воситасида қандай ташқи ёритиш чироқлари ёқилган бўлиши керак?,"{""Kunning qorong'i vaqtida, gabarit chiroqlari"",""Yaqinni yorituvchi fara chiroqlari"",""Falokat yorug'lik ishoralari""}","{""Куннинг қоронги вақтида, габарит чироқлари"",""Яқинни ёритувчи фара чироқлари"",""Фалокат ёруғлик ишоралари""}",2,https://postimg.cc/Dmfk0bYv,10-BILET,300,,,,
Qon oqishini to'xtatuvchi jgut qo'l-oyoqlarga qanday bog'lanadi?,Қон оқишини тўхтатувчи жгут қўл-оёқларга қандай боғланади?,"{""Yaradan 10 -15 sm pastga"",""Yaradan 10 -15 sm yuqoriga"",""Bevosita yaraning o'ziga""}","{""Ярадан 10 -15 см пастга"",""Ярадан 10 -15 см юқорига"",""Бевосита яранинг ўзига""}",1,https://postimg.cc/Dmfk0bYv,10-BILET,300,,,,
Kunduzgi vaqtda transportning old yoki orqa tomoniga 1 metrdan ortiq chiqib turgan yuk qanday belgilanadi?,Кундузги вақтда транспортнинг олд ёки орқа томонига 1 метрдан ортиқ чиқиб турган юк қандай белгиланади?,"{""\""????? ??????? ??\"" diagonali bo'yicha qizil va oq chiziqlari bo'lgan taxtacha yoki bayroqchalar bilan"",""Qizil bayroqchalar bilan"",""Oq bayroqchalar bilan""}","{""\""????? ??????? ??\"" диагонали бўйича қизил ва оқ чизиқлари бўлган тахтача ёки байроқчалар билан"",""Қизил байроқчалар билан"",""Оқ байроқчалар билан""}",0,https://postimg.cc/Dmfk0bYv,10-BILET,300,,,,
Chorrahadan birinchi bo'lib o'tadi:,Чорраҳадан биринчи бўлиб ўтади:,"{""Yashil avtomobil"",""Ko'k avtomobil"",""Qizil avtomobil"",""Sariq avtomobil""}","{""Яшил автомобил"",""Кўк автомобил"",""Қизил автомобил"",""Сариқ автомобил""}",2,https://ptest.uz/images/6ed45d17-3fe8-4903-bc6e-6e4d9d593bce.webp,10-BILET,300,,,,
Yo'lovchilarning va mahkamlanmagan yukning shiddat bilan oldinga surilib ketishiga nima sabab bo'lishi mumkin?,Ёловчиларнинг ва маҳкамланмаган юкнинг шиддат билан олдинга сурилиб кетишига нима сабаб бўлиши мумкин?,"{""Faqat tezlikni keskin oshirish"",""Faqat keskin tormozlash"",""Tezlikni keskin oshirish va keskin tormozlash""}","{""Фақат тезликни кескин ошириш"",""Фақат кескин тормозлаш"",""Тезликни кескин ошириш ва кескин тормозлаш""}",1,https://ptest.uz/images/f6ce09d4-5173-49a4-8bbc-692c70c953ea.webp,10-BILET,300,,,,
Yo'l-transport hodisasiga daxldor bo'lgan haydovchilar birinchi navbatda bajarishlari shart:,Ёл-транспорт ҳодисасига дахлдор бўлган ҳайдовчилар биринчи навбатда бажаришлари шарт:,"{""Hodisa sodir bo'lgan joyda to'xtash, guvohlarning ismi-sharifini va manzilgohini yozib olish, hodisa haqida IIO xodimlariga xabar berish, shikastlanganlarga shifokor kelguncha tibbiy yordam berish uchun choralar ko'rish"",""Darhol to'xtash va hodisa sodir bo'lgan joyda qolish, majburiy to'xtash yoritgichini yoqish va falokat sababi to'xtash belgisini o'rnatish"",""To'xtash va hodisaga tegishli izlarni saqlash, ularning atrofini to'sib, hodisa sodir bo'lgan joyni aylanib o'tishni tashkil etish uchun hamma mumkin bo'lgan choralarni ko'rish, IIOga xabar berish, tibbiy yordam berish""}","{""Ҳодиса содир бўлган жойда тўхташ, гувоҳларнинг исми-шарифини ва манзилгоҳини ёзиб олиш, ҳодиса ҳақида ИИО ходимларига хабар бериш, шикастланганларга шифокор келгунча тиббий ёрдам бериш учун чоралар кўриш"",""Дарҳол тўхташ ва ҳодиса содир бўлган жойда қолиш, мажбурий тўхташ ёритгичини ёқиш ва фалокат сабаби тўхташ белгисини ўрнатиш"",""Тўхташ ва ҳодисага тегишли изларни сақлаш, уларнинг атрофини тўсиб, ҳодиса содир бўлган жойни айланиб ўтишни ташкил етиш учун ҳамма мумкин бўлган чораларни кўриш, ИИОга хабар бериш, тиббий ёрдам бериш""}",1,https://postimg.cc/Dmfk0bYv,10-BILET,300,,,,
Bu yotiq chiziq quyidagi vazifani bajaradi:,Бу ётиқ чизиқ қуйидаги вазифани бажаради:,"{""Maxsus piyodalar yo'lkasini bildiradi"",""Velosiped yo'lkasini bildiradi, chiziq yo'naltirgichlari bo'laklar bo'yicha harakat yo'nalishini ko'rsatadi"",""Piyodalar o'tish joyini bildiradi,chiziq yo'naltirgichlari piyodalar harakatlanish yo'nalishini ko'rsatadi""}","{""Махсус пиёдалар ёлкасини билдиради"",""Велосипед ёлкасини билдиради, чизиқ ёналтиргичлари бўлаклар бўйича ҳаракат ёналишини кўрсатади"",""Пиёдалар ўтиш жойини билдиради,чизиқ ёналтиргичлари пиёдалар ҳаракатланиш ёналишини кўрсатади""}",2,https://ptest.uz/images/ee3b234d-ed2a-494c-99eb-a25ce771b9f4.webp,10-BILET,300,,,,
Avtomobillar chorrahadan quyidagi tartibda o'tadi:,Автомобиллар чорраҳадан қуйидаги тартибда ўтади:,"{""Qizil, yashil, ko'k"",""Ko'k, qizil, yashil"",""Uchchalasi bir vaqtda""}","{""Қизил, яшил, кўк"",""Кўк, қизил, яшил"",""Уччаласи бир вақтда""}",2,https://ptest.uz/images/06cd306b-07ae-4087-adad-299b41b38611.webp,10-BILET,300,,,,
"Qaysi belgi ""To'siqni chapdan aylanib o'tish"" deb ataladi?","Қайси белги ""Тўсиқни чапдан айланиб ўтиш"" деб аталади?","{""1"",""2"",""3"",""4"",""5""}","{""1"",""2"",""3"",""4"",""5""}",2,https://ptest.uz/images/1d56cd7d-f38f-41ec-acea-85e9d621c54d.webp,10-BILET,300,,,,
Qaysi yo'nalishlarda harakatlanishga ruxsat etiladi?,Қайси ёналишларда ҳаракатланишга рухсат етилади?,"{""\"" ? \"" yo'nalishida"",""\"" ? \"" yo'nalishida"",""\"" ? \"" yo'nalishida"",""\"" ? \"", \"" ? \"" va \"" ? \"" yo'nalishlarida"",""\"" ? \"" va \"" ? \"" yo'nalishlarida""}","{""\"" ? \"" ёналишида"",""\"" ? \"" ёналишида"",""\"" ? \"" ёналишида"",""\"" ? \"", \"" ? \"" ва \"" ? \"" ёналишларида"",""\"" ? \"" ва \"" ? \"" ёналишларида""}",3,https://ptest.uz/images/43dd0c37-3b1d-4294-ad1d-83e76ee30353.webp,10-BILET,300,,,,
Belgi ostidagi qo'shimcha axborot belgisi nimani bildiradi?,Белги остидаги қўшимча ахборот белгиси нимани билдиради?,"{""Belgidan birinchi burilishning boshlanishigacha bo'lgan masofani"",""Birinchi burilishdan ikkinchi burilishning boshlanishigacha bo'lgan masofani"",""Yo'lning xavfli burilishlari bo'lgan qatnov qismi uzunligini""}","{""Белгидан биринчи бурилишнинг бошланишигача бўлган масофани"",""Биринчи бурилишдан иккинчи бурилишнинг бошланишигача бўлган масофани"",""Ёлнинг хавфли бурилишлари бўлган қатнов қисми узунлигини""}",2,https://ptest.uz/images/bf11e64d-2e89-4308-ab28-303649adb261.webp,10-BILET,300,,,,
Qaysi transport vositasining haydovchisi yo'l berishi kerak?,Қайси транспорт воситасининг ҳайдовчиси ёл бериши керак?,"{""Velosiped haydovchisi"",""Avtomobil haydovchisi""}","{""Велосипед ҳайдовчиси"",""Автомобил ҳайдовчиси""}",1,https://ptest.uz/images/64883cd0-4a56-4168-ab54-7f83d6353ecf.webp,10-BILET,300,,,,
Sirpanchiq yo'lda karbyuratorning drossel zaslonkasini keskin ochish qanday xavfli oqibatlarga olib kelishi mumkin?,Сирпанчиқ ёлда карбюраторнинг дроссел заслонкасини кескин очиш қандай хавфли оқибатларга олиб келиши мумкин?,"{""Karbyurator qismlari ishdan chiqishiga"",""Yurgizgich ishlashdan to'xtab qolishiga"",""Avtomobilning yonga sirpanib ketishiga""}","{""Карбюратор қисмлари ишдан чиқишига"",""Юргизгич ишлашдан тўхтаб қолишига"",""Автомобилнинг ёнга сирпаниб кетишига""}",2,https://postimg.cc/Dmfk0bYv,10-BILET,300,,,,
Yuk avtomobilining yukxonasida qancha miqdorda odamlarni tashishga ruxsat beriladi?,Юк автомобилининг юкхонасида қанча миқдорда одамларни ташишга рухсат берилади?,"{""20 kishidan ortiq emas"",""Tashilayotgan odamlar soni o'tirish uchun jihozlangan o'rinlar miqdoridan ortiq bo'lmasligi kerak"",""Haydovchining xohishiga ko'ra"",""Mamuriyatning ko'rsatmasiga ko'ra""}","{""20 кишидан ортиқ емас"",""Ташилаётган одамлар сони ўтириш учун жиҳозланган ўринлар миқдоридан ортиқ бўлмаслиги керак"",""Ҳайдовчининг хоҳишига кўра"",""Мамуриятнинг кўрсатмасига кўра""}",1,https://postimg.cc/Dmfk0bYv,10-BILET,300,,,,
Qaysi transport vositasining haydovchisi birinchi navbatda harakatlanish ustunligiga ega?,Қайси транспорт воситасининг ҳайдовчиси биринчи навбатда ҳаракатланиш устунлигига ега?,"{""Yo'l xizmati mashinasining haydovchisi"",""Engil avtomobil haydovchisi""}","{""Ёл хизмати машинасининг ҳайдовчиси"",""Енгил автомобил ҳайдовчиси""}",1,https://ptest.uz/images/98db72af-8199-453d-8879-57ad219d45b6.webp,10-BILET,300,,,,
