question,question_cyrl,answers,answers_cyrl,correct_answer,image_url,category,time_limit,audio_url,audio_url_cyrl,explanation_text,explanation_text_cyrl
Yaltirovchi ko'k mayoqcha va unga qo'shimcha maxsus tovushli ishorasi yoqilgan transport vositasi sizga yaqinlashib kelmoqda. Siz shunday transport vositasiga qarshi harakatlanayotgan bo'lsangiz; nima qilishingiz lozim?,Ялтировчи кўк маёқча ва унга қўшимча махсус товушли ишораси ёқилган транспорт воситаси сизга яқинлашиб келмоқда. Сиз шундай транспорт воситасига қарши ҳаракатланаётган бўлсангиз; нима қилишингиз лозим?,"{""Yo'l yoqasida yoki qatnov qismining chetida to'xtash"",""Mayoqcha ishorasi yoqilgan transport vositasiga xalaqit bermasdan yo'l chetidan harakatlanish""}","{""Ёл ёқасида ёки қатнов қисмининг четида тўхташ"",""Маёқча ишораси ёқилган транспорт воситасига халақит бермасдан ёл четидан ҳаракатланиш""}",1,https://postimg.cc/Dmfk0bYv,11-BILET,300,,,,
Bu joyda to'xtash mumkinmi?,Бу жойда тўхташ мумкинми?,"{""Mumkin"",""Taqiqlangan""}","{""Мумкин"",""Тақиқланган""}",1,https://ptest.uz/images/a3ae1323-7a2d-48d8-b320-0a2107d81d77.webp,11-BILET,300,,,,
Sariq avtobusning haydovchisiga chorrahaga chiqishga ruxsat etiladimi?,Сариқ автобуснинг ҳайдовчисига чорраҳага чиқишга рухсат етиладими?,"{""Ruxsat etiladi"",""Taqiqlanadi"",""Agar avtobus belgilangan yo'nalish bo'yicha yursa ruxsat etiladi""}","{""Рухсат етилади"",""Тақиқланади"",""Агар автобус белгиланган ёналиш бўйича юрса рухсат етилади""}",1,https://ptest.uz/images/c134b213-e8b4-4534-8881-bdf090cc702d.webp,11-BILET,300,,,,
Yo'lning yoritilmagan qismlarida qorong'i vaqtda to'xtaganda gabarit chiroqlari buzuq bo'lsa:,Ёлнинг ёритилмаган қисмларида қоронги вақтда тўхтаганда габарит чироқлари бузуқ бўлса:,"{""Yaqinni yorituvchi faralarni yoqish"",""O'ngroqqa olish va yaqinni yorituvchi farani yoqish zarur"",""Transport vositasini yo'ldan tashqariga chiqarish, agar buning iloji bo'lmasa mazkur qoidalar talablariga binoan uni belgilash lozim""}","{""Яқинни ёритувчи фараларни ёқиш"",""Ўнгроққа олиш ва яқинни ёритувчи фарани ёқиш зарур"",""Транспорт воситасини ёлдан ташқарига чиқариш, агар бунинг иложи бўлмаса мазкур қоидалар талабларига биноан уни белгилаш лозим""}",2,https://postimg.cc/Dmfk0bYv,11-BILET,300,,,,
Harakatlanish mumkin bo'lgan yo'nalish qaysi rasmda ko'rsatilgan?,Ҳаракатланиш мумкин бўлган ёналиш қайси расмда кўрсатилган?,"{""Chapdagi rasmda"",""Pastdagi rasmda"",""O'ngdagi ras mda"",""O'rtadagi va o'ngdagi rasmda""}","{""Чапдаги расмда"",""Пастдаги расмда"",""Ўнгдаги рас мда"",""Ўртадаги ва ўнгдаги расмда""}",2,https://ptest.uz/images/78c7b0ea-7f69-4b42-8356-19d3412e5d4d.webp,11-BILET,300,,,,
Qaysi belgi oyning juft sonli kunlarda to'xtab turishni taqiqlaydi?,Қайси белги ойнинг жуфт сонли кунларда тўхтаб туришни тақиқлайди?,"{""1"",""2"",""3"",""4"",""5""}","{""1"",""2"",""3"",""4"",""5""}",4,https://ptest.uz/images/13b03ede-d65d-4fef-9364-8b59fb2c0dbb.webp,11-BILET,300,,,,
Transport vositalari suniy yoritilgan tunnelda harakatlanayotganda qanday yoritish chiroqlari yoqilishi kerak?,Транспорт воситалари суний ёритилган туннелда ҳаракатланаётганда қандай ёритиш чироқлари ёқилиши керак?,"{""Uzoqni yorituvchi chiroqlar"",""Yaqinni yoki uzoqni yorituvchi chiroqlar"",""Majburiy to'xtash yoritgichi"",""Yoritish asboblari yoqilmaydi""}","{""Узоқни ёритувчи чироқлар"",""Яқинни ёки узоқни ёритувчи чироқлар"",""Мажбурий тўхташ ёритгичи"",""Ёритиш асбоблари ёқилмайди""}",1,https://postimg.cc/Dmfk0bYv,11-BILET,300,,,,
Avtomobilda tibbiyot qutichasini qaerda saqlash lozim?,Автомобилда тиббиёт қутичасини қаерда сақлаш лозим?,"{""Engil avtomobilning yukxonasida"",""Tayyorlovchi korxona tomonidan belgilangan joylarda berk holatda"",""Avtomobilning kuzovida ko'rinadigan joyda""}","{""Енгил автомобилнинг юкхонасида"",""Тайёрловчи корхона томонидан белгиланган жойларда берк ҳолатда"",""Автомобилнинг кузовида кўринадиган жойда""}",1,https://postimg.cc/Dmfk0bYv,11-BILET,300,,,,
Ruxsat etilgan harakatlanish yo'nalishini ko'rsating:,Рухсат етилган ҳаракатланиш ёналишини кўрсатинг:,"{""Faqat \"" ? \"""",""Faqat \"" ? \"""",""Faqat \"" ? \"""",""\"" ? ?? \"" ? \"""",""\"" ? ?? \"" ? \""""}","{""Фақат \"" ? \"""",""Фақат \"" ? \"""",""Фақат \"" ? \"""",""\"" ? ?? \"" ? \"""",""\"" ? ?? \"" ? \""""}",3,https://ptest.uz/images/b55d21fb-42ad-49bb-82a8-c24deaea3d3b.webp,11-BILET,300,,,,
Bu yo'l belgisi:,Бу ёл белгиси:,"{""Faqat belgida ko'rsatilgan yoki yuqori tezlikda harakatlanishga ruxsat beradi"",""Belgida ko'rsatilgandan ortiq tezlikdagi harakatni taqiqlaydi"",""Yo'lning shu qismida tavsiya etilgan harakatlanish tezligini ko'rsatadi""}","{""Фақат белгида кўрсатилган ёки юқори тезликда ҳаракатланишга рухсат беради"",""Белгида кўрсатилгандан ортиқ тезликдаги ҳаракатни тақиқлайди"",""Ёлнинг шу қисмида тавсия етилган ҳаракатланиш тезлигини кўрсатади""}",0,https://ptest.uz/images/82d9f8ec-00ab-4470-8409-0b008d6a5973.webp,11-BILET,300,,,,
Ko'rsatilgan belgi ostidagi qo'shimcha axborot belgisi qanday maqsadda o'rnatilgan?,Кўрсатилган белги остидаги қўшимча ахборот белгиси қандай мақсадда ўрнатилган?,"{""Belgining amal qilish hududida foto va video moslamalaridan foydalanish taqiqlanadi"",""DYHXX tomonidan harakat jarayoni foto va video kuzatuvi olingan yo'l qismini bildiradi""}","{""Белгининг амал қилиш ҳудудида фото ва видео мосламаларидан фойдаланиш тақиқланади"",""ДЙҲХХ томонидан ҳаракат жараёни фото ва видео кузатуви олинган ёл қисмини билдиради""}",1,https://ptest.uz/images/3b08193b-8e9e-499f-ae33-db5462f81754.webp,11-BILET,300,,,,
Qo'shaloq shinalar orasiga begona jismlar tiqilib qolganda transport vositalaridan foydalanishga ruxsat etiladimi?,Қўшалоқ шиналар орасига бегона жисмлар тиқилиб қолганда транспорт воситаларидан фойдаланишга рухсат етиладими?,"{""Taqiqlanadi"",""Mazkur yo'nalishda ikki va undan ortiq bo'lak bo'lganda yo'lning faqat o'ng tarafdagi bo'lagi bo'ylab harakatlanishga ruxsat etiladi"",""Ko'pi bilan 40 km/soat tezlikda harakat qilishga ruxsat etiladi""}","{""Тақиқланади"",""Мазкур ёналишда икки ва ундан ортиқ бўлак бўлганда ёлнинг фақат ўнг тарафдаги бўлаги бўйлаб ҳаракатланишга рухсат етилади"",""Кўпи билан 40 км/соат тезликда ҳаракат қилишга рухсат етилади""}",0,https://postimg.cc/Dmfk0bYv,11-BILET,300,,,,
Orqa tomondagi tumanga qarshi chiroqlar quyidagi hollarda qo'llanishi mumkin:,Орқа томондаги туманга қарши чироқлар қуйидаги ҳолларда қўлланиши мумкин:,"{""Kunning qorong'i vaqtida safda harakatlanishda"",""Tonellarda harakatlanishda"",""Faqat etarli ko'rinmaydigan sharoitlarda"",""Kunning qorong'i vaqtida yuk tushirishda"",""Barcha sanab o'tilgan hollarda""}","{""Куннинг қоронги вақтида сафда ҳаракатланишда"",""Тонелларда ҳаракатланишда"",""Фақат етарли кўринмайдиган шароитларда"",""Куннинг қоронги вақтида юк туширишда"",""Барча санаб ўтилган ҳолларда""}",2,https://postimg.cc/Dmfk0bYv,11-BILET,300,,,,
Yuk tirkamasida odam tashishga ruxsat etiladimi?,Юк тиркамасида одам ташишга рухсат етиладими?,"{""Taqiqlanadi"",""Ruxsat beriladi"",""Faqat yukni kuzatib boruvchi shaxsga ruxsat etiladi""}","{""Тақиқланади"",""Рухсат берилади"",""Фақат юкни кузатиб борувчи шахсга рухсат етилади""}",0,https://postimg.cc/Dmfk0bYv,11-BILET,300,,,,
Haydovchi ko'zi qamashgan taqdirda quyidagilarni bajarishi shart:,Ҳайдовчи кўзи қамашган тақдирда қуйидагиларни бажариши шарт:,"{""Qatnov qismining iloji boricha o'ng tomoniga o'tib to'xtashi"",""Falokat yorug'lik ishoralarini yoqishi va harakat tasmasini o'zgartirmagan holda tezlikni kamaytirishi va to'xtashi"",""Agar oldinda transport vositalari paydo bo'lsa bo'lakni o'zgartirmay tezlikni kamaytirishi yoki to'xtashi"",""Uzoqni yorituvchi chiroqni yoqishi va to'xtashi""}","{""Қатнов қисмининг иложи борича ўнг томонига ўтиб тўхташи"",""Фалокат ёруғлик ишораларини ёқиши ва ҳаракат тасмасини ўзгартирмаган ҳолда тезликни камайтириши ва тўхташи"",""Агар олдинда транспорт воситалари пайдо бўлса бўлакни ўзгартирмай тезликни камайтириши ёки тўхташи"",""Узоқни ёритувчи чироқни ёқиши ва тўхташи""}",1,https://postimg.cc/Dmfk0bYv,11-BILET,300,,,,
Chorrahani oxirgi bo'lib kesib o'tadi:,Чорраҳани охирги бўлиб кесиб ўтади:,"{""Yashil avtomobil"",""Ko'k avtomobil"",""Qizil avtomobil""}","{""Яшил автомобил"",""Кўк автомобил"",""Қизил автомобил""}",2,https://ptest.uz/images/9a6155ea-2b90-4b8a-8954-41abbf224e12.webp,11-BILET,300,,,,
Transport vositalari chorrahani quyidagi tartibda kesib o'tadilar:,Транспорт воситалари чорраҳани қуйидаги тартибда кесиб ўтадилар:,"{""Motosikl, avtomobil, tramvay"",""Tramvay, avtomobil, motosikl"",""Tramvay, motosikl, avtomobil""}","{""Мотосикл, автомобил, трамвай"",""Трамвай, автомобил, мотосикл"",""Трамвай, мотосикл, автомобил""}",0,https://ptest.uz/images/d2dc6fe7-2dc6-49e3-82e1-9fb9220e1945.webp,11-BILET,300,,,,
Yo'naltirgichlar bilan ko'rsatilgan yo'nalishlarning qaysi biridan harakat qilish mumkin?,Ёналтиргичлар билан кўрсатилган ёналишларнинг қайси биридан ҳаракат қилиш мумкин?,"{""Faqat to'g'riga"",""Chapga va orqaga"",""To'g'riga, chapga va orqaga""}","{""Фақат тўғрига"",""Чапга ва орқага"",""Тўғрига, чапга ва орқага""}",0,https://ptest.uz/images/85dd8517-5168-4941-9d35-a79045172026.webp,11-BILET,300,,,,
Chorrahani ikkinchi bo'lib kesib o'tadi:,Чорраҳани иккинчи бўлиб кесиб ўтади:,"{""Qizil avtomobil"",""Ko'k avtomobil"",""Yashil avtomobil""}","{""Қизил автомобил"",""Кўк автомобил"",""Яшил автомобил""}",1,https://ptest.uz/images/d1004bfe-1289-4380-babd-86fd0e0377c0.webp,11-BILET,300,,,,
To'xtash yo'li deb nimaga aytiladi?,Тўхташ ёли деб нимага айтилади?,"{""Xavfning haydovchiga malum bo'lgan paytidan tormozlash boshlanguncha avtomobilda o'tilgan masofa"",""Avtomobilda xavfning haydovchiga malum bo'lgan paytidan boshlab to'la to'xtagunga qadar bosib o'tilgan masofan""}","{""Хавфнинг ҳайдовчига малум бўлган пайтидан тормозлаш бошлангунча автомобилда ўтилган масофа"",""Автомобилда хавфнинг ҳайдовчига малум бўлган пайтидан бошлаб тўла тўхтагунга қадар босиб ўтилган масофан""}",1,https://postimg.cc/Dmfk0bYv,11-BILET,300,,,,
Yaltirovchi ko'k mayoqcha va unga qo'shimcha maxsus tovushli ishorasi yoqilgan transport vositasi sizga yaqinlashib kelmoqda. Siz shunday transport vositasiga qarshi harakatlanayotgan bo'lsangiz; nima qilishingiz lozim?,Ялтировчи кўк маёқча ва унга қўшимча махсус товушли ишораси ёқилган транспорт воситаси сизга яқинлашиб келмоқда. Сиз шундай транспорт воситасига қарши ҳаракатланаётган бўлсангиз; нима қилишингиз лозим?,"{""Yo'l yoqasida yoki qatnov qismining chetida to'xtash"",""Mayoqcha ishorasi yoqilgan transport vositasiga xalaqit bermasdan yo'l chetidan harakatlanish""}","{""Ёл ёқасида ёки қатнов қисмининг четида тўхташ"",""Маёқча ишораси ёқилган транспорт воситасига халақит бермасдан ёл четидан ҳаракатланиш""}",1,https://postimg.cc/Dmfk0bYv,11-BILET,300,,,,
12 yoshga etmagan bolalarni transport vositasining oldingi o'rindig'ida tashishga ruxsat etiladimi?,12 ёшга етмаган болаларни транспорт воситасининг олдинги ўриндиғида ташишга рухсат етиладими?,"{""Bolalarni ushlab turuvchi maxsus qurilma o'rnatilgan bo'lsa ruxsat etiladi"",""Faqat katta yoshdagi yo'lovchi hamroh bo'lganida ruxsat etiladi"",""Taqiqlanadi""}","{""Болаларни ушлаб турувчи махсус қурилма ўрнатилган бўлса рухсат етилади"",""Фақат катта ёшдаги ёловчи ҳамроҳ бўлганида рухсат етилади"",""Тақиқланади""}",0,https://postimg.cc/Dmfk0bYv,12-BILET,300,,,,
Qaysi avtomobil chorrahadan oxirgi bo'lib o'tadi?,Қайси автомобил чорраҳадан охирги бўлиб ўтади?,"{""Ko'k avtomobil"",""Qizil avtomobil"",""Yashil avtomobil""}","{""Кўк автомобил"",""Қизил автомобил"",""Яшил автомобил""}",1,https://ptest.uz/images/f301e09c-e2ef-4431-903b-82511795e43b.webp,12-BILET,300,,,,
Boshqaruv qurilmasi nosoz mexanik transport vositasi shatakka olinishi kerak:,Бошқарув қурилмаси носоз механик транспорт воситаси шатакка олиниши керак:,"{""Qisman ortish usuli bilan"",""Qattiq ulagich bilan"",""Uni qisman ortish yoki qattiq ulagichda ulash usuli bilan"",""Agar shatakka oluvchining haqiqiy vazni shatakka olinayotganning haqiqiy vaznidan ikki marta ko'p bo'lsa qattiq ulagichda""}","{""Қисман ортиш усули билан"",""Қаттиқ улагич билан"",""Уни қисман ортиш ёки қаттиқ улагичда улаш усули билан"",""Агар шатакка олувчининг ҳақиқий вазни шатакка олинаётганнинг ҳақиқий вазнидан икки марта кўп бўлса қаттиқ улагичда""}",0,https://postimg.cc/Dmfk0bYv,12-BILET,300,,,,
Ko'rsatilgan avtomobillardan qaysi biri ag'darilishga qarshi turg'unroq?,Кўрсатилган автомобиллардан қайси бири ағдарилишга қарши турғунроқ?,"{""Ichida tik turgan yo'lovchilar bo'lgan avtobus"",""Avtokran"",""Bo'sh yuk avtomobili""}","{""Ичида тик турган ёловчилар бўлган автобус"",""Автокран"",""Бўш юк автомобили""}",2,https://ptest.uz/images/f2b3e519-0280-4386-b7fd-0b69e1f2aea5.webp,12-BILET,300,,,,
Rasmda ko'rsatilgan holatda yo'lovchilarni tushirish uchun to'xtashga ruxsat beriladimi?,Расмда кўрсатилган ҳолатда ёловчиларни тушириш учун тўхташга рухсат бериладими?,"{""Ruxsat etiladi"",""Taqiqlanadi""}","{""Рухсат етилади"",""Тақиқланади""}",0,https://ptest.uz/images/af1ec2ce-055b-401a-9069-007df536a0c5.webp,12-BILET,300,,,,
Bu belgi nimani bildiradi?,Бу белги нимани билдиради?,"{""To'siqlarni aylanib o'tishning dastlabki ko'rsatkichi"",""Boshqa qatnov qismiga qayta tizilishning dastlabki ko'rsatkichi"",""Qarama-qarshi yo'nalish bo'lagiga chiqishning boshlang'ich ko'rsatkichi""}","{""Тўсиқларни айланиб ўтишнинг дастлабки кўрсаткичи"",""Бошқа қатнов қисмига қайта тизилишнинг дастлабки кўрсаткичи"",""Қарама-қарши ёналиш бўлагига чиқишнинг бошлангич кўрсаткичи""}",1,https://ptest.uz/images/9df4e6ea-f048-4449-88a5-12a2071358c7.webp,12-BILET,300,,,,
Transport vositalari chorrahani quyidagi tartibda kesib o'tadilar:,Транспорт воситалари чорраҳани қуйидаги тартибда кесиб ўтадилар:,"{""Ko'k, yashil, qizil avtomobillar"",""Ko'k, qizil avtomobilni o'tkazib yuboradi, so'ng esa burilishni tugallaydi; yashil avtomobil"",""Qizil, ko'k, yashil avtomobillar"",""Yashil, qizil, ko'k avtomobillar""}","{""Кўк, яшил, қизил автомобиллар"",""Кўк, қизил автомобилни ўтказиб юборади, сўнг еса бурилишни тугаллайди; яшил автомобил"",""Қизил, кўк, яшил автомобиллар"",""Яшил, қизил, кўк автомобиллар""}",0,https://ptest.uz/images/6bd089af-dfbf-42c4-b48a-70f68b6d961b.webp,12-BILET,300,,,,
Qaysi transport vositasining haydovchisi yo'l berishi lozim?,Қайси транспорт воситасининг ҳайдовчиси ёл бериши лозим?,"{""Engil avtomobil haydovchisi"",""Yuk avtomobil haydovchisi""}","{""Енгил автомобил ҳайдовчиси"",""Юк автомобил ҳайдовчиси""}",0,https://ptest.uz/images/054fcc54-0f08-469e-98e7-90d5e44de299.webp,12-BILET,300,,,,
Velosiped yo'lkasi yo'l bilan kesishgan joylarda velosiped va moped haydovchilari qanday hollarda transport vositalariga yo'l berishlari kerak?,Велосипед ёлкаси ёл билан кесишган жойларда велосипед ва мопед ҳайдовчилари қандай ҳолларда транспорт воситаларига ёл беришлари керак?,"{""Chorrahadan tashqarida tartibga solinmagan kesishmada barcha hollarda"",""Transport vositasi o'ngdan yaqinlashib kelganda"",""Ko'rsatilgan joyda velosiped va moped haydovchilari imtiyozga egadirlar""}","{""Чорраҳадан ташқарида тартибга солинмаган кесишмада барча ҳолларда"",""Транспорт воситаси ўнгдан яқинлашиб келганда"",""Кўрсатилган жойда велосипед ва мопед ҳайдовчилари имтиёзга егадирлар""}",0,https://postimg.cc/Dmfk0bYv,12-BILET,300,,,,
"Belgilangan yo'nalishdagi transport vositalari yoki taksilarning to'xtab turish maydonchalaridan ular bo'lmagan hollarda, (yo'nalishli transport voistalari harakatiga xalaqit bermasa) belgi ko'rsatkichlaridan qanday masofada to'xtash va to'xtab turish taqiqlanadi?","Белгиланган ёналишдаги транспорт воситалари ёки таксиларнинг тўхтаб туриш майдончаларидан улар бўлмаган ҳолларда, (ёналишли транспорт воисталари ҳаракатига халақит бермаса) белги кўрсаткичларидан қандай масофада тўхташ ва тўхтаб туриш тақиқланади?","{""5 m"",""10 m"",""15 m"",""20 m"",""25 m""}","{""5 м"",""10 м"",""15 м"",""20 м"",""25 м""}",2,https://postimg.cc/Dmfk0bYv,12-BILET,300,,,,
Harakatda imtiyozga ega bo'ladi:,Ҳаракатда имтиёзга ега бўлади:,"{""Ko'k avtomobil, chunki qizil harakatlanish bo'lagini chapga o'zgartiradi"",""Qizil avtomobil, chunki o'zaro qayta tizilishda u o'ng tomonda bo'lagini uchun"",""Ko'k avtomobil, chunki o'zaro qayta tizilishda u chap tomonda bo'ladi""}","{""Кўк автомобил, чунки қизил ҳаракатланиш бўлагини чапга ўзгартиради"",""Қизил автомобил, чунки ўзаро қайта тизилишда у ўнг томонда бўлагини учун"",""Кўк автомобил, чунки ўзаро қайта тизилишда у чап томонда бўлади""}",1,https://ptest.uz/images/1dd17f41-1c70-4942-ad62-c3c7cc1ca69f.webp,12-BILET,300,,,,
"Kimlar ""yo'l harakati qatnashchisi"" hisoblanadi?","Кимлар ""ёл ҳаракати қатнашчиси"" ҳисобланади?","{""Yo'l harakati jarayonida transport vositasining haydovchisi, yo'lovchisi yoki piyoda tariqasida bevosita ishtirok etayotgan shaxs"",""Yo'lda bo'lgan va unda ish bajarmayotgan har qanday shaxs"",""Biror bir transport vositasini boshqarayotgan shaxs""}","{""Ёл ҳаракати жараёнида транспорт воситасининг ҳайдовчиси, ёловчиси ёки пиёда тариқасида бевосита иштирок етаётган шахс"",""Ёлда бўлган ва унда иш бажармаётган ҳар қандай шахс"",""Бирор бир транспорт воситасини бошқараётган шахс""}",0,https://postimg.cc/Dmfk0bYv,12-BILET,300,,,,
Qatnov qismidagi bunday yo'naltirgichlar nimani bildiradi?,Қатнов қисмидаги бундай ёналтиргичлар нимани билдиради?,"{""Haydovchini yo'lning xavfli qismiga yaqinlashayotganligi haqida ogohlantiradi"",""Qatnov qismining torayishiga yaqinlashayotganligi haqida ogohlantiradi"",""Yo'lning xavfli burilish yo'nalishini ko'rsatadi""}","{""Ҳайдовчини ёлнинг хавфли қисмига яқинлашаётганлиги ҳақида огоҳлантиради"",""Қатнов қисмининг торайишига яқинлашаётганлиги ҳақида огоҳлантиради"",""Ёлнинг хавфли бурилиш ёналишини кўрсатади""}",1,https://ptest.uz/images/a272ea34-693a-4e59-a138-e91a290b1a9b.webp,12-BILET,300,,,,
Quyidagilar poezdni to'xtatish ishorasi bo'lib xizmat qiladi:,Қуйидагилар поездни тўхтатиш ишораси бўлиб хизмат қилади:,"{""Qo'lni (kunduzi-bir parcha yorqin mato yoki aniq ko'rinadigan bir narsa bilan, tunda- mashala yoki chiroq bilan) gir aylantirish"",""Qo'ldagi tayoqchani yoki qizil bayroqni boshidan yuqori ko'tarib turish"",""Qo'llarini oldinga uzatib turish"",""Oldinga uzatilgan qo'llarni yuqoriga va pastga tebratish""}","{""Қўлни (кундузи-бир парча ёрқин мато ёки аниқ кўринадиган бир нарса билан, тунда- машала ёки чироқ билан) гир айлантириш"",""Қўлдаги таёқчани ёки қизил байроқни бошидан юқори кўтариб туриш"",""Қўлларини олдинга узатиб туриш"",""Олдинга узатилган қўлларни юқорига ва пастга тебратиш""}",0,https://postimg.cc/Dmfk0bYv,12-BILET,300,,,,
Qaysi rasmda piyodalar qoidani buzmay harakatlanmoqda?,Қайси расмда пиёдалар қоидани бузмай ҳаракатланмоқда?,"{""Chapdagi rasmda"",""O'ngdagi rasmda"",""Ikkala rasmda""}","{""Чапдаги расмда"",""Ўнгдаги расмда"",""Иккала расмда""}",2,https://ptest.uz/images/08de28ff-6f29-452f-bae3-56547b742f6d.webp,12-BILET,300,,,,
Birinchi bo'lib chorrahani kesib o'tadi:,Биринчи бўлиб чорраҳани кесиб ўтади:,"{""Qizil avtomobil"",""Yashil avtomobil"",""Ko'k avtomobil""}","{""Қизил автомобил"",""Яшил автомобил"",""Кўк автомобил""}",2,https://ptest.uz/images/0d708791-1389-4e10-be6b-9265f1940e55.webp,12-BILET,300,,,,
Toliqish haydovchining diqqatiga va etiboriga qanday tasir qiladi?,Толиқиш ҳайдовчининг диққатига ва етиборига қандай тасир қилади?,"{""Haydovchining diqqatiga va etiboriga tasir qilmaydi"",""Haydovchiniig diqqati va etibori pasayadi"",""Haydovchiniig diqqati va etibori oshadi""}","{""Ҳайдовчининг диққатига ва етиборига тасир қилмайди"",""Ҳайдовчинииг диққати ва етибори пасаяди"",""Ҳайдовчинииг диққати ва етибори ошади""}",1,https://postimg.cc/Dmfk0bYv,12-BILET,300,,,,
Avtomobil harakatining barcha ruxsat etilgan yo'nalishlari qaysi javobda to'g'ri ko'rsatilgan?,Автомобил ҳаракатининг барча рухсат етилган ёналишлари қайси жавобда тўғри кўрсатилган?,"{""Faqat chapga"",""Faqat to'g'riga"",""Faqat o'ngga"",""Chapga va o'ngga"",""Barcha yo'nalishlarga""}","{""Фақат чапга"",""Фақат тўғрига"",""Фақат ўнгга"",""Чапга ва ўнгга"",""Барча ёналишларга""}",4,https://ptest.uz/images/e100155b-2aad-41b5-aa8f-943adc599bda.webp,12-BILET,300,,,,
Haydovchilardan qaysi biri to'xtashga majbur?,Ҳайдовчилардан қайси бири тўхташга мажбур?,"{""Engil avtomobil haydovchisi"",""Avtobus haydovchisi"",""Har ikki haydovchi""}","{""Енгил автомобил ҳайдовчиси"",""Автобус ҳайдовчиси"",""Ҳар икки ҳайдовчи""}",0,https://ptest.uz/images/a6516426-5ae6-4770-a49a-c334cedcfacc.webp,12-BILET,300,,,,
Haydovchilardan qaysi biri to'xtashga majbur?,Ҳайдовчилардан қайси бири тўхташга мажбур?,"{""Engil avtomobil haydovchisi"",""Avtobus haydovchisi"",""Har ikki haydovchi""}","{""Енгил автомобил ҳайдовчиси"",""Автобус ҳайдовчиси"",""Ҳар икки ҳайдовчи""}",0,https://ptest.uz/images/a6516426-5ae6-4770-a49a-c334cedcfacc.webp,12-BILET,300,,,,
Tumanga qarshi chiroqlardan qanday hollarda foydalanish mumkin?,Туманга қарши чироқлардан қандай ҳолларда фойдаланиш мумкин?,"{""Etarli ko'rinmaydigan sharoitlarda"",""Mexanik transport vositasini shatakka olganda"",""Sanab o'tilgan barcha hollarda""}","{""Етарли кўринмайдиган шароитларда"",""Механик транспорт воситасини шатакка олганда"",""Санаб ўтилган барча ҳолларда""}",2,https://postimg.cc/Dmfk0bYv,13-BILET,300,,,,
Qaysi transport vositasining haydovchisi yo'l berishi kerak?,Қайси транспорт воситасининг ҳайдовчиси ёл бериши керак?,"{""Avtobus haydovchisi"",""Motosikl haydovchisi""}","{""Автобус ҳайдовчиси"",""Мотосикл ҳайдовчиси""}",0,https://ptest.uz/images/08549550-9518-4b9f-b9e1-8ea40bdf7c45.webp,13-BILET,300,,,,
Yuk avtomobil haydovchisiga bu joyda to'xtashga ruxsat etiladimi?,Юк автомобил ҳайдовчисига бу жойда тўхташга рухсат етиладими?,"{""Ruxsat etiladi"",""Taqiqlanadi""}","{""Рухсат етилади"",""Тақиқланади""}",1,https://ptest.uz/images/77a7c389-ae42-442a-9b7d-fd0ed15e2413.webp,13-BILET,300,,,,
Chorrahani ikkinchi bo'lib kesib o'tadi?,Чорраҳани иккинчи бўлиб кесиб ўтади?,"{""Qizil avtomobil"",""Yashil avtomobil"",""Ko'k avtomobil""}","{""Қизил автомобил"",""Яшил автомобил"",""Кўк автомобил""}",1,https://ptest.uz/images/454d12f8-dc6b-4690-85ff-c9068ec46c86.webp,13-BILET,300,,,,
Oraliq masofa deb nimaga aytiladi?,Оралиқ масофа деб нимага айтилади?,"{""\""?\"" masofa"",""\""?\"" masofa"",""\""?\"" va \""?\"" masofa""}","{""\""?\"" масофа"",""\""?\"" масофа"",""\""?\"" ва \""?\"" масофа""}",0,https://ptest.uz/images/965f3e4f-b2c5-4570-a70f-2d38e97d1755.webp,13-BILET,300,,,,
"Yo'l quruq bo'lganda g'ildirak aylanmay, sirpanib tormozlanish tormoz yo'liga qanday tasir etadi?","Ёл қуруқ бўлганда ғилдирак айланмай, сирпаниб тормозланиш тормоз ёлига қандай тасир етади?","{""Tormoz yo'li qisqaradi"",""Tormoz yo'li o'zgarmaydi"",""Tormoz yo'li ortadi""}","{""Тормоз ёли қисқаради"",""Тормоз ёли ўзгармайди"",""Тормоз ёли ортади""}",2,https://postimg.cc/Dmfk0bYv,13-BILET,300,,,,
"Avtomobilning qaysi g'ildiraklari ""sirpanib"" tormozlanishga ko'proq moyil bo'ladi?","Автомобилнинг қайси ғилдираклари ""сирпаниб"" тормозланишга кўпроқ мойил бўлади?","{""Orqa g'ildiraklar"",""Oldingi g'ildiraklar""}","{""Орқа ғилдираклар"",""Олдинги ғилдираклар""}",0,https://postimg.cc/Dmfk0bYv,13-BILET,300,,,,
Reversiv harakatlanish amalga oshiriladigan harakat bo'laklari chegaralarini belgilash uchun bu yotiq chiziqlarning qay biridan foydalaniladi?,Реверсив ҳаракатланиш амалга ошириладиган ҳаракат бўлаклари чегараларини белгилаш учун бу ётиқ чизиқларнинг қай биридан фойдаланилади?,"{""1-chiziq"",""2-chiziq"",""3-chiziq"",""2- va 3-chiziq"",""3- va 4-chiziq""}","{""1-чизиқ"",""2-чизиқ"",""3-чизиқ"",""2- ва 3-чизиқ"",""3- ва 4-чизиқ""}",1,https://ptest.uz/images/1f3d466d-1cad-4b94-a4c0-1ccf809500a1.webp,13-BILET,300,,,,
Ko'rsatilgan vaziyatda engil avtomobil haydovchisiga quvib o'tishga ruxsat etiladimi?,Кўрсатилган вазиятда енгил автомобил ҳайдовчисига қувиб ўтишга рухсат етиладими?,"{""Ruxsat etilgan"",""Ruxsat etilgan, agar motosiklchining tezligi 40 km/soatdan kam bo'lsa"",""Taqiqlangan""}","{""Рухсат етилган"",""Рухсат етилган, агар мотосиклчининг тезлиги 40 км/соатдан кам бўлса"",""Тақиқланган""}",2,https://ptest.uz/images/6bcf0fb8-a1cf-4a44-b1b8-7d3d579fe983.webp,13-BILET,300,,,,
Bu yotiq chiziqlardan qaysi biri belgilangan yo'nalishdagi transport vositalarining to'xtash joyini bildiradi?,Бу ётиқ чизиқлардан қайси бири белгиланган ёналишдаги транспорт воситаларининг тўхташ жойини билдиради?,"{""\""?\"""",""\""?\"""",""\""?\"""",""\""?\"" va \""?\"""",""\""?\"" va \""?\""""}","{""\""?\"""",""\""?\"""",""\""?\"""",""\""?\"" ва \""?\"""",""\""?\"" ва \""?\""""}",1,https://ptest.uz/images/998f13d0-f93d-4d5e-bb16-d0fe5648adfb.webp,13-BILET,300,,,,
Yaxmalak bo'lganda shatakka olishga ruxsat etiladimi?,Яхмалак бўлганда шатакка олишга рухсат етиладими?,"{""Taqiqlanadi"",""Sirpanishga qarshi vositalarni qo'llab egiluvchan ulagichda faqat bitta transportga ruxsat etiladi"",""Faqat qattiq ulagichda ruxsat etiladi""}","{""Тақиқланади"",""Сирпанишга қарши воситаларни қўллаб егилувчан улагичда фақат битта транспортга рухсат етилади"",""Фақат қаттиқ улагичда рухсат етилади""}",2,https://postimg.cc/Dmfk0bYv,13-BILET,300,,,,
"Yonilg'i tizimi zich (germetik) emasligi malum bo'lganda, haydovchi nimalarni bajarishi shart?","Ёнилғи тизими зич (герметик) емаслиги малум бўлганда, ҳайдовчи нималарни бажариши шарт?","{""Bundan keyingi harakatni to'xtatish"",""Nosozlikni bartaraf etish tadbirlarini ko'rishi, agar buning imkoni bo'lmasa, zarur ehtiyot choralariga rioya qilgan holda to'xtab turish yoki tamirlash joyiga olib borish"",""Belgilangan safarni davom ettirish""}","{""Бундан кейинги ҳаракатни тўхтатиш"",""Носозликни бартараф етиш тадбирларини кўриши, агар бунинг имкони бўлмаса, зарур еҳтиёт чораларига риоя қилган ҳолда тўхтаб туриш ёки тамирлаш жойига олиб бориш"",""Белгиланган сафарни давом еттириш""}",1,https://postimg.cc/Dmfk0bYv,13-BILET,300,,,,
Avtomobilga qaysi yo'nalishlarda harakatlanishga rusat etiladi?,Автомобилга қайси ёналишларда ҳаракатланишга русат етилади?,"{""Barcha yo'nalishlarga"",""\""?\"" va \""?\"""",""\""?\"" va \""?\""""}","{""Барча ёналишларга"",""\""?\"" ва \""?\"""",""\""?\"" ва \""?\""""}",2,https://ptest.uz/images/81cdf2a1-d6c3-4425-96ec-c8a62f42c028.webp,13-BILET,300,,,,
Majburiy to'xtagan haydovchi qanday choralar ko'rishi kerak?,Мажбурий тўхтаган ҳайдовчи қандай чоралар кўриши керак?,"{""Yaqinni yorituvchi faralar yoki tumanga qarshi faralarni yoqishi kerak"",""Yurgizgich kapotini ko'tarib qo'yishi kerak"",""Falokat yorig'lik ishoralari yoqishi,agar u yo'q yoki nosoz bo'lsa, falokat sababli to'xtash belgisi aholi punktlarida transport vositasidan 15 metrdan, ulardan tashqarida esa 30 metrdan kam bo'lmasligi masofasida o'rnatishi kerak""}","{""Яқинни ёритувчи фаралар ёки туманга қарши фараларни ёқиши керак"",""Юргизгич капотини кўтариб қўйиши керак"",""Фалокат ёриғлик ишоралари ёқиши,агар у ёқ ёки носоз бўлса, фалокат сабабли тўхташ белгиси аҳоли пунктларида транспорт воситасидан 15 метрдан, улардан ташқарида еса 30 метрдан кам бўлмаслиги масофасида ўрнатиши керак""}",2,https://postimg.cc/Dmfk0bYv,13-BILET,300,,,,
Quvib o'tishni boshlashdan oldin haydovchi shunga ishonch hosil qilishi kerakki:,Қувиб ўтишни бошлашдан олдин ҳайдовчи шунга ишонч ҳосил қилиши керакки:,"{""To'sqinlik tug'dirishi mumkin bo'lgan, o'zidan keyin kelayotgan biron-bir haydovchi quvib o'tishni boshlamagan bo'lsa"",""Shy bo'lakda oldinda ketayotgan transport vositasining haydovchisi burilishga (chapga qayta tizilishga) ishora bermaganligiga"",""Quvib o'tishni tugallaganda quvib o'tilayotgan transport vositasiga to'sqinlik tug'dirmasdan, ilgarigi egallagan bo'lagiga qayta olishiga"",""Barcha ko'rsatilgan harakatlarni bajara olishida""}","{""Тўсқинлик туғдириши мумкин бўлган, ўзидан кейин келаётган бирон-бир ҳайдовчи қувиб ўтишни бошламаган бўлса"",""Шй бўлакда олдинда кетаётган транспорт воситасининг ҳайдовчиси бурилишга (чапга қайта тизилишга) ишора бермаганлигига"",""Қувиб ўтишни тугаллаганда қувиб ўтилаётган транспорт воситасига тўсқинлик туғдирмасдан, илгариги егаллаган бўлагига қайта олишига"",""Барча кўрсатилган ҳаракатларни бажара олишида""}",3,https://postimg.cc/Dmfk0bYv,13-BILET,300,,,,
Ushbu belgi amal qilgan hududda avtobus haydovchisi quvib o'tishi mumkinmi?,Ушбу белги амал қилган ҳудудда автобус ҳайдовчиси қувиб ўтиши мумкинми?,"{""Quvib o'tish qoidalariga rioya qilib barcha hollarda mumkin"",""Mumkin emas"",""Agar quvib o'tilayotgan transport vositalari soatiga 40 km.dan kam tezlikda harakat qilayotgan bo'lsagina mumkin""}","{""Қувиб ўтиш қоидаларига риоя қилиб барча ҳолларда мумкин"",""Мумкин емас"",""Агар қувиб ўтилаётган транспорт воситалари соатига 40 км.дан кам тезликда ҳаракат қилаётган бўлсагина мумкин""}",0,https://ptest.uz/images/26b42b72-f17c-4d85-9ed2-be0a592d28dc.webp,13-BILET,300,,,,
Jihozlangan bekatlari bo'lmagan tramvay to'xtash joylarida unga chiqish uchun piyodalarga qachon qatnov qismiga chiqishga ruxsat etiladi?,Жиҳозланган бекатлари бўлмаган трамвай тўхташ жойларида унга чиқиш учун пиёдаларга қачон қатнов қисмига чиқишга рухсат етилади?,"{""Tramvay yaqinlashib kelganda"",""Tramvay to'la to'xtagandan so'ng"",""Har qanday holda"",""Agar qatnov qismida transport vositalari yo'q bo'lsa tramvay yaqinlashib kelganda""}","{""Трамвай яқинлашиб келганда"",""Трамвай тўла тўхтагандан сўнг"",""Ҳар қандай ҳолда"",""Агар қатнов қисмида транспорт воситалари ёқ бўлса трамвай яқинлашиб келганда""}",1,https://postimg.cc/Dmfk0bYv,13-BILET,300,,,,
Sanab o'tilgan qaysi hollarda transport vositasidan foydalanish mumkin?,Санаб ўтилган қайси ҳолларда транспорт воситасидан фойдаланиш мумкин?,"{""Yorituvchi chiroq nurining yo'nalishi buzilganda"",""Ishlab chiqarilishi to'xtatilgan engil avtomobillarga boshqa turdagi va rusumdagi transport vositalarining tashqi yoritgichlari o'rnatilgan"",""Tashqi yoritgichlar va nur qaytargichlar belgilangan tartibda ishlamaydi yoki ifloslangan""}","{""Ёритувчи чироқ нурининг ёналиши бузилганда"",""Ишлаб чиқарилиши тўхтатилган енгил автомобилларга бошқа турдаги ва русумдаги транспорт воситаларининг ташқи ёритгичлари ўрнатилган"",""Ташқи ёритгичлар ва нур қайтаргичлар белгиланган тартибда ишламайди ёки ифлосланган""}",1,https://postimg.cc/Dmfk0bYv,13-BILET,300,,,,
Chorrahani ikkinchi bo'lib kesib o'tadi:,Чорраҳани иккинчи бўлиб кесиб ўтади:,"{""Ko'k avtomobil"",""Yashil avtomobil"",""Qizil avtomobil""}","{""Кўк автомобил"",""Яшил автомобил"",""Қизил автомобил""}",0,https://ptest.uz/images/cef0ec86-0ac3-4e4f-aad1-78c94cd21cda.webp,13-BILET,300,,,,
Xizmat vazifasini bajarayotganda shlagbaumni o'zboshimchalik bilan ochishga yoki uni aylanib o'tishga ruxsat etiladimi?,Хизмат вазифасини бажараётганда шлагбаумни ўзбошимчалик билан очишга ёки уни айланиб ўтишга рухсат етиладими?,"{""Taqiqlanadi"",""Ruxsat etiladi"",""Agar yaqinlashib kelayotgan poezd yo'q bo'lsa, haydovchining ixtiyoriga qarab ruxsat etiladi"",""Temir yo'l kesishmasi navbatchisi bo'lmagan holdagina ruxsat etiladi""}","{""Тақиқланади"",""Рухсат етилади"",""Агар яқинлашиб келаётган поезд ёқ бўлса, ҳайдовчининг ихтиёрига қараб рухсат етилади"",""Темир ёл кесишмаси навбатчиси бўлмаган ҳолдагина рухсат етилади""}",0,https://postimg.cc/Dmfk0bYv,13-BILET,300,,,,
Tumanga qarshi chiroqlardan qanday hollarda foydalanish mumkin?,Туманга қарши чироқлардан қандай ҳолларда фойдаланиш мумкин?,"{""Etarli ko'rinmaydigan sharoitlarda"",""Mexanik transport vositasini shatakka olganda"",""Sanab o'tilgan barcha hollarda""}","{""Етарли кўринмайдиган шароитларда"",""Механик транспорт воситасини шатакка олганда"",""Санаб ўтилган барча ҳолларда""}",2,https://postimg.cc/Dmfk0bYv,13-BILET,300,,,,
"Agar yo'lda bu belgi o'rnatilgan bo'lsa, avtomobilni shatakka olishga ruxsat etiladimi?","Агар ёлда бу белги ўрнатилган бўлса, автомобилни шатакка олишга рухсат етиладими?","{""Faqat engil avtomobillarga ruxsat etiladi"",""Qattiq ulagichda ruxsat etiladi"",""Taqiqlanadi"",""Har qanday ulagichda ruxsat etiladi""}","{""Фақат енгил автомобилларга рухсат етилади"",""Қаттиқ улагичда рухсат етилади"",""Тақиқланади"",""Ҳар қандай улагичда рухсат етилади""}",2,https://ptest.uz/images/60fbd3b5-c05e-483c-8c74-58dde09b2c6d.webp,14-BILET,300,,,,
Avtomobillar chorrahani quyidagi tartibda kesib o'tadilar:,Автомобиллар чорраҳани қуйидаги тартибда кесиб ўтадилар:,"{""Sariq avtomobil chorrahaga kirib keladi va ko'kni o'tkazib yuborish uchun to'xtaydi; yashil; ko'k, qizil bilan bir vaqtda; sariq"",""Ko'k ayni vaqtda qizil bilan; yashil; sariq"",""Yashil; ko'k ayni vaqtda qizil bilan; sariq""}","{""Сариқ автомобил чорраҳага кириб келади ва кўкни ўтказиб юбориш учун тўхтайди; яшил; кўк, қизил билан бир вақтда; сариқ"",""Кўк айни вақтда қизил билан; яшил; сариқ"",""Яшил; кўк айни вақтда қизил билан; сариқ""}",0,https://ptest.uz/images/1b769015-a983-4079-8bd5-f0542677a3d0.webp,14-BILET,300,,,,
5% li yod eritmasi (yod nastoykasi) nima uchun qo'llaniladi?,5% ли ёд еритмаси (ёд настойкаси) нима учун қўлланилади?,"{""Yara atrofidagi terini ishlash uchun"",""Yara o'ta darajada ifloslanganda yaraning butun yuzasiga surtish uchun"",""Yara o'ta darajada ifloslanganda yaraning butun yuzasiga surtish uchun""}","{""Яра атрофидаги терини ишлаш учун"",""Яра ўта даражада ифлосланганда яранинг бутун юзасига суртиш учун"",""Яра ўта даражада ифлосланганда яранинг бутун юзасига суртиш учун""}",0,https://postimg.cc/Dmfk0bYv,14-BILET,300,,,,
"Agar transport vositalarining tuzilishida ko'zda tutilgan orqani ko'rsatadigan ko'zgular bo'lmasa, avtomobildan foydalanishga ruxsat etiladimi?","Агар транспорт воситаларининг тузилишида кўзда тутилган орқани кўрсатадиган кўзгулар бўлмаса, автомобилдан фойдаланишга рухсат етиладими?","{""Agar orqa oyna pardalar bilan berkitilmagan bo'lsa ruxsat etiladi"",""Taqiqlanadi"",""Loaqal bitta ko'zgu bo'lsa ruxsat etiladi""}","{""Агар орқа ойна пардалар билан беркитилмаган бўлса рухсат етилади"",""Тақиқланади"",""Лоақал битта кўзгу бўлса рухсат етилади""}",1,https://postimg.cc/Dmfk0bYv,14-BILET,300,,,,
Transport vositalari ixtiyoriga berilgan vakolatnomasi bo'lgan shaxs o'zining ishtirokida transport vositasini boshqa shaxsga boshqarishni topshirishi mumkinmi,Транспорт воситалари ихтиёрига берилган ваколатномаси бўлган шахс ўзининг иштирокида транспорт воситасини бошқа шахсга бошқаришни топшириши мумкинми,"{""Mumkin"",""Mumkin ema s"",""Bu shaxsda mazkur toifali transport vositasini boshqarishga haydovchilik guvohnomasi bo'lgan taqdirda transport vositalari egalarining fuqarolik javobgarligini majburiy sug'urta qilish bo'yicha sug'urta polisida ism-sharifi ko'rsatilgan bo'lsa yoki majburiy sug'urta qilish bo'yicha shartnoma ushbu transport vositasidan cheklanmagan shaxslarning foydalanishini hisobga olgan holda tuzilgan bo'lsa""}","{""Мумкин"",""Мумкин ема с"",""Бу шахсда мазкур тоифали транспорт воситасини бошқаришга ҳайдовчилик гувоҳномаси бўлган тақдирда транспорт воситалари егаларининг фуқаролик жавобгарлигини мажбурий суғурта қилиш бўйича суғурта полисида исм-шарифи кўрсатилган бўлса ёки мажбурий суғурта қилиш бўйича шартнома ушбу транспорт воситасидан чекланмаган шахсларнинг фойдаланишини ҳисобга олган ҳолда тузилган бўлса""}",2,https://postimg.cc/Dmfk0bYv,14-BILET,300,,,,
Bolalarni tashkiliy tashishda qanday talablar qo'yiladi?,Болаларни ташкилий ташишда қандай талаблар қўйилади?,"{""Bolalar guruhini tashkiliy tashishda transport vositasida katta yoshli kuzatib boruvchi bo'lishi shart"",""Bolalar guruhini tashkiliy tashish uchun mo'ljallangan transport vositasining old va orqa tomoniga \""??????? ???????? ?????\"" taniqlik belgisi o'rnatilishi kerak"",""Belgilangan yo'nalishdagi transport vositalariga daxli bo'lmagan avtobuslarda sakkiz va undan ortiq bolalarning tashkiliy tashilishi"",""Barcha sanab o'tilgan talablar""}","{""Болалар гуруҳини ташкилий ташишда транспорт воситасида катта ёшли кузатиб борувчи бўлиши шарт"",""Болалар гуруҳини ташкилий ташиш учун мўлжалланган транспорт воситасининг олд ва орқа томонига \""??????? ???????? ?????\"" таниқлик белгиси ўрнатилиши керак"",""Белгиланган ёналишдаги транспорт воситаларига дахли бўлмаган автобусларда саккиз ва ундан ортиқ болаларнинг ташкилий ташилиши"",""Барча санаб ўтилган талаблар""}",3,https://postimg.cc/Dmfk0bYv,14-BILET,300,,,,
Bu chiziq qaysi yo'l belgisi bilan qo'llaniladi?,Бу чизиқ қайси ёл белгиси билан қўлланилади?,"{""\""??? ??????\"" belgisi bilan"",""\""??????????? ???????????? ???????????\"" belgisi bilan"",""Ogohlantiruvchi \""???? ????????? ?????? ????????\"" belgisi bilan"",""Barcha sanab o'tilgan belgilar bilan""}","{""\""??? ??????\"" белгиси билан"",""\""??????????? ???????????? ???????????\"" белгиси билан"",""Огоҳлантирувчи \""???? ????????? ?????? ????????\"" белгиси билан"",""Барча санаб ўтилган белгилар билан""}",3,https://postimg.cc/Dmfk0bYv,14-BILET,300,,,,
"Haydovchi, boshqa haydovchilarning ko'zini qamashtirishi mumkin bo'lgan uzoqni yorituvchi chiroqni yaqinni yorituvchiga qachon almashtirishi kerak?","Ҳайдовчи, бошқа ҳайдовчиларнинг кўзини қамаштириши мумкин бўлган узоқни ёритувчи чироқни яқинни ёритувчига қачон алмаштириши керак?","{""Ro'paradagi tra nsport vositasiga 100 m qolganda"",""Ro'paradagi transport vositasiga 150 m qolganda, shuningdek ko'proq masofada ham, agar ro'paradagi transport vositasining haydovchisi faralar chirog'ini o'chirib yoqib shuni zarur deb ko'rsatsa"",""Ro'paradagi transport vositasiga 250 m qolganda"",""Ro'paradagi transport vositasiga 300 m qolganda""}","{""Рўпарадаги тра нспорт воситасига 100 м қолганда"",""Рўпарадаги транспорт воситасига 150 м қолганда, шунингдек кўпроқ масофада ҳам, агар рўпарадаги транспорт воситасининг ҳайдовчиси фаралар чироғини ўчириб ёқиб шуни зарур деб кўрсатса"",""Рўпарадаги транспорт воситасига 250 м қолганда"",""Рўпарадаги транспорт воситасига 300 м қолганда""}",1,https://postimg.cc/Dmfk0bYv,14-BILET,300,,,,
Aholi yashaydigan joylardan tashqarida tirkamali engil avtomobil haydovchisiga eng katta tezlikni soatiga necha kilometrdan oshirmasdan harakatlanishga ruxsat etiladi?,Аҳоли яшайдиган жойлардан ташқарида тиркамали енгил автомобил ҳайдовчисига енг катта тезликни соатига неча километрдан оширмасдан ҳаракатланишга рухсат етилади?,"{""50 km/s"",""70 km/s"",""80 km/s"",""90 km/s"",""100 km/s""}","{""50 км/с"",""70 км/с"",""80 км/с"",""90 км/с"",""100 км/с""}",2,https://postimg.cc/Dmfk0bYv,14-BILET,300,,,,
Avtomobil haydovchisi harakatining tartibi qaysi javobda to'g'ri ko'rsatilgan?,Автомобил ҳайдовчиси ҳаракатининг тартиби қайси жавобда тўғри кўрсатилган?,"{""Motosiklni o'tkazib yubordi va chorrahada qayrilib oldi"",""Tramvayni o'tkazib yubordi va chorrahada qayrilib oldi"",""Tramvayni, motosiklni o'tkazib yubordi va chorrahada qayrilib oldi""}","{""Мотосиклни ўтказиб юборди ва чорраҳада қайрилиб олди"",""Трамвайни ўтказиб юборди ва чорраҳада қайрилиб олди"",""Трамвайни, мотосиклни ўтказиб юборди ва чорраҳада қайрилиб олди""}",2,https://ptest.uz/images/4d0e3dff-6f79-43f6-a9f6-22cee4c01731.webp,14-BILET,300,,,,
Ko'k avtomobil chorrahani kesib o'tadi:,Кўк автомобил чорраҳани кесиб ўтади:,"{""Birinchi bo'lib"",""Ikkinchi bo'lib"",""Uchinchi bo'lib"",""Oxirgi bo'lib""}","{""Биринчи бўлиб"",""Иккинчи бўлиб"",""Учинчи бўлиб"",""Охирги бўлиб""}",2,https://ptest.uz/images/77a52fc7-8544-4c6e-9a25-92f0b4f36af8.webp,14-BILET,300,,,,
Avtomobillar chorrahani quyidagi tartibda kesib o'tadilar:,Автомобиллар чорраҳани қуйидаги тартибда кесиб ўтадилар:,"{""Sariq chorrahaga kiradi va yashilni o'tkazib yuborish uchun to'xtaydi; ko'k qizil bilan bir vaqtda"",""Ko'k ayni vaqtda qizil bilan; yashil; sariq"",""Yashil; ko'k ayni vaqtda qizil bilan; sariq""}","{""Сариқ чорраҳага киради ва яшилни ўтказиб юбориш учун тўхтайди; кўк қизил билан бир вақтда"",""Кўк айни вақтда қизил билан; яшил; сариқ"",""Яшил; кўк айни вақтда қизил билан; сариқ""}",2,https://ptest.uz/images/786b14ab-ae4c-4efb-8c90-cfe10b16089f.webp,14-BILET,300,,,,
"Qaysi belgi ""Velosiped yo'lkasi bilan kesishuv""ni bildiradi?","Қайси белги ""Велосипед ёлкаси билан кесишув""ни билдиради?","{""1"",""2"",""3"",""4"",""5""}","{""1"",""2"",""3"",""4"",""5""}",1,https://ptest.uz/images/c695d275-2c16-400c-9345-4e76499fb868.webp,14-BILET,300,,,,
"Ikkita harakat bo'lagi bo'lgan bir tomonlama harakat tashkil etilgan yo'llarda, avtomobilning yo'lni chap tomonida to'xtab turishiga ruxsat etiladimi?","Иккита ҳаракат бўлаги бўлган бир томонлама ҳаракат ташкил етилган ёлларда, автомобилнинг ёлни чап томонида тўхтаб туришига рухсат етиладими?","{""Ruxsat etiladi"",""Taqiqlanadi""}","{""Рухсат етилади"",""Тақиқланади""}",0,https://ptest.uz/images/b5553cbd-aff6-4ce4-b86d-56a45a74754d.webp,14-BILET,300,,,,
Motosikl haydovchisi qoidani buzayaptimi?,Мотосикл ҳайдовчиси қоидани бузаяптими?,"{""Ha"",""Yo'q""}","{""Ҳа"",""Ёқ""}",1,https://ptest.uz/images/8bff6491-2b1f-4595-9607-808ba00b36ea.webp,14-BILET,300,,,,
Chorrahani oxirgi bo'lib kesib o'tadi:,Чорраҳани охирги бўлиб кесиб ўтади:,"{""Sariq"",""Ko'k"",""Yashil""}","{""Сариқ"",""Кўк"",""Яшил""}",0,https://ptest.uz/images/05fb9c7e-1869-40d9-ae37-e858483b70db.webp,14-BILET,300,,,,
"Haydovchi yaqinlashib kelayotgan poezdni o'tkazib yuborishi uchun ""To'xtash"" yotiq chizig'i yoki ""To'xtamasdan harakatlanish taqiqlangan"" belgisidan qanday masofada to'xtashi kerak?","Ҳайдовчи яқинлашиб келаётган поездни ўтказиб юбориши учун ""Тўхташ"" ётиқ чизиғи ёки ""Тўхтамасдан ҳаракатланиш тақиқланган"" белгисидан қандай масофада тўхташи керак?","{""1,5 m"",""2,5 m"",""5 m"",""10 m"",""Bevosita \""??????\"" yotiq chizig'i yoki belgi oldida""}","{""1,5 м"",""2,5 м"",""5 м"",""10 м"",""Бевосита \""??????\"" ётиқ чизиғи ёки белги олдида""}",4,https://postimg.cc/Dmfk0bYv,14-BILET,300,,,,
Qanday hollarda aholi punktlaridan tashqarida engil avtomobil haydovchisiga soatiga 90 km.dan yuqori tezlikda harakatlanish taqiqlanadi?,Қандай ҳолларда аҳоли пунктларидан ташқарида енгил автомобил ҳайдовчисига соатига 90 км.дан юқори тезликда ҳаракатланиш тақиқланади?,"{""Faqat yo'lda tezlik cheklangan belgilar o'rnatilgan bo'lsa"",""Faqat harakatlanayotgan tirkamali engil avtomobillarga"",""Agar u boshq a transport vositasini shatakka olgan bo'lsa"",""Sanab o'tilgan barcha hollarda""}","{""Фақат ёлда тезлик чекланган белгилар ўрнатилган бўлса"",""Фақат ҳаракатланаётган тиркамали енгил автомобилларга"",""Агар у бошқ а транспорт воситасини шатакка олган бўлса"",""Санаб ўтилган барча ҳолларда""}",3,https://postimg.cc/Dmfk0bYv,14-BILET,300,,,,
"Bu ""to'xtash"" yotiq chiziq qaysi yo'l belgisi bilan qo'llaniladi?","Бу ""тўхташ"" ётиқ чизиқ қайси ёл белгиси билан қўлланилади?","{""\""Yo'l bering\"" belgisi bilan"",""\""To'xtamasdan xarakatlanish taqiqlangan\"" belgisi bilan"",""\""Yo'l bering\"" belgisi bilan va \""To'xtamasdan harakatlanish taqiqlangan\"" belgisi bilan""}","{""\""Ёл беринг\"" белгиси билан"",""\""Тўхтамасдан харакатланиш тақиқланган\"" белгиси билан"",""\""Ёл беринг\"" белгиси билан ва \""Тўхтамасдан ҳаракатланиш тақиқланган\"" белгиси билан""}",1,https://ptest.uz/images/2468c73e-b728-46ef-9fbe-86c85d9d280b.webp,14-BILET,300,,,,
"Agar yo'lda bu belgi o'rnatilgan bo'lsa, avtomobilni shatakka olishga ruxsat etiladimi?","Агар ёлда бу белги ўрнатилган бўлса, автомобилни шатакка олишга рухсат етиладими?","{""Faqat engil avtomobillarga ruxsat etiladi"",""Qattiq ulagichda ruxsat etiladi"",""Taqiqlanadi"",""Har qanday ulagichda ruxsat etiladi""}","{""Фақат енгил автомобилларга рухсат етилади"",""Қаттиқ улагичда рухсат етилади"",""Тақиқланади"",""Ҳар қандай улагичда рухсат етилади""}",2,https://ptest.uz/images/60fbd3b5-c05e-483c-8c74-58dde09b2c6d.webp,14-BILET,300,,,,
Kim yo'l berishi kerak?,Ким ёл бериши керак?,"{""Yuk avtomobil haydovchisi"",""Engil avtomobil haydovchisi""}","{""Юк автомобил ҳайдовчиси"",""Енгил автомобил ҳайдовчиси""}",0,https://ptest.uz/images/71fcdf45-4924-41fa-8f8a-e0e4533e5b38.webp,15-BILET,300,,,,
Piyodalar o'tish joyi bo'lmaganda piyodalarga yo'l qatnov qismining qaysi joyidan kesib o'tishga ruxsat etiladi?,Пиёдалар ўтиш жойи бўлмаганда пиёдаларга ёл қатнов қисмининг қайси жойидан кесиб ўтишга рухсат етилади?,"{""Chorrahalarda trotuarlar yoki yo'l yoqasi chiziqlari bo'ylab"",""Qatnov qismining chekkasidan to'g'ri burchak bo'ylab, ajratuvchi bo'laksiz, har ikki tomon yaxshi ko'rinadigan joylardan"",""Barcha sanab o'tilgan joylardan""}","{""Чорраҳаларда тротуарлар ёки ёл ёқаси чизиқлари бўйлаб"",""Қатнов қисмининг чеккасидан тўғри бурчак бўйлаб, ажратувчи бўлаксиз, ҳар икки томон яхши кўринадиган жойлардан"",""Барча санаб ўтилган жойлардан""}",2,https://postimg.cc/Dmfk0bYv,15-BILET,300,,,,
Burilishda harakat qilganda avtopoezdning tirkamasi siljiydimi?,Бурилишда ҳаракат қилганда автопоезднинг тиркамаси силжийдими?,"{""Burilish markazidan boshqa tomonga siljiydi"",""Siljimaydi"",""Burilish markaziga siljiydi""}","{""Бурилиш марказидан бошқа томонга силжийди"",""Силжимайди"",""Бурилиш марказига силжийди""}",2,https://postimg.cc/Dmfk0bYv,15-BILET,300,,,,
To'xtashni taqiqlovchi joylarni bildiruvchi sidirg'a sariq chiziq qaerda chiziladi?,Тўхташни тақиқловчи жойларни билдирувчи сидирға сариқ чизиқ қаерда чизилади?,"{""Harakatlanish qismida"",""Harakatlanish qismining chetida"",""Harakatlanish qismining chetida yoki bordyur ustidan chiziladi"",""Faqat to'siq (bordyur) ustida""}","{""Ҳаракатланиш қисмида"",""Ҳаракатланиш қисмининг четида"",""Ҳаракатланиш қисмининг четида ёки бордюр устидан чизилади"",""Фақат тўсиқ (бордюр) устида""}",2,https://ptest.uz/images/3acb70f2-359c-4e9e-836e-67eb85f0a4b7.webp,15-BILET,300,,,,
Qaysi belgi 50 km/soat kam tezlikda harakatlanishni taqiqlaydi?,Қайси белги 50 км/соат кам тезликда ҳаракатланишни тақиқлайди?,"{""1"",""2"",""3"",""4"",""5""}","{""1"",""2"",""3"",""4"",""5""}",2,https://ptest.uz/images/6438ac86-2994-4528-914e-18966c9130fc.webp,15-BILET,300,,,,
Chorrahani uchinchi bo'lib kesib o'tadi:,Чорраҳани учинчи бўлиб кесиб ўтади:,"{""Ko'k avtomobil"",""Sariq avtomobil"",""Yashil avtomobil""}","{""Кўк автомобил"",""Сариқ автомобил"",""Яшил автомобил""}",2,https://ptest.uz/images/609fcc2f-afab-4732-a2b2-574c2c412054.webp,15-BILET,300,,,,
Projektor-faradan foydalanishga ruxsat etiladi:,Прожектор-фарадан фойдаланишга рухсат етилади:,"{""Faqat aholi yashaydigan joylardan tashqarida ro'paradan kelayotgan transport vositalari bo'lmaganda"",""Faqat etarli ko'rinmaydigan sharoitda"",""Agar bunga zaruriyat tug'ilsa, barcha joylarda"",""Kunning qorong'i vaqtida yo'lning barcha qismlarida""}","{""Фақат аҳоли яшайдиган жойлардан ташқарида рўпарадан келаётган транспорт воситалари бўлмаганда"",""Фақат етарли кўринмайдиган шароитда"",""Агар бунга зарурият туғилса, барча жойларда"",""Куннинг қоронги вақтида ёлнинг барча қисмларида""}",0,https://postimg.cc/Dmfk0bYv,15-BILET,300,,,,
Taqiqlovchi belgi tagiga o'rnatilgan qo'shimcha axborot belgisi nima maqsadda qo'yilgan?,Тақиқловчи белги тагига ўрнатилган қўшимча ахборот белгиси нима мақсадда қўйилган?,"{""Belgidan uning amal qilish hududigacha bo'lgan oraliqni aniqlash uchun"",""Taqiqlovchi belgi amal qilish hududini aniqlash uchun""}","{""Белгидан унинг амал қилиш ҳудудигача бўлган оралиқни аниқлаш учун"",""Тақиқловчи белги амал қилиш ҳудудини аниқлаш учун""}",0,https://ptest.uz/images/affc172b-7a53-445b-b81f-d39c3b59f304.webp,15-BILET,300,,,,
Ko'rsatilgan yo'nalishlar bo'yicha qaysi transport vositalariga harakatlanishga ruxsat etiladi?,Кўрсатилган ёналишлар бўйича қайси транспорт воситаларига ҳаракатланишга рухсат етилади?,"{""Avtomobil haydovchisiga"",""Avtomobil va motosikl haydovchisiga"",""Tramvay va avtomobil haydovchisiga""}","{""Автомобил ҳайдовчисига"",""Автомобил ва мотосикл ҳайдовчисига"",""Трамвай ва автомобил ҳайдовчисига""}",2,https://ptest.uz/images/14c3830f-4419-42c8-8997-1b1cbf4adf9b.webp,15-BILET,300,,,,
Qanday holda markazdan qochirma kuch burilishda kamayadi?,Қандай ҳолда марказдан қочирма куч бурилишда камаяди?,"{""Boshqaruv rulini burilish tomonga keskin burganda"",""Harakat tezligi pasayganda"",""Burilish radiusi kamayganda""}","{""Бошқарув рулини бурилиш томонга кескин бурганда"",""Ҳаракат тезлиги пасайганда"",""Бурилиш радиуси камайганда""}",1,https://ptest.uz/images/740f41bd-3c66-414f-b1e9-54eeee7c77f3.webp,15-BILET,300,,,,
Bu yo'l chizig'i nimani bildiradi?,Бу ёл чизиғи нимани билдиради?,"{""Yakka 40 km/s dan kam tezlik bilan harakat qiluvchi ikki g'ildirakli motosikllar, velosipedchilardan tashqari barcha transport vositalarini quvib o'tishni taqiqlovchi hududga"",""Qatnov qismining torayishiga yoki qarama-qarshi yo'nalishdan kelayotgan transport oqimini ajratuvchi 1,1 yoki 1,11 chizig'iga yaqinlashayotganini"",""Faqat belgilangan yo'nalishdagi transport vositalari harakati uchun mo'ljallangan qatnov qismi bo'lagiga""}","{""Якка 40 км/с дан кам тезлик билан ҳаракат қилувчи икки ғилдиракли мотосикллар, велосипедчилардан ташқари барча транспорт воситаларини қувиб ўтишни тақиқловчи ҳудудга"",""Қатнов қисмининг торайишига ёки қарама-қарши ёналишдан келаётган транспорт оқимини ажратувчи 1,1 ёки 1,11 чизиғига яқинлашаётганини"",""Фақат белгиланган ёналишдаги транспорт воситалари ҳаракати учун мўлжалланган қатнов қисми бўлагига""}",1,https://ptest.uz/images/2cf10050-3c4c-40c6-a697-30a9c23a8729.webp,15-BILET,300,,,,
Bu joyda avtomobilning to'xtab turishiga ruxsat berilganmi?,Бу жойда автомобилнинг тўхтаб туришига рухсат берилганми?,"{""Berilgan"",""Taqiqlangan""}","{""Берилган"",""Тақиқланган""}",1,https://ptest.uz/images/396f4f87-86c8-440b-9212-4c39daab8afc.webp,15-BILET,300,,,,
Engil avtomobil haydovchisi yo'l berishi kerakmi?,Енгил автомобил ҳайдовчиси ёл бериши керакми?,"{""Ha"",""Yo'q""}","{""Ҳа"",""Ёқ""}",0,https://ptest.uz/images/8e2f3b75-55a2-4c63-888b-d0494b5da2cc.webp,15-BILET,300,,,,
Qaysi transport vositasining haydovchisi yo'l berishi kerak?,Қайси транспорт воситасининг ҳайдовчиси ёл бериши керак?,"{""Tez yordam avtomobilining haydovchisi"",""Engil avtomobilining haydovchisi""}","{""Тез ёрдам автомобилининг ҳайдовчиси"",""Енгил автомобилининг ҳайдовчиси""}",1,https://ptest.uz/images/d292929e-4865-440b-8e44-3d3fcd1fa3dc.webp,15-BILET,300,,,,
Transport vositalari chorrahani qay tartibda kesib o'tadi?,Транспорт воситалари чорраҳани қай тартибда кесиб ўтади?,"{""2-tramvay ayni vaqtda 1-tramvay bilan; ko'k avtomobil ayni vaqtda qizil bilan"",""2-tramvay; ko'k avtomobil; 1-tramvay; qizil avtomobil""}","{""2-трамвай айни вақтда 1-трамвай билан; кўк автомобил айни вақтда қизил билан"",""2-трамвай; кўк автомобил; 1-трамвай; қизил автомобил""}",1,https://ptest.uz/images/5247d9be-381e-4141-877a-c3c4ee6a72e3.webp,15-BILET,300,,,,
Bu belgida qaysi transport vositalarini quvib o'tishni taqiqlaydi?,Бу белгида қайси транспорт воситаларини қувиб ўтишни тақиқлайди?,"{""Hammasi"",""Hammasini, 40 km/s dan kam tezlikda yakka harakat qilayotganlardan tashqari"",""Engil avtomobillar, motosikllar va to'la vazni 3,5 t dan kam bo'lgan yuk avtomobillari. To'la vazni 3,5 t dan ko'p bulgan yuk avtomobillari"",""To'la vazni 3,5 t dan ko'p bo'lgan yuk avtomobillari""}","{""Ҳаммаси"",""Ҳаммасини, 40 км/с дан кам тезликда якка ҳаракат қилаётганлардан ташқари"",""Енгил автомобиллар, мотосикллар ва тўла вазни 3,5 т дан кам бўлган юк автомобиллари. Тўла вазни 3,5 т дан кўп булган юк автомобиллари"",""Тўла вазни 3,5 т дан кўп бўлган юк автомобиллари""}",1,https://ptest.uz/images/7a125517-aa98-4b5e-9ec1-0949dda8d4b7.webp,15-BILET,300,,,,
Avtomagistrallarda to'xtashga ruxsat etilganmi?,Автомагистралларда тўхташга рухсат етилганми?,"{""Taqiqlangan"",""Avtomagistral yaxshi ko'rinadigan joylarda ruxsat etiladi"",""Agar bir yo'nalishda harakatlanish uchun uchta bo'lak bo'lsa, ruxsat etiladi"",""To'xtab turish \""To'xtab turish joyi\"" yoki \""Dam olish joyi\"" belgisi qo'yilgan maxsus maydonchalarda ruxsat etiladi""}","{""Тақиқланган"",""Автомагистрал яхши кўринадиган жойларда рухсат етилади"",""Агар бир ёналишда ҳаракатланиш учун учта бўлак бўлса, рухсат етилади"",""Тўхтаб туриш \""Тўхтаб туриш жойи\"" ёки \""Дам олиш жойи\"" белгиси қўйилган махсус майдончаларда рухсат етилади""}",3,https://postimg.cc/Dmfk0bYv,15-BILET,300,,,,
Ko'rsatilgan joyda to'xtashga ruxsat etiladimi?,Кўрсатилган жойда тўхташга рухсат етиладими?,"{""Ruxsat etiladi"",""Taqiqlanadi""}","{""Рухсат етилади"",""Тақиқланади""}",1,https://ptest.uz/images/9a963a0e-d1fd-482c-b660-bc392a212b47.webp,15-BILET,300,,,,
Odamlarni tashishga moslashtirilmagan yuk avtomobili yukxonasida odam tashishga ruxsat etiladimi?,Одамларни ташишга мослаштирилмаган юк автомобили юкхонасида одам ташишга рухсат етиладими?,"{""Taqiqlanadi"",""Avtomagistrallarga tegishli bo'lmagan yo'llarda ruxsat etiladi"",""Faqat yukni kuzatib boruvchi shaxslarga shu shart bilanki, ular bortlaridan pastda joylashgan o'tiradigan joy bilan taminlangan bo'lsalar ruxsat etiladi""}","{""Тақиқланади"",""Автомагистралларга тегишли бўлмаган ёлларда рухсат етилади"",""Фақат юкни кузатиб борувчи шахсларга шу шарт биланки, улар бортларидан пастда жойлашган ўтирадиган жой билан таминланган бўлсалар рухсат етилади""}",2,https://postimg.cc/Dmfk0bYv,15-BILET,300,,,,
"Agar siz oldinda harakatlanayotgan avtomobilni quvib o'tishga chiqsangiz, ko'rsatilgan hollarning qaysi birida tovush ishorasi berish maqsadga muvofiq?","Агар сиз олдинда ҳаракатланаётган автомобилни қувиб ўтишга чиқсангиз, кўрсатилган ҳолларнинг қайси бирида товуш ишораси бериш мақсадга мувофиқ?","{""Quvib o'tish qorong'i vaqtda bajarilganda"",""Quvib o'tilayo  tgan avtomobil haydovchisi tormoz berishni boshlaganda"",""Quvib o'tilayotgan avtomobil haydovchisi chapga burilish ko'rsatkichini yoqqanda"",""Quvib o'tilayotgan avtomobil haydovchisi o'ngga burilish ko'rsatkichini yoqqanda""}","{""Қувиб ўтиш қоронги вақтда бажарилганда"",""Қувиб ўтилаё  тган автомобил ҳайдовчиси тормоз беришни бошлаганда"",""Қувиб ўтилаётган автомобил ҳайдовчиси чапга бурилиш кўрсаткичини ёққанда"",""Қувиб ўтилаётган автомобил ҳайдовчиси ўнгга бурилиш кўрсаткичини ёққанда""}",2,https://postimg.cc/Dmfk0bYv,15-BILET,300,,,,
Kim yo'l berishi kerak?,Ким ёл бериши керак?,"{""Yuk avtomobil haydovchisi"",""Engil avtomobil haydovchisi""}","{""Юк автомобил ҳайдовчиси"",""Енгил автомобил ҳайдовчиси""}",0,https://ptest.uz/images/71fcdf45-4924-41fa-8f8a-e0e4533e5b38.webp,15-BILET,300,,,,
"Bu belgilar amal qiladigan hududda ""Nogiron"" taniqli belgisi bilan belgilangan avtomobilga to'xtashga ruxsat etiladimi?","Бу белгилар амал қиладиган ҳудудда ""Ногирон"" таниқли белгиси билан белгиланган автомобилга тўхташга рухсат етиладими?","{""Ruxsat etiladi"",""Taqiqlanadi""}","{""Рухсат етилади"",""Тақиқланади""}",0,https://ptest.uz/images/b8acb676-c15d-4fa5-8587-36f99f633816.webp,16-BILET,300,,,,
Bu yo'l belgisi oldinda nima borligidan ogohlantiradi?,Бу ёл белгиси олдинда нима борлигидан огоҳлантиради?,"{""Ko'prik yoki solda kechimi bo'lmagan suv to'siqli yo'l qismi borligidan"",""Suv to'siqli yo'l qismida ochib qo'yiladigan ko'prik borligidan"",""Yo'l anhor yoqasiga yoki biror-bir suv havzasining qirg'og'iga chiqiladigan joyi borligidan""}","{""Кўприк ёки солда кечими бўлмаган сув тўсиқли ёл қисми борлигидан"",""Сув тўсиқли ёл қисмида очиб қўйиладиган кўприк борлигидан"",""Ёл анҳор ёқасига ёки бирор-бир сув ҳавзасининг қирғоғига чиқиладиган жойи борлигидан""}",2,https://ptest.uz/images/5be81a83-965f-48d6-bd41-65ba0341e9aa.webp,16-BILET,300,,,,
Avtomagistralda boshqarishni o'rganish:,Автомагистралда бошқаришни ўрганиш:,"{""70 km/s. dan ortmagan tezlik bilan ruxsat berilgan"",""Boshqarishni o'rgatuvchi yo'riqchi bilan bo'lgan o'rganuvchida etarli boshqarish malakasi bo'lganda 60 km/soatdan ortiq bo'lmagan tezlikka ruxsat etilgan"",""Taqiqlangan"",""Agar o'rganilayotgan mexanik transport vositasida taniqli belgilari qayd etilgan bo'lsa, ruxsat etilgan""}","{""70 км/с. дан ортмаган тезлик билан рухсат берилган"",""Бошқаришни ўргатувчи ёриқчи билан бўлган ўрганувчида етарли бошқариш малакаси бўлганда 60 км/соатдан ортиқ бўлмаган тезликка рухсат етилган"",""Тақиқланган"",""Агар ўрганилаётган механик транспорт воситасида таниқли белгилари қайд етилган бўлса, рухсат етилган""}",2,https://postimg.cc/Dmfk0bYv,16-BILET,300,,,,
Engil avtomobillarning oldingi o'rindig'ida bolalarni tashishga ruxsat etiladimi?,Енгил автомобилларнинг олдинги ўриндиғида болаларни ташишга рухсат етиладими?,"{""7 yoshdan kichik bo'lmagan bolalarni tashishga ruxsat etiladi"",""12 yosh va undan katta bo'lgan bolalarni tashishga ruxsat etiladi"",""Katta yoshli yo'lovchi bo'lganda yoshidan qatiy nazar ruxsat etiladi""}","{""7 ёшдан кичик бўлмаган болаларни ташишга рухсат етилади"",""12 ёш ва ундан катта бўлган болаларни ташишга рухсат етилади"",""Катта ёшли ёловчи бўлганда ёшидан қатий назар рухсат етилади""}",1,https://postimg.cc/Dmfk0bYv,16-BILET,300,,,,
Engil avtomobil haydovchilarining qaysi biri aholi punktlarida harakatlanish qoidalarini buzmoqda?,Енгил автомобил ҳайдовчиларининг қайси бири аҳоли пунктларида ҳаракатланиш қоидаларини бузмоқда?,"{""Faqat \""?\"" avtomobil haydovchisi"",""Ikkalasi ham buzmoqda"",""Ikkalasi ham buzmayapti""}","{""Фақат \""?\"" автомобил ҳайдовчиси"",""Иккаласи ҳам бузмоқда"",""Иккаласи ҳам бузмаяпти""}",2,https://ptest.uz/images/f8f8d5ba-0b89-41a2-bda7-597de7d05c13.webp,16-BILET,300,,,,
Avtomobillar chorrahani quyidagi tartibda kesib o'tadi:,Автомобиллар чорраҳани қуйидаги тартибда кесиб ўтади:,"{""Qizil chorrahaga kiradi va ko'k avtomobilni o'tkazib yuborish uchun to'xtaydi va ayni vaqtda yashil avtomobil chorrahani kesib o'tadi; ko'k; qizil burilishni tugallaydi"",""Qizil, ko'k, yashil"",""Ko'k, yashil, qizil""}","{""Қизил чорраҳага киради ва кўк автомобилни ўтказиб юбориш учун тўхтайди ва айни вақтда яшил автомобил чорраҳани кесиб ўтади; кўк; қизил бурилишни тугаллайди"",""Қизил, кўк, яшил"",""Кўк, яшил, қизил""}",0,https://ptest.uz/images/25d598b7-eb32-4a14-be95-8aaa6963ab9f.webp,16-BILET,300,,,,
Avtomobil haydovchisi quvib o'tishni qaysi yo'nalish bo'yicha to'g'ri bajaradi?,Автомобил ҳайдовчиси қувиб ўтишни қайси ёналиш бўйича тўғри бажаради?,"{""\""?\"" yo'nalishi bo'yicha"",""\""?\"" yo'nalishi bo'yicha"",""\""?\"" va \""?\"" yo'nalishi bo'yicha""}","{""\""?\"" ёналиши бўйича"",""\""?\"" ёналиши бўйича"",""\""?\"" ва \""?\"" ёналиши бўйича""}",1,https://ptest.uz/images/70f55e7c-9fdd-488f-8dd0-26a727fd9d6d.webp,16-BILET,300,,,,
Chorrahani uchinchi bo'lib kim o'tadi?,Чорраҳани учинчи бўлиб ким ўтади?,"{""Yashil avtomobil"",""Ko'k avtomobil"",""Qizil avtomobil""}","{""Яшил автомобил"",""Кўк автомобил"",""Қизил автомобил""}",1,https://ptest.uz/images/767603c9-93d5-4a22-a9ab-6b87ff989cf9.webp,16-BILET,300,,,,
Qaysi belgi yo'lning xavfli burilishiga yaqinlashayotgani haqida ogohlantiradi?,Қайси белги ёлнинг хавфли бурилишига яқинлашаётгани ҳақида огоҳлантиради?,"{""1"",""2"",""3"",""4"",""5""}","{""1"",""2"",""3"",""4"",""5""}",1,https://ptest.uz/images/6aa2e17d-05e4-4dc8-9b1c-0d1e383a3a97.webp,16-BILET,300,,,,
Bu belgi nimani bildiradi?,Бу белги нимани билдиради?,"{""To'la vazni 3,5 t dan ortiq bo'lgan yuk avtomobilining majburiy harakat yo'nalishini"",""Faqat yuk avtomobillari uchun harakat yo'nalishini"",""Yuk avtomobillari, traktorlar, o'ziyurar mashinalar uchun, agar chorrahada ularning harakati yo'nalishlardan biriga taqiqlangan bo'lsa, tavsiya etiladigan harakat yo'nalishini"",""Shaharlararo yuk tashuvchi yuk avtomillarining harakat yo'nalishini""}","{""Тўла вазни 3,5 т дан ортиқ бўлган юк автомобилининг мажбурий ҳаракат ёналишини"",""Фақат юк автомобиллари учун ҳаракат ёналишини"",""Юк автомобиллари, тракторлар, ўзиюрар машиналар учун, агар чорраҳада уларнинг ҳаракати ёналишлардан бирига тақиқланган бўлса, тавсия етиладиган ҳаракат ёналишини"",""Шаҳарлараро юк ташувчи юк автомилларининг ҳаракат ёналишини""}",2,https://ptest.uz/images/8dd124bb-b5a0-4205-8818-ba5d4f391e15.webp,16-BILET,300,,,,
Haydovchi avtopoezd harakatining eng keng bo'lagini aniqlashda nimani hisobga olishi kerak?,Ҳайдовчи автопоезд ҳаракатининг енг кенг бўлагини аниқлашда нимани ҳисобга олиши керак?,"{""Faqat kengligi bo'yicha avtopoezdning o'lchamlarini"",""Kengligi bo'yicha transport vositasining o'lchamlarini, shuningdek tirkamaning chayqalishini hamda uning burilish markaziga siljishini""}","{""Фақат кенглиги бўйича автопоезднинг ўлчамларини"",""Кенглиги бўйича транспорт воситасининг ўлчамларини, шунингдек тиркаманинг чайқалишини ҳамда унинг бурилиш марказига силжишини""}",1,https://postimg.cc/Dmfk0bYv,16-BILET,300,,,,
Avtomobillar chorrahani quyidagi tartibda kesib o'tadilar:,Автомобиллар чорраҳани қуйидаги тартибда кесиб ўтадилар:,"{""Yashil; ko'k; qizil"",""Ko'k; qizil; yashil"",""Ko'k bilan yashil bir vaqtda, qizil""}","{""Яшил; кўк; қизил"",""Кўк; қизил; яшил"",""Кўк билан яшил бир вақтда, қизил""}",1,https://ptest.uz/images/0e6e4fa1-0176-4d34-a571-61957580146b.webp,16-BILET,300,,,,
Haydovchi harakat tezligini tanlashda nimani hisobga olishi kerak?,Ҳайдовчи ҳаракат тезлигини танлашда нимани ҳисобга олиши керак?,"{""Harakatning serqatnovligini, transport vositasi va yukning hususiyati va holatini"",""Yo'l va ob-havo   sharoitini"",""Barcha sanab o'tilgan omillarni""}","{""Ҳаракатнинг серқатновлигини, транспорт воситаси ва юкнинг ҳусусияти ва ҳолатини"",""Ёл ва об-ҳаво   шароитини"",""Барча санаб ўтилган омилларни""}",2,https://postimg.cc/Dmfk0bYv,16-BILET,300,,,,
Quruq yo'lda darhol to'xtash uchun nima qilish lozim?,Қуруқ ёлда дарҳол тўхташ учун нима қилиш лозим?,"{""Ulagichni ajratish, shundan keyin darhol tormoz pedalini bosish"",""Uzatmani almashtirish va tormoz pedalini keskin bosish"",""Tormoz pedalini ulagichni ajratmasdan bosish""}","{""Улагични ажратиш, шундан кейин дарҳол тормоз педалини босиш"",""Узатмани алмаштириш ва тормоз педалини кескин босиш"",""Тормоз педалини улагични ажратмасдан босиш""}",2,https://postimg.cc/Dmfk0bYv,16-BILET,300,,,,
Engil avtomobil haydovchisi qanday qoidalarni buzdi?,Енгил автомобил ҳайдовчиси қандай қоидаларни бузди?,"{""Faqat to'xtash qoidalarini"",""To'xtash va to'xtab turish qoidalarini""}","{""Фақат тўхташ қоидаларини"",""Тўхташ ва тўхтаб туриш қоидаларини""}",1,https://ptest.uz/images/af66e58c-a5a9-4d0b-8bf9-56b5cf0846a1.webp,16-BILET,300,,,,
Qaysi yo'ldan harakatlanishga ruxsat etilgan?,Қайси ёлдан ҳаракатланишга рухсат етилган?,"{""\""?\"""",""\""B\"""",""\""?\"" va \""B\""""}","{""\""?\"""",""\""Б\"""",""\""?\"" ва \""Б\""""}",2,https://ptest.uz/images/651f5856-3def-4f5b-a293-3b1352a423b7.webp,16-BILET,300,,,,
Yo'l yoqasi mavjud bo'lganda haydovchi transport vositasini qaerda to'xtatishi kerak?,Ёл ёқаси мавжуд бўлганда ҳайдовчи транспорт воситасини қаерда тўхтатиши керак?,"{""Qatnov qismining chetida"",""Yo'l chekkasida, yo'l yoqasidan 0,5 m masofada"",""Yo'l yoqasi ustida""}","{""Қатнов қисмининг четида"",""Ёл чеккасида, ёл ёқасидан 0,5 м масофада"",""Ёл ёқаси устида""}",2,https://postimg.cc/Dmfk0bYv,16-BILET,300,,,,
N2; N3; O3; O4 toifadagi transport vositalari shina protektori naqshlarining qoldiq balandligi qanchadan kam bo'lmasligi kerak?,Н2; Н3; О3; О4 тоифадаги транспорт воситалари шина протектори нақшларининг қолдиқ баландлиги қанчадан кам бўлмаслиги керак?,"{""0,5 mm"",""1 mm"",""1,6 mm"",""2 mm"",""3 mm""}","{""0,5 мм"",""1 мм"",""1,6 мм"",""2 мм"",""3 мм""}",1,https://postimg.cc/Dmfk0bYv,16-BILET,300,,,,
Mexanik transport vositalari va uning tirkamalarining egalari texnik holatidan qatiy nazar; xarid qilgan (olgan) paytdan boshlab shu muddat mobaynida DYHX xizmatida ro'yxatdan o'tkazishlari kerak:,Механик транспорт воситалари ва унинг тиркамаларининг егалари техник ҳолатидан қатий назар; харид қилган (олган) пайтдан бошлаб шу муддат мобайнида ДЙҲХ хизматида рўйхатдан ўтказишлари керак:,"{""2 kun"",""10 kun"",""5 kun"",""15 kun"",""30 kun""}","{""2 кун"",""10 кун"",""5 кун"",""15 кун"",""30 кун""}",1,https://postimg.cc/Dmfk0bYv,16-BILET,300,,,,
Mazkur sharoitda shatakka olishni amalga oshirilishning yo'l qo'yilgan eng yuqori tezligi qanday?,Мазкур шароитда шатакка олишни амалга оширилишнинг ёл қўйилган енг юқори тезлиги қандай?,"{""30 km/s"",""50 km/s"",""70 km/s"",""80 km/s""}","{""30 км/с"",""50 км/с"",""70 км/с"",""80 км/с""}",1,https://ptest.uz/images/519364ee-a738-4553-af7d-402d197428d8.webp,16-BILET,300,,,,
"Bu belgilar amal qiladigan hududda ""Nogiron"" taniqli belgisi bilan belgilangan avtomobilga to'xtashga ruxsat etiladimi?","Бу белгилар амал қиладиган ҳудудда ""Ногирон"" таниқли белгиси билан белгиланган автомобилга тўхташга рухсат етиладими?","{""Ruxsat etiladi"",""Taqiqlanadi""}","{""Рухсат етилади"",""Тақиқланади""}",0,https://ptest.uz/images/b8acb676-c15d-4fa5-8587-36f99f633816.webp,16-BILET,300,,,,
Chorrahani kesib o'tishda tramvay yo'li bo'ylab harakatlanishga ruxsat etiladimi?,Чорраҳани кесиб ўтишда трамвай ёли бўйлаб ҳаракатланишга рухсат етиладими?,"{""Taqiqlanadi"",""Agar tramvayga to'sqinlik qilmasa ruxsat etiladi"",""Yo'l-yo'lakay yo'nalishdagi tramvay yo'llari bo'ylab ruxsat etiladi"",""Boshqa bo'laklardan harakat serqatnov bo'lganda, aylanib o'tishda, yo'l-yo'lakay yo'nalishdagi tramvay yo'llari bo'ylab quvib o'tishga ruxsat etiladi.(agar chorrahadan oldin 5.8.1 yoki 5.8.2 yo'l belgilari o'rnatilmagan bo'lsa) Bunda tramvayga xalal bermaslik kerak""}","{""Тақиқланади"",""Агар трамвайга тўсқинлик қилмаса рухсат етилади"",""Ёл-ёлакай ёналишдаги трамвай ёллари бўйлаб рухсат етилади"",""Бошқа бўлаклардан ҳаракат серқатнов бўлганда, айланиб ўтишда, ёл-ёлакай ёналишдаги трамвай ёллари бўйлаб қувиб ўтишга рухсат етилади.(агар чорраҳадан олдин 5.8.1 ёки 5.8.2 ёл белгилари ўрнатилмаган бўлса) Бунда трамвайга халал бермаслик керак""}",3,https://postimg.cc/Dmfk0bYv,17-BILET,300,,,,
Yuk avtomobillarining avtomagistrallarda ikkinchi bo'lakdan nariroqda harakatlanishiga ruxsat etiladimi?,Юк автомобилларининг автомагистралларда иккинчи бўлакдан нарироқда ҳаракатланишига рухсат етиладими?,"{""Ruxsat etiladi, ruxsat etilgan to'la vazni 3,5 t dan oshib ketmasa"",""Ruxsat etiladi, ruxsat etilgan to'la vazni 3,5 t dan ortiq bo'lsa"",""Taqiqlanadi""}","{""Рухсат етилади, рухсат етилган тўла вазни 3,5 т дан ошиб кетмаса"",""Рухсат етилади, рухсат етилган тўла вазни 3,5 т дан ортиқ бўлса"",""Тақиқланади""}",2,https://postimg.cc/Dmfk0bYv,17-BILET,300,,,,
Transport vositalari chorrahani quyidagi tartibda kesib o'tadilar:,Транспорт воситалари чорраҳани қуйидаги тартибда кесиб ўтадилар:,"{""Tramvay, sariq, yashil avtomobillar"",""Tramvay va yashil avtomobil, sariq avtomobil"",""Yashil, sariq avtomobillar, tramvay""}","{""Трамвай, сариқ, яшил автомобиллар"",""Трамвай ва яшил автомобил, сариқ автомобил"",""Яшил, сариқ автомобиллар, трамвай""}",1,https://ptest.uz/images/38109982-942c-4788-a226-617ac7216f6d.webp,17-BILET,300,,,,
Yon kajavasi bo'lmagan motosiklda bolalarni tashishga ruxsat etiladimi?,Ён кажаваси бўлмаган мотосиклда болаларни ташишга рухсат етиладими?,"{""Ruxsat etiladi"",""12 yoshga to'lgan va undan katta bolalarga ruxsat etiladi"",""Katta yoshdagi yo'lovchi bo'lganda ruxsat etiladi"",""Taqiqlanadi""}","{""Рухсат етилади"",""12 ёшга тўлган ва ундан катта болаларга рухсат етилади"",""Катта ёшдаги ёловчи бўлганда рухсат етилади"",""Тақиқланади""}",1,https://postimg.cc/Dmfk0bYv,17-BILET,300,,,,
Qanday hollarda to'xtab turish taqiqlanadi?,Қандай ҳолларда тўхтаб туриш тақиқланади?,"{""Qatnov qismi kesishmasining chekkasidan 30 metrdan ko'p qolganda"",""Piyodalarning o'tish joyi oldidan 10 metrdan ko'p qolganda"",""Piyodalar o'tish joyidan keyin 1 metr masofa uzoqlikda"",""Transport vositalarining harakatlanishiga imkon qoldirmaydigan kirishga yoki chiqishga va piyodalarning harakatiga xalaqit beradigan joylarda"",""Barcha sanab o'tilgan hollarda""}","{""Қатнов қисми кесишмасининг чеккасидан 30 метрдан кўп қолганда"",""Пиёдаларнинг ўтиш жойи олдидан 10 метрдан кўп қолганда"",""Пиёдалар ўтиш жойидан кейин 1 метр масофа узоқликда"",""Транспорт воситаларининг ҳаракатланишига имкон қолдирмайдиган киришга ёки чиқишга ва пиёдаларнинг ҳаракатига халақит берадиган жойларда"",""Барча санаб ўтилган ҳолларда""}",3,https://postimg.cc/Dmfk0bYv,17-BILET,300,,,,
Chorrahada qaysi yo'nalishlarda harakat qilishga ruxsat etiladi?,Чорраҳада қайси ёналишларда ҳаракат қилишга рухсат етилади?,"{""Faqat \""?\"" va \""?\"""",""\""?\"", \""?\"", \""?\"", \""?\"""",""\""?\"", \""?\"", \""?\"", \""?\""""}","{""Фақат \""?\"" ва \""?\"""",""\""?\"", \""?\"", \""?\"", \""?\"""",""\""?\"", \""?\"", \""?\"", \""?\""""}",0,https://ptest.uz/images/e14dece1-3ffa-42b3-9a85-8a03cab0311c.webp,17-BILET,300,,,,
Tashilayotgan yuk DYHX xizmatining puxsatisiz transport vositasi o'lchamlarining orqa nuqtasidan eng katta miqdorda qanday chiqib turishi mumkin?,Ташилаётган юк ДЙҲХ хизматининг пухсатисиз транспорт воситаси ўлчамларининг орқа нуқтасидан енг катта миқдорда қандай чиқиб туриши мумкин?,"{""1,0 m"",""1,5 m"",""2,0 m"",""2,5 m"",""4,0 m""}","{""1,0 м"",""1,5 м"",""2,0 м"",""2,5 м"",""4,0 м""}",2,https://postimg.cc/Dmfk0bYv,17-BILET,300,,,,
Haydovchilardan qay biri yo'lovchilarni tushirish uchun to'g'ri to'xtadi?,Ҳайдовчилардан қай бири ёловчиларни тушириш учун тўғри тўхтади?,"{""Ko'k va qizil avtomobillarning haydovchilari"",""Mototsikl va ko'k avtomobil haydovchilari"",""Faqat ko'k avtomobil haydovchilari"",""Barcha haydovchilar""}","{""Кўк ва қизил автомобилларнинг ҳайдовчилари"",""Мототсикл ва кўк автомобил ҳайдовчилари"",""Фақат кўк автомобил ҳайдовчилари"",""Барча ҳайдовчилар""}",1,https://ptest.uz/images/ffb00fd1-f83f-456b-a103-cb4ad2fa2133.webp,17-BILET,300,,,,
Haydovchi avtopoezdni tormozlashning qaysi qoidalariga rioya qilishi kerak?,Ҳайдовчи автопоездни тормозлашнинг қайси қоидаларига риоя қилиши керак?,"{""Tormoz tepkisini keskin kuchli bosish - ulagichni ajratgan holda"",""Oldindan tezlikni kamaytirish, ulagichni ajratmay, bir tekis tormozlash""}","{""Тормоз тепкисини кескин кучли босиш - улагични ажратган ҳолда"",""Олдиндан тезликни камайтириш, улагични ажратмай, бир текис тормозлаш""}",1,https://postimg.cc/Dmfk0bYv,17-BILET,300,,,,
Bu yotiq chiziq nimani anglatadi?,Бу ётиқ чизиқ нимани англатади?,"{""Transport vositalari oqimi qo'shiladigan joylardagi yo'naltiruvchi orolchani"",""Qatnov qismidagi xavfli joylarda piyodalar uchun orolchani"",""Transport vositalari to'xtab turish qismining chegarasini"",""Transport vositalari oqimi ajraladigan joydagi yo'naltiruvchi orolchani""}","{""Транспорт воситалари оқими қўшиладиган жойлардаги ёналтирувчи оролчани"",""Қатнов қисмидаги хавфли жойларда пиёдалар учун оролчани"",""Транспорт воситалари тўхтаб туриш қисмининг чегарасини"",""Транспорт воситалари оқими ажраладиган жойдаги ёналтирувчи оролчани""}",0,https://ptest.uz/images/e2e50547-dbe1-4d86-8663-5034c3f06fac.webp,17-BILET,300,,,,
Enli uzuq-uzuq chiziq ko'rinishidagi yotiq chiziq nimani bildiradi?,Енли узуқ-узуқ чизиқ кўринишидаги ётиқ чизиқ нимани билдиради?,"{""Qatnov qismi bilan yo'l yoqasi o'rtasidagi chegarani"",""Tezlanish yoki sekinlanish bo'lagi bilan qatnov qismi asosiy bo'lagi o'rtasidagi chegarani bildiradi"",""Transport vositalarining to'xtashi va to'xtab turishi uchun belgilangan maydonchalarni""}","{""Қатнов қисми билан ёл ёқаси ўртасидаги чегарани"",""Тезланиш ёки секинланиш бўлаги билан қатнов қисми асосий бўлаги ўртасидаги чегарани билдиради"",""Транспорт воситаларининг тўхташи ва тўхтаб туриши учун белгиланган майдончаларни""}",1,https://ptest.uz/images/992c0ab7-922d-42e7-8539-89d44f1d4889.webp,17-BILET,300,,,,
Siz reversiv harakatli yo'lga burildingiz. Burilishdan keyin siz qaysi bo'lak bo'ylab harakatlanish huquqiga egasiz?,Сиз реверсив ҳаракатли ёлга бурилдингиз. Бурилишдан кейин сиз қайси бўлак бўйлаб ҳаракатланиш ҳуқуқига егасиз?,"{""Aholi punktlarida istalgan bo'lak bo'ylab harakatlanishga ruxsat etiladi"",""Chetki o'ng bo'lak bo'ylab. Faqat reversiv svetofor yoki boshqa bo'laklar bo'yicha ham harakatlanishga ruxsat etadigan ''bo'laklar bo'yicha harakatlanish yo'nalishi'' belgisidan o'tgandan so'ng qayta tizilishga ruxsat etiladi"",""Aholi punktlaridan tashqarida qatnov qismining iloji boricha o'ng chetiga yaqinroqda""}","{""Аҳоли пунктларида исталган бўлак бўйлаб ҳаракатланишга рухсат етилади"",""Четки ўнг бўлак бўйлаб. Фақат реверсив светофор ёки бошқа бўлаклар бўйича ҳам ҳаракатланишга рухсат етадиган бўлаклар бўйича ҳаракатланиш ёналиши белгисидан ўтгандан сўнг қайта тизилишга рухсат етилади"",""Аҳоли пунктларидан ташқарида қатнов қисмининг иложи борича ўнг четига яқинроқда""}",1,https://postimg.cc/Dmfk0bYv,17-BILET,300,,,,
Qaysi transport vositasining haydovchisi birinchi navbatda harakatlanish huquqiga ega?,Қайси транспорт воситасининг ҳайдовчиси биринчи навбатда ҳаракатланиш ҳуқуқига ега?,"{""Avtomobil haydovchisi"",""Motosikl haydovchisi""}","{""Автомобил ҳайдовчиси"",""Мотосикл ҳайдовчиси""}",1,https://ptest.uz/images/62e1ab29-2c5e-4e08-bc60-dfd1e38c0ac5.webp,17-BILET,300,,,,
Qatnov qismining o'ng bo'lagi bo'ylab harakatlanishga qaysi transport vositasiga ruxsat etilgan?,Қатнов қисмининг ўнг бўлаги бўйлаб ҳаракатланишга қайси транспорт воситасига рухсат етилган?,"{""Barcha mexanik transport vositalariga"",""Belgilangan yo'nalishdagi transport vositalariga va taksilarga"",""Faqat velosipedlarga"",""Faqat belgilangan yo'nalishdagi transport vositalariga""}","{""Барча механик транспорт воситаларига"",""Белгиланган ёналишдаги транспорт воситаларига ва таксиларга"",""Фақат велосипедларга"",""Фақат белгиланган ёналишдаги транспорт воситаларига""}",3,https://ptest.uz/images/d2d749e6-b4ab-4bb1-9c2d-71169c78e8a1.webp,17-BILET,300,,,,
Qattiq charchoq boshlanishining asosiy tashqi alomatlari qanday?,Қаттиқ чарчоқ бошланишининг асосий ташқи аломатлари қандай?,"{""Ko'z sanchib og'riydi, yuz terisi oqaradi, uyqu bosadi"",""Yuz rangi to'q qizil tusga kiradi, qo'l-oyoqlar soviydi, ongi xiralashadi"",""Mushaklarda horg'inlik seziladi, quloqlarda shovqin g'uvillaydi, bosh aylanadi, muzdek yopishqoq ter chiqadi""}","{""Кўз санчиб оғрийди, юз териси оқаради, уйқу босади"",""Юз ранги тўқ қизил тусга киради, қўл-оёқлар совийди, онги хиралашади"",""Мушакларда ҳорғинлик сезилади, қулоқларда шовқин ғувиллайди, бош айланади, муздек ёпишқоқ тер чиқади""}",0,https://postimg.cc/Dmfk0bYv,17-BILET,300,,,,
Bunday vaziyatda qizil avtomobilning haydovchisiga quvib o'tishga ruxsat etiladimi?,Бундай вазиятда қизил автомобилнинг ҳайдовчисига қувиб ўтишга рухсат етиладими?,"{""Ruxsat etilgan"",""Taqiqlangan"",""Faqat ro'paradan kelayotgan transport vositalari yo'qligida ruxsat etilgan""}","{""Рухсат етилган"",""Тақиқланган"",""Фақат рўпарадан келаётган транспорт воситалари ёқлигида рухсат етилган""}",1,https://ptest.uz/images/1fcb9a2d-c19f-49ef-a9b2-91c76f6b1482.webp,17-BILET,300,,,,
"Rulda o'rganuvchi bo'lsa, qaysi tomonga harakatlanishga ruxsat beriladi?","Рулда ўрганувчи бўлса, қайси томонга ҳаракатланишга рухсат берилади?","{""Hamma tomonga"",""Faqat o'ngga"",""O'ngga, chapga va qayrilish""}","{""Ҳамма томонга"",""Фақат ўнгга"",""Ўнгга, чапга ва қайрилиш""}",2,https://ptest.uz/images/49cf2dfc-1bb2-4894-aff7-7e68b6b1f89d.webp,17-BILET,300,,,,
Qaysi transport vositasining haydovchisiga belgida ko'rsatilgan tezlik bilan harakatlanishga ruxsat berilgan?,Қайси транспорт воситасининг ҳайдовчисига белгида кўрсатилган тезлик билан ҳаракатланишга рухсат берилган?,"{""Har ikki haydovchiga"",""Faqat mikroavtobus haydovchisiga"",""Har ikkisiga taqiqlangan""}","{""Ҳар икки ҳайдовчига"",""Фақат микроавтобус ҳайдовчисига"",""Ҳар иккисига тақиқланган""}",1,https://ptest.uz/images/bb312137-1ab9-4950-ba41-96558f0a5eeb.webp,17-BILET,300,,,,
Qanday transport vositalariga ushbu belgining amal qilishi tatbiq etilmaydi?,Қандай транспорт воситаларига ушбу белгининг амал қилиши татбиқ етилмайди?,"{""Yo'nalishli taksilarga"",""Taksometri ishlab turgan taksilarga"",""\""???????\"" taniqlik belgisi o'rnatilgan nogiron boshqarayotgan avtomobilga"",""Belgilangan yo'nalishdagi transport vositalariga"",""Ikkinchi va uchunchi javoblarda ko'rsatilgan transport vositalariga""}","{""Ёналишли таксиларга"",""Таксометри ишлаб турган таксиларга"",""\""???????\"" таниқлик белгиси ўрнатилган ногирон бошқараётган автомобилга"",""Белгиланган ёналишдаги транспорт воситаларига"",""Иккинчи ва учунчи жавобларда кўрсатилган транспорт воситаларига""}",4,https://ptest.uz/images/d11e800d-4526-41c6-933b-83b89de33d82.webp,17-BILET,300,,,,
"Yo'lovchilarga haydovchi transport vositasini boshqarayotganda, uni chalg'itishga ruxsat etiladimi?","Ёловчиларга ҳайдовчи транспорт воситасини бошқараётганда, уни чалғитишга рухсат етиладими?","{""Ruxsat etiladi"",""Belgilangan yo'nalishdagi transport vositalarida faqat bir martalik chiptalar sotib olish uchun ruxsat etiladi"",""Taqiqlanadi""}","{""Рухсат етилади"",""Белгиланган ёналишдаги транспорт воситаларида фақат бир марталик чипталар сотиб олиш учун рухсат етилади"",""Тақиқланади""}",2,https://postimg.cc/Dmfk0bYv,17-BILET,300,,,,
Chorrahani kesib o'tishda tramvay yo'li bo'ylab harakatlanishga ruxsat etiladimi?,Чорраҳани кесиб ўтишда трамвай ёли бўйлаб ҳаракатланишга рухсат етиладими?,"{""Taqiqlanadi"",""Agar tramvayga to'sqinlik qilmasa ruxsat etiladi"",""Yo'l-yo'lakay yo'nalishdagi tramvay yo'llari bo'ylab ruxsat etiladi"",""Boshqa bo'laklardan harakat serqatnov bo'lganda, aylanib o'tishda, yo'l-yo'lakay yo'nalishdagi tramvay yo'llari bo'ylab quvib o'tishga ruxsat etiladi.(agar chorrahadan oldin 5.8.1 yoki 5.8.2 yo'l belgilari o'rnatilmagan bo'lsa) Bunda tramvayga xalal bermaslik kerak""}","{""Тақиқланади"",""Агар трамвайга тўсқинлик қилмаса рухсат етилади"",""Ёл-ёлакай ёналишдаги трамвай ёллари бўйлаб рухсат етилади"",""Бошқа бўлаклардан ҳаракат серқатнов бўлганда, айланиб ўтишда, ёл-ёлакай ёналишдаги трамвай ёллари бўйлаб қувиб ўтишга рухсат етилади.(агар чорраҳадан олдин 5.8.1 ёки 5.8.2 ёл белгилари ўрнатилмаган бўлса) Бунда трамвайга халал бермаслик керак""}",3,https://postimg.cc/Dmfk0bYv,17-BILET,300,,,,
"Agar barcha transport vositalari 80 km/soat tezlik bilan harakat qilsa, haydovchilardan qay biri qoidalarning talablarini buzadi?","Агар барча транспорт воситалари 80 км/соат тезлик билан ҳаракат қилса, ҳайдовчилардан қай бири қоидаларнинг талабларини бузади?","{""Motosikl va yuk avtomobilining haydovchilari"",""Motosikl va engil avtomobilning haydovchilari"",""Hamma haydovchilar"",""Motosikl haydovchisi"",""Hech kim buzmaydi""}","{""Мотосикл ва юк автомобилининг ҳайдовчилари"",""Мотосикл ва енгил автомобилнинг ҳайдовчилари"",""Ҳамма ҳайдовчилар"",""Мотосикл ҳайдовчиси"",""Ҳеч ким бузмайди""}",4,https://ptest.uz/images/990b7aee-bf94-4d01-bc5c-cb19c02f2347.webp,18-BILET,300,,,,
Davlat YHX xizmatining ruxsatisiz transport vositasining yuk bilan yoki yuksiz qanday yuqori o'lchamdagi balandlik bilan harakatlanishiga yo'l qo'yiladi?,Давлат ЙҲХ хизматининг рухсатисиз транспорт воситасининг юк билан ёки юксиз қандай юқори ўлчамдаги баландлик билан ҳаракатланишига ёл қўйилади?,"{""5,0 m"",""4,5 m"",""4,0 m"",""2,5 m"",""3,8 m""}","{""5,0 м"",""4,5 м"",""4,0 м"",""2,5 м"",""3,8 м""}",2,https://postimg.cc/Dmfk0bYv,18-BILET,300,,,,
Piyoda yalt-yalt etuvchi mayoqcha va maxsus tovushli ishoralarni yoqib kelayotgan transport vositasi yaqinlashib qolganda qanday yo'l tutishi kerak?,Пиёда ялт-ялт етувчи маёқча ва махсус товушли ишораларни ёқиб келаётган транспорт воситаси яқинлашиб қолганда қандай ёл тутиши керак?,"{""Mumkin qadar tezroq qatnov qismidan o'tib olishi"",""Qatnov qismidan o'tmasligi"",""Agar piyodalar o'tish joyida bo'lsa, qatnov qismidan o'tishi""}","{""Мумкин қадар тезроқ қатнов қисмидан ўтиб олиши"",""Қатнов қисмидан ўтмаслиги"",""Агар пиёдалар ўтиш жойида бўлса, қатнов қисмидан ўтиши""}",1,https://postimg.cc/Dmfk0bYv,18-BILET,300,,,,
"Avtomobilning taniqlik belgisi bo'lganda, yo'lning mazkur qismida qanday yuqori tezlik bilan harakatlanishiga ruxsat etiladi?","Автомобилнинг таниқлик белгиси бўлганда, ёлнинг мазкур қисмида қандай юқори тезлик билан ҳаракатланишига рухсат етилади?","{""70 km/s"",""90 km/s"",""100 km/s""}","{""70 км/с"",""90 км/с"",""100 км/с""}",0,https://ptest.uz/images/4a78eb17-4da5-4618-911e-323bfa30bbdd.webp,18-BILET,300,,,,
Transport vositalaridan foydalanish va texnik holatiga javobgar mansabdor shaxslar majbur:,Транспорт воситаларидан фойдаланиш ва техник ҳолатига жавобгар мансабдор шахслар мажбур:,"{""Belgilangan muddatda tibbiyot ko'rigidan o'tmagan shaxslarning transport vositalarini boshqarishiga yo'l qo'ymaslikka"",""Texnik holati va jihozlari qoidalarning talablariga mos kelmaydigan transport vositalarini yo'lga chiqarmaslikka"",""Belgilangan tartibda ro'yxatdan o'tkazilmagan transport vositalarini yo'lga chiqarmaslikka"",""Barcha sanab o'tilganlarni bajarishga""}","{""Белгиланган муддатда тиббиёт кўригидан ўтмаган шахсларнинг транспорт воситаларини бошқаришига ёл қўймасликка"",""Техник ҳолати ва жиҳозлари қоидаларнинг талабларига мос келмайдиган транспорт воситаларини ёлга чиқармасликка"",""Белгиланган тартибда рўйхатдан ўтказилмаган транспорт воситаларини ёлга чиқармасликка"",""Барча санаб ўтилганларни бажаришга""}",3,https://postimg.cc/Dmfk0bYv,18-BILET,300,,,,
Belgi va uning ostidagi qo'shimcha axborot belgisi nima haqida ogohlantiradi?,Белги ва унинг остидаги қўшимча ахборот белгиси нима ҳақида огоҳлантиради?,"{""Olib borilayotgan ishlar munosabati bilan yo'l chetida to'xtash taqiqlanadi"",""Yo'l yoqasida tamirlash ishlari olib borilayotganligi munosabati bilan unga chiqish xavfli"",""Yo'lda tamirlash ishlari olib borilayotganligida yo'l chetida to'xtab turish taqiqlanadi""}","{""Олиб борилаётган ишлар муносабати билан ёл четида тўхташ тақиқланади"",""Ёл ёқасида тамирлаш ишлари олиб борилаётганлиги муносабати билан унга чиқиш хавфли"",""Ёлда тамирлаш ишлари олиб борилаётганлигида ёл четида тўхтаб туриш тақиқланади""}",1,https://ptest.uz/images/67eaf941-1075-42de-b232-04aa794d66c2.webp,18-BILET,300,,,,
Navbat bilan yilt-yilt etib turuvchi ikkita qizil yoritgichlar quyidagi manoga ega:,Навбат билан йилт-йилт етиб турувчи иккита қизил ёритгичлар қуйидаги манога ега:,"{""Harakatni taqiqlaydi"",""Boshqa haydovchilarga qatnov qismiga maxsus transport vositalarining o'tganini xabar qiladi"",""Alohida ehtiyotkorlik bilan harakatlanishga ruxsat etadi""}","{""Ҳаракатни тақиқлайди"",""Бошқа ҳайдовчиларга қатнов қисмига махсус транспорт воситаларининг ўтганини хабар қилади"",""Алоҳида еҳтиёткорлик билан ҳаракатланишга рухсат етади""}",0,https://ptest.uz/images/a7ad4820-ccf7-4359-9f57-7a48edbb0055.webp,18-BILET,300,,,,
"Transport vositasining haydovchisi, agar svetoforning ruxsat etuvchi yoritgichi yoqilsa-yu, harakat yo'nalishining qatnov qismidan o'tishga ulgurmagan piyodalar bo'lsa, nima qilishi kerak?","Транспорт воситасининг ҳайдовчиси, агар светофорнинг рухсат етувчи ёритгичи ёқилса-ю, ҳаракат ёналишининг қатнов қисмидан ўтишга улгурмаган пиёдалар бўлса, нима қилиши керак?","{""Tezlikni kamaytirishi, tovush ishorasini berishi va eng kam tezlik bilan piyodalarning o'tish joyidan o'tishi"",""Tovush ishorasini berishi va tezlikni kamaytirmay piyodalarning o'tish joyidan o'tishi"",""Mazkur yo'nalishning qatnov qismidan piyodalarning o'tib olishiga imkon berishi"",""Ehtiyotkorlik choralariga rioya etgan holda piyodalarning o'tish joyidan o'tishi""}","{""Тезликни камайтириши, товуш ишорасини бериши ва енг кам тезлик билан пиёдаларнинг ўтиш жойидан ўтиши"",""Товуш ишорасини бериши ва тезликни камайтирмай пиёдаларнинг ўтиш жойидан ўтиши"",""Мазкур ёналишнинг қатнов қисмидан пиёдаларнинг ўтиб олишига имкон бериши"",""Еҳтиёткорлик чораларига риоя етган ҳолда пиёдаларнинг ўтиш жойидан ўтиши""}",2,https://postimg.cc/Dmfk0bYv,18-BILET,300,,,,
Belgilarning qaysi biri ogohlantiruvchi belgilar bilan qayd etilgan xavfli yo'l qismining uzunligini ko'rsatadi?,Белгиларнинг қайси бири огоҳлантирувчи белгилар билан қайд етилган хавфли ёл қисмининг узунлигини кўрсатади?,"{""1"",""2"",""3"",""4"",""5""}","{""1"",""2"",""3"",""4"",""5""}",3,https://ptest.uz/images/79370d58-b25f-47af-afb0-e311cfa3cf34.webp,18-BILET,300,,,,
Tormoz yo'li deganda nimani tushunasiz?,Тормоз ёли деганда нимани тушунасиз?,"{""Haydovchiga xavf malum bo'lgan vaqtdan boshlab avtomobilning to'liq to'xtagungacha bosib o'tgan masofasi"",""Tormoz tepkisini bosilgan vaqtidan boshlab avtomobilning to'liq to'xtagungacha bosib o'tgan yo'li""}","{""Ҳайдовчига хавф малум бўлган вақтдан бошлаб автомобилнинг тўлиқ тўхтагунгача босиб ўтган масофаси"",""Тормоз тепкисини босилган вақтидан бошлаб автомобилнинг тўлиқ тўхтагунгача босиб ўтган ёли""}",1,https://postimg.cc/Dmfk0bYv,18-BILET,300,,,,
Yo'l o'rtasidagi to'xtash joyida to'xtagan shu yo'nalishdagi tramvayga yaqinlashib qolgan haydovchi nima qilishi kerak?,Ёл ўртасидаги тўхташ жойида тўхтаган шу ёналишдаги трамвайга яқинлашиб қолган ҳайдовчи нима қилиши керак?,"{""To'xtashi, so'ng tramvay harakatlanganidan keyin harakatni davom ettirishi"",""Yo'l o'rtasidagi to'xtash joyida turgan shu yo'nalishdagi tramvayga kelayotgan yoki undan uzoqlashayotgan piyodalarga yo'l berishi"",""Tramvay to'xtash joyidan nihoyatda ehtiyotkorlik bilan o'tishi"",""To'xtashi, tramvay eshiklari yopilgandan keyin harakatni davom ettirishi""}","{""Тўхташи, сўнг трамвай ҳаракатланганидан кейин ҳаракатни давом еттириши"",""Ёл ўртасидаги тўхташ жойида турган шу ёналишдаги трамвайга келаётган ёки ундан узоқлашаётган пиёдаларга ёл бериши"",""Трамвай тўхташ жойидан ниҳоятда еҳтиёткорлик билан ўтиши"",""Тўхташи, трамвай ешиклари ёпилгандан кейин ҳаракатни давом еттириши""}",1,https://postimg.cc/Dmfk0bYv,18-BILET,300,,,,
Qaysi transport vositasining haydovchisi harakatlanishda imtiyoziga ega?,Қайси транспорт воситасининг ҳайдовчиси ҳаракатланишда имтиёзига ега?,"{""Avtomobil haydovchisi"",""Tramvay haydovchisi""}","{""Автомобил ҳайдовчиси"",""Трамвай ҳайдовчиси""}",1,https://ptest.uz/images/7ae8ac93-da35-4f04-b237-39e6ad7e8d13.webp,18-BILET,300,,,,
"Siz uchta bo'lagi bo'lgan ikki tomonlama harakatli yo'l bo'ylab ketayapsiz, o'rta bo'lakka o'tishga qanday holda ruxsat etiladi?","Сиз учта бўлаги бўлган икки томонлама ҳаракатли ёл бўйлаб кетаяпсиз, ўрта бўлакка ўтишга қандай ҳолда рухсат етилади?","{""Faqat quvib o'tish uchun"",""Faqat aylanib o'tish uchun"",""Faqat chapga burilish yoki orqaga qayrilish uchun"",""Barcha sanab o'tilgan hollarda""}","{""Фақат қувиб ўтиш учун"",""Фақат айланиб ўтиш учун"",""Фақат чапга бурилиш ёки орқага қайрилиш учун"",""Барча санаб ўтилган ҳолларда""}",3,https://postimg.cc/Dmfk0bYv,18-BILET,300,,,,
Bosh miya va kalla suyagi o'rtacha holatda jarohatlangan jabrlanuvchini transportning qaysi turida tashish kerak?,Бош мия ва калла суяги ўртача ҳолатда жароҳатланган жабрланувчини транспортнинг қайси турида ташиш керак?,"{""Yo'lovchi engil avtomobilida"",""Yo'lovchi yuk avtomobilida"",""Faqat tez tibbiy yordami mashinasida""}","{""Ёловчи енгил автомобилида"",""Ёловчи юк автомобилида"",""Фақат тез тиббий ёрдами машинасида""}",2,https://postimg.cc/Dmfk0bYv,18-BILET,300,,,,
Bu yo'l chizig'i quyidagi maqsadni:,Бу ёл чизиғи қуйидаги мақсадни:,"{""Trotuar yaqinidagi to'xtab turish joyida mexanik transport vositalarining qo'yish usullari ko'rsatilgan to'xtab turish joyini bildiradi"",""Mexanik transport vositalarining to'xtashi taqiqlangan joylarni bildiradi"",""Belgilangan yo'nalishdagi transport vositalarining to'xtash va taksining to'xtab turish joyini bildiradi""}","{""Тротуар яқинидаги тўхтаб туриш жойида механик транспорт воситаларининг қўйиш усуллари кўрсатилган тўхтаб туриш жойини билдиради"",""Механик транспорт воситаларининг тўхташи тақиқланган жойларни билдиради"",""Белгиланган ёналишдаги транспорт воситаларининг тўхташ ва таксининг тўхтаб туриш жойини билдиради""}",2,https://ptest.uz/images/52b5bd6c-7c98-46db-923a-0d370e5346c3.webp,18-BILET,300,,,,
Shlagbaumni o'zboshimchalik bilan ochish yoki aylanib o'tishga ruxsat beriladimi?,Шлагбаумни ўзбошимчалик билан очиш ёки айланиб ўтишга рухсат бериладими?,"{""Ruxsat beriladi, faqat svetofor o'chgan bo'lsa"",""Taqiqlanadi""}","{""Рухсат берилади, фақат светофор ўчган бўлса"",""Тақиқланади""}",1,https://postimg.cc/Dmfk0bYv,18-BILET,300,,,,
Haydovchilardan qay biri birinchi bo'lib harakatlanish uchun imtiyozga ega?,Ҳайдовчилардан қай бири биринчи бўлиб ҳаракатланиш учун имтиёзга ега?,"{""Motosikl haydovchisi"",""Avtomobil haydovchisi""}","{""Мотосикл ҳайдовчиси"",""Автомобил ҳайдовчиси""}",1,https://ptest.uz/images/b4c6b93b-cf2b-47da-9cec-8c3431944fb2.webp,18-BILET,300,,,,
Quyidagi holatda haydovchi piyodalarga yo'l berishi lozimmi?,Қуйидаги ҳолатда ҳайдовчи пиёдаларга ёл бериши лозимми?,"{""Ha"",""Yo'q""}","{""Ҳа"",""Ёқ""}",0,https://ptest.uz/images/bfbdbc49-dc72-44ed-be37-ac1fbc1114e3.webp,18-BILET,300,,,,
Har bir chiziq uzunligi ular orasidagi masofadan uch barobar katta bo'lgan uzuq-uzuq chiziq bildiradi?,Ҳар бир чизиқ узунлиги улар орасидаги масофадан уч баробар катта бўлган узуқ-узуқ чизиқ билдиради?,"{""Tezlanish yoki tormozlash bo'lagi bilan qatnov qismidagi asosiy bo'lak o'rtasidagi chegarani"",""Avtomagistrallarda qatnov qismining chetlarini"",""Ro'paradan kelayotgan yoki shu yo'nalishda harakatlanayotgan transport oqimini ajratib turgan sidirg'a chiziqqa yaqinlashganlikni""}","{""Тезланиш ёки тормозлаш бўлаги билан қатнов қисмидаги асосий бўлак ўртасидаги чегарани"",""Автомагистралларда қатнов қисмининг четларини"",""Рўпарадан келаётган ёки шу ёналишда ҳаракатланаётган транспорт оқимини ажратиб турган сидирға чизиққа яқинлашганликни""}",2,https://ptest.uz/images/73d6b087-5673-47aa-b6f8-ac0e01200424.webp,18-BILET,300,,,,
"Aholi yashaydigan joylarda ruxsat etilgan to'la vazni 3,5 tonnadan ziyod avtomobillarning harakatlanishiga qaysi bo'lakdan ruxsat etiladi?","Аҳоли яшайдиган жойларда рухсат етилган тўла вазни 3,5 тоннадан зиёд автомобилларнинг ҳаракатланишига қайси бўлакдан рухсат етилади?","{""Iloji boricha qatnov qismining o'ng chetiga yaqin bo'lakdan"",""Boshqa bo'laklarda qatnov ko'p bo'lganda istalgan bo'lakdan"",""Istalgan bo'lakdan, biroq agar relssiz transport vositalarining harakati uchun bir yo'nalishda uchta va undan ortiq bo'lak bo'lsa, u holda chetki chap bo'lakka faqat chapga burilish, orqaga qayrilish uchun o'tishga""}","{""Иложи борича қатнов қисмининг ўнг четига яқин бўлакдан"",""Бошқа бўлакларда қатнов кўп бўлганда исталган бўлакдан"",""Исталган бўлакдан, бироқ агар релссиз транспорт воситаларининг ҳаракати учун бир ёналишда учта ва ундан ортиқ бўлак бўлса, у ҳолда четки чап бўлакка фақат чапга бурилиш, орқага қайрилиш учун ўтишга""}",0,https://postimg.cc/Dmfk0bYv,18-BILET,300,,,,
"Agar barcha transport vositalari 80 km/soat tezlik bilan harakat qilsa, haydovchilardan qay biri qoidalarning talablarini buzadi?","Агар барча транспорт воситалари 80 км/соат тезлик билан ҳаракат қилса, ҳайдовчилардан қай бири қоидаларнинг талабларини бузади?","{""Motosikl va yuk avtomobilining haydovchilari"",""Motosikl va engil avtomobilning haydovchilari"",""Hamma haydovchilar"",""Motosikl haydovchisi"",""Hech kim buzmaydi""}","{""Мотосикл ва юк автомобилининг ҳайдовчилари"",""Мотосикл ва енгил автомобилнинг ҳайдовчилари"",""Ҳамма ҳайдовчилар"",""Мотосикл ҳайдовчиси"",""Ҳеч ким бузмайди""}",4,https://ptest.uz/images/990b7aee-bf94-4d01-bc5c-cb19c02f2347.webp,18-BILET,300,,,,
Bu yotiq chiziq bildiradi:,Бу ётиқ чизиқ билдиради:,"{""Ko'rsatilgan yo'nalishlarda harakatlanishni taqiqlaydi"",""Chorrahada bo'laklar bo'ylab ruxsat etilgan harakat yo'nalishlarini ko'rsatadi"",""Harakat barcha yo'nalishlarda ruxsat etilgan yo'llarning kesishmasiga yaqinlashganini""}","{""Кўрсатилган ёналишларда ҳаракатланишни тақиқлайди"",""Чорраҳада бўлаклар бўйлаб рухсат етилган ҳаракат ёналишларини кўрсатади"",""Ҳаракат барча ёналишларда рухсат етилган ёлларнинг кесишмасига яқинлашганини""}",1,https://ptest.uz/images/b8d3f644-929b-4a01-be7a-57e5aff22df8.webp,19-BILET,300,,,,
Qaysi hollarda avtomobillar shunday taniqlik belgilari bilan belgilanadi?,Қайси ҳолларда автомобиллар шундай таниқлик белгилари билан белгиланади?,"{""Xavfli yuklar tashiyotgan"",""Nogironlar boshqarayotgan"",""Kar-soqov yoki kar haydovchilar boshqarayotganda"",""Ikki yilgacha haydovchilik ish davriga ega bo'lgan haydovchilar boshqarayotgan""}","{""Хавфли юклар ташиётган"",""Ногиронлар бошқараётган"",""Кар-соқов ёки кар ҳайдовчилар бошқараётганда"",""Икки йилгача ҳайдовчилик иш даврига ега бўлган ҳайдовчилар бошқараётган""}",2,https://ptest.uz/images/1e434b05-c001-49be-aa88-318d7df356c7.webp,19-BILET,300,,,,
Serqatnov harakatda transport vositasini keskin tormozlash:,Серқатнов ҳаракатда транспорт воситасини кескин тормозлаш:,"{""Orqadan kelayotganlarning urib ketishini keltirib chiqarishi mumkin"",""Avtomobilning faqat texnik holatida ko'rinadi"",""Serqatnov harakatda boshqarishning odatdagi usuli hisoblanadi""}","{""Орқадан келаётганларнинг уриб кетишини келтириб чиқариши мумкин"",""Автомобилнинг фақат техник ҳолатида кўринади"",""Серқатнов ҳаракатда бошқаришнинг одатдаги усули ҳисобланади""}",0,https://postimg.cc/Dmfk0bYv,19-BILET,300,,,,
Shunday yo'l belgisi bilan belgilangan yo'l qismlarida shaharlararo bo'lmagan avtobuslarning qanday yuqori tezlik bilan harakatlanishiga ruxsat etiladi?,Шундай ёл белгиси билан белгиланган ёл қисмларида шаҳарлараро бўлмаган автобусларнинг қандай юқори тезлик билан ҳаракатланишига рухсат етилади?,"{""50 km/s"",""60 km/s"",""70 km/s"",""80 km/s"",""90 km/s""}","{""50 км/с"",""60 км/с"",""70 км/с"",""80 км/с"",""90 км/с""}",3,https://postimg.cc/Dmfk0bYv,19-BILET,300,,,,
Qatnov qismi tomonidan yo'lovchilarning tushishi va chiqishiga qaysi hollarda ruxsat etiladi?,Қатнов қисми томонидан ёловчиларнинг тушиши ва чиқишига қайси ҳолларда рухсат етилади?,"{""Transport vositasi majburiy to'xtaganda"",""Haydovchining xohishiga ko'ra shu shart bilanki, bu xavf-xatardan holi bo'lsa va boshqa harakat qatnashchilariga halaqit bermasa"",""Trotuar tomondan yoki yo'l yoqasidan iloji bo'lmasa shu shart bilanki bu hol xavf-xatarsiz bo'lsa va boshqa harakat qatnashchilariga halaqit bermasa""}","{""Транспорт воситаси мажбурий тўхтаганда"",""Ҳайдовчининг хоҳишига кўра шу шарт биланки, бу хавф-хатардан ҳоли бўлса ва бошқа ҳаракат қатнашчиларига ҳалақит бермаса"",""Тротуар томондан ёки ёл ёқасидан иложи бўлмаса шу шарт биланки бу ҳол хавф-хатарсиз бўлса ва бошқа ҳаракат қатнашчиларига ҳалақит бермаса""}",2,https://postimg.cc/Dmfk0bYv,19-BILET,300,,,,
Sirpanchiq yo'lda harakatlanayotganda karbyuratorning drossel zaslonkasini birdaniga ochish xavfi nimadan iborat?,Сирпанчиқ ёлда ҳаракатланаётганда карбюраторнинг дроссел заслонкасини бирданига очиш хавфи нимадан иборат?,"{""Yurgizgich o'chib qoladi"",""Yonilg'i sarfi ancha ortadi"",""Avtomobilning yonga sirpanishi vujudga kelishi mumkin"",""Yurgizgich tirsakli val aylanishining yuqori chastotasini oshiradi""}","{""Юргизгич ўчиб қолади"",""Ёнилғи сарфи анча ортади"",""Автомобилнинг ёнга сирпаниши вужудга келиши мумкин"",""Юргизгич тирсакли вал айланишининг юқори частотасини оширади""}",2,https://postimg.cc/Dmfk0bYv,19-BILET,300,,,,
"Transport vositalariga sidirg'a oq chiziq bilan ajratilgan va ""Belgilangan yo'nalishdagi transport vositalari uchun mo'ljallangan bo'lak"" yo'l belgisi bilan belgilangan yo'lning o'ng bo'lagida to'xtab turishga ruxsat etiladimi?","Транспорт воситаларига сидирға оқ чизиқ билан ажратилган ва ""Белгиланган ёналишдаги транспорт воситалари учун мўлжалланган бўлак"" ёл белгиси билан белгиланган ёлнинг ўнг бўлагида тўхтаб туришга рухсат етиладими?","{""Agar to'xtab turishni taqiqlovchi belgi bo'lmasa, ruxsat etiladi"",""Taqiqlanadi"",""Faqat shu hududdagi korxonaga xizmat qiladigan yoki yaqin o'rtadagi uylarda yashaydigan fuqarolarga qarashli avtomobillarga ruxsat etiladi""}","{""Агар тўхтаб туришни тақиқловчи белги бўлмаса, рухсат етилади"",""Тақиқланади"",""Фақат шу ҳудуддаги корхонага хизмат қиладиган ёки яқин ўртадаги уйларда яшайдиган фуқароларга қарашли автомобилларга рухсат етилади""}",1,https://postimg.cc/Dmfk0bYv,19-BILET,300,,,,
Bu belgi o'rnatilgan yo'lda kajavali motosiklni shatakka olishga ruxsat etiladimi?,Бу белги ўрнатилган ёлда кажавали мотосиклни шатакка олишга рухсат етиладими?,"{""Tirkamasi bittadan ortiq bo'lmagan motosiklga ruxsat etiladi"",""Faqat qattiq tirkagichda ruxsat etiladi"",""Taqiqlanadi"",""Sirpanchiqda taqiqlanadi""}","{""Тиркамаси биттадан ортиқ бўлмаган мотосиклга рухсат етилади"",""Фақат қаттиқ тиркагичда рухсат етилади"",""Тақиқланади"",""Сирпанчиқда тақиқланади""}",2,https://ptest.uz/images/07ef738c-17d0-4029-8533-086f95cdf66f.webp,19-BILET,300,,,,
Yuk avtomobilining qaysi yo'nalishda harakatlanishiga ruxsat etiladi?,Юк автомобилининг қайси ёналишда ҳаракатланишига рухсат етилади?,"{""Faqat o'ngga"",""O'ngga, chapga va qayrilib olishga"",""Faqat chapga""}","{""Фақат ўнгга"",""Ўнгга, чапга ва қайрилиб олишга"",""Фақат чапга""}",1,https://ptest.uz/images/fe71487f-6117-4ade-9926-4b1030fa16e9.webp,19-BILET,300,,,,
Tramvay haydovchisi harakatlanayotganida svetoforning ushbu ishorasiga muvofiq boshqa yo'nalishlardan harakatlanayotgan transport vositalariga yo'l berishi kerakmi?,Трамвай ҳайдовчиси ҳаракатланаётганида светофорнинг ушбу ишорасига мувофиқ бошқа ёналишлардан ҳаракатланаётган транспорт воситаларига ёл бериши керакми?,"{""Kerak"",""Kerak emas""}","{""Керак"",""Керак емас""}",0,https://ptest.uz/images/17e72673-ca5b-49a9-9e73-e9c1c3bb04e9.webp,19-BILET,300,,,,
Transport vositalari chorrahani quyidagi tartibda kesib o'tadilar:,Транспорт воситалари чорраҳани қуйидаги тартибда кесиб ўтадилар:,"{""Engil avtomobil, avtobus, velosiped"",""Avtobus, velosiped, engil avtomobil"",""Avtobus, engil avtomobil, velosiped"",""Velosiped, avtobus, engil avtomobil""}","{""Енгил автомобил, автобус, велосипед"",""Автобус, велосипед, енгил автомобил"",""Автобус, енгил автомобил, велосипед"",""Велосипед, автобус, енгил автомобил""}",3,https://ptest.uz/images/fa0c7b5c-2775-47b8-9fb9-789242744b4c.webp,19-BILET,300,,,,
"Qanday holatlarda tashilayotgan yuk ishora taxtachalari yoki bayroqchalar bilan, kunning qorong'i vaqtida, etarli ko'rinmaydigan sharoitlarda esa yorug'lik qaytargich yoki chiroqlar bilan belgilanadi?","Қандай ҳолатларда ташилаётган юк ишора тахтачалари ёки байроқчалар билан, куннинг қоронги вақтида, етарли кўринмайдиган шароитларда еса ёруғлик қайтаргич ёки чироқлар билан белгиланади?","{""Yuk transport vositasining o'lchamidan oldinda yoki orqada 1 m dan ko'p chiqib qolganda"",""Yuk transport vositasining o'lchamidan orqada 0,8 m chiqib qolganda""}","{""Юк транспорт воситасининг ўлчамидан олдинда ёки орқада 1 м дан кўп чиқиб қолганда"",""Юк транспорт воситасининг ўлчамидан орқада 0,8 м чиқиб қолганда""}",0,https://postimg.cc/Dmfk0bYv,19-BILET,300,,,,
Bunday yo'l belgisi o'rnatilgan yo'l qismlarida motosikllarga qanday yuqori tezlik bilan harakatlanishga ruxsat etiladi?,Бундай ёл белгиси ўрнатилган ёл қисмларида мотосиклларга қандай юқори тезлик билан ҳаракатланишга рухсат етилади?,"{""60 km/s"",""70 km/s"",""80 km/s"",""90 km/s"",""100 km/s""}","{""60 км/с"",""70 км/с"",""80 км/с"",""90 км/с"",""100 км/с""}",2,https://ptest.uz/images/66e88d8b-5de3-40e6-a1da-f8d2cbea40d9.webp,19-BILET,300,,,,
Qaysi transport vositalarining haydovchilari to'xtab turish qoidasini buzdilar?,Қайси транспорт воситаларининг ҳайдовчилари тўхтаб туриш қоидасини буздилар?,"{""Engil avtomobilining haydovchisi"",""Yuk avtomobilining haydovchisi"",""Har ikki haydovchi""}","{""Енгил автомобилининг ҳайдовчиси"",""Юк автомобилининг ҳайдовчиси"",""Ҳар икки ҳайдовчи""}",2,https://ptest.uz/images/73f3d91f-25a1-464e-8f64-02dbfa1342a3.webp,19-BILET,300,,,,
Temir yo'l kesishmasi oldida to'xtagandan keyin harakatni boshlashdan oldin haydovchi:,Темир ёл кесишмаси олдида тўхтагандан кейин ҳаракатни бошлашдан олдин ҳайдовчи:,"{""Harakat xavfsizligini taminlovchi tezlik bilan kesishma orqali harakatni boshlashi kerak"",""Birinchi uzatmada kesishmadan o'tishi kerak"",""Yaqinlashib kelayotgan poezdning yo'qligiga ishonch hosil qilishi kerak""}","{""Ҳаракат хавфсизлигини таминловчи тезлик билан кесишма орқали ҳаракатни бошлаши керак"",""Биринчи узатмада кесишмадан ўтиши керак"",""Яқинлашиб келаётган поезднинг ёқлигига ишонч ҳосил қилиши керак""}",2,https://postimg.cc/Dmfk0bYv,19-BILET,300,,,,
Rasmda ko'rsatilgan holatda qizil avtomobilning haydovchisi qanday yo'l tutishi kerak?,Расмда кўрсатилган ҳолатда қизил автомобилнинг ҳайдовчиси қандай ёл тутиши керак?,"{""Svetoforning ruxsat ishorasini kutishi va to'g'riga o'tishi"",""O'ngga burilish ishorasini yoqishi va o'ngga burilishi"",""Chapga burilish ishorasini yoqishi va o'ng qatorni bo'shatishi""}","{""Светофорнинг рухсат ишорасини кутиши ва тўғрига ўтиши"",""Ўнгга бурилиш ишорасини ёқиши ва ўнгга бурилиши"",""Чапга бурилиш ишорасини ёқиши ва ўнг қаторни бўшатиши""}",1,https://ptest.uz/images/2df6083e-1983-410a-8a60-bea3f0f17755.webp,19-BILET,300,,,,
Qaysi transport vositasining haydovchisi yo'l berishi kerak?,Қайси транспорт воситасининг ҳайдовчиси ёл бериши керак?,"{""Tramvay haydovchisi"",""Yuk avtomobilining haydovchisi"",""Har ikki avtomobilning haydovchisi""}","{""Трамвай ҳайдовчиси"",""Юк автомобилининг ҳайдовчиси"",""Ҳар икки автомобилнинг ҳайдовчиси""}",2,https://ptest.uz/images/d49eb97b-9f5c-40f3-b42f-35aa56bd1779.webp,19-BILET,300,,,,
Qaysi joylarda orqa bilan harakatlanish taqiqlanadi?,Қайси жойларда орқа билан ҳаракатланиш тақиқланади?,"{""Chorrahalarda, piyodalar o'tish joylarida"",""Ko'priklarda, osma yo'llarda, estakadalarda va ularning ostida"",""Avtomagistrallarda"",""Sanab o'tilgan barcha joylarda""}","{""Чорраҳаларда, пиёдалар ўтиш жойларида"",""Кўприкларда, осма ёлларда, естакадаларда ва уларнинг остида"",""Автомагистралларда"",""Санаб ўтилган барча жойларда""}",3,https://postimg.cc/Dmfk0bYv,19-BILET,300,,,,
Bu yotiq chiziq nimani bildiradi?,Бу ётиқ чизиқ нимани билдиради?,"{""Mazkur yo'nalishda harakatlanish bo'lagi soni kamaya borib, qatnov qismining torayishini"",""Kesib o'tiladigan yo'l bo'ylab harakatlanayotgan transport vositasiga yo'l berar ekan, haydovchi zarur holda qaerda to'xtashi kerak bo'lgan joyni"",""To'xtash taqiqlangan joyga yaqinlashilganini""}","{""Мазкур ёналишда ҳаракатланиш бўлаги сони камая бориб, қатнов қисмининг торайишини"",""Кесиб ўтиладиган ёл бўйлаб ҳаракатланаётган транспорт воситасига ёл берар екан, ҳайдовчи зарур ҳолда қаерда тўхташи керак бўлган жойни"",""Тўхташ тақиқланган жойга яқинлашилганини""}",1,https://ptest.uz/images/2c86a61c-23a3-4177-b1c0-a7426417cc8b.webp,19-BILET,300,,,,
"""Avtomagistral"" belgisi bilan belgilangan yo'lda piyodalarning harakatlanishiga ruxsat etiladimi?","""Автомагистрал"" белгиси билан белгиланган ёлда пиёдаларнинг ҳаракатланишига рухсат етиладими?","{""Taqiqlanadi"",""Transport vositalarining harakatlanishiga qarama-qarshi faqat aholi yashaydigan joylardan tashqarida yurishga ruxsat etiladi"",""Transport vositalarining harakatlanishi bo'ylab faqat aholi yashaydigan joylardan tashqarida yurishga ruxsat etiladi""}","{""Тақиқланади"",""Транспорт воситаларининг ҳаракатланишига қарама-қарши фақат аҳоли яшайдиган жойлардан ташқарида юришга рухсат етилади"",""Транспорт воситаларининг ҳаракатланиши бўйлаб фақат аҳоли яшайдиган жойлардан ташқарида юришга рухсат етилади""}",0,https://postimg.cc/Dmfk0bYv,19-BILET,300,,,,
Bu yotiq chiziq bildiradi:,Бу ётиқ чизиқ билдиради:,"{""Ko'rsatilgan yo'nalishlarda harakatlanishni taqiqlaydi"",""Chorrahada bo'laklar bo'ylab ruxsat etilgan harakat yo'nalishlarini ko'rsatadi"",""Harakat barcha yo'nalishlarda ruxsat etilgan yo'llarning kesishmasiga yaqinlashganini""}","{""Кўрсатилган ёналишларда ҳаракатланишни тақиқлайди"",""Чорраҳада бўлаклар бўйлаб рухсат етилган ҳаракат ёналишларини кўрсатади"",""Ҳаракат барча ёналишларда рухсат етилган ёлларнинг кесишмасига яқинлашганини""}",1,https://ptest.uz/images/b8d3f644-929b-4a01-be7a-57e5aff22df8.webp,19-BILET,300,,,,
Svetoforning bu ishorasida qaysi transport vositasining harakatlanishiga ruxsat etilgan?,Светофорнинг бу ишорасида қайси транспорт воситасининг ҳаракатланишига рухсат етилган?,"{""Tramvay, sariq va qizil avtomobilga"",""Sariq va qizil avtomobillarga"",""Barcha transport vositalariga""}","{""Трамвай, сариқ ва қизил автомобилга"",""Сариқ ва қизил автомобилларга"",""Барча транспорт воситаларига""}",1,https://ptest.uz/images/0917c503-e87d-4cd5-ab6f-0c6b87dcabbe.webp,20-BILET,300,,,,
Qaysi belgi ro'paradan harakatlanayotgan transport vositalariga yo'l berishni talab qiladi?,Қайси белги рўпарадан ҳаракатланаётган транспорт воситаларига ёл беришни талаб қилади?,"{""1"",""2"",""3"",""4"",""5""}","{""1"",""2"",""3"",""4"",""5""}",1,https://ptest.uz/images/39d7835c-ea97-4cc0-823c-b924a1e5bd6a.webp,20-BILET,300,,,,
Qizil avtomobil chorrahani nechanchi bo'lib kesib o'tadi?,Қизил автомобил чорраҳани нечанчи бўлиб кесиб ўтади?,"{""Birinchi bo'lib"",""Ikkinchi bo'lib"",""Uchinchi bo'lib"",""Oxirgi bo'lib""}","{""Биринчи бўлиб"",""Иккинчи бўлиб"",""Учинчи бўлиб"",""Охирги бўлиб""}",3,https://ptest.uz/images/124bc0c4-df43-468d-8b60-bd45f0fb59be.webp,20-BILET,300,,,,
Transport vositasi ushbu taniqlik belgisi bilan belgilanadi:,Транспорт воситаси ушбу таниқлик белгиси билан белгиланади:,"{""Nogiron boshqarayotgan"",""Og'ir vaznli va yirik o'lchamda"",""Xavfli yuklar tashiyotgan"",""Kar-soqov yoki kar haydovchilar boshqarayotgan""}","{""Ногирон бошқараётган"",""Оғир вазнли ва йирик ўлчамда"",""Хавфли юклар ташиётган"",""Кар-соқов ёки кар ҳайдовчилар бошқараётган""}",2,https://ptest.uz/images/f6e60897-7952-4a85-8149-c2c9562e351e.webp,20-BILET,300,,,,
Ko'rsatilgan vaziyatda haydovchi qanday yo'l tutishi kerak?,Кўрсатилган вазиятда ҳайдовчи қандай ёл тутиши керак?,"{""Piyodalarga mazkur yo'nalishning qatnov qismidan butunlay o'tib olishlariga imkon berishi"",""Yo'l-transport falokati oldini olish uchun tovush ishora berishi va asosiy yo'lda bo'lgani sababli piyodalarga yo'l bermay o'tish joyidan o'tishi""}","{""Пиёдаларга мазкур ёналишнинг қатнов қисмидан бутунлай ўтиб олишларига имкон бериши"",""Ёл-транспорт фалокати олдини олиш учун товуш ишора бериши ва асосий ёлда бўлгани сабабли пиёдаларга ёл бермай ўтиш жойидан ўтиши""}",0,https://ptest.uz/images/1842f4c7-c855-4730-9127-45c7a5423a9a.webp,20-BILET,300,,,,
Transport vositalari ushbu taniqli belgilari bilan belgilanadi:,Транспорт воситалари ушбу таниқли белгилари билан белгиланади:,"{""Kar yoki kar-soqov haydovchilar boshqarayotgan"",""Nogiron boshqarayotgan"",""Xavfli yuklar tashiyotgan""}","{""Кар ёки кар-соқов ҳайдовчилар бошқараётган"",""Ногирон бошқараётган"",""Хавфли юклар ташиётган""}",1,https://ptest.uz/images/032cd6c0-d283-40c6-8d36-363e0293fffc.webp,20-BILET,300,,,,
Qaysi transport vositasining haydovchisi to'xtab turish qoidasini buzdi?,Қайси транспорт воситасининг ҳайдовчиси тўхтаб туриш қоидасини бузди?,"{""Ko'k avtomobilning haydovchisi"",""Qizil avtomobilning haydovchisi"",""Har ikki haydovchi buzdi"",""Har ikki haydovchi ham buzmadi""}","{""Кўк автомобилнинг ҳайдовчиси"",""Қизил автомобилнинг ҳайдовчиси"",""Ҳар икки ҳайдовчи бузди"",""Ҳар икки ҳайдовчи ҳам бузмади""}",2,https://ptest.uz/images/7a8b419a-db16-4b5c-b836-e8607c866c1c.webp,20-BILET,300,,,,
Ko'k avtomobil chorrahani nechanchi bo'lib kesib o'tadi?,Кўк автомобил чорраҳани нечанчи бўлиб кесиб ўтади?,"{""Birinchi bo'lib"",""Ikkinchi bo'lib"",""Uchinchi bo'lib"",""Oxirgi bo'lib""}","{""Биринчи бўлиб"",""Иккинчи бўлиб"",""Учинчи бўлиб"",""Охирги бўлиб""}",3,https://ptest.uz/images/5cece36a-0f5a-4535-958e-81e1a9ad0ad9.webp,20-BILET,300,,,,
Qaysi transport vositasining haydovchisi birinchi bo'lib harakatlanish huquqiga ega?,Қайси транспорт воситасининг ҳайдовчиси биринчи бўлиб ҳаракатланиш ҳуқуқига ега?,"{""Avtomobil haydovchisi"",""Velosiped haydovchisi""}","{""Автомобил ҳайдовчиси"",""Велосипед ҳайдовчиси""}",1,https://ptest.uz/images/34b9101f-0e1f-4a1a-80da-7c419c0e48e2.webp,20-BILET,300,,,,
Yotiq chiziqlarning sidirg'a chizig'ini bosib o'tishga ruxsat etiladimi?,Ётиқ чизиқларнинг сидирға чизиғини босиб ўтишга рухсат етиладими?,"{""Agar u haydovchining o'ng tomonida bo'lsa ruxsat etiladi"",""Faqat shunday holda ruxsat etiladiki, agar chiziq yo'l qatnov qismining chetlarini bildirsa"",""Chiziq bir yo'nalishdagi harakat bo'laklarining chegarasini bildirganda faqat manyovr qilishda ruxsat etiladi""}","{""Агар у ҳайдовчининг ўнг томонида бўлса рухсат етилади"",""Фақат шундай ҳолда рухсат етиладики, агар чизиқ ёл қатнов қисмининг четларини билдирса"",""Чизиқ бир ёналишдаги ҳаракат бўлакларининг чегарасини билдирганда фақат манёвр қилишда рухсат етилади""}",1,https://postimg.cc/Dmfk0bYv,20-BILET,300,,,,
Reversiv svetoforlar bo'lmaganda yoki ular o'chirib qo'yilganda ikkitali uzuq-uzuq chiziqni kesib o'tishga ruxsat etiladimi?,Реверсив светофорлар бўлмаганда ёки улар ўчириб қўйилганда иккитали узуқ-узуқ чизиқни кесиб ўтишга рухсат етиладими?,"{""Agar u haydovchining chap tomonida bo'lsa ruxsat etiladi"",""Agar u haydovchining o'ng tomonida bo'lsa ruxsat etiladi"",""Istalgan tomondan ruxsat etiladi"",""Taqiqlanadi""}","{""Агар у ҳайдовчининг чап томонида бўлса рухсат етилади"",""Агар у ҳайдовчининг ўнг томонида бўлса рухсат етилади"",""Исталган томондан рухсат етилади"",""Тақиқланади""}",1,https://ptest.uz/images/daad280a-7b5f-4acf-8c54-6ac13280b0fe.webp,20-BILET,300,,,,
Ko'rsatilgan vaziyatda engil avtomobilning haydovchisi qanday yo'l tutishi kerak?,Кўрсатилган вазиятда енгил автомобилнинг ҳайдовчиси қандай ёл тутиши керак?,"{""Transport vositalariga to'sqinlik qilmasligi uchun burilishni tezroq tugallashi"",""Hovlidan chiqishda piyodani va transport vositalarini o'tkazib yuborishi"",""Transport vositalariga yo'l berish, qatnov qismi chetida to'xtashi""}","{""Транспорт воситаларига тўсқинлик қилмаслиги учун бурилишни тезроқ тугаллаши"",""Ҳовлидан чиқишда пиёдани ва транспорт воситаларини ўтказиб юбориши"",""Транспорт воситаларига ёл бериш, қатнов қисми четида тўхташи""}",1,https://ptest.uz/images/16bb36a8-fff5-4f99-bd39-40bb5acbd5c3.webp,20-BILET,300,,,,
"Chuqur kechuvdan o'tgach, haydovchi nima qilishi shart?","Чуқур кечувдан ўтгач, ҳайдовчи нима қилиши шарт?","{""Tezlanish bilan yuqoriroq uzatmalarda harakatlanishga"",""Qisqa masofa oralig'ida tormoz tepkisini bir necha bor bosib tormoz mexanizmi friksion ustqoplamalarini quritishi""}","{""Тезланиш билан юқорироқ узатмаларда ҳаракатланишга"",""Қисқа масофа оралиғида тормоз тепкисини бир неча бор босиб тормоз механизми фриксион устқопламаларини қуритиши""}",1,https://postimg.cc/Dmfk0bYv,20-BILET,300,,,,
Ushbu belgi sanab o'tilgan yuk avtomobillarining qaysilariga harakatni davom ettirishni taqiqlamaydi?,Ушбу белги санаб ўтилган юк автомобилларининг қайсиларига ҳаракатни давом еттиришни тақиқламайди?,"{""Yuk ko'tarish 3,5 t dan ortiq bo'lgan avtomobillarga"",""Ruxsat etilgan to'la vazni 3,5 t dan ortiq bo'lgan avtomobillarga"",""Xavfli yuk tashiyotgan avtomobillarga"",""Yukxonasiga qiya oq chiziq tortilgan yuk avtomobillariga""}","{""Юк кўтариш 3,5 т дан ортиқ бўлган автомобилларга"",""Рухсат етилган тўла вазни 3,5 т дан ортиқ бўлган автомобилларга"",""Хавфли юк ташиётган автомобилларга"",""Юкхонасига қия оқ чизиқ тортилган юк автомобилларига""}",3,https://ptest.uz/images/a2a6ebcc-7cff-4155-9854-6475fbf65d78.webp,20-BILET,300,,,,
"Agar piyodalar o'tish joyida tirbandlik vujudga kelib, haydovchini piyodalar o'tish joyida to'xtashga majbur qilsa, haydovchi majbur:","Агар пиёдалар ўтиш жойида тирбандлик вужудга келиб, ҳайдовчини пиёдалар ўтиш жойида тўхташга мажбур қилса, ҳайдовчи мажбур:","{""To'xtashga va piyodalar o'tish joyiga o'tmaslikka, chunki bu piyodalarning harakati uchun to'sqinlik qiladi"",""Piyodalar o'tish joyi oldidan 15 m. berida to'xtashga"",""Oldinda turgan transport vositasidan zarur masofa saqlangan holda piyodalar o'tish joyida to'xtashga"",""Piyodalar o'tish joyi oldidan 5 m. berida to'xtashga""}","{""Тўхташга ва пиёдалар ўтиш жойига ўтмасликка, чунки бу пиёдаларнинг ҳаракати учун тўсқинлик қилади"",""Пиёдалар ўтиш жойи олдидан 15 м. берида тўхташга"",""Олдинда турган транспорт воситасидан зарур масофа сақланган ҳолда пиёдалар ўтиш жойида тўхташга"",""Пиёдалар ўтиш жойи олдидан 5 м. берида тўхташга""}",0,https://postimg.cc/Dmfk0bYv,20-BILET,300,,,,
Aholi punktlarida avtobus yoki trolleybus haydovchisi harakatni bekatdan boshlaydi. U:,Аҳоли пунктларида автобус ёки троллейбус ҳайдовчиси ҳаракатни бекатдан бошлайди. У:,"{""Uni aylanib o'tayotgan transport vositasiga yo'l berishi kerak"",""Imtiyozidan fo ydalanib, belgilangan yo'nalishda harakatni boshlashi kerak"",""Unga yo'l berilganligiga ishonch hosil qilgach harakatni boshlashi kerak""}","{""Уни айланиб ўтаётган транспорт воситасига ёл бериши керак"",""Имтиёзидан фо йдаланиб, белгиланган ёналишда ҳаракатни бошлаши керак"",""Унга ёл берилганлигига ишонч ҳосил қилгач ҳаракатни бошлаши керак""}",2,https://postimg.cc/Dmfk0bYv,20-BILET,300,,,,
Navbatchining haydovchiga qaratilgan qaysi holati temir yo'l kesishmasi orqali harakatlanishni taqiqlovchi ishora hisoblanadi?,Навбатчининг ҳайдовчига қаратилган қайси ҳолати темир ёл кесишмаси орқали ҳаракатланишни тақиқловчи ишора ҳисобланади?,"{""Haydovchiga chap yoki o'ng elkasini o'girib, tayoqchani (qizil bayroqni) boshidan yuqori ko'tarib turish"",""Ko'kragini yoki orqasini o'girib, tayoqchani (qizil bayroqni) boshidan yuqori ko'tarib turishi yoki qo'llarini yoniga uzatib turishi"",""Istalgan elkasi yoki ko'kragini o'girib, tayoqchani (qizil bayroqni) boshidan yuqori ko'tarib turishi""}","{""Ҳайдовчига чап ёки ўнг елкасини ўгириб, таёқчани (қизил байроқни) бошидан юқори кўтариб туриш"",""Кўкрагини ёки орқасини ўгириб, таёқчани (қизил байроқни) бошидан юқори кўтариб туриши ёки қўлларини ёнига узатиб туриши"",""Исталган елкаси ёки кўкрагини ўгириб, таёқчани (қизил байроқни) бошидан юқори кўтариб туриши""}",1,https://postimg.cc/Dmfk0bYv,20-BILET,300,,,,
Bu joyda quvib o'tishga ruxsat etiladimi?,Бу жойда қувиб ўтишга рухсат етиладими?,"{""Ruxsat etiladi"",""Taqiqlanadi"",""Aholi punktlaridan tashqaridagi yo'llarda ruxsat etiladi"",""Faqat aholi punktlaridan tashqaridagi yo'llarda taqiqlanadi""}","{""Рухсат етилади"",""Тақиқланади"",""Аҳоли пунктларидан ташқаридаги ёлларда рухсат етилади"",""Фақат аҳоли пунктларидан ташқаридаги ёлларда тақиқланади""}",1,https://ptest.uz/images/f33f0e6b-5d70-4d44-95d8-63ebdc150d36.webp,20-BILET,300,,,,
Sirpanchiq yo'lda tormozlardan qanday foydalanish kerak?,Сирпанчиқ ёлда тормозлардан қандай фойдаланиш керак?,"{""Ulagichni ajratmay turib sekin tormoz berishi va boshqaruv rulining keskin burilishiga yo'l qo'ymasligi"",""Ulagichni ajratish va sekin tormoz berishi"",""Tormoz tepkisini uzuq-uzuq bosish bilan keskin tormoz berishi""}","{""Улагични ажратмай туриб секин тормоз бериши ва бошқарув рулининг кескин бурилишига ёл қўймаслиги"",""Улагични ажратиш ва секин тормоз бериши"",""Тормоз тепкисини узуқ-узуқ босиш билан кескин тормоз бериши""}",0,https://postimg.cc/Dmfk0bYv,20-BILET,300,,,,
Piyodalar o'tish joyidan tashqarida yulning qatnov qismidan ajratuvchi bo'lak bo'lganda piyodalarning o'tishlariga ruxsat etiladimi?,Пиёдалар ўтиш жойидан ташқарида юлнинг қатнов қисмидан ажратувчи бўлак бўлганда пиёдаларнинг ўтишларига рухсат етиладими?,"{""Yo'lning har ikki tomoni ko'rinadigan joylarda ruxsat etiladi"",""Faqat aholi punktlaridan tashqarida ruxsat etiladi"",""Faqat aholi pu nktlarida ruxsat etiladi"",""Taqiqlanadi""}","{""Ёлнинг ҳар икки томони кўринадиган жойларда рухсат етилади"",""Фақат аҳоли пунктларидан ташқарида рухсат етилади"",""Фақат аҳоли пу нктларида рухсат етилади"",""Тақиқланади""}",3,https://postimg.cc/Dmfk0bYv,20-BILET,300,,,,
Svetoforning bu ishorasida qaysi transport vositasining harakatlanishiga ruxsat etilgan?,Светофорнинг бу ишорасида қайси транспорт воситасининг ҳаракатланишига рухсат етилган?,"{""Tramvay, sariq va qizil avtomobilga"",""Sariq va qizil avtomobillarga"",""Barcha transport vositalariga""}","{""Трамвай, сариқ ва қизил автомобилга"",""Сариқ ва қизил автомобилларга"",""Барча транспорт воситаларига""}",1,https://ptest.uz/images/0917c503-e87d-4cd5-ab6f-0c6b87dcabbe.webp,20-BILET,300,,,,
