numeration,question,answers,correct_answer,image_url,time_limit,audio_url,explanation_text
question_351,"Qatnav qismi chetidagi piyoda, yalt-yalt etuvchi mayoqcha va maxsus tovushli ishoralarni yoqib kelayotgan transport vositasi yaqinlashib qolganda qanday yol tutishi kerak?","{""Mumkin qadar tezroq qatnov qismidan o'tib olishi"",""Qatnov qismidan o'tmasligi"",""Agar piyodalar o'tish joyida bolsa, qatnov qismidan o'tishi""}",1,https://postimg.cc/Dmfk0bYv,300,,"YHQ 4-bobi 21-bandiga asosan: Yalt-yalt etuvchi ko'k rangli yoki ko'k va qizil rangli chiroq-mayoqchasi va maxsus tovushli ishorasi yoqilgan transport vositalari yaqinlashib kelayotgan bo'lsa, piyodalar qatnov qismidan o'tmasliklari, unda harakatlanayotganlari esa, bu transport vositalariga yol berishlari va zudlik bilan qatnov qismini bo'shatishlari kerak."
question_352,Belgilarning qaysi biri ogohlantiruvchi belgilar bilan qayd etilgan xavfli yol qismining uzunligini ko'rsatadi?,"{""1"",""2"",""3"",""4"",""5""}",3,https://lgacbbewpuzeyxijzfii.supabase.co/storage/v1/object/public/test-images/question-352.jpg,300,,YHQ 1-ilovasi 7-bo'limining beshinchi xatboshisiga asosan: 7.2.1. «Ta'sir oralig'i». Ogohlantiruvchi belgilar bilan belgilangan xavfli joyning uzunligini yoki taqiqlovchi va axborot-ko'rsatkich belgilarining ta'sir oralig'ini ko'rsatadi.
question_353,Ushbu yol chizig'i quyidagi maqsadni:,"{""Trotuar yaqinidagi to'xtab turish joyida mexanik transport vositalarining qoyish usullari korsatilgan to'xtab turish joyini bildiradi"",""Mexanik transport vositalarining to'xtashi taqiqlangan joylarni bildiradi"",""Belgilangan yonalishdagi transport vositalarining to'xtash va taksining to'xtab turish joyini bildiradi""}",2,https://lgacbbewpuzeyxijzfii.supabase.co/storage/v1/object/public/test-images/question-353.jpg,300,,YHQ 2-ilovasi 1-bo limining yigirma birinchi xatboshisiga asosan: 1.17 - yo'nalishli transport vositalarining bekatlari hamda taksilarning to'xtab turish joylarini bildiradi.
question_354,Haydovchilardan qay biri birinchi bolib harakatlanish uchun imtiyozga ega?,"{""Mototsikl haydovchisi"",""Avtomobil haydovchisi""}",1,https://lgacbbewpuzeyxijzfii.supabase.co/storage/v1/object/public/test-images/question-354.jpg,300,,YHQ 16-bobi 105-bandiga asosan: Teng ahamiyatga ega bolgan yollar kesishgan chorrahada relssiz transport vositasining haydovchisi o'ngdan kelayotgan transport vositalariga yo'l berishi shart.
question_355,Navbat bilan yalt-yalt etib turuvchi ikkita qizil yoritgichlar quyidagi ma'noga ega:,"{""Harakatni taqiqlaydi"",""Boshqa haydovchilarga qatnov qismiga maxsus transport vositalarining o'tganligini xabar qiladi"",""Alohida ehtiyotkorlik bilan harakatlanishga ruxsat etadi""}",0,https://lgacbbewpuzeyxijzfii.supabase.co/storage/v1/object/public/test-images/question-355.jpg,300,,"YHQ 7-bobining 31-bandi 6-xatboshiga va 37- bandiga asosan, qizil chiroq, shu jumladan, miltillovchi qizil chiroq harakatni taqiqlaydi; temir yo'l kesishmalarida svetoforning miltillovchi qizil ishorasi bilan bir vaqtda piyodalarning kesishma orqali harakatlanishi taqiqlanganligi to'g'risida xabar beruvchi tovushli ishora ham berilishi mumkin."
question_356,Shlagbaumni o'zboshimchalik bilan ochish yoki aylanib o'tishga ruxsat beriladimi?,"{""Ruxsat beriladi, faqat svetofor o'chgan bolsa"",""Taqiqlanadi""}",1,https://postimg.cc/Dmfk0bYv,300,,"YHQ 18-bobi 118-bandining sakkizinchi xatboshisiga asosan, temir yo'l kesishmasiga quyidagi hollarda kirish taqiqlanadi: shlagbaumni o'zboshimchalik bilan ochish."
question_357,"Siz uchta tasmasi bolgan ikki tomonlama harakatli yol bo'ylab ketayapsiz, orta tasmaga o'tishga qanday holda ruxsat etiladi?","{""Faqat quvib o'tish uchun"",""Faqat aylanib o'tish uchun"",""Faqat chapga burilish yoki qayrilib olish uchun"",""Barcha sanab otilgan hollarda""}",3,https://postimg.cc/Dmfk0bYv,300,,"YHQ 10-bobi 66-bandiga asosan: Harakat ikki tomonlama bolgan va chiziqlar bilan belgilangan (1.9 yo'l chizig'i bilan belgilanganidan tashqari) uchta tasmali yo'llarda, ikki yo'nalishda harakatlanish uchun moljallangan o rta qatorga faqat quvib o tish, aylanib o tish, chapga burilish va qayrilib olish uchungina chiqishga ruxsat etiladi. Qarama-qarshi yo nalishda harakatlanish uchun mo'ljallangan chetki chap qatorni egallash taqiqlanadi."
question_358,"Avtomobilning taniqlik belgisi bo'lganda, yolning mazkur qismida qanday yuqori tezlik bilan harakatlanishiga ruxsat etiladi?","{""70 km/s"",""90 km/s"",""100 km/s""}",0,https://lgacbbewpuzeyxijzfii.supabase.co/storage/v1/object/public/test-images/question-358.jpg,300,,"YHQ 29-bobi 176-bandining oltinchi xatboshisiga asosan: «Tezlik cheklangan» - o'ta og'ir, xavfli va katta o'lchamli yuklarni tashiyotgan, shuningdek transport vositasining texnik tavsifnomasida ko'rsatilgan eng yuqori tezligi ushbu Qoidalarning 78, 79 va 80-bandlarida belgilangan tezlikdan kam bo'lgan hollarda transport vositasi kuzovi orqa devorining chap tomoniga 3.24 - «Yuqori tezlik cheklangan» yo'l belgisining kichraytirilgan, rangli tasviri tushirilgan shaklidagi belgi. Belgining diametri 160 millimetrdan kam bo lmasligi, hoshiyasining kengligi belgi diametrining 1/10 qismiga teng bolishi kerak."
question_359,Bosh miya va kalla suyagi ortacha holatda jarohatlangan jabrlanuvchini transportning qaysi turida tashish kerak?,"{""Yolovchi yengil avtomobilida"",""Yolovchi yuk avtomobilida"",""Faqat tez tibbiy yordam mashinasida""}",2,https://postimg.cc/Dmfk0bYv,300,,Bosh miya suyagi shikastlangan jabrlanuvchi faqat maxsus jihozlangan tez tibbiy yordam yoki t i h i ti t bill id t hil di
question_360,Quyidagi holatda haydovchi piyodaga yol berishi lozimmi?,"{""Ha"",""Yơ'q""}",0,https://lgacbbewpuzeyxijzfii.supabase.co/storage/v1/object/public/test-images/question-360.jpg,300,,"YHQ 20-bobi 123-bandiga asosan: Turar joy dahalari (kirish va chiqish 5.38 va 5.39 yo'l belgilari bilan belgilangan hududlar)da piyodalarga trotuarlar hamda qatnov qismida harakatlanishga ruxsat etiladi. Bunda piyodalar imtiyozga ega bo ladilar, biroq ular transport vositalarining harakatlanishiga asossiz xalaqit bermasliklari kerak."
question_361,Sa«Avtomagistral» belgisi bilan belgilangan yolda piyodalarning harakatlanishiga ruxsat etiladimi?,"{""Taqiqlanadi"",""Transport vositalarining harakatlanishiga qarama qarshi faqat aholi punktlaridan tashqarida yurishga ruxsat etiladi"",""Transport vositalarining harakatlanishi boylab faqat aholi punktlaridan tashqarida yurishga ruxsat etiladi""}",0,https://postimg.cc/Dmfk0bYv,300,,"YHQ 19-bobi 121-bandining birinchi xatboshisiga asosan, avtomagistrallarda quyidagilar taqiqlanadi: piyodalar, uy hayvonlari, ot-aravalar, velosipedlar, individual harakatlanish vositalari, skuterlar, mopedlar, traktorlar va uzi yurar avtomobillar, texnik tavsifnomasiga yoki holatiga ko'ra tezligi soatiga 40 kilometrdan kam bo'lgan transport vositalarining harakatlanishi.vol"
question_362,Ushbu belgi ornatilgan yolda kajavali mototsiklni shatakka olishga ruxsat etiladimi?,"{""Tirkamasi bittadan ortiq bolmagan mototsiklga ruxsat etiladi"",""Faqat qattiq ulagichda ruxsat etiladi"",""Taqiqlanadi"",""Sirpanchiqda taqiqlanadi""}",2,https://lgacbbewpuzeyxijzfii.supabase.co/storage/v1/object/public/test-images/question-362.jpg,300,,"YHQ 1-ilovasi 3-bo limining to qgizinchi xatboshisiga asosan: 3.7. «Tirkama bilan harakatlanish taqiqlanadi». Yuk tashuvchi transport vositalari, traktorlarning barcha turdagi tirkamalar bilan harakatlanishi, shuningdek mexanik transport vositalarini har qanday usulda shatakka olish taqiqlanishini bildiradi."
question_363,Ushbu yotiq chiziq nimani bildiradi?,"{""Mazkur yo'nalishda harakatlanish bo'lagi soni kamaya borib, qatnov qismining torayishini"",""Kesib o'tiladigan yo'l bo'ylab harakatlanayotgan transport vositasiga yol berar ekan, haydovchi zarur holda qayerda to'xtashi kerak bolgan joyni"",""To'xtash taqiqlangan joyga yaqinlashganlikni""}",1,https://lgacbbewpuzeyxijzfii.supabase.co/storage/v1/object/public/test-images/question-363.jpg,300,,"YHQ 2-ilovasi 1-bo'limining yigirma ikkinchi xatboshisiga asosan: 1.18 - chorrahada bo laklar bo yicha ruxsat etilgan harakatlanish yo'nalishlarini ko'rsatadi. Mustaqil yoki 5.8.1, 5.8.2 belgilari bilan birgalikda qo llanilishi mumkin; oxiri berk yo'l tasvirlangan chiziq shu yo nalishdagi yon tomonda joylashgan qatnov qismiga burilish taqiqlanganligini ko'rsatish chetki chap tasmadan chapga burilishga ruxsat beruvchi yo naltirgich shu tasmadan qayrilishga ham ruxsat beradi."
question_364,Qaysi joylarda orqa bilan harakatlanish taqiqlanadi?,"{""Chorrahalarda, piyodalar o'tish joylarida"",""Ko'priklarda, yo'l o'tkazgichlar, estakadalarda va ularning ostida"",""Avtomagistrallarda"",""Sanab otilgan barcha joylarda""}",3,https://postimg.cc/Dmfk0bYv,300,,"YHQ 9-bobining 63 bandiga asosan orqaga harakatlanish chorrahalarda va Qoidalarning 62- bandiga muvofiq qayrilib olish taqiqlangan joylarda hamda 19-bobining 121-bandiga asosan, avtomagistrallarda orqaga harakatlanish taqiqlanadi. YHQ 9-bobi 62-bandiga asosan: Quyidagi joylarda qayrilib olish taqiqlanadi: piyodalarning o'tish joylarida; tunnellarda; ko'priklar, yo'l o'tkazgichlar, estakadalar va ularning ostida (tegishli yo'l belgilari bilan bunday manyovrni bajarish ruxsat berilgan yol qismlari bundan mustasno); temir yo'l kesishmalarida; yo'lning ko'rinishi biror-bir yo'nalishda 100 metrdan kam bo'lgan joylarda."
question_365,Tramvay haydovchisi harakatlanayotganida svetoforning ushbu ishorasiga muvofiq boshqa yo nalishlardan harakatlanayotgan transport vositalariga yol berishi kerakmi?,"{""Kerak"",""Kerak emas""}",0,https://lgacbbewpuzeyxijzfii.supabase.co/storage/v1/object/public/test-images/question-365.jpg,300,,YHQ 15-bobi 100-bandiga asosan: Svetoforning qizil yoki sariq ishorasi bilan bir vaqtda yongan qo'shimcha tarmoqning yo naltirgichli yashil ishorasi yo'nalishida harakatlanayotgan transport vositasining haydovchisi boshqa yo nalishlarda harakatlanayotgan transport vositalariga yo'l berishi kerak
question_366,Transport vositalariga sidirg'a oq chiziq bilan ajratilgan va «Yo'nalishli transport vositalari uchun moljallangan tasma» yol belgisi bilan belgilangan yolning o'ng bo'lagida to'xtab turishga ruxsat etiladimi?,"{""Agar to'xtab turishni taqiqlovchi belgi bo'lmasa, ruxsat etiladi"",""Taqiqlanadi"",""Faqat shu hududdagi korxonaga xizmat qiladigan yoki yaqin o'rtadagi uylarda yashaydigan fuqarolarga qarashli avtomobillarga ruxsat etiladi""}",1,https://postimg.cc/Dmfk0bYv,300,,"YHQ 22-bobi 132-bandining birinchi xatboshisiga asosan: Yo nalishli transport vositalarining harakatlanishi uchun 5.9, 5.10.1 - 5.10.3 yo l belgilari bilan ajratilgan tasmada boshqa transport vositalarining harakatlanishi va to'xtashi taqiqlanadi."
question_367,Bunday yol belgisi ornatilgan yol qismlarida mototsikllarga qanday yuqori tezlik bilan harakatlanishga ruxsat etiladi?,"{""60 km/s"",""70 km/s"",""80 km/s"",""90 km/s"",""100 km/s""}",2,https://lgacbbewpuzeyxijzfii.supabase.co/storage/v1/object/public/test-images/question-367.jpg,300,,"YHQ 11-bobi 79- bandining uchinchi xatboshisiga asosan, aholi punktlaridan tashqarida: boshqa avtobuslar, tirkamali yengil avtomobillar, mototsikllar, elektromototsikllar ruxsat etilgan to' la vazni 3,5 tonnadan ortiq bo'lgan yuk avtomobillariga tezlikni soatiga 80 kilometrdan oshirmasdan."
question_368,Qaysi transport vositasining haydovchisi yol berishi kerak?,"{""Tramvay haydovchisi"",""Yuk avtomobilining haydovchisi"",""Har ikki avtomobil haydovchisi""}",2,https://lgacbbewpuzeyxijzfii.supabase.co/storage/v1/object/public/test-images/question-368.jpg,300,,"YHQ 16- bobi 104-bandiga muvofiq, teng ahamiyatga ega bolgan yo llar kesishgan chorrahada relssiz transport vositasining haydovchisi ongdan yaqinlashib kelayotgan transport vositalariga yo l berishi shart. Bu qoidaga tramvay haydovchilari ham o zaro amal qilishlari kerak. Bunday chorrahalarda, keyingi harakat yo nalishidan qati nazar, tramvay relssiz transport vositalariga nisbatan oldin o tish huquqiga ega bo ladi."
question_369,Serqatnov harakatda transport vositasini keskin tormozlash:,"{""Orqadan kelayotganlarning urilib ketishini keltirib chiqarishi mumkin"",""Avtomobilning faqat texnik holatida ko'rinadi"",""Serqatnov harakatda boshqarishning odatdagi usuli hisoblanadi""}",0,https://postimg.cc/Dmfk0bYv,300,,"YHQ 11-bobi 81-bandining to'rtinchi xatboshisiga asosan, haydovchilarga quyidagilar taqiqlanadi: yo'l-transport hodisasining oldini olish zaruriyati bo'lmaganda keskin tormoz berish."
question_370,"Qanday holatlarda tashilayotgan yuk ishora taxtachalari yoki bayroqchalar bilan kunning qorong i vaqtida, yetarli ko rinmaydigan sharoitlarda esa yorug lik qaytargich yoki chiroqlar bilan belgilanadi?","{""Yuk transport vositasining olchamidan oldinda yoki orqada 1 metrdan ko'p chiqib qolganda"",""Yuk transport vositasining olchamidan orqada 0,8 metr chiqib qolganda""}",0,https://postimg.cc/Dmfk0bYv,300,,"YHQ 27-bobi 163-bandiga asosan: Transport vositasining gabaritlaridan old yoki orqa tomonga bir metrdan, yon tomonga gabarit chiroqlarining chetki qismidan 0,4 metrdan ortiq chiqib turgan yuk «Katta o Ichamli yuk» taniqlik belgisi bilan belgilanishi, gorong i vagtda va yetarlicha ko rinmaydigan sharoitda esa bunga qo'shimcha ravishda old oq chirog yoki yorug'lik qaytargich, orqasi esa qizil chiroq yoki yorug lik qaytargich bilan belgilanishi kerak."
question_371,Qatnov qismi tomonidan yolovchilarning tushishi va chiqishiga qaysi hollarda ruxsat etiladi?,"{""Transport vositasi majburiy to'xtaganda"",""Haydovchining hohishiga kora shu shart bilanki, bu xavf-xatardan xoli bolsa va boshqa harakat qatnashchilariga xalaqit bermasa"",""Trotuar tomondan yoki yo'l yoqasidan iloji bolmasa shu shart bilanki, bu hol xavf-xatarsiz bolsa va boshqa harakat qatnashchilariga xalaqit bermasa""}",2,https://postimg.cc/Dmfk0bYv,300,,"YHQ 5- bobi 23-bandining ikkinchi xatboshisiga asosan: Yo lovchilarning transport vositalaridan trotuar yoki yo'l yoqasi tomondan tushishi yoki ularga chiqishining iloji bo lmagan hollarda, agar bu harakat xavf tug dirmasa yoki boshqa yo l harakati qatnashchilariga xalaqit bermasa yo Ining qatnov qismi tomonidan amalga oshirilishi mumkin."
question_372,Yuk avtomobilining qaysi yo nalishlarda harakatlanishiga ruxsat etiladi?,"{""Faqat o'ngga"",""Ongga, chapga va qayrilib olishga"",""Faqat chapga""}",1,https://lgacbbewpuzeyxijzfii.supabase.co/storage/v1/object/public/test-images/question-372.jpg,300,,"YHQ 1-ilovasi 5-bo limining qirq sakkizinchi xatboshisiga asosan: 5.30.1 «Yuk avtomobillari uchun harakatlanish yo'nalishi». Chorrahada yuk avtomobillari, traktorlar va o'ziyurar moslamalarga biror yo'nalishda harakatlanish taqiqlangan bo'lsa, bunday transport vositalariga tavsiya etilgan harakatlanish yo'nalishlari ko'rsatadi"
question_373,Bu yotiq chiziq bildiradi:,"{""Ko'rsatilgan yo'nalishlarda harakatlanishni taqiqlaydi"",""Chorrahada tasmalar bolaklar bo yicha ruxsat etilgan harakat yo'nalishlarini korsatadi"",""Harakat barcha yonalishlarda ruxsat etilgan yollarning kesishmasiga yaqinlashganlikni""}",1,https://lgacbbewpuzeyxijzfii.supabase.co/storage/v1/object/public/test-images/question-373.jpg,300,,"YHQ 2-ilovasi 1-bo limining yigirma ikkinchi xatboshisiga asosan: 1.18 - chorrahada tasmalar bo laklar bo'yicha ruxsat etilgan harakatlanish yo nalishlarini ko'rsatadi. Mustaqil yoki 5.8.1, 5.8.2 belgilari bilan birgalikda qo llanilishi mumkin; oxiri berk yo'l tasvirlangan chiziq shu yo nalishdagi yon tomonda joylashgan qatnov qismiga burilish taqiqlanganligini ko'rsatish uchun chiziladi; chetki chap tasmadan chapga burilishga ruxsat beruvchi yo naltirgich shu tasmadan qayrilishga ham ruxsat beradi."
question_374,Transport vositalari chorrahani quyidagi tartibda kesib otadilar:,"{""Yengil avtomobil, avtobus, velosiped"",""Avtobus, velosiped, yengil avtomobil"",""Avtobus, yengil avtomobil, velosiped"",""Velosiped, avtobus, yengil avtomobil""}",3,https://lgacbbewpuzeyxijzfii.supabase.co/storage/v1/object/public/test-images/question-374.jpg,300,,"YHQ 16-bobi 104, 106-bandlariga asosan, teng ahamiyatga ega bo lmagan yo llar kesishgan chorrahada, keyingi harakat yo nalishidan qat'i nazar, asosiy yoldan kelayotgan transport vositasiga ikkinchi darajali yo ldan kelayotgan transport vositasining haydovchisi yol berishi kerak. YHQ 16-bobi 107 bandiga asosan, chapga burilishda yoki qayrilib olishda relssiz transport vositasining haydovchisi teng ahamiyatli yo ldan qarama-qarshi yo nalishdan to g riga yoki o ngga harakatlanayotgan, shuningdek, ruxsat etilgan hollarda quvib o tayotgan transport vositalariga yo l berishi shart. Bu qoidaga tramvay haydovchilari ham o zaro amal qilishlari kerak."
question_375,Rasmda korsatilgan holatda qizil avtomobilning haydovchisi qanday yol tutishi kerak?,"{""Svetoforning ruxsat ishorasini kutishi va to'g'riga o'tishi"",""O'ngga burilish ishorasini yoqishi va o'ngga burilishi"",""Chapga burilish ishorasini yoqishi va ó'ng qatorni bo'shatishi""}",1,https://lgacbbewpuzeyxijzfii.supabase.co/storage/v1/object/public/test-images/question-375.jpg,300,,"Yo'naltirgich ko'rinishidagi qizil, sariq va yashil rangli svetofor ishoralari ham doirasimon shaklidagi svetofor ishoralari bilan bir xil ma'noga ega bo'ladi. Ular faqat ko'rsatilgan yo nalishga ta'sir etadi. Agar tegishli yo'l belgisi bilan qayrilib olish taqiqlanmagan bolsa, chapga burilishga ruxsat beruvchi yo naltirgich qayrilib olishga ham ruxsat beradi. Qo'shimcha tarmoqdagi yashil yo naltirgich ham xuddi shu ma'noni bildiradi. Svetoforning qo'shimcha tarmoqdagi ishora o'chirilgan bo'lsa, shu tarmoq tartibga solayotgan yo nalishda harakatlanish taqiqlanganligini bildiradi."
question_376,Temir yol kesishmasi oldida to xtagandan keyin harakatni boshlashdan oldin haydovchi:,"{""Bitta uzun va uchta qisqa tovushli ishora berib harakatni boshlashi kerak"",""Yaqinlashib kelayotgan poezdning yo'qligiga ishonch hosil qilishi kerak"",""Har ikki javob to'g'ri""}",1,https://postimg.cc/Dmfk0bYv,300,,"YHQ 18-bobi 117-bandiga asosan: Temir yo'l kesishmasiga yaqinlashib kelayotgan haydovchi yo'l belgilari va chiziqlariga, svetofor ishoralariga, shlagbaum holatiga, kesishma navbatchisining ko rsatmalariga amal qilishi, yaqinlashib kelayotgan poezd (lokomotiv, drezina) yo qligiga ishonch hosil gilishi shart."
question_377,Shunday yo'l belgisi bilan belgilangan yol qismlarida shaharlararo bolmagan avtobuslarning qanday yuqori tezlik bilan harakatlanishiga ruxsat etiladi?,"{""50 km/s"",""60 km/s"",""70 km/s"",""80 km/s"",""90 km/s""}",3,https://lgacbbewpuzeyxijzfii.supabase.co/storage/v1/object/public/test-images/question-377.jpg,300,,"YHQ 11-bobi 79-bandining uchinchi xatboshisiga asosan, aholi punktlaridan tashqarida: boshqa avtobuslar, tirkamali yengil avtomobillar, mototsikllar, elektromototsikllar ruxsat etilgan to' la vazni 3,5 tonnadan ortiq bo'lgan yuk avtomobillariga tezlikni soatiga 80 kilometrdan oshirmasdan."
question_378,Qaysi transport vositalarining haydovchilari to'xtab turish qoidasini buzdilar?,"{""Yengil avtomobil haydovchisi"",""Yuk avtomobili haydovchisi"",""Har ikki haydovchi""}",2,https://lgacbbewpuzeyxijzfii.supabase.co/storage/v1/object/public/test-images/question-378.jpg,300,,"YHQ 1-ilovasi 3-bo'limining o ttiz ikkinchi xatboshisiga asosan: 3.28. «To'xtab turish taqiqlangan». Transport vositalarining to'xtab turishi taqiqlanishini bildiradi. YHQ 13-bobi 88-bandining uchinchi xatboshisiga asosan: Ruxsat etilgan to la vazni 3,5 tonnadan ko'p bo'lgan yuk avtomobillari bir tomonlama harakatli yo'llarning chap tomonida faqat yuk ortish va tushirish uchun to'xtashlari mumkin."
question_379,Sirpanchiq yolda harakatlanayotganda karbyuratorning drossel zaslonkasini birdaniga ochish xavfi nimadan iborat?,"{""Yurgizgich o'chib qoladi"",""Yonilg'i sarfi ancha ortadi"",""Avtomobilning yonga sirpanishi vujudga kelishi mumkin"",""Yurgizgich tirsakli val aylanishining maksimal chastotasini oshiradi""}",2,https://postimg.cc/Dmfk0bYv,300,,"Sirpanchiq yo'Ida sirpanish hollari birdan tezlik oshirilganda, yetakchi g'ildiraklarning o'rnidan jilmay aylanishi (charx urishi) kelib chiqadi. Bu holda sirpanish sabablarini bartaraf qilish, ya'ni yonilg'i o'tishini boshqaruvchi tepkisini (drossel zaslonkasini) bosishni kamaytirish lozim."
question_380,Qaysi hollarda avtomobillar ushbu taniqlik belgilari bilan belgilanadi?,"{""Xavfli yuklar tashiyotganda"",""Nogironlar boshqarayotganda"",""Kar-soqov yoki kar haydovchilar boshqarayotganda"",""Ikki yilgacha haydovchilik ish davriga ega bolgan haydovchilar boshqarayotganda""}",2,https://lgacbbewpuzeyxijzfii.supabase.co/storage/v1/object/public/test-images/question-380.jpg,300,,"YHQ 29-bobi 176-bandining tortinchi xatboshisiga asosan, transport vositalariga quyidagi taniqlik belgilari o'rnatilishi kerak: «Kar haydovchi» - kar-soqov yoki kar haydovchi boshqarayotgan transport vositasining old va orga tomonlariga ichiga diametri 40 millimetr bo'lgan uchta qora doira tushirilgan, diametri 160 millimetri tashkil etadigan sariq rangli doira shaklidagi belgi."
question_381,Piyodalar o'tish joyidan tashqarida yolning qatnov qismidan ajratuvchi mintaqa bolganda piyodalarning otishlariga ruxsat etiladimi?,"{""Yolning har ikki tomoni ko'rinadigan joylarda ruxsat etiladi"",""Faqat aholi punktlaridan tashqarida ruxsat etiladi"",""Faqat aholi punktlarida ruxsat etiladi"",""Taqiqlanadi""}",3,https://postimg.cc/Dmfk0bYv,300,,"YHQ 4-bobi 17-bandiga asosan: Piyodalar yo'lning qatnov qismini piyodalar o'tish joylaridan, shuningdek yer osti va yer usti o'tish joylaridan, ular bo lmaganda esa chorrahalarda trotuar chiziqlari yoki yo'l yoqasi bo'ylab kesib o'tishlari kerak. Piyodalarga ko'rinadigan oraliqda o tish joyi yoki chorraha bo'lmasa, ajratuvchi mintaqasiz va to siqsiz yo llardan yo'lning ikki tomoni yaxshi ko'rinadigan joyidan, qatnov qismining chetiga nisbatan to g ri burchak ostida kesib o tishlariga ruxsat etiladi."
question_382,Ushbu belgi quyida sanab otilgan yuk avtomobillarining qaysilariga harakatni davom ettirishni taqiqlamaydi?,"{""Yuk ko'tarish 3,5 tonnadan ortiq bolgan avtomobillarga"",""Ruxsat etilgan to'la vazni 3,5 tonnadan ortiq bolgan avtomobillarga"",""Xavfli yuk tashiyotgan avtomobillarga"",""Yukxonasiga qiya oq chiziq tortilgan yuk avtomobillariga""}",3,https://lgacbbewpuzeyxijzfii.supabase.co/storage/v1/object/public/test-images/question-382.jpg,300,,YHQ 1-ilovasi 3-bolimining oltinchi atboshisiga asosan: 3.4 yo l belgisi bortlariga qiya oq chiziq tortilgan yoki odamlarni tashish uchun mo ljallangan yuk avtomobillarining harakatlanishini taqiqlamaydi.
question_383,Reversiv svetoforlar bolmaganda yoki ular o'chirib qo yilganda ikkitali uzuq uzuq chiziqni kesib otishga ruxsat etiladimi?,"{""Agar u haydovchining chap tomonida bo'lsa, ruxsat etiladi"",""Agar u haydovchining ong tomonida bo'lsa, ruxsat etiladi"",""Istalgan tomondan ruxsat etiladi"",""Taqiqlanadi""}",1,https://lgacbbewpuzeyxijzfii.supabase.co/storage/v1/object/public/test-images/question-383.jpg,300,,"YHQ 2-ilovasi 1-bo'limining o'n birinchi va o'ttiz oltinchi xatboshlariga asosan: 1.9 - reversiv harakat tashkil etilgan bo laklarning chegarasini belgilaydi; reversiv harakatlanish amalga oshirilgan yollarda (reversiv svetofori o'chirilgan holatda) qarama-qarshi yo'nalishdagi transport oqimini ajratadi. Reversiv svetofor yoqilgan paytda bir yo'nalishli tasmalarni ajratayotgan 1.9 chizig'ini istalgan tomondan bosib o'tishga ruxsat etiladi. Reversiv svetofor o'chirilganda, haydovchilar darhol 1.9 chizig idan o ngga qayta tizilishlari kerak."
question_384,Qaysi transport vositasi haydovchisi birinchi bolib harakatlanish huquqiga ega?,"{""Avtomobil haydovchisi"",""Velosiped haydovchisi""}",1,https://lgacbbewpuzeyxijzfii.supabase.co/storage/v1/object/public/test-images/question-384.jpg,300,,"YHQ 16-bobi 104-bandining birinchi xatboshisiga asosan: Teng ahamiyatga ega bo lmagan yo'llar kesishgan chorrahada, ikkinchi darajali yo'lda harakatlanayotgan transport vositasining haydovchisi asosiy yo ldan yaqinlashayotgan transport vositalariga, ularning keyingi harakat yo nalishidan qat'i nazar, yo'l berishi kerak."
question_385,Svetoforning bu ishorasida qaysi transport vositalarining harakatlanishiga ruxsat etilgan?,"{""Tramvay, sariq va qizil avtomobilga"",""Sariq va qizil avtomobillarga"",""Barcha transport vositalariga""}",1,https://lgacbbewpuzeyxijzfii.supabase.co/storage/v1/object/public/test-images/question-385.jpg,300,,"YHQ 7-bobi 32-bandiga asosan: Yonaltirgich ko'rinishidagi qizil, sariq va yashil rangli svetofor ishoralari ham doira shaklidagi svetofor ishoralari bilan bir xil ma'noga ega bo'ladi. Ular faqat ko'rsatilgan yo nalishga ta'sir etadi. Agar tegishli yol belgisi bilan qayrilib olish taqiqlanmagan bo'lsa, chapga burilishga ruxsat beruvchi yo'naltirgich qayrilib olishga ham ruxsat beradi. Qo shimcha tarmoqdagi yashil yo naltirgich ham xuddi shu ma'noni bildiradi. Qo'shimcha tarmoqdagi ishora o'chirilgan bo'lsa, shu tarmoq tartibga solayotgan yo nalishda harakatlanish taqiqlanganligini bildiradi."
question_386,Aholi punktlarida avtobus yoki trolleybus haydovchisi harakatni bekatdan boshlaydi. U:,"{""Uni aylanib otayotgan transport vositasiga yo'l berishi kerak"",""Imtiyozdan foydalanib, belgilangan yo'nalishda harakatni boshlashi kerak"",""Unga yol berilganligiga ishonch hosil qilgach harakatni boshlashi kerak""}",2,https://postimg.cc/Dmfk0bYv,300,,YHQ 22-bobi 133-bandiga asosan: Haydovchilar aholi yashash joylarida bekatdan harakatlanishni boshlayotgan avtobus va trolleybuslarga yo l berishlari kerak. O'z navbatida avtobus va trolleybus haydovchilari o'zlariga yo l berilganligiga ishonch hosil qilganliklaridan keyingina harakatlanishni boshlashlari mumkin.
question_387,Qaysi transport vositasi haydovchisi to xtab turish qoidasini buzdi?,"{""Ko'k avtomobil haydovchisi"",""Qizil avtomobil haydovchisi"",""Har ikki haydovchi buzdi"",""Har ikki haydovchi ham buzmadi""}",2,https://lgacbbewpuzeyxijzfii.supabase.co/storage/v1/object/public/test-images/question-387.jpg,300,,"YHQ 13-bobi 91-bandining sakkizinchi xatboshisiga asosan, quyidagi joy va holatlarda to xtash taqiqlanadi: qatnov qismi kesishmalarida va kesishayotgan qatnov qismi chetiga 30 metrdan kam masofada (uch tomonlama kesishadigan chorrahalarda yondan tutashgan yo Ining sidirg a chiziq yoki ajratuvchi mintaqa bilan ajratilgan qarama-qarshi tomoni bundan mustasno)."
question_388,Korsatilgan vaziyatda qizil avtomobil haydovchisi qanday yol tutishi kerak?,"{""Transport vositalariga to'sqinlik qilmasligi uchun burilishni tezroq tugallashi"",""Hovlidan chiqishda piyodani va transport vositalarini otkazib yuborishi"",""Transport vositalariga yol berish, qatnov qismi chetida to xtashi""}",1,https://lgacbbewpuzeyxijzfii.supabase.co/storage/v1/object/public/test-images/question-388.jpg,300,,"YHQ 9-bobi 54-bandiga asosan: Yondosh hududlardan yolga chiqayotgan haydovchi unda harakatlanayotgan transport vositalari va piyodalarga, shuningdek yo Idan chiqishda harakat yo nalishini kesib o tayotgan piyodalar va velosipedchilarga yol berishi kerak."
question_389,Sirpanchiq yolda tormozlardan qanday foydalanish kerak?,"{""Ulagichni ajratmay turib sekin tormoz berishi va boshqaruv rulining keskin burishga yol qo'ymasligi"",""Ulagichni ajratishi va sekin tormoz berishi"",""Tormoz tepkisini uzuq-uzuq bosish bilan keskin tormoz berishi""}",0,https://postimg.cc/Dmfk0bYv,300,,"Keskin tormoz berish oqibatida blokirovka bo'lgan g ildiraklarga rul chambaragining burilishi ta sir qilmaydi. Sirpanchiq yo'lda dvigatel orqali, g ildiraklarni blakirovka qilmasdan tormoz berish samarali tormoz berishga yordam beradi."
question_390,Transport vositalari ushbu taniqlik belgilari bilan belgilanadi:,"{""Kar yoki kar-soqov haydovchilar boshqarayotgan"",""Nogiron boshqarayotgan"",""Xavfli yuklar tashiyotgan""}",1,https://lgacbbewpuzeyxijzfii.supabase.co/storage/v1/object/public/test-images/question-390.jpg,300,,"YHQ 29-bobi 176-bandining o'n to'rtinchi xatboshisiga asosan, transport vositalariga quyidagi taniqlik belgilari o'rnatilishi kerak: «Nogiron» - birinchi yoki ikkinchi guruh nogironi boshqarayotgan transport vositasining old va orqa tomoniga o'rnatiladigan barcha tomonlari 150 millimetr bo'lgan va qora rangli 7.17 yol belgisining tasviri tushirilgan sariq rangli to'rtburchak shaklidagi belgi."
question_391,Ko'k avtomobil chorrahani nechanchi bolib kesib otadi?,"{""Birinchi bo'lib"",""Ikkinchi bolib"",""Uchinchi bolib"",""Oxirgi bo'lib""}",3,https://lgacbbewpuzeyxijzfii.supabase.co/storage/v1/object/public/test-images/question-391.jpg,300,,"YHQ 16-bobi 106, 106-bandlariga asosan, teng ahamiyatga ega bo'lmagan yollar kesishgan chorrahada, keyingi harakat yo'nalishidan qat'i nazar, asosiy yo'ldan kelayotgan transport vositasiga ikkinchi darajali yo ldan kelayotgan transport vositasining haydovchisi yo l berishi kerak. Asosiy yo'Ining yo'nalishi chorrahada o'zgarganda, asosiy yolda harakatlanayotgan haydovchilar o'zaro teng ahamiyatli yo'llar chorrahasidan o'tish qoidasiga amal qilishlari kerak. YHQ 16-bobi 107-bandiga muvofiq, chapga burilishda yoki qayrilib olishda relssiz transport vositasining haydovchisi teng ahamiyatli yo ldan qarama-qarshi yo nalishdan to g riga yoki o'ngga harakatlanayotgan, shuningdek, ruxsat etilgan hollarda quvib o tayotgan transport vositalariga yo l berishi shart. Bu qoidaga tramvay haydovchilari ham o zaro amal qilishlari kerak."
question_392,Qaysi belgi ro paradan harakatlanayotgan transport vositalariga yo'l berishni talab qiladi?,"{""1"",""2"",""3"",""4"",""5""}",1,https://lgacbbewpuzeyxijzfii.supabase.co/storage/v1/object/public/test-images/question-392.jpg,300,,YHQ 1-ilovasi 2-bolimining o ninchi xatboshisiga asosan: 2.6. «Ro'para harakatlanishning ustunligi». Qarama-qarshi harakatlanishni qiyinlashtiradigan hollarda yo Ining tor qismiga kirish taqiqlanadi. Haydovchi yo Ining tor qismida bo lgan yoki ro paradan unga yaqin bolgan transport vositasiga yo l berishi kerak.
question_393,Yotiq chiziqlarning sidirg'a chizig ini bosib otishga ruxsat etiladimi?,"{""Agar u haydovchining ong tomonida bo'lsa ruxsat etiladi"",""Faqat shunday holda ruxsat etiladiki, agar chiziq yol qatnov qismining chetlarini bildirsa."",""Chiziq bir yonalishdagi harakat tasmalarining chegarasini bildirganda faqat manyovr qilishda ruxsat etiladi""}",1,https://postimg.cc/Dmfk0bYv,300,,"YHQ 2-ilovasi 1-bo limining uchinchi va o'ttiz to rtinchi xatboshlariga asosan: 11 - qarama-qarshi yo nalishlarda harakatlanayotgan transport oqimlarini ajratadi, yo Ining xavfli joylaridagi harakatlanish bo lagi chegarasini va velosipedchilar uchun bo lagining chegarasini bildiradi; yo Ining kirish taqiqlangan qismi chegarasini belgilaydi; transport vositalarining to'xtab turish joyi chegarasini hamda avtomagistral qatoriga kiritilmagan yolning qatnov qismi chegarasini bildiradi; 1.1 va 1.3 chiziqlarini bosib o tish taqiqlanadi, qatnov qismining chetini bildirish uchun qo llanilgan 1.1 chizig i bundan mustasno."
question_394,Korsatilgan vaziyatda haydovchi qanday yol tutishi kerak?,"{""Piyodalarga mazkur yonalishning qatnov qismidan butunlay o'tib olishlariga imkon berishi"",""Yol-transport hodisasining oldini olish uchun tovush ishora berishi va asosiy yolda bo'lgani sababli piyodalarga yo'l bermay o'tish joyidan o'tishi""}",0,https://lgacbbewpuzeyxijzfii.supabase.co/storage/v1/object/public/test-images/question-394.jpg,300,,"YHQ 14-bobi 96-bandiga asosan: Chapga yoki o'ngga burilayotgan haydovchi kesishayotgan yo lning qatnov qismidan o'tayotgan piyoda (lar) da, shuningdek velosiped yo lkasidan yo'lni kesib o'tayotgan velosipedchi (lar) ga va individual harakatlanish vositalarini boshqarayotgan shaxs(lar) ga yo'l berishi kerak."
question_395,Qizil avtomobil chorrahani nechanchi bolib kesib otadi?,"{""Birinchi bolib"",""Ikkinchi bolib"",""Uchinchi bolib"",""Oxirgi bolib""}",3,https://lgacbbewpuzeyxijzfii.supabase.co/storage/v1/object/public/test-images/question-395.jpg,300,,"YHQ 15-bobi 99, 101-bandlariga asosan, svetoforning yashil ishorasida chapga burilayotgan yoki qayrilib olayotgan relssiz transport vositasining haydovchisi qarama- qarshi tomondan to g'riga harakatlanayotgan va ongga burilayotgan transport vositalariga yo'l berishi shart. Tramvay haydovchilari ham o'zaro ushbu qoidaga amal gilishlari kerak. Agar svetofor yoki tartibga soluvchining ishoralari tramvay va relssiz transport vositalariga bir vaqtda harakatlanishga ruxsat bersa, harakatlanish yo'nalishidan qat'i nazar, tramvay oldin o tish huquqiga ega bo ladi."
question_396,"Agar piyodalar o'tish joyida tirbandlik vujudga kelib, haydovchini piyodalar o'tish joyida to'xtashga majbur qilsa, haydovchi majbur:","{""To'xtashga va piyodalar o'tish joyiga o'tmaslikka, chunki bu piyodalarning harakati uchun to'sqinlik qiladi"",""Piyodalar o tish joyiga 15 metr yetmasdan to'xtashga"",""Oldinda turgan transport vositasidan zarur masofa saqlangan holda piyodalar o'tish joyida to'xtashga"",""Piyodalar otish joyiga 5 metr yetmasdan to'xtashga""}",0,https://postimg.cc/Dmfk0bYv,300,,"YHQ 17-bobi 112-bandiga asosan: Piyodalar o'tish joylaridan keyin paydo bo'lgan tirbandlik tufayli haydovchi piyodalar o'tish joyida to'xtashga majbur bo'ladigan bo'lsa, piyodalar o'tish joyiga kirish taqiqlanadi."
question_397,Bu joyda quvib o tishga ruxsat etiladimi?,"{""Ruxsat etiladi"",""Taqiqlanadi"",""Aholi punktidan tashqaridagi yollarda ruxsat etiladi"",""Faqat aholi punktlaridan tashqaridagi yollarda taqiqlanadi""}",1,https://lgacbbewpuzeyxijzfii.supabase.co/storage/v1/object/public/test-images/question-397.jpg,300,,"YHQ 12-bobi 86-bandining oltinchi xatboshisiga asosan, quvib o tish quyidagi hollarda taqiqlanadi: tepalikning oxirida va yo Ining ko rinishi cheklangan joylarida;"
question_398,Navbatchining haydovchiga qaratilgan qaysi holati temir yol kesishmasi orqali harakatlanishni taqiqlovchi ishora hisoblanadi? Navbatchining haydovchiga qaratilgan qaysi holati temir yol kesishmasi orqali harakatlanishni taqiqlovchi ishora hisoblanadi?,"{""Haydovchiga chap yoki o'ng yelkasini o'girib, tayoqchani (qizil bayroqni) boshidan yuqori ko'tarib turishi"",""Ko'kragini yoki orqasini o'girib, tayoqchani (qizil bayroqni) boshidan yuqori kotarib turishi yoki qollarini yoniga uzatib turishi"",""Istalgan yelkasi yoki ko kragini ogirib, tayoqchani (qizil bayroqni) boshidan yuqori kotarib turishi""}",1,https://postimg.cc/Dmfk0bYv,300,,"YHQ 18-bobi 118-bandining uchinchi xatboshisiga asosan, temir yol kesishmasiga quyidagi hollarda kirish taqiqlanadi: kesishma navbatchisining taqiqlovchi ishorasida (navbatchi haydovchilarga oldi yoki orqasi bilan turib tayoqchani, qizil chiroq yoki bayroqchani yuqoriga ko'tarib tursa yoki qo llarini yonga uzatsa)."
question_399,"Chuqur kechuvdan otgach, haydovchi nima qilishi shart?","{""Tezlanish bilan yuqoriroq uzatmalarda harakatlanishga"",""Qisqa masofa oralig'ida tezlanish olib tormoz tepkisini bir necha bor bosib tormoz mexanizmi friksion ustqoplamalarini quritishi""}",1,https://postimg.cc/Dmfk0bYv,300,,"Suv kechuvlaridan o'tgandan keyin, tormoz kalodkalarini quritish lozim. Tormoz tepkisini ko'p marotaba qisqa-qisqa bosish avtomobilning barcha g'ildiraklari tormozlarining samaradorligini qayta tiklaydi."
question_400,Transport vositasi ushbu taniqlik belgisi bilan belgilanadi:,"{""Nogiron boshqarayotgan"",""Og'ir vaznli va yirik o'lchamda yuk tashiyotgan"",""Xavfli yuklar tashiyotgan"",""Kar-soqov yoki kar haydovchilar boshqarayotgan""}",2,https://lgacbbewpuzeyxijzfii.supabase.co/storage/v1/object/public/test-images/question-400.jpg,300,,"YHQ 29-bobi 176-bandining yettinchi xatboshisiga asosan, transport vositalariga quyidagi taniqlik belgilari o'rnatilishi kerak: «Xavfli yuk» xavfli yukni tashiyotgan transport vositasining old va orqa tomoniga o'rnatilgan o'Ichami 690 x 300 millimetr, ong qismi 400 x 300 millimetr bo'lgan zarg'aldoq rangli, chap qismi esa yukning xavfli xususiyatini bildirib turgan belgilar tushirilgan qora hoshiyali (kengligi 15 millimetr) oq rangdagi to'rtburchak shaklidagi belgi (ushbu Qoidalarga 4-ilova)."
question_401,Qaysi avtomobil toxtash qoidasini buzdi?,"{""Yashil avtomobil"",""Har ikkisi buzdi"",""Har ikkisi ham buzmadi""}",1,https://lgacbbewpuzeyxijzfii.supabase.co/storage/v1/object/public/test-images/question-401.jpg,300,,YHQ 1-ilovasi 3-bo'limining o ttiz birinchi xatboshisiga asosan: 3.27. «To'xtash taqiqlangan». Transport vositalarining to'xtashi va to'xtab turishi taqiqlanishini bildiradi. YHQ 1-ilovasi 7-bo'limining o'ttiz birinchi xatboshisiga asosan: 7.18. «Nogironlar mustasno». Belgilarning ta'siri ushbu Qoidalarning 175-bandiga muvofia «Nogiron» taniqlik belgisi o'rnatilgan transport vositalariga joriy etilmaydi.
question_402,Ko'rsatilgan belgilardan qay biri ilgari kiritilgan barcha cheklashlarni bekor qiladi?,"{""1"",""F3"",""4"",""5""}",2,https://lgacbbewpuzeyxijzfii.supabase.co/storage/v1/object/public/test-images/question-402.jpg,300,,"YHQ 1-ilovasi 3-bo'limining o'ttiz beshinchi xatboshisiga asosan: 3.31. «Barcha cheklovlarning oxiri». 3.16, 3.20, 3.22, 3.24, 3.26 - 3.30 belgilaridan bir nechtasiga bir vaqtda amal qiladigan oraliqlarning oxirini bildiradi."
question_403,Haydovchi qaysi rasmda qoidalar talablarini buzmay turib manyovr qildi?,"{""1"",""2"",""3""}",0,https://lgacbbewpuzeyxijzfii.supabase.co/storage/v1/object/public/test-images/question-403.jpg,300,,"YHQ 1-ilovasi 4-bo'limining birinchi va to' qqizinchi xatboshlariga asosan: 4.1.1. «Harakatlanish to'g'riga». 4.1.1 belgisi yo lning qismi boshlanishiga o'rnatilsa, unga yaqin chorrahagacha amal gilinadi. Belgi o'ng tomonda joylashgan hovli va boshqa yondosh hududlarga burilishni taqiqlamaydi."
question_404,Transport vositalari chorrahani quyidagi tartibda kesib otadilar:,"{""Tramvay, avtomobil va avtobus bir vaqtda"",""Tramvay, avtobus, avtomobil"",""Avtobus, tramvay, avtomobil""}",0,https://lgacbbewpuzeyxijzfii.supabase.co/storage/v1/object/public/test-images/question-404.jpg,300,,"YHQ 16-bobi 104-bandiga asosan: Teng ahamiyatga ega bo'lmagan yollar kesishgan chorrahada, ikkinchi darajali yo'lda harakatlanayotgan transport vositasining haydovchisi asosiy yoldan yaqinlashayotgan transport vositalariga, ularning keyingi harakat yo nalishidan qat i nazar, yol berishi kerak."
question_405,"Agar yo'l tasmasi sidirg'a chiziq bilan ajratilib, belgi bilan belgilangan bolsa, avtobus haydovchisining tasma bo'ylab harakatlanishiga ruxsat etiladimi?","{""Ruxsat etiladi"",""Taqiqlanadi"",""Agar avtobus belgilangan yonalish boyicha harakatlanayotgan bolsa, ruxsat etiladi""}",2,https://lgacbbewpuzeyxijzfii.supabase.co/storage/v1/object/public/test-images/question-405.jpg,300,,"YHQ 22-bobi 132-bandining birinchi va ikkinchi xatboshlariga asosan: Yo'nalishli transport vositalarining harakatlanishi uchun 5.9, 5.10.1 - 5.10.3 yo'l belgilari bilan ajratilgan tasmada boshqa transport vositalarining harakatlanishi va to xtashi taqiqlanadi. Agar 5.9 yo'l belgisi bilan belgilangan tasma qatnov qismining boshqa tasmalardan uzuq-uzuq chiziq bilan ajratilgan bo lsa, burilmoqchi bo layotgan transport vositalari bu tasmaga qayta tizilishlari kerak"
question_406,Ko krak qafasi shikastlangan yaradorni kerakli joyga qanday eltish kerak?,"{""Yaralangan yoni bilan yotgan yoki yarim o'tirgan holda"",""Sog' yoni bilan yotgan yoki o'tirgan holda"",""Orqasi bilan yoki qorni bilan yotgan holda""}",0,https://postimg.cc/Dmfk0bYv,300,,Suyak siniqlarining bir-biriga nisbatan qo'zg'almasligini ta'minlash uchun ko'krak qafasiga bog'ich tarang qilib bog'lanadi. Bu holda nafas olish o'tirgan holatda erkin bo'lgan ko'krak-qursoq diafragma pardasi harakatlari hisobiga amalga oshiriladi.
question_407,Relssiz transport vositalarining harakatlanishi uchun tasmalar soni qanday aniqlanadi?,"{""Yol yotiq chiziqlari bilan"",""«Tasmalar bo'yicha harakat yo'nalishi» yoki «Tasma boyicha harakatlanish yo'nalishi» yol belgilari bilan"",""Haydovchining o'zi tomonidan qatnov qismining kengligini, transport vositalarining o'lchamlarini va ular ortasidagi zarur yonlama oraliq masofani hisobga olib"",""Barcha sanab o'tilgan usullar bilan""}",3,https://postimg.cc/Dmfk0bYv,300,,"YHQ 10-bobi 64-bandiga asosan: Relssiz transport vositalari harakatlanadigan tasmalar soni chiziqlar va (yoki) 5.8.1, 5.8.2, 5.8.7, 5.8.8 yol belgilari bilan belgilanadi. Bunday chiziqlar yoki yol belgilari bo lmasa, haydovchilar harakatlanish tasmalari sonini, qatnov qismining kengligini, transport vositalari orasidagi zarur yonlama oraliq masofani va ularning gabarit o Ichamlarini hisobga olgan holda o'zlari aniqlaydilar. Bunda harakatlanish ikki tomonlama bolgan yol qatnov gismining chap tomondagi yarmi, qatnov qismining joylardagi kengayishlari (sekinlashish va tezlashish tasmalari, balandlikka ko'tarilishdagi qo'shimcha tasmalar, yo'nalishli transport vositalarining to'xtash joylaridagi kengayishlar)ni hisobga olmagan holda, qarama-qarshi yo'nalishda harakatlanish uchun moljallangan deb hisoblanadi."
question_408,"Avtopoyezdni shu vaziyatda, agar u 40 km/soatdan kam tezlik bilan harakat qilayotgan bo'lsa, quvib o'tishga ruxsat etiladimi?","{""Taqiqlanadi"",""Ruxsat etiladi""}",0,https://lgacbbewpuzeyxijzfii.supabase.co/storage/v1/object/public/test-images/question-408.jpg,300,,"YHQ 12-bobi 86-bandining ikkinchi xatboshisiga asosan, quvib o'tish quyidagi hollarda taqiqlanadi: tartibga solinmaydigan chorrahalarda asosiy hisoblanmaydigan yo llarda harakatlanishda;"
question_409,"Ikki tomonlama harakatli yolda uchta tasma bor, Siz o'nga burilishingiz zarur. Siz ushbu manyovrni qaysi tasmadan amalga oshirasiz?","{""O'ng tasmadan"",""O'rta tasmadan"",""O'ng yoki orta tasmadan"",""O'rta tasmadan, lekin faqat ong tasma band bolgan holda""}",0,https://postimg.cc/Dmfk0bYv,300,,"YHQ 9-bobi 56-bandining birinchi xatboshisiga asosan: Haydovchi, aylanma harakatlanish tashkil qilingan chorrahalarga kirish uchun burilishdan boshqa barcha hollarda, o'ngga, chapga burilish yoki qayrilib olishdan oldin shu yo nalishda harakatlanishi mo ljallangan qatnov qismining eng chetki holatini egallashi shart."
question_410,Qish vaqtida orqa yetakchi ko'prikli avtomobilda chuqur bolib qolgan g'ildirak izidan qanday chiqish mumkin?,"{""Uncha katta bolmagan tezlikda birinchi galda boshqaruv rulini chiqish tomonning qarama qarshi tomoniga, keyin esa chiqish tomoniga shiddat bilan burish kerak"",""Izdan chiqishni iloji boricha tezroq boshlash, dastlab boshqaruv rulini chiqish tomoniga, keyin esa ro parasiga burish kerak""}",0,https://postimg.cc/Dmfk0bYv,300,,Tuproqli yolda chuqur qor bo'ylab oldindan tanlangan pastgi uzatmada rul chambaragini keskin burmasdan va to xtamasdan harakatda bo lish ushbu uchastkada yuzaga keluvchi katta qarshilik kuchini bartaraf qilish uchun zarur bo'lgan quvvat zapasi bilan ta'minlaydi.
question_411,"Kunning qorong'i vaqtida va yetarlicha ko'rinmaydigan sharoitlarda yolda qoldirilgan yol mashinalari, qurilish materiallari, qurilma va hokazolar bildirilishi kerak:","{""Tegishli yol belgilari bilan"",""Yonaltiruvchi va tevaragini o'rovchi moslamalar bilan"",""Qizil yoki sariq yoritgich chiroqlari bilan"",""Barcha sanab otilgan alomatlar bilan""}",3,https://postimg.cc/Dmfk0bYv,300,,"YHQ 29-bobi 182-bandiga asosan: Yollarda ta'mirlash ishlarini bajarishga javobgar mansabdor va boshqa shaxslar ishlar olib borilayotgan joyda yo'l harakati xavfsizligini ta minlashga majbur. Bunday joylar, shuningdek yo'ldan tashqariga olib chiqish imkoniyati bo lmagan ish bajarmayotgan yo'l mashinalari, qurilish materiallari, qurilma va shunga o'xshashlar tegishli yo'l belgilari, yo'naltiruvchi va to'suvchi moslamalar bilan, sutkaning qorong'i vaqtida va yetarlicha ko'rinmaydigan sharoitda esa, qo'shimcha qizil yoki sariq chiroqli ishoralar bilan belgilanishi kerak. Ta'mirlash ishlari tugagandan so'ng transport vositalari va piyodalarning xavfsiz harakatlanishi ta minlangan bolishi kerak."
question_412,Haydovchi qanday holda bu belgining talablarini to'g'ri bajaradi?,"{""Kesishadigan yol bo'ylab harakat qilayotgan mexanik transport vositalariga yo'l beradi"",""Kesishadigan yol bo'ylab harakat qilayotgan transport vositalariga yol beradi""}",1,https://lgacbbewpuzeyxijzfii.supabase.co/storage/v1/object/public/test-images/question-412.jpg,300,,"YHQ 1-ilovasi 2-bolimining yettinchi xatboshisiga asosan: 2.4. «Yol bering!». Haydovchi kesib o'tilayotgan yo'ldan, 7.13 qo'shimcha-axborot belgisi bolganda esa asosiy yo ldan harakatlanayotgan transport vositasiga yol berishi kerak."
question_413,Oq chiziq bilan belgilangan orolchaga kirishga ruxsat etiladimi?,"{""Faqat to'xtash uchun ruxsat etiladi"",""Orqa bilan harakat qilganda ruxsat etiladi"",""Taqiqlanadi""}",2,https://lgacbbewpuzeyxijzfii.supabase.co/storage/v1/object/public/test-images/question-413.jpg,300,,"YHQ 2-ilovasi 1-bo'limining uchinchi, yigirmanchi va o'ttiz to'rtinchi xatboshlariga asosan: 1.1 - garama-qarshi yo nalishlarda harakatlanayotgan transport oqimlarini ajratadi, yo'lning xavfli joylaridagi harakatlanish bo'lagi chegarasini bildiradi. 1.16.2 - transport vositalari oqimi ajraladigan joylardagi yo naltiruvchi orolchani bildiradi. 1.1 chizig ini bosib o'tish taqiqlanadi."
question_414,Qaysi transport vositasining haydovchisi yol berishi kerak?,"{""Ko'k avtomobil haydovchisi"",""Qizil avtomobil haydovchisi""}",0,https://lgacbbewpuzeyxijzfii.supabase.co/storage/v1/object/public/test-images/question-414.jpg,300,,"YHQ 16-bobi 105-bandi: Teng ahamiyatga ega bolgan yollar kesishgan chorrahada relssiz transport vositasining haydovchisi ongdan yaqinlashayotgan transport vositalariga yo'l berishi shart. Bu qoidaga tramvay haydovchilari ham o zaro amal gilishlari kerak. Bunday chorrahalarda keyingi harakat yo nalishidan qat'iy nazar, tramvay relssiz transport vositalariga nisbatan oldin o tish huquqiga ega bo ladi."
question_415,Harakatlanish kimga ruxsat etilgan?,"{""Yuk avtomobili va mototsiklga"",""Barcha transport vositalariga"",""Tramvay va yengil avtomobilga"",""Yengil va yuk avtomobiliga, mototsiklga""}",0,https://lgacbbewpuzeyxijzfii.supabase.co/storage/v1/object/public/test-images/question-415.jpg,300,,"YHQ 7-bobi 38-bandiga asosan, Tartibga soluvchining ishoralari quyidagi ma'noni bildiradi: Qo'llari yon tomonga uzatilganda yoki tushirilganda: chap va ong yon tomonidan tramvayga to'g'riga, relssiz transport vositalariga to'g'riga va o'ngga harakatlanishga, piyodalarga qatnov qismini kesib o tishga ruxsat beriladi; old va orga tomonidan barcha transport vositalari va piyodalarning harakatlanishi taqiqlanadi. o'ng qo'li oldinga uzatilganda: chap yonidan tramvayga chapga, relssiz transport vositalariga barcha yo nalishlarda; oldi tomonidan barcha transport vositalariga faqat ongga harakatlanishga ruxsat beriladi; orqa tomonidan va o'ng yonidan barcha transport vositalarining harakatlanishi taqiqlanadi; piyodalarga tartibga soluvchining orqa tomonida qatnov qismini kesib o tishga ruxsat etiladi."
question_416,Qaysi transport vositasining haydovchisi qayrilib olishni to'g'ri bajarmoqda?,"{""Ko'k avtomobil haydovchisi"",""Qizil avtomobil haydovchisi"",""Har ikki haydovchi""}",2,https://lgacbbewpuzeyxijzfii.supabase.co/storage/v1/object/public/test-images/question-416.jpg,300,,"YHQ 9-bobi 59-bandining ikkinchi xatboshisiga asosan: Chorrahadan tashqarida qayrilib olishda, agar qatnov qismining kengligi manyovrni chetki chap holatdan bajarish uchun yetarli bo'lmasa, uni qatnov qismining o'ng chetidan (o'ng yo'l yoqasidan) amalga oshirishga yol qo yiladi. Bu holda haydovchi shu yo'nalishdagi va qarama-qarshi yo nalishdagi transport vositalariga yol berishi shart."
question_417,Avtomobil haydovchisi uni boshqa transport vositalari quvib o'tayotganda qanday harakat qilishi kerak?,"{""Harakat bolagini o'zgartirmay, ong burilish ishorasini berishi"",""Harakat tezligini oshirish yoki boshqa hatti harakatlar bilan quvib o'tishga to'sqinlik qilmasligi"",""Harakat tezligini kamaytirishi, tovush ishora berishi""}",1,https://postimg.cc/Dmfk0bYv,300,,YHQ 12-bobi 84-bandiga asosan: Quvib o'tilayotgan transport vositasining haydovchisiga harakat tezligini oshirish yoki boshga xatti-harakatlar bilan quvib o'tishga to'sqinlik gilish taqiqlanadi.
question_418,Qol bilan beriladigan ogohlantiruvchi ishora Qoidalarga muvofiq qachon tugallanishi mumkin?,"{""Manyovrni bevosita bajarishdan oldin"",""Manyovr tugagandan song zudlik bilan"",""Manyovr bajarayotgan vaqtda""}",0,https://postimg.cc/Dmfk0bYv,300,,"YHQ 8-bobi 46-bandining birinchi xatboshisiga asosan: Burilish ko'rsatgichi yoki 401 bilan berilayotgan ishora manyovrni bajarishdan oldinroq berilishi va uni tugallagach, darhol to'xtatilishi kerak (4901 bilan berilayotgan ishorani manyovni bevosita bajarishdan oldin tugallash mumkin)."
question_419,Jarohatdan xushsizlanganda birinchi tibbiy yordamni qanday korsatish kerak?,"{""Kiyim-boshni yechish yoki bo'shatish, toza havo kelishi ta'minlash. Nashatir spirti hidlatish. Yuzga sovuq suv sepish. Peshona va gardanga iliq malhamlar qo'yish"",""Mutloq tinch go'yish. Boshni tushirish, oyoqlarni ko'tarish, badanni isitish. Qaynoq ichimlik (choy va shu kabilar) berish. Bog'langan jgutni shifokorsiz yechmaslik va boshatmaslik""}",1,https://postimg.cc/Dmfk0bYv,300,,"Jarohat shoki-malakali tibbiy yordam talab qiladigan muhim funksiyalarining jiddiy jabrlanishidir. Shifokor kelguniga qadar birinchi tibbiy yordam tartibida jabrlanuvchiga o'ta avaylovchi sharoitlar yaratib berish lozim, ya'ni uni yotqizish, o'rab qo yish, og'rig qoldiruvchi dori berish, tomir urishi va nafas olishini nazorat gilish kerak."
question_420,Ko'rsatilgan belgilardan qaysi biri avtopoyezdni bildirish uchun ornatiladi?,"{""Chap belgi"",""O'ng belgi"",""Har ikki belgi""}",2,https://lgacbbewpuzeyxijzfii.supabase.co/storage/v1/object/public/test-images/question-420.jpg,300,,"YHQ 29-bobi 176-bandining birinchi xatboshisiga asosan: «Avtopoezd» - yuk avtomobillari va g'ildirakli traktor (1,4 tonna va undan yuqori) larda tirkama bo'lganda, shuningdek tutashtirigan avtobus va trolleybus kabinalari tomining old gismi o'rtasiga bir qator qilib 150 dan 300 millimetrgacha oraliqda ko'ndalang joylashgan uchta zarg' aldoq rangli chiroq yoki ichidan yoritiladigan, tomonlarining har biri 250 millimetr bo'lgan sariq rangli uchburchak shaklidagi belgi."
question_421,Bu joyda quvib o'tishga ruxsat etilganmi?,"{""Quvib o'tilayotgan transport vositasi 40 km/soatdan kam tezlik bilan harakatlanganda ruxsat etiladi"",""Taqiqlanadi"",""Agar quvib otish temir yol kesishmasigacha tugasa, ruxsat etiladi""}",1,https://lgacbbewpuzeyxijzfii.supabase.co/storage/v1/object/public/test-images/question-421.jpg,300,,"YHQ 12-bobi 86-bandining to'rtinchi xatboshisiga asosan, quvib o tish quyidagi hollarda taqiqlanadi: temir yo'l kesishmalarida va ulargacha 100 metrdan kam masofa golganda."
question_422,Qaysi belgi kesishadigan yol boylab harakat qilayotgan transport vositalariga yol berish majburiyatini yuklaydi? F 1 1,"{""2"",""3"",""4"",""5""}",2,https://lgacbbewpuzeyxijzfii.supabase.co/storage/v1/object/public/test-images/question-422.jpg,300,,"YHQ 1-ilovasi 2-bolimining yettinchi xatboshisiga asosan: 2.4. «Yol bering!». Haydovchi kesib o'tilayotgan yo'ldan, 7.13 qo""shimcha-axborot belgisi bolganda esa asosiy yo ldan harakatlanayotgan transport vositasiga yo'l berishi kerak."
question_423,Transport vositasining haydovchisi oldida «To'xtash chizig'i» chizilgan va svetoforning yashil yoritgichi yoniq bolgan chorrahaga yaqinlashayotib nima qilishi kerak?,"{""«To'xtash chizig'i»da to'xtashi, song esa harakatni qayta tiklashi"",""To'xtamasdan chorraha orqali harakatni davom ettirishi""}",1,https://postimg.cc/Dmfk0bYv,300,,YHQ 2-ilovasi 1-bo'limining o'n to'rtinchi xatboshisiga asosan: 1.12 (to'xtash chizigi) - 2.5 belgisi yoki svetoforning (tartibga soluvchining) taqiqlovchi ishorasida haydovchi to'xtash kerak bolgan joyni ko'rsatadi. Izoh: Svetofor ishoralari imtiyoz belgilari va yol chiziqlari talablariga 219 kelgan hollarda haydovchilar svetofor ishoralariga amal qilishlari kerak.
question_424,Qaysi transport vositasi haydovchisi yol berishi kerak?,"{""Avtomobil haydovchisi"",""Mototsikl haydovchisi""}",1,https://lgacbbewpuzeyxijzfii.supabase.co/storage/v1/object/public/test-images/question-424.jpg,300,,"YHQ 16-bobi 104-bandining birinchi xatboshisiga asosan: Teng ahamiyatga ega bo'lmagan yo llar kesishgan chorrahada, ikkinchi darajali yo'lda harakatlanayotgan transport vositasining haydovchisi asosiy yo'ldan yaqinlashayotgan transport vositalariga, ularning keyingi harakat yo'nalishidan qat'i nazar, yo'l berishi kerak."
question_425,Bunday vaziyatda haydovchi nima qilishi kerak?,"{""Oldindan yaqinni yorituvchi fara chiroqlarini yoqib va uzluksiz tovush ishorasini berib, eng kam tezlik bilan turgan transport vositasini aylanib o'tishi"",""Qatnov qismidan o'tayotgan bolalarga yo'l berishi"",""Bu yơl qismidan o'tishi kerak, chunki bolalar qatnov qismini piyodalar o'tish joyidan kesib o'tmayaptilar""}",1,https://lgacbbewpuzeyxijzfii.supabase.co/storage/v1/object/public/test-images/question-425.jpg,300,,"YHQ 17-bobi 115-bandiga asosan: «Bolalar guruhini tashish» taniqlik belgisi o'rnatilgan transport vositasi to'xtaganda unga yaqinlashayotgan haydovchi harakat tezligini kamaytirishi, zarur bo lsa, to xtashi va bolalar guruhini o'tkazib yuborishi kerak."
question_426,Qaysi transport vositasining haydovchisi aylanma harakatli kesishmaga to'g'ri kiradi?,"{""Ikkala haydovchi"",""Faqat avtobus haydovchisi"",""Faqat yengil avtomobil haydovchisi""}",0,https://lgacbbewpuzeyxijzfii.supabase.co/storage/v1/object/public/test-images/question-426.jpg,300,,"YHQ 9-bobi 56-bandining birinchi xatboshisiga asosan: Haydovchi, aylanma harakatlanish tashkil qilingan chorrahalarga kirish uchun burilishdan boshqa barcha hollarda, o ngga, chapga burilish yoki qayrilib olishdan oldin shu yo'nalishda harakatlanishi mo'ljallangan qatnov qismining eng chetki holatini egallashi shart."
question_427,Avtobus haydovchisiga yolovchilarni tushirish uchun to'xtashga ruxsat etiladimi?,"{""Taqiqlanadi"",""Ruxsat etiladi""}",0,https://lgacbbewpuzeyxijzfii.supabase.co/storage/v1/object/public/test-images/question-427.jpg,300,,"YHQ 13-bobi 91-bandining to'rtinchi xatboshisiga asosan, quyidagi joy va holatlarda to'xtash taqiqlanadi: to xtagan transport vositasi bilan sidirg'a chiziq (qatnov qismining chetini belgilovchi chiziqdan tashqari), ajratuvchi bo lak yoki qatnov gismining qarama-qarshi cheti orasidagi masofa 3 metrdan kam bolgan joylarda."
question_428,"Siz quvib otish uchun chiqdingiz va bexosdan ro'paradan kelayotgan avtomobilni ko'rib qoldingiz. Agar Siz quvib o'tishni tugallay olishingizga ishonchingiz bolmasa, Siz:","{""Tovush xabarini berib va faralarni yoqib quvib otishni tugallaguncha davom ettirishingiz kerak"",""Tezlikni asta ko paytirishingiz va quvib o'tishni tezroq tugallashingiz kerak"",""Tezlikni kamaytirishingiz va ilgari egallagan qatorga qaytishingiz kerak""}",2,https://postimg.cc/Dmfk0bYv,300,,"YHQ 12-bobi 82-bandiga asosan: Quib o tishni boshlashdan oldin haydovchi chapga burilishni bildiruvchi ishorasini yoqib: o'zi o'tmoqchi bo'lgan harakatlanish bo'lagi quvib o tish uchun yetarlicha masofada bo'sh ekanligiga, quib o'tish jarayonida harakatlanishga xavf tug' dirmasligiga va boshqa harakat gatnashchilariga xalaqit bermasligiga; shu tasmada orqada harakatlanayotgan transport vositasi quib o tishni boshlamaganligiga; oldinda harakatlanayotgan transport vositasi quib o'tish, chapga burilish (qayta tizilish) ishorasini bermayotganligiga; quvib o tishni tugallayotganda quib o tilayotgan transport vositasiga xalaqit bermasdan ilgari egallagan gatorga gaytib o ta olishiga ishonch hosil gilishi shart."
question_429,Manyovr vaqtida haydovchi har doim ogohlantiruvchi ishora berishi kerakmi?,"{""Faqat uning orqasida boshqa transport vositasi harakatlanayotgan bolsa"",""Faqat uning transport vositasi burilishni korsatuvchi chiroqlar bilan jihozlangan bo'lsa"",""Faqat serqatnov harakatli yolda"",""Faqat u harakatning boshqa ishtirokchilarini chalg'itmagan hollarda""}",3,https://postimg.cc/Dmfk0bYv,300,,"YHQ 8- bobi 46-bandining birinchi va ikkinchi xatboshlariga asosan: Burilish ko rsatgichi yoki 4011 bilan berilayotgan ishora manyovrni bajarishdan oldinroq berilishi va uni tugallagach, darhol to'xtatilishi kerak (qol bilan berilayotgan ishorani manyovrni bevosita bajarishdan oldin tugallash mumkin). Ishoralar boshqa yo'l harakati qatnashchilarini chalg itmasligi kerak."
question_430,Ishlamayotgan boshqaruv ruli bilan toxtab turish yoki ta'mirlash joyiga borishga ruxsat etiladimi?,"{""Qattiq ulagichda shatakka olinganda ruxsat etiladi"",""Harakat xavfsizligini ta'minlovchi tezlikda ruxsat etiladi"",""Taqiqlanadi""}",2,https://postimg.cc/Dmfk0bYv,300,,"YHQ 2-bobi 12-bandining uchinchi xatboshisiga asosan, haydovchiga quyidagilar taqiqlanadi: tormoz tizimi, rul boshqaruvi ishlamayotgan, ulagich moslamasi (avtopoezd tarkibida) nosoz bo'lgan, qorong'i vaqtda yoki yetarlicha korinmaydigan sharoitda - old chiroqlar va orqa gabarit chiroqlari bo'lmagan yoki yonmayotgan, yomg'ir, qor yog'ayotgan vaqtda haydovchi tomonidagi oyna tozalagich"
question_431,Aholi punktidan tashqarida yuk avtomobil yukxonasida odamlarni tashishda qanday eng yuqori tezlikda harakatlanishga ruxsat etiladi?,"{""40 km/s"",""50 km/s"",""60 km/s"",""70 km/s"",""80 km/s""}",2,https://postimg.cc/Dmfk0bYv,300,,"YHQ 11-bobi 80-bandining birinchi xatboshisiga asosan, har qanday yo llarda: yukxonasida odam tashiyotgan yuk avtomobillariga tezlikni soatiga 60 kilometrdan oshirmasdan."
question_432,Bu belgiga kora qaysi yuk avtomobili harakatni davom ettirishi mumkin?,"{""8 tonnagacha yuk ortgan avtomobil"",""8 tonna yuk kotarish quvvatiga ega bolgan bo'sh avtomobil"",""Ruxsat etilgan tola vazni 8 tonnadan ortiq bolmagan avtomobil""}",2,https://lgacbbewpuzeyxijzfii.supabase.co/storage/v1/object/public/test-images/question-432.jpg,300,,"YHQ 1-ilovasi 3-bo limining beshinchi xatboshisiga asosan: 3.4. «Yuk avtomobillarining harakatlanishi taqiqlangan». To'la vazni 3,5 tonnadan (agar vazni belgida ko'rsatilmagan bo'lsa) yoki to'la vazni belgida ko'rsatilgandan ortiq bo lgan yuk avtomobillari va transport vositalari tarkiblarining, shuningdek traktorlar, o'ziyurar moslamalarning harakatlanishi taqiqlanishini bildiradi."
question_433,Bu yotiq chiziq nimani bildiradi?,"{""Piyodalar o'tish joyini"",""Velosiped yolkasi qatnov qismini kesib o'tadigan joyni"",""Mol haydaladigan joyni""}",1,https://lgacbbewpuzeyxijzfii.supabase.co/storage/v1/object/public/test-images/question-433.jpg,300,,YHQ 2-ilovasi 1-bo'limidagi 1.15 chizig'i yolning velosiped yolkasi kesib o'tgan joyini bildiradi.
question_434,Yuk avtomobil haydovchisiga avtomagistrallarda nima taqiqlangan?,"{""5.15 yoki 6.11 yo'l belgilari bilan belgilangan joyda to'xtash"",""Orqa bilan harakatlanish"",""Mexanik transport vositalarini shatakka olish"",""Barcha sanab otilgan harakatlar""}",1,https://postimg.cc/Dmfk0bYv,300,,"YHQ 19-bobi 121-bandining beshinchi xatboshisiga asosan, avtomagistrallarda quyidagilar taqiqlanadi: orqaga harakatlanish."
question_435,Yolovchilarni tushirish uchun bu belgi ornatilgan tasmada to xtashga ruxsat etiladimi?,"{""Agar tasma qatnov qismining ong chetida joylashgan va u yotiq uzluksiz chizig'i bilan qatnov qismidan ajratilmagan bolsa ruxsat etiladi"",""Taqiqlanadi"",""Ruxsat etiladi""}",0,https://lgacbbewpuzeyxijzfii.supabase.co/storage/v1/object/public/test-images/question-435.jpg,300,,"YHQ 22-bobi 132-bandining ikkinchi va uchinchi xatboshlariga asosan: Agar 5.9 yo'l belgisi bilan belgilangan tasma qatnov qismining boshqa tasmalardan uzuq-uzuq chiziq bilan ajratilgan bo'lsa, burilmoqchi bo layotgan transport vositalari bu tasmaga qayta tizilishlari kerak. Shuningdek, bunday joylarda yo nalishli transport vositalarining harakatiga xalaqit bermaslik sharti bilan yo'lga chiqish, qatnov qismining chetki o'ng tomonida yo lovchilarni chiqarish va tushirish uchun bu bo lakka o tishga ruxsat etiladi."
question_436,Qaysi transport vositasining haydovchisi yol berishi kerak?,"{""Avtobus haydovchisi"",""Yuk tashuvchi avtomobil haydovchisi""}",1,https://lgacbbewpuzeyxijzfii.supabase.co/storage/v1/object/public/test-images/question-436.jpg,300,,"YHQ 21-bobi 128-bandiga asosan: Yolning 1.13 va 1.14 yo'l belgilari bilan belgilangan qiyaliklarida, qarama-qarshi yo nalishlarda harakatlanishni qiyinlashtiradigan biron-bir to'siq bo'lsa, nishablikka harakatlanayotgan transport vositasining haydovchisi yo'l berishi kerak."
question_437,Chorrahani kesib otish navbatini korsating:,"{""Ko'k, qizil ayni vaqtda yashil bilan"",""Qizil, ko'k, yashil"",""Qizil ayni vaqtda yashil bilan, kok""}",2,https://lgacbbewpuzeyxijzfii.supabase.co/storage/v1/object/public/test-images/question-437.jpg,300,,"YHQ 16-bobi 104-bandining birinchi xatboshisiga asosan: Teng ahamiyatga ega bo'lmagan yollar kesishgan chorrahada, ikkinchi darajali yo'lda harakatlanayotgan transport vositasining haydovchisi asosiy yoldan yaqinlashayotgan transport vositalariga, ularning keyingi harakat yo nalishidan qat'i nazar, yo'l berishi kerak."
question_438,Qayta tizilishda haydovchi boshqa transport vositalariga yo'l berishi kerakmi?,"{""Kerak, agar transport vositasi qo'shni tasma boyicha yolakay harakat qilsa"",""Kerak emas"",""O'zaro qayta tizilishda barcha hollarda kerak""}",0,https://postimg.cc/Dmfk0bYv,300,,YHQ 9-bobi 55-bandiga asosan: Haydovchi qayta tizilishda harakatlanish yo'nalishini o'zgartirmasdan harakatlanayotgan yo lakay transport vositalariga yo l berishi kerak. Bir yo'nalishda harakatlanayotgan transport vositalari bir vagtda qayta tizilayotganlarida haydovchi o'ng tomondagi transport vositasiga yo'l berishi kerak.
question_439,Tyagach haydovchisi nima qilishi kerak?,"{""To'xtab, orqasida toplangan transport vositalarini o'tkazib yuborishi"",""O'sha tezlik bilan harakatni davom ettirishi"",""Qoli bilan o'zini ropara tasmadan quvib o'tishlari haqida ishora qilishi kerak""}",0,https://lgacbbewpuzeyxijzfii.supabase.co/storage/v1/object/public/test-images/question-439.jpg,300,,"YHQ 12-bobi 87-bandiga asosan: Aholi punktlaridan tashqaridagi yo llarda sekin harakatlanadigan yoki katta hajmli transport vositasini quvib o tish qiyin bo'lgan hollarda uning haydovchisi ushbu transport vositasini iloji boricha yo Ining o'ng tomoniga olishi, zarur bo'lganda esa orqasida to'planib golgan transport vositalarini o tkazib yuborish uchun to'xtashi kerak."
question_440,Mazkur taniqlik belgisi nimani bildiradi?,"{""Oldinda qatnovning notekis bo'lgan yol qismini"",""Oldinda shu yonalishda harakatlanish uchun uch tasmali yol qismini"",""Mexanik transport vositasida tishli turumlangan (shiplar) shinalar ornatilganini""}",2,https://lgacbbewpuzeyxijzfii.supabase.co/storage/v1/object/public/test-images/question-440.jpg,300,,"YHQ 29-bobi 176-bandining ikkinchi xatboshisiga asosan: «Turumlangan» (tishli, shipli) - turumlangan shinali mexanik transport vositasining orqasiga tomonlari teng, ichiga qora rangda «T» harfi tushirilgan, qizil hoshiyali, oq rangdagi uchburchak shaklidagi belgi. Uchburchakning tomonlari transport vositasining turiga qarab 200 - 300 millimetrgacha, hoshiyaning kengligi uchburchak tomonining 1/10 qismiga teng bolishi kerak."
question_441,Roparadan kelayotgan avtomobil haydovchisi qanday yo'l tutishi kerak?,"{""Yo'l yoqasida to'xtashi"",""Yalt-yalt etuvchi chiroq mayoqchasi yogilgan avtomobiliga xalaqit bermasdan harakatni davom ettirishi""}",1,https://lgacbbewpuzeyxijzfii.supabase.co/storage/v1/object/public/test-images/question-441.jpg,300,,"YHQ 6-bobi 26-bandiga asosan: Haydovchilar tezkor va maxsus xizmatlarning ko'k yoki qizil yoxud ko'k va qizil rangli yalt-yalt etuvchi mayoqchalar va maxsus tovushli ishorasi yoqilgan holda yaqinlashayotgan transport vositalariga, shuningdek ularning kuzatuvidagi, yaqinni yorituvchi fara chiroglari yogilgan transport vositasi (transport vositalari) ga yo'l berishlari shart. Mazkur turdagi transport vositalarini quib o'tish tagiqlanadi."
question_442,Avtomobilning qaysi yonalishda harakatlanishiga ruxsat etiladi?,"{""Chapga va ongga"",""Faqat to'g'riga"",""Barcha yonalishlarda""}",2,https://lgacbbewpuzeyxijzfii.supabase.co/storage/v1/object/public/test-images/question-442.jpg,300,,"YHQ 1-ilovasi 4-bo'limining o'n tortinchi xatboshisiga asosan: 4.4. «Engil avtomobillar harakati». yengil avtomobillar, avtobus, mototsikllar, belgilangan yo'nalishli transport vositalari va rusat etilgan to la vazni 3,5 tonnadan oshmaydigan yuk avtomobillari harakatlanishiga ruxsat etilishini bildiradi. Belgining ta sir oralig'ida yashovchi va ishlovchi fuqarolarga tegishli, ularga va korxonalarga xizmat ko'rsatuvchi transport vositalariga bu belgi tatbiq etilmaydi. Bunday hollarda transport vositalari belgilangan joyga eng yagin chorrahadan kirib yoki chiqib ketishlari kerak. YHQ 1-ilovasi 7-bolimining o'n birinchi xatboshisiga asosan: 7.3.3. «Ta sir yo nalishlari». Chorraha oldida o'rnatilgan belgining ta' sir yo'nalishini yoki bevosita yo'l yaqinida joylashgan manzillarga harakatlanish yo'nalishini korsatadi."
question_443,Bu yol belgisi nimani bildiradi?,"{""Yol (marshrut) raqamini korsatadi"",""Eng yaqin aholi yashaydigan joygacha bolgan masofani korsatadi"",""DANning eng yaqin postigacha bolgan masofani ko'rsatadi"",""«Kilometr belgisi» vazifasini bajaradi""}",0,https://lgacbbewpuzeyxijzfii.supabase.co/storage/v1/object/public/test-images/question-443.jpg,300,,YHQ 1-ilovasi 5-bo limining gira yettinchi xatboshisiga asosan: 5.29.1. «Yol ragami». 5.29.1 - yo lga berilgan raqamini bildiradi.
question_444,Avtomagistralda ajratuvchi mintaqaning uzilishlariga kirishga ruxsat etiladimi?,"{""Ruxsat etiladi"",""Faqat orqaga burilish uchun ruxsat etiladi, to'la vazni 3,5 tonnadan ortiq bolgan yuk avtomobillar bundan mustasno"",""Taqiqlanadi"",""Belgilangan yo'nalishdagi transport vositalariga ruxsat etiladi""}",2,https://postimg.cc/Dmfk0bYv,300,,"YHQ 19-bobi 121-bandining to'rtinchi xatboshisiga asosan, avtomagistrallarda quyidagilar taqiqlanadi: ajratuvchi bo lakning texnologik uzilish joylariga kirish va gayrilib olish."
question_445,Transport vositalari chorrahani quyidagi tartibda kesib otadilar:,"{""Qizil avtomobil, tramvay ayni vaqtda yashil avtomobil bilan"",""Tramvay, qizil, yashil avtomobillar"",""Tramvay ayni vaqtda yashil avtomobil, qizil avtomobil""}",0,https://lgacbbewpuzeyxijzfii.supabase.co/storage/v1/object/public/test-images/question-445.jpg,300,,"YHQ 15-bobi 100-bandiga asosan: Svetoforning qizil yoki sariq ishorasi bilan bir vaqtda yongan qo'shimcha tarmoqning yo"" naltirgichli yashil ishorasi yo'nalishida harakatlanayotgan transport vositasining haydovchisi boshqa yo nalishlarda harakatlanayotgan transport vositalariga yo'l berishi kerak."
question_446,Qaysi transport vositasining haydovchisi yolda tezlashish bolagi bolganda unga chiqish qoidasini buzdi?,"{""Har ikki haydovchi"",""Har ikki haydovchi to'g'ri chiqdi"",""Ko'k avtomobil haydovchisi"",""Yashil avtomobil haydovchisi""}",3,https://lgacbbewpuzeyxijzfii.supabase.co/storage/v1/object/public/test-images/question-446.jpg,300,,"YHQ 9-bobi 61-bandiga asosan: Sekinlashish bo'lagi bo'lgan yollarda burilmoqchi bo'layotgan haydovchi o'z vaqtida ushbu tasmaga qayta tizilishi va tezlikni faqat unda kamaytirish kerak. Yo'lga chiqish joyida tezlashish bo'lagi bo'ls, haydovchi unda harakatlanishi va qo'shni tasmada harakatlanayotgan transport vositalariga yo'l"
question_447,Uch tasmali bolgan ikki tomonlama harakat tashkil qilingan yollarda ro'paradagi harakat chun moljallangan chetki chap tasmaga otishga ruxsat etiladimi?,"{""Quib otish uchun ruxsat etiladi"",""Barcha hollarda ruxsat etiladi"",""Taqiqlanadi""}",2,https://postimg.cc/Dmfk0bYv,300,,"YHQ 10-bobi 66-bandiga asosan: Harakat ikki tomonlama bolgan va chiziqlar bilan belgilangan (1.9 yo'l chizigi bilan belgilanganidan tashqari) uchta tasmali yollarda, ikki yo'nalishda harakatlanish uchun moljallangan o'rta gatorga faqat quvib o'tish, aylanib o tish, chapga burilish va qayrilib olish uchungina chiqishga ruxsat etiladi. Qarama-garshi yo nalishda harakatlanish uchun moljallangan chetki chap gatorni egallash taqiqlanadi."
question_448,Haydovchi to'xtash oldidan ogohlantiruvchi ishora berishga qachon majbur?,"{""Faqat shu holdaki, agar uning orqasidan boshqa transport vositasi harakat qilsa"",""Faqat aholi punktlarida"",""Barcha hollarda""}",2,https://postimg.cc/Dmfk0bYv,300,,"YHQ 8-bobi 45-bandining birinchi xatboshisiga asosan: Haydovchi harakatlanishni boshlashdan, qayta tizilishdan, burilish (qayrilib olish) dan va to'xtashdan oldin tegishli yo'nalishni ko'rsatuvchi yorug lik ishoralarini yoqishi, ular bo'lmaganda yoki ishlamaganda qol bilan ishoralar berishi shart."
question_449,To'xtash qoidasini buzgan hamma haydovchilar qaysi javobda korsatilgan?,"{""Qizil avtomobil va mototsikl haydovchilari"",""Ko'k avtomobil haydovchisi"",""Mototsikl haydovchisi"",""Barcha transport vositalarining haydovchilari""}",3,https://lgacbbewpuzeyxijzfii.supabase.co/storage/v1/object/public/test-images/question-449.jpg,300,,"YHQ 1-ilovasi 3-bo'limining o'ttiz birinchi xatboshisiga asosan: 3.27. «To'xtash taqiqlangan». Transport vositalarining to'xtashi va to'xtab turishi taqiqlanishini bildiradi. YHQ 1-ilovasi 7-bo'limining to' qqizinchi xatboshisiga asosan: 7.2.4 - haydovchilarga ularning 3.27 yo'l belgisi ta'sir doirasida ekanliklari haqida axborot beradi. Harakat ikki tomonlama bolgan va chiziqlar bilan belgilangan (1.9 yo'l chizigi bilan belgilanganidan tashqari) uchta tasmali yollarda, ikki yo'nalishda harakatlanish uchun mo'ljallangan o'rta qatorga faqat quvib o'tish, aylanib o'tish, chapga burilish va qayrilib olish uchungina chiqishga ruxsat etiladi. Qarama-qarshi yonalishda harakatlanish uchun moljallangan chetki chap qatorni egallash taqiqlanadi."
question_450,"Agar transport vositasi ishchi tormozining samaradorligi qoidalar talabiga javob bermasa, u holda siz majbursiz:","{""Belgilangan safarni davom ettirishga, bunda kunning yorug' vaqtida yaqinni yorituvchi fara chirog'ini yoqishga"",""Bundan keyingi harakatni to'xtatishga"",""Nosozlikni osha joyda bartarat etishga, agar buning iloji bolmasa, zarur ehtiyoj choralariga rioya qilgan holda to'xtab turish yoki ta'mirlash joyiga evakuator yoki shatakka olish orqali olib borishga""}",2,https://postimg.cc/Dmfk0bYv,300,,"YHQ 2-bobi 12-bandiga asosan: Harakatlanish vaqtida ushbu Qoidalarga 3-ilovada ko'rsatilgan transport vositalaridan foydalanishni taqiqlovchi shartlar yuzaga kelganda, haydovchi ularni bartaraf etishi, agar buning iloji bo lmasa, zarur bolgan ehtiyot choralarini korgan holda ta'mirlash yoki to'xtab turish joyiga evakuator yoki shatakka olish orqali transport vositasini olib borish choralarini ko'rishi mumkin."
question_451,Haydovchi yol-transport hodisasida shikastlangan transport vositasini shatakka olish uchun yuk avtomobilini Ichki ishlar xodimi ixtiyoriga qanday holda berishi kerak?,"{""Faqat shu holdaki, agar shatakka olish yol-yolakay yo'nalishda amalga oshirilsa"",""Har qanday holda, fuqarolarga tegishli transport vositalaridan tashqari"",""Haydovchining istagi boyicha""}",1,https://postimg.cc/Dmfk0bYv,300,,"YHQ 2-bobi 11-bandining 3 punktiga asosan, quyidagi hollarda transport vositasini foydalanish uchun taqdim etishi: Ichki ishlar xodimlariga qonunda belgilangan xollarda kechiktirib bo'lmaydigan xizmat vazifalarini bajarish uchun, shuningdek yol-transport hodisasi tufayli shikastlangan yoki nosoz transport vositalarini olib ketish (shatakka olish) uchun (faqat yuk avtomobilidan)."
question_452,Yo'naltirgichlar bilan ko'rsatilgan qaysi yonalishlarda harakat ruxsat etilgan?,"{""«А»"",""«Б»"",""«А» va «Б»""}",0,https://lgacbbewpuzeyxijzfii.supabase.co/storage/v1/object/public/test-images/question-452.jpg,300,,YHQ 1-ilovasi 5-bolimining yigirma beshinchi xatboshisiga asosan: 5.11.1. «Qayrilib olish joyi». Chapga burilish taqiqlanadi.
question_453,Bu yol chizig'i nimani bildiradi?,"{""Faqat avtobus harakatlanishi uchun moljallangan bolakni bildiradi"",""Faqat belgilangan yonalishdagi transport vositalari harakatlanishi uchun moljallangan bolakni bildiradi"",""Avtobus va trolleybuslar harakatlanishi uchun moljallangan bolakni bildiradi"",""Avtobus va marshrutli taksi (alohida kichik avtobuslar)larning harakatlanishi uchun moljallangan bolakni bildiradi""}",1,https://lgacbbewpuzeyxijzfii.supabase.co/storage/v1/object/public/test-images/question-453.jpg,300,,YHQ 2-ilovasining 1-bo'limidagi 1.23 chizig'i faqat yo nalishli transport vositalari uchun mo'ljallangan bo'lagini bildiradi.
question_454,Chorrahani ikkinchi bo'lib kim kesib o'tadi?,"{""Yashil avtomobil"",""Qizil avtomobil"",""Ko'k avtomobil"",""Sariq avtomobil""}",1,https://lgacbbewpuzeyxijzfii.supabase.co/storage/v1/object/public/test-images/question-454.jpg,300,,"YHQ 16-bobi 104-bandining birinchi xatboshisiga asosan: Teng ahamiyatga ega bo'lmagan yo'llar kesishgan chorrahada, ikkinchi darajali yo'lda harakatlanayotgan transport vositasining haydovchisi asosiy yo'ldan yaqinlashayotgan transport vositalariga, ularning keyingi harakat yo nalishidan qat i nazar, yo'l berishi kerak. YHQ 16-bobi 106-bandiga asosan: Asosiy yo'lning yo'nalishi chorrahada o zgarganda asosiy yo lda harakatlanayotgan haydovchilar o'zaro teng ahamiyatli yo llar chorrahasidan o'tish qoidasiga amal qilishlari kerak. Ikkinchi darajali yollarda harakatlanayotgan haydovchilar ham o'zaro shu qoidaga amal qilishlari kerak."
question_455,Mototsiklning haydovchisi qanday holda chapga to'g'ri burildi?,"{""Chorrahaga chiqdi, yuk avtomobilini o'tkazib yubordi, burilishni tugalladi"",""Chorrahaga chiqdi va tartibga soluvchining ruxsat etuvchi ishorasini kutib, burilishni tugalladi"",""Chorrahaga chiqmasdan to xtab, tartibga soluvchining chapga burilishga ruxsat etuvchi ishorasini kutib, burilishni tugalladi""}",2,https://lgacbbewpuzeyxijzfii.supabase.co/storage/v1/object/public/test-images/question-455.jpg,300,,"YHQ 7-bobi 38-bandiga asosan, tartibga soluvchining qollari yon tomonga uzatilganda yoki tushirilganda: chap va o'ng yon tomonidan tramvayga bo'g'riga, relssiz transport vositalariga to'g'riga va ongga harakatlanishga, piyodalarga qatnov qismini kesib o'tishga ruxsat beriladi."
question_456,Ko'k avtomobilga qaysi yonalishda harakatlanishga ruxsat etiladi?,"{""Faqat orqa yo'nalishda"",""Tog'riga, chap va orqa yonalishda"",""Chap va orqa yo'nalishda"",""Barcha yonalishlarda""}",2,https://lgacbbewpuzeyxijzfii.supabase.co/storage/v1/object/public/test-images/question-456.jpg,300,,"YHQ 10-bobi 66-bandiga asosan: Harakat ikki tomonlama bo'lgan va chiziqlar bilan belgilangan (1.9 yo'l chizig'i bilan belgilanganidan tashqari) uchta tasmali yollarda, ikki yo'nalishda harakatlanish uchun mo'ljallangan o'rta qatorga faqat quvib o'tish, aylanib o'tish, chapga burilish va qayrilib olish uchungina chiqishga ruxsat etiladi. Qarama-qarshi yonalishda harakatlanish uchun moljallangan chetki chap qatorni egallash taqiqlanadi"
question_457,Qayta tizilish oldidan ogohlantiruvchi ishora qachon berilishi kerak?,"{""Bevosita manyovrni bajarishni boshlash oldidan"",""Manyovrni bajarishni boshlagandan song zudlik bilan"",""Manyovrni bajarishni boshlamasidan avvalroq""}",2,https://postimg.cc/Dmfk0bYv,300,,"YHQ 8-bobi 46-bandining birinchi xatboshisiga asosan: Burilish ko'rsatgichi yoki qo'l bilan berilayotgan ishora manyovrni bajarishdan oldinroq berilishi va uni tugallagach, darhol to'xtatilishi kerak (qo'| bilan berilayotgan ishorani manyovrni bevosita bajarishdan oldin tugallash mumkin)."
question_458,Burilish vaqtida qatnov qismining kesishmasidan chiqishda transport vositasi qayerda bo'lmasligi kerak?,"{""Chap tasmada, agar ong tasma bo'sh bo'lsa"",""Qarama-qarshi harakat tomonida"",""Agar bir yo'nalishda harakatlanish uchun uchtadan kam bolmagan tasma bolganda, chap tasmada"",""Ruxsat etilgan tola vazni 3,5 tonnadan ortiq bolgan faqat yuk avtomobillariga bir yonalishda harakatlanishi uchun ikkita tasma bolsa, chap tasmada""}",1,https://postimg.cc/Dmfk0bYv,300,,"YHQ 9-bobi 57-bandining birinchi xatboshisiga asosan: Burilishni shunday amalga oshirish kerakki, bunda qatnov qismlarining kesishmasidan chiqayotgan transport vositasi qarama-qarshi yo'nalishdagi harakat tomoniga o'tib ketmasligi kerak."
question_459,"Yolning chapga burilishiga yaqinlashganingizda, u oylaganingizdan kora ancha keskinroq burilish bolib chiqsa, Siz:","{""Tezlikni o'zgartirmay yol qatnov gismining chap yoqasidan harakatni davom ettirishingiz kerak"",""Harakat tezligini kamaytirishingiz kerak"",""Burilishdan tezroq o'tish uchun tezlikni oshirishingiz kerak""}",1,https://postimg.cc/Dmfk0bYv,300,,"Burilishda o tayotgan vaqtda haydovchi shuni inobatga olishi lozimki, avtomobilning harakat tezligi kattalashganida markazdan qochirma kuch tezlik kvadratiga mos ravishda ortadi va transport vositasini ag'darilishiga olib kelishi mumkin."
question_460,Furgon yukxonasida odamlarni tashishga ruxsat etiladimi?,"{""Taqiqlanadi"",""Ruxsat etiladi"",""Agar ularning tuzilishi odamlarni tashishga moslashtirilgan bolsa, ruxsat etiladi""}",2,https://postimg.cc/Dmfk0bYv,300,,"YHQ 26-bobi 159-bandining ikkinchi xatboshisiga asosan, odamlarni tashish quyidagi hollarda taqiqlanadi: transport vositasining kabinasidan tashqarida (odam tashish uchun mo ljallangan bortli yuk yoki furgon-yuk xonali avtomobillar bundan mustasno)."
question_461,Harakatni boshlashdan avval shaharlararo avtobus haydovchilari nima qilishlari kerak?,"{""Yolovchilarga halokat bo'lganda chiqish joylaridan foydalanish haqida tushuntirish"",""Yolovchilarga chiqish, undan tushish va unga joylashish tartibi haqida tushuntirish"",""Yolovchilarga harakatlanish vaqtida salon ichida yurishlari mumkun emasligi haqida tushuntirish""}",0,https://postimg.cc/Dmfk0bYv,300,,"YHQ 26-bobi 155-bandiga asosan: Harakatni boshlashdan oldin haydovchi yo lovchilarga avtomobilga chiqish, undan tushish va unga joylashish tartibi haqida tushuncha berishi kerak. Haydovchi harakatni boshlashdan oldin yo lovchilarni xavfsiz tashish sharoiti ta'minlanganligiga ishonch hosil qilishi kerak. Izoh: Shaharlararo avtobuslarda tor yo laklar, eshiklarning kichikligi va boshqalar bois yolovchilarning evakuatsiyasi qiyinlashishi"
question_462,Chorrahada harakatlanishning majburiy yonalishini qaysi belgi korsatadi?,"{""1"",""2"",""3"",""4"",""5""}",3,https://lgacbbewpuzeyxijzfii.supabase.co/storage/v1/object/public/test-images/question-462.jpg,300,,"YHQ 1-ilovasi 4-bolimining uchinchi va sakkizinchi xatboshlariga asosan: 4.1.3. «Harakatlanish chapga». 4.1.3 yo'l belgisi qatnov qismining qaysi kesishmasi oldiga o'rnatilsa, shu kesishmaga ta'sir etadi."
question_463,Ushbu tik chizig'i nimani bildiradi?,"{""Yollar ostin-ustun o'tadigan chorrahalarni"",""Harakatlanish tezligi 40 km/soatgacha cheklangan qismini"",""Yol inshootlarining harakatdagi transport vositalariga xavf tug'diradigan tik elementlarini""}",2,https://lgacbbewpuzeyxijzfii.supabase.co/storage/v1/object/public/test-images/question-463.jpg,300,,"YHQ 2-ilovasi 2-bo'limining ikkinchi xatboshisiga asosan: 2.1 - harakatlanayotgan transport vositalariga xavf tug diradigan yol inshootlarining tik elementlari (ko'priklar, yo'l o'tkazgich va estakadalar, ustunlar va h. k.) ni bildi di"
question_464,Transport vositalari haydovchilari avtobus yoki trolleybusga yol berishlari kerak:,"{""Agar u harakatni to'xtash joyidan boshlasa"",""Agar u «tig'iz» soatda marshrut boyicha harakat qilsa"",""Aholi punktlarida, agar u belgilangan to'xtash joyidan (bekatlardan) harakatni boshlasa""}",2,https://postimg.cc/Dmfk0bYv,300,,YHQ 22-bobi 133-bandiga asosan: Haydovchilar aholi punktlarida bekatdan harakatlanishni boshlayotgan avtobus va trolleybuslarga yol berishlari kerak. o'z navbatida avtobus va trolleybus haydovchilari o'zlariga yo'l berilganligiga ishonch hosil qilganliklaridan keyingina harakatlanishni boshlashlari mumkin.
question_465,Harakatlanishga ruxsat etilgan barcha transport vositalari qaysi javobda to'g'ri korsatilgan?,"{""Avtomobillar va mototsikl"",""Barcha transport vositalari"",""Avtomobillar va tramvay""}",0,https://lgacbbewpuzeyxijzfii.supabase.co/storage/v1/object/public/test-images/question-465.jpg,300,,"YHQ 7-bobi 38-bandiga asosan, tartibga soluvchining o'ng qo'li oldinga uzatilganda: chap yonidan tramvayga chapga, relssiz transport vositalariga barcha yo nalishlarda; oldi tomonidan barcha transport vositalariga faqat ongga harakatlanishga ruxsat beriladi; orga tomonidan va опд yonidan barcha transport vositalarining harakatlanishi taqiqlanadi."
question_466,Qaysi transport vositasining haydovchisi yol berishi kerak?,"{""Avtomobil haydovchisi"",""Tramvay haydovchisi""}",0,https://lgacbbewpuzeyxijzfii.supabase.co/storage/v1/object/public/test-images/question-466.jpg,300,,"YHQ 16-bobi 105-bandiga asosan: Teng ahamiyatga ega bolgan yollar kesishgan chorrahada relssiz transport vositasining haydovchisi o'ngdan kelayotgan transport vositalariga yo'l berishi shart. Bu qoidaga tramvay haydovchilari ham o'zaro amal qilishlari kerak. Bunday chorrahalarda, keyingi harakat yo nalishidan qat'i nazar, tramvay relssiz transport vositalariga nisbatan oldin o'tish huquqiga ega bo ladi."
question_467,Ko'k avtomobil haydovchisiga quvib o'tish ruxsat etiladimi?,"{""Ruxsat etiladi"",""Taqiqlanadi"",""Ruxsat etiladi, agar qizil avtomobil 40 km/soatdan kam tezlik bilan harakatlanayotgan bolsa""}",1,https://lgacbbewpuzeyxijzfii.supabase.co/storage/v1/object/public/test-images/question-467.jpg,300,,"YHQ 10-bobi 66-bandiga asosan: Harakat ikki tomonlama bo lgan va chiziqlar bilan belgilangan (1.9 yo'l chizig'i bilan belgilanganidan tashqari) uchta tasmali yollarda, ikki yo nalishda harakatlanish uchun mo'ljallangan o'rta qatorga faqat quvib o'tish, aylanib o'tish, chapga burilish va qayrilib olish uchungina chiqishga ruxsat etiladi. Qarama-qarshi yonalishda harakatlanish uchun mo ljallangan chetki chap qatorni egallash"
question_468,Quyidagi qaysi suratda haydovchi avtomobilni qoidaga xilof ravishda to'xtab turishga qo'ygan?,"{""Faqat chapdagi"",""Chap va o'rtadagi"",""Barchasida""}",1,https://lgacbbewpuzeyxijzfii.supabase.co/storage/v1/object/public/test-images/question-468.jpg,300,,"YHQ 13-bobi 88-bandining birinchi xatboshisiga asosan: Transport vositalariga yo'lning o'ng tomoni yogasida, u bo'lmaganda esa qatnov qismining chetida va ushbu Qoidalarning 89-bandida ko'rsatilgan hollarda trotuarda to'xtash va to'xtab turishga ruxsat etiladi."
question_469,Sirpanchiq yolda yurgizgich bilan tormozlashni qollash orqa uzatmali avtomobil uchun:,"{""Avtomobil turg'unligini oshiradi"",""Avtomobil turg'unligini kamaytiradi"",""Avtomobil turg'unligiga hech qanday ta'sir ko'rsatmaydi""}",0,https://postimg.cc/Dmfk0bYv,300,,"Sirpanchiq yo Ida to xtatish tepkisini uzuq-uzuq bosib, uzatma va ilashish mexanizmini ajratmagan, dvigatel bilan tormozlanishni ishlatgan hamda g'ildiraklarning blokirovkasi (sirg'anish)ga yol qo'ymagan holda to'xtatish lozim."
question_470,Davlat YHX xizmati ruxsatisiz transport vositasining yuk bilan yoki yuksiz harakatlanishiga qanday yuqori maksimal kenglikda yol qo'yiladi?,"{""2,0 m"",""2,55 m"",""3,8 m"",""4,0 m"",""5,0 m""}",1,https://postimg.cc/Dmfk0bYv,300,,"YHQ 27-bobi 164-Bandga asosan: Katta hajmli va og ir vaznli hamda xavfli yuklarni tashishda gabarit o'lchamlari yukli yoki yuksiz holda eni bo yicha 2,55 (refrijeratorlar va izotermik kuzovlar uchun - 2,6) metrdan va balandligi yol sathidan 4 metrdan, uzunligi yakka avtotransport vositasi uchun - 12 metrdan, yarim tirkamali va tirkamali avtopoyezd uchun - 20 metrdan ortiq bo'lgan yoki yuki transport vositasining oldi va orqa nuqtasidan 2 metrdan ortiq chiqib turgan transport vositalarining harakatlanishi DYHXX bilan kelishilishi shart."
question_471,Ko'k avtomobil chorrahani kesib otadi:,"{""Birinchi bolib ayni bir vaqtda qizil bilan"",""Ikkinchi bolib ayni vaqtda qizil bilan"",""Uchinchi bolib ayni vaqtda qizil bilan""}",2,https://lgacbbewpuzeyxijzfii.supabase.co/storage/v1/object/public/test-images/question-471.jpg,300,,"YHQ 6-bobi 25-bandining birinchi xatboshisiga asosan: Ko'k yoki ko'k va qizil rangli yalt-yalt etuvchi chiroq-mayoqchasi yoqilgan transport vositalarining haydovchilari kechiktirib bo lmaydigan xizmat vazifalarini bajarayotib, yo'l harakati xavfsizligini ta minlash sharti bilan ushbu Qoidalarning 7 bob (38-bandidan tashqari), 9-16, 19-20 boblari, 1 va 2-ilovalari talablaridan chetga chiqishlari mumkin. YHQ 16-bobi 105-bandiga asosan: Teng ahamiyatga ega bolgan yo'llar kesishgan chorrahada relssiz transport vositasining haydovchisi ongdan kelayotgan transport vositalariga yol berishi shart."
question_472,Qaysi belgi to'xtamasdan o'tishni taqiqlaydi?,"{""1"",""2"",""3"",""4"",""5""}",3,https://lgacbbewpuzeyxijzfii.supabase.co/storage/v1/object/public/test-images/question-472.jpg,300,,YHQ 1-ilovasi 3-bo'limining o'n to'qqizinchi xatboshisiga asosan: 3.17.1. «Bojxona». Bojxona (tekshiruv maskani) oldida to'xtamasdan o'tish taqiqlanishini bildiradi.
question_473,Ushbu tik chizig'i nimani bildiradi?,"{""Yolning xavfli joylaridagi harakatlanish bolagi yuzasini bildiradi"",""Yolning boshqa qismlarida yo'l chetidagi to'siqlarning yon chegarasini belgilaydi"",""Xavfli yol qismlarida bordyurlarni belgilaydi"",""Yonaltiruvchi ustunchalar, beton yoki temir-beton ustunchalar, to'siq ustunchalari va shunga oxshashlarni belgilaydi""}",1,https://lgacbbewpuzeyxijzfii.supabase.co/storage/v1/object/public/test-images/question-473.jpg,300,,YHQ 2-ilovasi 2-bolimining yettinchi xatboshisiga asosan: 2.6 - boshga joylardagi to'siqlarning yon yuzalarini bildiradi.
question_474,Haydovchi oq hassa bilan ishora berayotgan ko'zi ojiz piyodalarni o'tkazib yuborishi kerakmi?,"{""Barcha hollarda o'tkazib yuborishi kerak, shu jumladan, piyodalar o'tish joylardan tashqarida ham"",""Tartibga solinadigan piyodalar o'tish joyida otkazib yuborishi kerak"",""Tartibga solinmagan piyodalar otish joyida o'tkazib yuborishi kerak"",""Har qanday piyodalar o'tish joyida o'tkazib yuborishi kerak""}",0,https://postimg.cc/Dmfk0bYv,300,,"YHQ 17-bobi 113-bandiga asosan: Barcha hollarda, shu jumladan, piyodalar o tish joylaridan tashqarida ham haydovchi oq hassa bilan ishora berayotgan ko'zi ojiz piyoda (lar) ni o'tkazib yuborishi kerak."
question_475,Qaysi rasmda haydovchi to'g'ri burilmoqda?,"{""Chapdagi rasmda"",""O'ngdagi rasmda""}",0,https://lgacbbewpuzeyxijzfii.supabase.co/storage/v1/object/public/test-images/question-475.jpg,300,,"YHQ 7-bobi 38-bandiga asosan, tartibga soluvchining qo'llari yon tomonga uzatilganda yoki tushirilganda: chap va o'ng yon tomonidan tramvayga to'g'riga, relssiz transport vositalariga to'g'riga va o'ngga harakatlanishga, piyodalarga qatnov qismini kesib o'tishga ruxsat beriladi."
question_476,Qaysi avtomobil to'xtab turishga to'g'ri qo'yilgan?,"{""Yengil avtomobil"",""Har ikkisi noto'g'ri qo'yilgan"",""Har ikkisi to'g'ri qo'yilgan"",""Yuk avtomobili""}",1,https://lgacbbewpuzeyxijzfii.supabase.co/storage/v1/object/public/test-images/question-476.jpg,300,,"YHQ 13-bobi 88-bandining uchinchi xatboshisiga asosan: Ruxsat etilgan to la vazni 3,5 tonnadan ko p bolgan yuk avtomobillari bir tomonlama harakatli yo'llarning chap tomonida faqat yuk ortish va tushirish uchun to'xtashlari mumkin. YHQ 13-bobi 91-bandining beshinchi xatboshisiga asosan, quyidagi joy va holatlarda to'xtash taqiqlanadi: piyodalar o'tish joylarida va ulardan oldin 10 metrdan kam masofa qolganda."
question_477,"Agar qatnov qismining kengligi chetki chap tasmadan qayrilib olish uchun yetarli bolmasa, qoidalar qayrilib olishni qatnov qismining o'ng chekkasi yoki yolning ong yoqasidan amalga oshirishga yol qo'yadimi?","{""Qatnov qismining faqat ong chekkasidan yol qo'yadi. Yolning o'ng yoqasidan yol qo'yilmaydi"",""Yol qo'yiladi. Bunda qayrilib olayotgan haydovchi yolakay va qarama-qarshi kelayotgan transport vositalarini otkazib yuborishi kerak"",""Yol qo'yilmaydi""}",1,https://postimg.cc/Dmfk0bYv,300,,"YHQ 9-bobi 59-bandining ikkinchi xatboshisiga asosan: Chorrahadan tashqarida qayrilib olishda, agar qatnov qismining kengligi manyovrni chetki chap holatdan bajarish uchun yetarli bo'lmasa, uni qatnov qismining o'ng chetidan (o'ng yo'l yoqasidan) amalga oshirishga yol qo yiladi. Bu holda haydovchi shu yo'nalishdagi va qarama-qarshi yo nalishdagi transport vositalariga yol berishi shart."
question_478,"Aholi punktlarida relssiz transport vositalariga, agar bir yonalishda uch va undan ortiq harakatlanish tasmasi bolganda qaysi tasmadan harakatlanishga ruxsat etiladi? Yuk avtomobillari hisobga kirmaydi","{""Har qanday tasma bo yicha"",""lloji boricha qatnov qismining ong chekkasiga yaqin tasma boyicha"",""Chapki chekkadan tashqari har qanday tasma bo'yicha. Unga faqat boshqa tasmalarda harakat serqatnov bolganda, shuningdek, chapga burilish, orqaga qayrilish va bir tomonlama harakat tashkil qilingan yolda to tash uchun otishga ruxsat etiladi""}",2,https://postimg.cc/Dmfk0bYv,300,,"YHQ 10-bobi 67-bandining uchinchi xatboshisiga asosan: Bir yo'nalishdagi uch va undan ortiq tasmali har qanday yo lda chetki chap qatorni harakat serqatnovligi sababli boshqa tasmalar band bo'lgan hollarda, shuningdek, quvib o'tish, chapga burilish yoki qayrilib olishga, yuk avtomobillariga faqat chapga burilish yoki qayrilib olish uchun chetki chap qatorni egallashga ruxsat etiladi."
question_479,Svetoforning bir vaqtda yoqilgan qizil va sariq ishoralari nimani bildiradi?,"{""Harakatni boshlash mumkin"",""Harakatni taqiqlaydi va tezda yashil ishora yoqilishi haqida ogohlantiradi"",""Chorrahaga maxsus ovoz yoki miltillovchi chiroq bilan ishora berayotgan transport vositasi yaqinlashib kelayotganligini""}",1,https://lgacbbewpuzeyxijzfii.supabase.co/storage/v1/object/public/test-images/question-479.jpg,300,,"YHQ 7-bobi 31-bandining yettinchi xatboshisiga asosan, svetoforning doirali ishoralari quyidagi ma'noni bildiradi: qizil va sariq ishoralarning bir vagtda yonishi harakatlanishni taqiqlaydi va ko'p o'tmay yashil ishora yonishi haqida axborot beradi."
question_480,Avtomobilga ornatilgan bu taniqlik belgi nimani bildiradi?,"{""Avtomobil shifokor haydovchiga tegishli ekanini"",""Avtomobil haydovchi nogironga tegishli ekanini"",""Avtomobil uyda tibbiy yordam korsatish uchun moljallanganligini""}",0,https://lgacbbewpuzeyxijzfii.supabase.co/storage/v1/object/public/test-images/question-480.jpg,300,,"YHQ 26-bobi 176-bandining ơ'n uchinchi xatboshisiga asosan: «Shifokor» - shifokor-haydovchi boshqarayotgan transport vositasining old va orqa tomoniga o'rnatiladigan, tomonlari 140 millimetr bo'lgan, ko'k rangli, to'rtburchak ichida diametri 90 millimetrli oq doiraga qalinligi 25 millimetrli qizil xoch tasviri"
question_481,Bu yerda avtomobil to'xtashiga ruxsat berilganmi?,"{""Taqiqlangan, chunki uzuq-uzug yotiq chizig bilan to'xtab turgan va avtomobil orasidagi masofa 3 metrdan kam"",""Oyning juft kunlarida taqiqlangan"",""Ruxsat berilgan""}",2,https://lgacbbewpuzeyxijzfii.supabase.co/storage/v1/object/public/test-images/question-481.jpg,300,,YHQ 1-ilovasi 3-bo'limining o'ttiz ikkinchi xatboshisiga asosan: 3.28. «To'xtab turish taqiqlangan». Transport vositalarining to xtab turishi taqiqlanishini bildiradi. YHQ 1-bobi 6-bandining yigirma yettinchi xatboshisiga asosan: Toxtash - transport vositasi harakatini 10 daqiqagacha bolgan muddatga to xtatish (harakatsiz holatga keltirish).
question_482,Bu belgi qaysi transport vositalariga tegishli emas?,"{""Traktorlar va o'zi yurar avtomobillarga"",""Avtobuslar va mikroavtobuslarga"",""Belgi tasirida joylashgan korxonalarga xizmat etayotgan transport vositasiga""}",2,https://lgacbbewpuzeyxijzfii.supabase.co/storage/v1/object/public/test-images/question-482.jpg,300,,"YHQ 1-ilovasi 3-bo limining uchinchi va o'ttiz sakkizinchi xatboshlariga asosan: 3.2. «Harakatlanish taqiqlangan». Barcha transport vositalarining harakatlanishi taqiqlanishini bildiradi. 3.2 belgisi belgilangan zonada joylashgan korxonalarga xizmat ko'rsatuvchi transport vositalariga, shuningdek, belgilangan zonada yashaydigan yoki ishlaydigan fuqarolarga xizmat qiluvchi yoki ularga tegishli bo'lgan transport vositalariga ta'sir qilmaydi."
question_483,Qaysi transport vositalari yo'lovchilarni tushirish uchun noto'g'ri to'xtagan?,"{""Qizil avtomobil"",""Ko'k avtomobil"",""Mototsikl"",""Har ikki avtomobil""}",0,https://lgacbbewpuzeyxijzfii.supabase.co/storage/v1/object/public/test-images/question-483.jpg,300,,"YHQ 2-ilovasi 1-bolimining oltinchi xatboshisiga asosan: 1.4 - to'xtash taqiqlangan joyni bildiradi. Yakka holda yoki 3.27 «To'xtash taqiqlangan» yo'l belgisi bilan qo'llaniladi hamda yo Ining qatnov qismi chetiga yoki yo'l chetidagi to'siq ustidan chiziladi. YHQ 13-bobi 91-bandiga asosan, Quyidagilarda to'xtash taqiqlanadi: bekat maydonchalarida, yo'nalishli transport vositalari to'xtash joylarida, jumladan, 1.17 chizig'i bilan belgilangan, ular bo'lmaganda esa yo'nalishli transport vositalari to'xtash joyi belgilari va bekatdan harakatlanish yo'nalishi bo'ylab (etmasdan va o'tib ketib) 15 metrdan kam masofada (yo nalishli transport vositalari harakatiga xalaqit bermasa yo lovchilarni chiqarish yoki tushirish uchun to'xtash bundan mustasno)."
question_484,Bu yol belgisi nimani bildiradi?,"{""Shlagbaum bilan jihozlanmangan bir izli temir yol kesishmasini"",""Shlagbaum bilan jihozlangan bir izli temir yol kesishmasini"",""Shlagbaum bilan jihozlanmagan ikki va undan kop izli temir yol kesishmasini""}",2,https://lgacbbewpuzeyxijzfii.supabase.co/storage/v1/object/public/test-images/question-484.jpg,300,,YHQ 1-ilovasi 1-bo'limining oltinchi va yettinchi xatboshlariga asosan: 1.3.2. «Ko'p izli temir yo'l». 1.3.2. — ikki va undan ortiq izli temir yo'l belgisi shlagbaum bilan jihozlanmagan temir yo'l kesishmasi oldida o'rnatiladi.
question_485,Harakatlanish taqiqlangan:,"{""Ko'k avtomobilga - chapga"",""Ko'k avtomobilga - to'g'riga, qizil avtomobilga - to'g'riga va ó'ngga"",""Qizil avtomobilga to'g'riga va óngga YHQ 7-bobi 38-bandiga asosan: Tartibga soluvchining ishoralari quyidagi ma'noni bildiradi: Qo llari yon tomonga uzatilganda yoki tushirilganda: chap va o'ng yon tomonidan tramvayga to'g'riga, rel'ssiz transport vositalariga to'g'riga va ongga harakatlanishga, piyodalarga qatnov qismini kesib o tishga ruxsat beriladi; old va orqa tomonidan barcha transport vositalari va piyodalarning harakatlanishi taqiqlanadi. ong qo'li oldinga uzatilganda: chap yonidan tramvayga chapga, relssiz transport vositalariga barcha yo nalishlarda; oldi tomonidan barcha transport vositalariga faqat ongga harakatlanishga ruxsat beriladi; orqa tomonidan va o'ng yonidan barcha transport vositalarining harakatlanishi taqiqlanadi; piyodalarga tartibga soluvchining orqa tomonida qatnov gismini kesib o'tishga ruxsat etiladi. Qo lini yuqoriga ko targanda: ushbu Qoidalarning 42-bandida ko'rsatilganidan boshqa hollarda transport vositalari va piyodalarning barcha yo nalishlarda harakatlanishi taqiqlanadi; tartibga soluvchi haydovchi va piyodalarga tushunarli bolgan boshqa ishoralarni ham berishi mumkin. Ishoralar yaxshi ko'rinishi uchun tartibga soluvchi jezl yoki yorug'lik qaytaradigan qizil rangli moslamalarni qo'llashi mumkin. Shuningdek, tartibga soluvchi o'z faoliyatini maxsus moslama (tumba) ustida turib olib borishi mumkin.""}",0,https://lgacbbewpuzeyxijzfii.supabase.co/storage/v1/object/public/test-images/question-485.jpg,300,,
question_486,Sekinlashish bolagi bolgan yolda qaysi transport vositasi undan chiqish qoidasini buzdi?,"{""Har ikki transport vositasi"",""Sariq avtomobil"",""Har ikki transport vositasi to'g'ri burilyapti""}",1,https://lgacbbewpuzeyxijzfii.supabase.co/storage/v1/object/public/test-images/question-486.jpg,300,,YHQ 9-bobi 57-bandining ikkinchi xatboshisiga asosan: O'ngga burilayotgan transport vositasi iloji boricha qatnov qismining o'ng chetiga yaqinroqda harakatlanishi kerak. YHQ 9-bobi 61-bandining birinchi xatboshisiga asosan: Sekinlashish bo lagi bor bolgan yo lda burilmoqchi bo lgan haydovchi o z vagtida ushbu tasmaga qayta tizilishi va tezlikni faqat unda kamaytirishi kerak.
question_487,Ko'rsatilgan belgilardan qaysi biri avtomagistralga o'rnatiladi?,"{""1"",""2"",""3"",""4"",""5""}",2,https://lgacbbewpuzeyxijzfii.supabase.co/storage/v1/object/public/test-images/question-487.jpg,300,,YHQ 1-ilovasi 5-bo limining gira yettinchi xatboshisiga asosan: 5.29.1. «Yol ragami». 5.29.1 - yolga berilgan ragamni bildiradi.
question_488,Haydovchining ozi aniqlay oladigan harakatlanish uchun to'sqinlik yoki xavf tug'ilganda qanday choralar ko'rishi kerak?,"{""Xavfsizlik choralariga rioya qilgan holda tezlikni kamaytirishi va xavfli yol qismidan o tishi"",""Tezlikni transport vositasi to'xtagunicha kamaytirishi yoki to'siqni aylanib otishning boshqa harakat qatnashchilari uchun xavfsiz choralarni ko'rishi"",""Sodir bolgan hodisa haqida Ichki ishlarga xabar berishi"",""Davlat YHX xizmatining eng yaqin mahkamasiga yoki ichki ishlar idorasiga kelishi va paydo bolgan to'sqinliklar yoki xavf-xatar to'grisida xabar berishi""}",1,https://postimg.cc/Dmfk0bYv,300,,"YHQ 11-bobi 77-bandining uchinchi xatboshisiga asosan: Harakatlanish vagtida haydovchi aniqlay olishi imkoniyatidagi xavf yuzaga kelsa, u transport vositasining tezligini u tola to'xtashni ta minlaydigan darajada kamaytirishi yoki to'siqni boshqa harakat qatnashchilari uchun xavf tug'dirmagan holda aylanib o'tish choralarini ko'rishi kerak."
question_489,"Jabrlanuvchining yurak faoliyati yoki nafas olishi to'xtaganda, unga qanday ketma-ketlikda birinchi yordam korsatish zarur?","{""Yurakni massaj qilish, nafas yollarini bo'shatish, sun'iy nafas oldirish"",""Sun'iy nafas oldirish, yurakni ustidan massaj qilish, nafas yollarini bo'shatish"",""Nafas yollarini bo'shatish, sun'iy nafas oldirish va yurakni ustidan massaj qilish""}",2,https://postimg.cc/Dmfk0bYv,300,,"O'pkaning sun'iy ventilyasiyasi samarali bo'lishi uchun nafas olish yo llariga havoning erkin o'tishini ta'minlash zarur. Og'iz bo'shlig'i shilliq qon, qusuq va boshqa jismlardan xoli ekanligiga ishonch hosil qilish kerak. To'qimalarga kislorod kelishi va qon aylanishini ta'minlash uchun орКада kislorod kelishini kuchaytirish bilan birga yurak urish faoliyatini qayta tiklashga darhol kirishish lozim."
question_490,Sanab otilgan shartlardan qay birida avtomobillar va avtopoyezdlardan foydalanish taqiqlanadi?,"{""Gidravlik tormoz tizimining zichligi buzilganda"",""Tormoz tizimining samaradorligi qoida talablariga javob beradi"",""Toxtab turish tormoz tizimi harakatsiz holatda tola vazndagi transport vositalarini 16 foizidan kam bolmagan qiyalikda ushlab tura olganda""}",0,https://postimg.cc/Dmfk0bYv,300,,YHQ 3-ilovasi 1-bo'limining 1.3-bandiga asosan: 1.3. Gidravlik tormoz yuritmasining zichligi (germetikligi) buzilgan bo'lsa.
question_491,"Qaysi belgi agar yuk avtomobilining tirkamasi bilan birga ruxsat etilgan toliq vazni 7 tonnaga teng bolsa, tirkamali avtomobillarning harakatlanishini taqiqlaydi?","{""1"",""2"",""3"",""4"",""5""}",3,https://lgacbbewpuzeyxijzfii.supabase.co/storage/v1/object/public/test-images/question-491.jpg,300,,"YHQ 1-ilovasi 3-bo limining to qqizinchi xatboshisiga asosan: 3.7. «Tirkama bilan harakatlanish taqiqlanadi». Yuk tashuvchi transport vositalari, traktorlarning barcha turdagi tirkamalar bilan harakatlanishi, shuningdek mexanik transport vositalarini har qanday usulda shatakka olish taqiqlanishini bildiradi."
question_492,Belgilardan qay biri ajratuvchi mintaqasi bolgan yolning harakat uchun yopiq qatnov qismini aylanib o'tish yonalishini korsatadi?,"{""1"",""2"",""3"",""4"",""5""}",4,https://lgacbbewpuzeyxijzfii.supabase.co/storage/v1/object/public/test-images/question-492.jpg,300,,YHQ 1-ilovasi 5-bo'limining ellik ikkinchi xatboshisiga asosan: 5.34.2. «Boshqa qatnov qismiga qayta tizilishning boshlang ich ko'rsatkichi». Ajratuvchi bo'lagi bo'lgan yo'Ining harakatlanish uchun yopia hududini aylanib o tish yoki o'ng tomondagi qatnov qismiga qaytish uchun harakatlanish yo nalishini bildiradi.
question_493,Yol chizig'i bilan ajratilgan bekat maydonchasidan harakatlanish uchun foydalanishga ruxsat etiladimi?,"{""Ruxsat etiladi"",""Taqiqlanadi"",""Toxtash joyida tramvay bolmaganda ruxsat etiladi""}",1,https://lgacbbewpuzeyxijzfii.supabase.co/storage/v1/object/public/test-images/question-493.jpg,300,,"YHQ 2-ilovasi 1-bo limining uchinchi xatboshisiga asosan: 1.1 - qarama-qarshi yo nalishlarda harakatlanayotgan transport oqimlarini ajratadi, yo'Ining xavfli joylaridagi harakatlanish bo'lagi chegarasini bildiradi; yo lning kirish taqiqlangan qismi chegarasini belgilaydi. YHQ 13-bobi 91-bandining to' qqizinchi xatboshisiga asosan: bekat maydonchalarida, yo nalishli transport vositalari to xtash joylarida, jumladan, 1.17 chizig'i bilan belgilangan, ular bo'lmaganda esa yo'nalishli transport vositalari to'xtash joyi belgilari va bekatdan harakatlanish yo'nalishi bo'ylab (yetmasdan va o'tib ketib) 15 metrdan kam masofada to'xtash taqiqlanadi."
question_494,Chorrahani transport vositalari quyidagi tartibda kesib otadilar:,"{""Hamma bir vaqtda"",""Ko'k, qizil, yashil"",""Ko'k ayni vaqtda yashil bilan, qizil"",""Qizil, yashil bilan, ko'k""}",0,https://lgacbbewpuzeyxijzfii.supabase.co/storage/v1/object/public/test-images/question-494.jpg,300,,YHQ 16-bobi 105-bandiga asosan: Teng ahamiyatga ega bolgan yollar kesishgan chorrahada relssiz transport vositasining haydovchisi o'ngdan kelayotgan transport vositalariga yo l berishi shart
question_495,Harakatlanish ruxsat etilgan:,"{""Qizil avtomobilga"",""Mototsiklga"",""Tramvayga va qizil avtomobilga"",""Tramvayga"",""Ko'k avtomobilga""}",0,https://lgacbbewpuzeyxijzfii.supabase.co/storage/v1/object/public/test-images/question-495.jpg,300,,"YHQ 7-bobi 38-bandiga asosan, tartibga soluvchining o'ng qo'li oldinga uzatilganda: chap yonidan tramvayga chapga, relssiz transport vositalariga barcha yo'nalishlarda; oldi tomonidan barcha transport vositalariga faqat o'ngga harakatlanishga ruxsat beriladi; orqa tomonidan va o'ng yonidan barcha transport vositalarining harakatlanishi taqiqlanadi."
question_496,Mazkur vaziyatda qizil avtomobilga quvib o'tishga ruxsat etiladimi?,"{""Ruxsat etiladi"",""Taqiqlanadi"",""Quvib o'tilayotgan transport vositasining tezligi 40 km/soatdan kam bo'lganda ruxsat etiladi""}",0,https://lgacbbewpuzeyxijzfii.supabase.co/storage/v1/object/public/test-images/question-496.jpg,300,,"YHQ 12-bobi 86-bandining ikkinchi xatboshisiga asosan, quvib o'tish quyidagi hollarda taqiqlanadi: tartibga solinmaydigan chorrahalarda asosiy hisoblanmaydigan ll d h k tl i hd"
question_497,Haydovchi aholi punktidan tashqarida harakat qoidalarini buzmoqdami?,"{""На"",""Yơ'q""}",0,https://lgacbbewpuzeyxijzfii.supabase.co/storage/v1/object/public/test-images/question-497.jpg,300,,YHQ 10-bobi 67-bandining birinchi xatboshisiga asosan: Aholi punktlaridan tashqaridagi yo'llarda hamda aholi punktlarida ayrim turdagi transport vositalari uchun ushbu Qoidalarda belgilangandan yugori tezlikda harakatlanish ruxsat etilgan yo'l qismlarida haydovchilar transport vositalarini mumkin qadar qatnov qismining o'ng chetiga yaqinroq olib harakatlanishlari kerak. O'ng tasmalar bo'sh bolganda chap tasmalarni egallash taqiqlanadi.
question_498,Transport vositalarining temir yol kesishmasiga qancha masofadan yaqinroqda to'xtab turishlari taqiqlanadi?,"{""300 m"",""150 m"",""100 m"",""50 m."",""25 m""}",3,https://postimg.cc/Dmfk0bYv,300,,YHQ 13-bobi 92-bandining uchinchi xatboshisiga asosan: to'xtab turish taqiqlanadi: temir yo'l kesishmalariga 50 metrdan kam masofada.
question_499,"Agar jonlantirishni (reanimatsiyani) 2 kishi bir vaqtda olib borganda, yurakni bilvosita massaj qilish va sun'iy nafas oldirish qanday bajariladi?","{""Bir marta kokrak qafasi bosiladi, bir marta havo puflanadi va hokazo"",""Ikki marta havo puflanadi, song yurak sohasi 30 marta bosiladi va hokazo"",""2-3 marta havo puflangandan song 15 marta ko krak qafasi bosiladi""}",1,https://postimg.cc/Dmfk0bYv,300,,"Agar jonlantirishni (reanimatsiyani) 2 kishi bir vaqtda olib borganda, yurakni bilvosita massaj qilish va sun iy nafas oldirish ganday bajariladi? Bir marta ko krak qafasi bosiladi, bir marta havo puflanadi va hokazo Ikki marta havo puflanadi, so'ng yurak sohasi 30 marta bosiladi va hokazo 2-3 marta havo puflangandan so'ng 15 marta ko krak qafasi bosiladi Agar jabrlanuvchida yurak urish faoliyati va nafas olishi to'xtagan bo lsa, yurakning tashqi massaji bilan birga sun iy nafas oldirish amalga oshiriladi. Bunday hollarda nafas olish oraliqlarida ko'krak qafasi 30 marta keskin bosiladi."
question_500,Tashiladigan yuk vaznini va o'qlar bo yicha tushadigan og'irlikni taqsimlashni kim tartibga solib turadi?,"{""Davlat YHXX"",""Avtoxojalik ma'muriyati"",""Mazkur transport vositasini tayyorlovchi - korxona""}",2,https://postimg.cc/Dmfk0bYv,300,,YHQ 27-bobi 160-bandiga asosan: Tashilayotgan yukning vazni va o'qlarga tushadigan og'irlik miqdorining taqsimlanishi ishlab chigargan korxona tomonidan ushbu transport vositasi uchun belgilangan miqdordan oshmasligi kerak.
question_501,Belgilangan yonalishli transport vositalariga qaysilar kiradi?,"{""Avtobus va yonalishli taksilar"",""Tramvay va trolleybuslar"",""Belgilangan yonalish bo'yicha harakatlanadigan avtobus, trolleybus, tramvay va yonalishli taksilar""}",2,https://postimg.cc/Dmfk0bYv,300,,"YHQ 1-bobi 6-bandining o'n to'rtinchi xatboshiga asosan: Yo nalishli transport vositasi - belgilangan yo'nalishi va bekatlari bo'lgan, yo lovchi tashish uchun mo ljallangan umum foydalanishdagi transport vositalari (trolleybus, tramvay, avtobus, yo nalishli taksi)."
question_502,Qaysi belgi chapga burilishga ruxsat beradi?,"{""1"",""2"",""3"",""4"",""5""}",2,https://lgacbbewpuzeyxijzfii.supabase.co/storage/v1/object/public/test-images/question-502.jpg,300,,"YHQ 1-ilovasi 3-bolimining yigirma uchinchi xatboshisiga asosan: 3.19. «Qayrilish taqiqlangan». Izoh. 3.19. — belgisi qaysi kesishmaga o'rnatilsa faqat shu kesishmaga ta'luqli bo'lib, chapga burilishni taqiqlamaydi."
question_503,Bu belgi o'rnatilgan yo'lda avtobuslarga harakatlanish ruxsat etiladimi?,"{""Faqat ruxsat etilgan tola vazni 3,5 tonnadan ortiq, bolmagan avtomobilga ruxsat etiladi"",""Taqiqlanadi"",""Ruxsat etiladi""}",2,https://lgacbbewpuzeyxijzfii.supabase.co/storage/v1/object/public/test-images/question-503.jpg,300,,
question_504,Chorrahani oxirgi bolib kesib otadi:,"{""Kok avtomobil"",""Yashil avtomobil"",""Qizil avtomobil""}",0,https://lgacbbewpuzeyxijzfii.supabase.co/storage/v1/object/public/test-images/question-504.jpg,300,,YHQ 16-bobi 105-bandiga asosan: Teng ahamiyatga ega bolgan yollar kesishgan chorrahada relssiz transport vositasining haydovchisi o'ngdan kelayotgan transport vositalariga yo'l berishi shart.
question_505,Qaysi transport vositalariga harakatlanish ruxsat etiladi?,"{""Sariq va qizil avtomobilga"",""Yashil, qizil va oq avtomobilga"",""Oq va yashil avtomobilga""}",0,https://lgacbbewpuzeyxijzfii.supabase.co/storage/v1/object/public/test-images/question-505.jpg,300,,"YHQ 7-bobi 38-bandiga asosan, tartibga soluvchining qo llari yon tomonga uzatilganda yoki tushirilganda: chap va o'ng yon tomonidan tramvayga bo'g'riga, relssiz transport vositalariga to'g'riga va ongga harakatlanishga, piyodalarga qatnov qismini kesib o'tishga ruxsat beriladi; old va orqa tomonidan barcha transport vositalari va piyodalarning harakatlanishi taqiqlanadi."
question_506,Yolovchilarni tushirish uchun qaysi transport vositalari to'g'ri to'xtadi?,"{""Yengil avtomobil"",""Mototsikl"",""Avtobus"",""Barcha transport vositalari""}",0,https://lgacbbewpuzeyxijzfii.supabase.co/storage/v1/object/public/test-images/question-506.jpg,300,,"YHQ 13-bobi 91-bandining beshinchi xatboshisiga asosan, quyidagi joy va holatlarda to'xtash taqiqlanadi: piyodalar o'tish joylarida va ulardan oldin 10 metrdan kam masofa qolganda."
question_507,"Bunday yol belgisi bilan belgilangan yol qismlarida ruxsat etilgan tola vazni 3,5 tonnadan ortiq bolgan yuk avtomobillarining qanday yuqori tezlik bilan harakatlanishiga ruxsat etiladi?","{""60 km/s"",""90 km/s"",""80 km/s"",""70 km/s"",""100 km/s""}",2,https://lgacbbewpuzeyxijzfii.supabase.co/storage/v1/object/public/test-images/question-507.jpg,300,,"YHQ 11-bobi 79-bandining uchinchi xatboshisiga asosan, aholi punktlaridan tashqarida: boshga avtobuslar, tirkamali yengil avtomobillar, mototsikllar, elektromototsikllar ruxsat etilgan to'la vazni 3,5 tonnadan ortiq bo'lgan yuk avtomobillariga tezlikni soatiga 80 kilometrdan oshirmasdan."
question_508,Kok avtomobil haydovchisi nima qilishi kerak?,"{""Sariq avtomobilga u orqadan kelayotgani uchun yol bermay, moljallangan yonalishda chorrahani kesib o'tishi"",""Qarama-qarshi harakat bolagiga darhol qayta tizilishi"",""Tezlikni kamaytirishi, sariq, avtomobilga quvib o'tishni tugallashiga imkon berishi, song esa chapga burilishi""}",2,https://lgacbbewpuzeyxijzfii.supabase.co/storage/v1/object/public/test-images/question-508.jpg,300,,"YHQ 16-bobi 107-bandiga asosan: Chapga burilishda yoki qayrilib olishda relssiz transport vositasining haydovchisi teng ahamiyatli yo'ldan qarama-qarshi yo'nalishdan to'g'riga yoki o'ngga harakatlanayotgan, shuningdek ruxsat etilgan hollarda quvib o'tayotgan transport vositalariga yol berishi shart."
question_509,"«Gazel» yuk avtomobilining yuk bilan balandligi yol sathiidan 3,8 metr bo'lsa, uni tashish mumkinmi?","{""Ruxsat beriladi"",""Ruxsat berilmaydi"",""Ruxsat beriladi, faqat yonalishlarda osma ko'priklar, osma yollar (estakada) bolmasa""}",0,https://postimg.cc/Dmfk0bYv,300,,"YHQ 27-bobi 164-bandining birinchi xatboshisiga asosan: O'ta og'ir, katta o'lchamli va xavfli yuklarni tashishda gabarit o'Ichamlari yukli yoki yuksiz holda eni bo yicha 2,55 (refrijeratorlar va izotermik kuzovlar uchun - 2,6) metrdan va balandligi bo'yicha yol sathidan 4 metrdan, uzunligi bo'yicha yakka avtotransport vositasi uchun - 12 metrdan, tirkama uchun - 12 metrdan, yarimtirkamali avtopoezd uchun - 20 metrdan, tirkamali avtopoezd uchun - 20 metrdan ortiq bo'lgan yoki yuki transport vositasining oldi va orqa nuqtasidan 2 metrdan ortiq chiqib turgan transport vositalarining harakatlanishi belgilangan tartibda DYHXX bilan kelishilgan bo lishi kerak."
question_510,"Agar pnevmatik uzatmaning zichligi buzilib, kompressor ishlamay turganda boshqaruv asboblarining erkin holatida havo bosimining 30 daqiqada qancha MPa-ga pasayishiga sabab bolsa, tormoz tizimi nosoz hisoblanadi?","{""0,025"",""0,035"",""0,05"",""0,055"",""0,06""}",2,https://postimg.cc/Dmfk0bYv,300,,"YHQ 3-ilovasi 1-bo'limining 1.4-bandiga asosan: 1.4. Dvigatel ishlamay turganda pnevmatik yoki pnevmogidravlik tormoz yuritmasining zichligini buzilishi, boshqaruv qismlari ulanmaganda - 30 daqigada, ulanganida - 15 daqigada tizimdagi havo bosimini 0,05 MP dan ko'pga pasayishiga sabab bo'lsa. o'ildiraklardagi tormoz kameralaridan siqilgan havo chiqayotgan bo'lsa."
question_511,"Avtomobil harakatlanayotganda kutilmaganda shinasi yorilib ketsa, haydovchi nima qilishi zarur?","{""Ishchi tormoz bilan to'la to'xtaguncha keskin tormozlash"",""Avtomobilni to'xtab turish tormozi yordamida to'xtatish"",""Rulni ushlab turish, to'g'ri chiziqda harakatni saqlash, tezlikni kamaytirish va to'xtatish""}",2,https://postimg.cc/Dmfk0bYv,300,,"Shinalarning birida bosimning kamayishi uning aylanishiga qarama-garshiligini kuchaytiradi va kondalang gattiqligini kamaytiradi. Shuning uchun bosimi bo Imagan shina bilan avtomobil yon tomonga og'adi. Boshqarishni saqlab golish uchun haydovchi rul chambaragini ushlab turib, tezligini pasaytirishi va to'xtatish lozim."
question_512,Belgilardan qaysi biri bevosita yolning xavfli qismi oldiga o'rnatiladi?,"{""F2 2"",""3"",""4"",""5""}",3,https://lgacbbewpuzeyxijzfii.supabase.co/storage/v1/object/public/test-images/question-512.jpg,300,,"YHQ 1-ilovasi 1-bolimining yettinchi xatboshisiga asosan: 1.3.1. - bir izli temir yo'l, belgisi shlagbaum bilan jihozlanmagan temir yol kesishmasi oldida o'rnatiladi."
question_513,Bu yol belgisi bilan belgilangan yol qismida yengil avtomobilni shatakka olishga ruxsat etiladimi?,"{""Ruxsat etiladi"",""Taqiqlanadi""}",1,https://lgacbbewpuzeyxijzfii.supabase.co/storage/v1/object/public/test-images/question-513.jpg,300,,"YHQ 1-ilovasi 3-bo limining to qqizinchi xatboshisiga asosan: 3.7. «Tirkama bilan harakatlanish taqiqlanadi». Yuk tashuvchi transport vositalari, traktorlarning barcha turdagi tirkamalar bilan harakatlanishi, shuningdek mexanik transport vositalarini har qanday usulda shatakka olish taqiqlanishini bildiradi."
question_514,Transport vositalari chorrahani quyidagi tartibda kesib otadi:,"{""1- va 2-tramvaylar ayni vaqtda yashil avtomobil bilan; qizil; ko'k avtomobil"",""1-tramvay ayni vaqtda yashil avtomobil bilan; qizil avtomobil; 2-tramvay va kok avtomobil bir vaqtda""}",1,https://lgacbbewpuzeyxijzfii.supabase.co/storage/v1/object/public/test-images/question-514.jpg,300,,"YHQ 16-bobi 104-bandiga asosan: Teng ahamiyatga ega bo'lmagan yo'llar kesishgan chorrahada, ikkinchi darajali yo'lda harakatlanayotgan transport vositasining haydovchisi asosiy yo'ldan yaqinlashayotgan transport vositalariga, ularning keyingi harakat yo'nalishidan qat'i nazar, yo'l berishi kerak. Bunday chorrahalarda tramvay harakatlanish yo nalishidan qat'i nazar, teng ahamiyatga ega bolgan yo lda bir yo'nalishda yoki qarama-qarshi yo nalishda harakatlanayotgan relssiz transport vositalariga nisbatan imtiyozga ega. YHQ 16-bobi 106-bandiga asosan: Asosiy yo Ining yo nalishi chorrahada o'zgarganda asosiy yo'lda harakatlanayotgan haydovchilar o'zaro teng ahamiyatli yo llar chorrahasidan o tish qoidasiga amal qilishlari kerak. Ikkinchi darajali yo llarda harakatlanayotgan haydovchilar ham o'zaro shu qoidaga amal gilishlari kerak."
question_515,Transport vositalariga qaysi yonalish boyicha harakatlanishga ruxsat etiladi?,"{""Tramvayga chapga yoki to'g'riga"",""Faqat avtomobilga chapga"",""Tramvay va avtomobilga chapga"",""Tramvayga chapga yoki to'g'riga, avtomobilga tramvaydan sóng"",""Tramvayga chapga, avtomobilga chapga va qayrilib olishga""}",4,https://lgacbbewpuzeyxijzfii.supabase.co/storage/v1/object/public/test-images/question-515.jpg,300,,"YHQ 7-bobi 38-bandiga asosan, tartibga soluvchining o'ng qo'li oldinga uzatilganda: chap yonidan tramvayga chapga, relssiz transport vositalariga barcha yo'nalishlarda; oldi tomonidan barcha transport vositalariga faqat o'ngga harakatlanishga ruxsat beriladi; orqa tomonidan va o'ng yonidan barcha transport vositalarining harakatlanishi taqiqlanadi; piyodalarga tartibga soluvchining orqa tomonidan qatnov qismini kesib o'tishga"
question_516,Qaysi avtomobil haydovchisiga to'xtashga ruxsat etilgan?,"{""Yengil avtomobilning haydovchisiga"",""Yuk avtomobilning haydovchisiga"",""Har ikki haydovchiga"",""Yuk avtomobilning haydovchisiga, agar bir yo'nalishda harakatlanish uchun uchta va undan ko'p tasma bo'lsa""}",1,https://lgacbbewpuzeyxijzfii.supabase.co/storage/v1/object/public/test-images/question-516.jpg,300,,"YHQ 13-bobi 91-bandining uchinchi xatboshisiga asosan, quyidagi joy va holatlarda to'xtash taqiqlanadi: bir yo nalishda harakatlanish uchun uchtadan kam tasmaga ega bo'lgan ko'prik, yo'l o'tkazgich va estakadalarning ustida; ko'prik, yol o'tkazgich va estkadalarning ostida (tegishli yol belgilari bilan to'xtab turish ruxsat berilgan yol qismlari bundan mustasno)."
question_517,Qayrilib olish taqiqlanadi:,"{""Chorrahalarda va ularga 15 metrdan yaqinroqda"",""Chorrahalar oldiga 15 metrdan yaqinroqda"",""Yolning loaqal bir yo'nalishida 100 metrdan kamroq, qismi korinadigan aholi punktlaridan tashqarida"",""Loaqal bir yonalishda yolning 100 metrdan kamroq qismi koringanda""}",3,https://postimg.cc/Dmfk0bYv,300,,"YHQ 9-bobi 62-bandiga asosan, quyidagi joylarda qayrilib olish taqiqlanadi: yo Ining ko'rinishi biror-bir yo'nalishda 100 metrdan kam bo'lgan joylarda."
question_518,Harakat tezligi 40 km/soatdan oshmaydigan transport vositasiga qatnov qismining chap bo'lagiga chiqishga qachon ruxsat etiladi?,"{""Quvib o'tishda, o'zib ketishda yoki aylanib o'tishda"",""Burilish yoki qayrilib olish oldidan qayta tizilishda"",""Sanab o'tilgan barcha hollarda""}",2,https://postimg.cc/Dmfk0bYv,300,,"YHQ 10-bobi 68-bandiga asosan: Tezligini soatiga 40 kilometrdan oshirishi mumkin bo'lmagan yoki texnik sabablarga ko'ra tezligini bundan oshira olmaydigan transport vositalari aylanib o'tish, quvib o'tish, chapga burilish yoki qayrilib olish uchun qayta tizilishdan yoki ruxsat etilgan hollarda yo Ining chap tomonida to'xtashdan boshqa hollarda faqat chetki o'ng qatorida harakatlanishlari kerak."
question_519,Kim o'quy yurtlarida boshqarishni orgatish huquqiga ega?,"{""Haydashni orgatish huquqini beruvchi xujjatlari bolgan haydashni orgatuvchi yoriqchi"",""Tajribali haydovchi"",""3 yillik ishlagan davri bolgan haydovchi"",""5 yil haydovchilik ishlagan davriga ega bolgan 1 va 2-toifa haydovchilar""}",0,https://postimg.cc/Dmfk0bYv,300,,"YHQ 25-bobi 148-bandiga asosan: Avtomototransport vositasini yoki shahar elektr transportini boshqarish bo yicha amaliy mashg'ulotlar instruktori boshqarishni orgatish huquqini beruvchi hujjatga, shuningdek tegishli toifadagi transport vositasini boshqarish huquqini beruvchi guvohnomaga ega bolishi kerak."
question_520,"Yuk transport vositasining o'lchamlaridan chiqib tursa, kunning qorong'i vaqtida va yetarli ko'rinmaydigan sharoitda qanday belgilanadi?","{""Ishora taxtachalari yoki bayroqchalar (diagonal bo'yicha navbatma-navbat tortilgan qizil va oq yolli) bilan"",""Oldi oq rangli chiroq yoki yorug'lik qaytargich, orqasi esa qizil rangli chiroq yoki yorug'lik qaytargich bilan"",""Orqasiga qizil, oldiga oq bayroqchalar bilan""}",1,https://postimg.cc/Dmfk0bYv,300,,"YHQ 27-bobi 163-bandiga asosan: Transport vositasining gabaritlaridan old yoki orqa tomonga bir metrdan, yon tomonga gabarit chiroqlarining chetki qismidan 0,4 metrdan ortiq chiqib turgan yuk «Katta o Ichamli yuk» taniqlik belgisi bilan belgilanishi, qorong i vagtda va yetarlicha ko'rinmaydigan sharoitda esa bunga qo'shimcha ravishda old oq chiroq yoki yorug'lik qaytargich, orqasi esa qizil chiroq yoki yorug'lik qaytargich bilan belgilanishi kerak."
question_521,Ruxsat etilgan toliq vazn nima?,"{""Transport vositasining yuk kotarishi"",""Transport vositasining haqiqiy vazni"",""Jihozlangan transport vositasining ishlab chiqargan korxona tomonidan belgilangan yuk, haydovchi va yolovchilari bilan birgalikdagi eng yuqori vazni (olchovi)"",""Transport vositisida tashiladigan yukning ishlab chiqargan korxona yo'l qo ygan texnik tavsifnomasi sifatida belgilanadigan vazni""}",2,https://postimg.cc/Dmfk0bYv,300,,"YHQ 1-bobi 6-bandiga asosan: Ruxsat etilgan to'liq vazn - jihozlangan transport vositasining ishlab chiqargan korxona tomonidan belgilangan yuk, haydovchi va yo lovchilari bilan birgalikdagi eng yuqori vazni (o'lchovi). Bir tarkibda harakatlanayotgan (tirkama va boshqalar) transport vositalarining ruxsat etilgan to liq vazniga shu tarkibga kiruvchi transport vositalarining ruxsat etilgan to liq vaznlari yig'indisi kiradi."
question_522,Bu belgida harakatlanish ruxsat etiladi:,"{""Faqat avtomobil haydovchisiga"",""Faqat avtomobil va mototsikl haydovchilariga"",""Barcha transport vositalarining haydovchilariga"",""Faqat avtomobil va avtobus haydovchilariga""}",2,https://lgacbbewpuzeyxijzfii.supabase.co/storage/v1/object/public/test-images/question-522.jpg,300,,"YHQ 1-ilovasi 4-bolimining o'n to'rtinchi xatboshisiga asosan: 4.4. «Engil avtomobillar harakati». yengil avtomobillar, avtobus, mototsikllar, belgilangan yo nalishli transport vositalari va ruxsat etilgan to la vazni 3,5 tonnadan oshmaydigan yuk avtomobillari harakatlanishiga ruxsat etilishini bildiradi. Belgining ta'sir oralig'ida yashovchi va ishlovchi fuqarolarga tegishli, ularga va korxonalarga xizmat ko'rsatuvchi transport vositalariga bu belgi tatbiq etilmaydi. Bunday hollarda transport vositalari belgilangan joyga eng yagin chorrahadan kirib yoki chiqib ketishlari kerak."
question_523,Avtomagistralda qatnov qismining chetini bildiruvchi sidirg'a oq chiziqni bosib o'tishga ruxsat etiladimi?,"{""Ruxsat etiladi"",""Taqiqlanadi"",""Agar avtomagistralda harakatlanish serqatnov bolsa, taqiqlanadi""}",0,https://lgacbbewpuzeyxijzfii.supabase.co/storage/v1/object/public/test-images/question-523.jpg,300,,YHQ 2-ilovasi 1-bo'limining to rtinchi va o ttiz beshinchi xatboshlariga asosan: 1.2 (enli sidirg'a chiziq) - avtomagistrallarda harakatlanish qismi chegarasini bildiradi; 1.2 chiziqlarini istalgan tomondan bosib o tish mumkin.
question_524,Transport vositalari chorrahani quyidagi tartibda kesib otadilar:,"{""Yashil avtomobil ayni vaqtda 2-tramvay bilan, 1 tramvay, ko'k, sariq, qizil avtomobillar"",""1- va 2- tramvaylar ayni vaqtda sariq avtomobil bilan, yashil, ko'k, qizil avtomobillar""}",1,https://lgacbbewpuzeyxijzfii.supabase.co/storage/v1/object/public/test-images/question-524.jpg,300,,"YHQ 16-bobi 104-bandiga asosan: Teng ahamiyatga ega bo'lmagan yo'llar kesishgan chorrahada, ikkinchi darajali yo'lda harakatlanayotgan transport vositasining haydovchisi asosiy yo'ldan yaqinlashayotgan transport vositalariga, ularning keyingi harakat yo'nalishidan qat'i nazar, yo'l berishi kerak. Bunday chorrahalarda tramvay harakatlanish yo nalishidan qat'i nazar, teng ahamiyatga ega bolgan yo lda bir yo'nalishda yoki qarama-qarshi yo nalishda harakatlanayotgan relssiz transport vositalariga nisbatan imtiyozga ega. YHQ 16-bobi 106-bandiga asosan: Asosiy yoIning yo nalishi chorrahada o'zgarganda asosiy yo'lda harakatlanayotgan haydovchilar o'zaro teng ahamiyatli yo llar chorrahasidan o tish qoidasiga amal qilishlari kerak. Ikkinchi darajali yo llarda harakatlanayotgan haydovchilar ham o'zaro shu qoidaga amal gilishlari kerak."
question_525,Harakatlanishga ruxsat etilgan barcha transport vositalari qaysi javobda ko'rsatilgan?,"{""Tramvay va mototsikl"",""Avtomobillar va mototsikl"",""Barcha transport vositalari"",""Tramvay, yuk avtomobili va mototsikl""}",2,https://lgacbbewpuzeyxijzfii.supabase.co/storage/v1/object/public/test-images/question-525.jpg,300,,"YHQ 7-bobi 32-bandiga asosan: Yo'naltirgich ko'rinishidagi qizil, sariq va yashil rangli svetofor ishoralari ham doira shaklidagi svetofor ishoralari bilan bir xil ma'noga ega bo'ladi. Ular faqat ko'rsatilgan yo'nalishga ta'sir etadi. Agar tegishli yo'l belgisi bilan qayrilib olish taqiqlanmagan bo'lsa, chapga burilishga ruxsat beruvchi yo naltirgich qayrilib olishga ham ruxsat beradi. Qo'shimcha tarmoqdagi yashil yo'naltirgich ham xuddi shu ma'noni bildiradi. Qo'shimcha tarmoqdagi ishora o'chirilgan bo'lsa, shu tarmoq tartibga solayotgan yo nalishda harakatlanish taqiqlanganligini bildiradi."
question_526,Aholi punktlarida malum harakat tezligiga rioya etayotgan yirik o'Ichamli transport vositasining haydovchisi qanday yol tutishi kerak?,"{""To'xtashi va orqasida to'planib qolgan transport vositalarini o'tkazib yuborishi"",""Harakatni davom ettirishi kerak""}",1,https://lgacbbewpuzeyxijzfii.supabase.co/storage/v1/object/public/test-images/question-526.jpg,300,,"YHQ 12-bobi 87-bandiga asosan: Aholi punktlaridan tashqaridagi yollarda sekin harakatlanadigan yoki katta hajmli transport vositasini quvib o'tish qiyin bo'lgan hollarda uning haydovchisi ushbu transport vositasini iloji boricha yo lning o'ng tomoniga olishi, zarur bo'lganda esa orqasida to'planib qolgan transport vositalarini o tkazib yuborish uchun to'xtashi kerak."
question_527,Mazkur vaziyatda quvib o'tishga ruxsat etilganmi?,"{""40 km/soatdan kam tezlik bilan harakatlanayotgan faqat yakka transport vositalariga ruxsat etilgan"",""Taqiqlangan"",""Barcha hollarda ruxsat etilgan""}",1,https://lgacbbewpuzeyxijzfii.supabase.co/storage/v1/object/public/test-images/question-527.jpg,300,,"YHQ 12-bobi 86-bandining to'rtinchi xatboshisiga asosan, quvib o tish quyidagi hollarda taqiqlanadi: temir yo'l kesishmalarida va ulargacha 100 metrdan kam masofa qolganda."
question_528,"Siz chapga burilishga yoki qayrilib olishga qaror qildingiz. Orqani korsatadigan ko'zguga qarab bildingizki, ortingizdagi haydovchi Sizni quvib o'tmoqchi. Sizning bundan keyingi harakatingiz?","{""Burilishning chap ko'rsatkichini yoqish va qatnov qismida qulay joylashib olishdan foydalanib, manyovr qilishga kirishish"",""Sizning ortingizdan kelayotgan haydovchi Sizni quvib o'tib ketgandan songgina burilishning chap korsatkichini yoqish"",""Burilishning chap ko'rsatkichini yoqish, o'zini quvib o'tishga imkon berishi va song manyovr qilishga kirishish""}",1,https://postimg.cc/Dmfk0bYv,300,,YHQ 12-bobi 84-bandiga asosan: Quvib o'tilayotgan transport vositasining haydovchisiga harakat tezligini oshirish yoki boshqa xatti-harakatlar bilan quvib o'tishga to'sqinlik qilish taqiqlanadi.
question_529,"Ơ'ng va chap g'ildiraklarining shinalari turlicha siyqalangan avtomobilda tormoz berish, qanday xavfli oqibatlarga olib kelishi mumkin?","{""Tormoz barabanlarining qizib ketishiga"",""Naqsh izlarining kochib ketishiga"",""Avtomobilning ag'darilib ketishi mumkin darajada sirpanib ketishiga""}",2,https://postimg.cc/Dmfk0bYv,300,,"Bir oqda o'rnatilgan (chap va o'ng) shinalar naqshining ustki shakli va uning yoyilganlik darajasi barcha hollarda bir xil bo'lishi lozim, chunki bu hol tormozlanayotganda avtomobilning muvozanatini ta'minlovchi shartlardan biri hisoblanadi. Ushbu tartib inbatga olinmasatormozlanish vaqtida har xil tormoz kuchlari yuzaga kelib, muozanatni yo'qotishga olib keluvchi hollarni vujudga keltiradi. Avtomobilning yeyilgan shina naqshi tomoni oldinga intilib, aks tomoni orqada qoladi. Bu holda avtomobil bir tomonga silfib, maqbul bo'lmagan sharoitlarda muvozanatini yo'qotib, ag'darilishi mumkin."
question_530,Yolovchi tashishga moljallanmagan yuk avtomobilida yukni kuzatib boruvchi yoki qabul gilib oluvchi shaxslarning tashilishiga ruxsat beriladimi?,"{""Agar bort balandligidan pastda joylashgan qulay orindiq bolsa ruxsat beriladi"",""Taqiqlanadi""}",0,https://postimg.cc/Dmfk0bYv,300,,"YHQ 26-bobi 154-bandiga asosan: Odam tashishga moslashtirilmagan yuk avtomobillarining yukxonasida faqat yukni olish uchun borayotgan yoki uni kuzatib borayotgan shaxslarning bo lishiga yo'l qo yiladi, bunda ular bortlardan pastda joylashgan o'rindiqlar bilan ta'minlanishlari kerak."
question_531,Quvib o'tish nima?,"{""Bir yoki bir nechta transport vositalarini qarama-qarshi yo nalishda harakatlanish uchun moljallangan tasmaga chiqib, so'ngra ilgari egallagan qatoriga qaytib o tish bilan bogliq bolgan ozib ketish."",""Kam tezlik bilan qo'shni qatorda harakatlanayotgan bir yoki bir qancha transport vositalaridan o'zib ketish."",""Egallagan harakatlanish bolagidan chiqib oldinda ketayotgan transport vositasidan o'zib ketish.""}",0,https://postimg.cc/Dmfk0bYv,300,,"YHQ 1-ilova 1-bob. Umumiy qoidalar: Quvib o'tish - bir yoki bir nechta transport vositalarini qarama-qarshi yo'nalishda harakatlanish uchun mo'ljallangan tasmaga chiqib, so'ngra ilgari egallagan qatoriga qaytib o'tish bilan bog'liq bo'lgan o'zib ketish."
question_532,Qaysi belgi yolning bir tomonlamali harakatlanish yol qismini ko'rsatadi?,"{""1"",""2"",""3"",""4"",""5""}",2,https://lgacbbewpuzeyxijzfii.supabase.co/storage/v1/object/public/test-images/question-532.jpg,300,,YHQ 1-ilovasi 5-bolimining oltinchi xatboshisiga asosan: 5.5. «Bir tomonlama harakatli yo'l». Transport vositalari butun kenglik bo yicha bir yo'nalishda harakatlanadigan yo'l yoki qatnov qismini bildiradi.
question_533,"Haydovchi, agar uning transport vositasi 40 km/soatga teng yoki undan ortiq tezlik bilan balandlikka chiqa olmasa, nima chora ko'rishi kerak?","{""Asosiy tasma boyicha, agar unda boshqa transport vositalari yo'q bolsa, harakatlanishni davom ettirishi"",""Qoshimcha tasmaga qayta tizilishi"",""Agar balandlikning davomliligi 30 metrdan oshmasa, asosiy tasma bo'yicha harakatlanishni davom ettirishi""}",1,https://lgacbbewpuzeyxijzfii.supabase.co/storage/v1/object/public/test-images/question-533.jpg,300,,"YHQ 1-ilovasi 5-bobi: 5.8.3. bandi: «Tasmaning boshlanishi». Yo Ining sekinlashish bo'lagi yoki balandlikka ko'tarilishdagi qo'shimcha tasmaning boshlanish qismi. Agar belgiga 4.7 «Eng kam tezlik» belgisining tasviri tushgan bolsa, ko'rsatilgan yoki undan kattaroq tezlikda harakatlana olmaydigan transport vositasining haydovchisi asosiy tasmadan qo'shimcha tasmaga qayta tizilishi kerak."
question_534,Avtomobillar chorrahani quyidagi tartibda kesib otadilar:,"{""Sariq chorrahaga chiqadi va yashilni o'tkazib yuborish uchun to'xtaydi; yashil, ko'k ayni vaqtda qizil bilan; sariq"",""Ko'k ayni vaqtda qizil bilan; yashil; sariq"",""Yashil; ko'k ayni vaqtda qizil; so'ng sariq""}",2,https://lgacbbewpuzeyxijzfii.supabase.co/storage/v1/object/public/test-images/question-534.jpg,300,,"YHQ 16-bobi 105-bandi: Teng ahamiyatga ega bo'lgan yo'llar kesishgan chorrahada relssiz transport vositasining haydovchisi o'ngdan yaqinlashayotgan transport vositalariga yo'l berishi shart. Bu qoidaga tramvay haydovchilari ham o'zaro amal qilishlari kerak. Bunday chorrahalarda keyingi harakat yo nalishidan qat iy nazar, tramvay relssiz transport vositalariga nisbatan oldin o'tish huquqiga ega boladi."
question_535,Qaysi rasmda haydovchi o'ngga to'g'ri burilyapti?,"{""1"",""2""}",0,https://lgacbbewpuzeyxijzfii.supabase.co/storage/v1/object/public/test-images/question-535.jpg,300,,"YHQ 7-bobi 32-bandi: Yo naltirgich ko rinishidagi qizil, sariq va yashil rangli svetofor ishoralari ham doirasimon shaklidagi svetofor ishoralari bilan bir xil ma noga ega bo ladi. Ular faqat ko'rsatilgan yo nalishga ta'sir etadi. Agar tegishli yo'l belgisi bilan gayrilib olish taqiqlanmagan bo'lsa, chapga burilishga ruxsat beruvchi yo naltirgich qayrilib olishga ham ruxsat beradi. Qo'shimcha tarmoqdagi yashil yo naltirgich ham xuddi shu ma'noni bildiradi. Svetoforning qo'shimcha tarmoqdagi ishora o'chirilgan bo'lsa, shu tarmoq tartibga solayotgan yo nalishda harakatlanish taqiqlanganligini bildiradi."
question_536,Qaysi transport vositasining haydovchisi to'xtash qoidasini buzdi?,"{""Faqat mototsikl haydovchisi"",""Faqat avtomobil haydovchisi"",""Har ikkisi buzdi"",""Hech kim buzmadi""}",0,https://lgacbbewpuzeyxijzfii.supabase.co/storage/v1/object/public/test-images/question-536.jpg,300,,"YHQ 13-bobi 91-bandi Quyidagilarda to'xtash taqiqlanadi: Bekat maydonchalarida, yo nalishli transport vositalari to 'xtash joylarida, jumladan, 1.17 chizig'i bilan belgilangan, ular bo'lmaganda esa yo nalishli transport vositalari to'xtash joyi belgilari va bekatdan harakatlanish yo'nalishi bo'ylab (yetmasdan va o'tib ketib) 15 metrdan kam masofada (yo'nalishli transport vositalari harakatiga xalaqit bermasa yo lovchilarni chiqarish yoki tushirish uchun to xtash bundan mustasno)."
question_537,Qizil avtomobil haydovchisiga tramvay yoli bo yicha harakatlanishga ruxsat etiladimi?,"{""Ruxsat etiladi"",""Taqiqlanadi""}",0,https://lgacbbewpuzeyxijzfii.supabase.co/storage/v1/object/public/test-images/question-537.jpg,300,,"YHQ 10-bobi 69-bandi: Bir yo'nalishdagi qatnov qismining chap tomonida u bilan bir sathda joylashgan tramvay yo lidan, shu yo'nalishdagi boshga tasmalar band bo'lganda harakatlanishga, shuningdek, aylanib o'tishga, chapga burilish va qayrilib olishga ushbu Qoidalarning 56-bandini hisobga olgan holda ruxsat etiladi. Biroq bu tramvayga xalaqit bermasligi kerak. Qarama-qarshi yo'nalishdagi tramvay yo lidan harakatlanish taqiqlanadi. Agar chorrahadan oldin 5.8.1 yoki 5.8.2 yo'l belgilari o'rnatilgan bolsa, chorrahadan o tishda tramvay yollaridan harakatlanish taqiqlanadi."
question_538,Chiziqlar bilan tasmalarga ajratilgan yolning qatnov qismida transport vositalarining harakatlanishi qanday amalga oshirilishi kerak?,"{""Qat'iy tasmalar bo'yicha, uzuq-uzuq chiziqni kesib o'tishga faqat qayta tizilishda ruxsat etiladi"",""Agar qatnov qismi transport vositalaridan xoli bo'lsa, tasma bo'yicha qat'iy emas"",""Agar transport vositalarining olchamlari eniga katta bolmasa, tasma bo'yicha qat iy emas"",""Agar qatnov qismida tirkamali avtomobillar bolmasa va bunda ancha tor harakat oralig ini saqlash mumkin bolsa, tasmalar boyicha qat'iy emas""}",0,https://postimg.cc/Dmfk0bYv,300,,"YHQ 10-bobi 70-bandi: Agar qatnov qismi yol chiziqlari bilan tasmalarga ajratilgan bo'lsa, transport vositalarining harakatlanishi qat iy ravishda belgilangan tasmalarda amalga oshirilishi kerak. Faqat qayta tizilishda uzuq-uzuq chiziqlarni bosib o'tishga ruxsat etiladi."
question_539,Boldir suyagi ortasidan singanda transportda tashish uchun taxtakach yoki uning o'rnini o'tovchi narsa qanday qo'yiladi?,"{""Singan joyga qo'yiladigan shina yoki uning o'rnini bosuvchi narsani siqib bog'lash kerak"",""Shinani ikki tomondan butun boldir uzunligida tovondan to tizza bo'g'inigacha qo'yish kerak"",""Tovon tagidan to son o'rtasigacha oyoqning ichki va tashqi tomonidan ikkita shina qo'yish kerak. Singan joyni, tizza va boldir-oyoq kafti bog'inlarini qimirlatmaslik lozim""}",2,https://postimg.cc/Dmfk0bYv,300,,Suyak siniqlarining bir-biriga nisbatan qo'zg'almasligini ta'minlash uchun boldirni ikki taxtakach orasida mahkamlab boldir-tovon bo'g'im va tizza bo'g'inining harakatini chegaralash lozim.
question_540,Qanday shartlarda transport vositalaridan foydalanish taqiqlanadi?,"{""Faralar yoritishi buzilgan bolsa"",""Tashqi yoritish asboblari va yorug'lik qaytargichlar ifloslanganda"",""Yoritish asboblari ornida mazkur yoritish asboblarining turiga mos kelmaydigan lampalardan foydalanilganda"",""Sanab otilgan barcha hollarda""}",3,https://postimg.cc/Dmfk0bYv,300,,"YHQ 3-ilovasi 3-bolimining 3.2, 3.3. va 3.4-bandlariga asosan: 3.2. Yorituvchi chiroq nurining yo nalishi buzilgan bo'lsa foydalanish taqiqlanadi. 3.3. Agar tashqi yoritqichlar va nur qaytargichlar belgilangan tartibda ishlamayotgan yoki ifloslangan bo lsa foydalanish taqiqlanadi. 3.4. Yoritish asboblarida nur sochuvchisi bo'lmasa yoxud tegishli yorug'lik asboblari turiga mos bo'lmagan nur sochuvchi va lampalardan foydalanilgan bo'lsa foydalanish taqiqlanadi."
question_541,Mazkur belgi nima haqida axborot beradi?,"{""Trolleybus yoki avtobus to'xtash joylarini bildiradi"",""Marshrutdan boshqa barcha transport vositalariga yolning ong qatori bo'yicha harakatlanishni taqiqlaydi""}",0,https://lgacbbewpuzeyxijzfii.supabase.co/storage/v1/object/public/test-images/question-541.jpg,300,,YHQ 1-ilovasi 5-bolimining yigirma yettinchi xatboshisiga asosan: 5.12. «Avtobus va (yoki) trolleybus to'xtash joyi».
question_542,Qaysi belgi shlagbaumli temir yol kesishmasiga yaqinlashganlik haqida ogohlantiradi?,"{""1"",""2"",""3"",""4"",""5""}",3,https://lgacbbewpuzeyxijzfii.supabase.co/storage/v1/object/public/test-images/question-542.jpg,300,,YHQ 1-ilovasi 1-bo'limining ikkininchi xatboshisiga asosan: 1.1. «Shlagbaumli temir yol kesishmasi».
question_543,Bu belgida yuk avtomobillaridan qaysi biriga harakatlanishni davom ettirishga ruxsat etiladi?,"{""Yukxonasida odamlar bolgan maxsus moslashtirilgan yuk avtomobillarga"",""Furgon-yukxonada mahsulotlar tashiydigan avtomobillarga"",""«Aloqa» yozuvi bolgan avtomobillarga""}",0,https://lgacbbewpuzeyxijzfii.supabase.co/storage/v1/object/public/test-images/question-543.jpg,300,,YHQ 1-ilovasi 3-bolimining oltinchi xatboshisiga asosan: 3.4 yo'l belgisi bortlariga qiya oq chiziq tortilgan yoki odamlarni tashish uchun moljallangan yuk avtomobillarining harakatlanishini taqiqlamaydi.
question_544,"Zanjirli bolgan qishloq xojalik, yol qurilishi va boshqa mexanik transport vositalariga temir yo'l kesishmasidan o'tishga ruxsat etiladimi?","{""Agar temir yol boshligining ruxsati bolsa, ruxsat etiladi"",""Mexanik transport vositalariga yuklab olib o'tish ruxsat etiladi"",""Taqiqlanadi""}",1,https://postimg.cc/Dmfk0bYv,300,,"YHQ 18-bobi 118-bandining to' qqizinchi xatboshisiga asosan, temir yol kesishmasiga quyidagi hollarda kirish taqiqlanadi: kesishma orqali qishloq xo jaligi, yol qurilishi, qurilish va boshqa mashina hamda mexanizmlarni olib o tish. Izoh: temir yo'l kesishmasi orqali zanjirli bolgan qishloq xojaligi, yol qurilishi, qurilish va boshqa mashina hamda mexanizmlarni, mexanik transport vositasiga yuklab olib o tishga ruxsat etiladi."
question_545,Harakatlanish qaysi yonalishda ruxsat etilgan?,"{""To'g'riga va o'ngga birinchi yo'nalishga"",""O'ngga birinchi yo'nalishga"",""O'ngga ikkinchi yonalishga"",""Ongga birinchi va ikkinchi yonalishga""}",1,https://lgacbbewpuzeyxijzfii.supabase.co/storage/v1/object/public/test-images/question-545.jpg,300,,"YHQ 7-bobi 32-bandining birinchi xatboshisiga asosan: Yo'naltirgich ko'rinishidagi qizil, sariq va yashil rangli svetofor ishoralari ham doira shaklidagi svetofor ishoralari bilan bir xil ma'noga ega bo'ladi. Ular faqat ko'rsatilgan yo'nalishga ta'sir etadi."
question_546,Chorrahani oxiri kesib otadi:,"{""Qizil avtomobil"",""Ko'k avtomobil"",""Yashil avtomobil""}",2,https://lgacbbewpuzeyxijzfii.supabase.co/storage/v1/object/public/test-images/question-546.jpg,300,,"YHQ 16-bobi 104-bandining birinchi xatboshisiga asosan: Teng ahamiyatga ega bo lmagan yo'llar kesishgan chorrahada, ikkinchi darajali yolda harakatlanayotgan transport vositasining haydovchisi asosiy yo ldan yaqinlashayotgan transport vositalariga, ularning keyingi harakat yo'nalishidan qat'i nazar, yo'l berishi kerak. YHQ 16-bobi 107-bandiga asosan: Chapga burilishda yoki qayrilib olishda rel'ssiz transport vositasining haydovchisi teng ahamiyatli yoldan qarama-qarshi yo'nalishdan to'g'riga yoki o'ngga harakatlanayotgan, shuningdek ruxsat etilgan hollarda quvib o tayotgan transport vositalariga yol berishi shart."
question_547,Bu yol belgisi:,"{""Ikki g'ildirakli kajavasiz mototsikllardan tashqari hamma mexanik transport vositalarining harakatlanishini taqiqlaydi"",""Gildirakli traktorlardan tashqari hamma transport vositalarining harakatlanishini taqiqlaydi"",""Traktorlar va o'zi yurar mashinalarning harakatlanishi taqiqlanadi""}",2,https://lgacbbewpuzeyxijzfii.supabase.co/storage/v1/object/public/test-images/question-547.jpg,300,,"YHQ 1-ilovasi 3-bo limining sakkizinchi xatboshisiga asosan: 3.6. «Traktorlar harakatlanishi taqiqlangan». Traktorlar, o'ziyurar moslamalarning harakatlanishi taqiqlanishini bildiradi."
question_548,Transport vositalari chorrahadan quyidagi tartibda otadilar:,"{""Ko'k avtomobil, tramvay, qizil avtomobil"",""Tramvay, qizil, so'ngra ko'k avtomobil"",""Tramvay, ko'k avtomobil chorrahaga chiqadi, qizilga yol beradi, so'ngra burilishni tugallaydi""}",0,https://lgacbbewpuzeyxijzfii.supabase.co/storage/v1/object/public/test-images/question-548.jpg,300,,"YHQ 16-bobi 104-bandining birinchi xatboshisiga asosan: Teng ahamiyatga ega bo lmagan yo'llar kesishgan chorrahada, ikkinchi darajali yolda harakatlanayotgan transport vositasining haydovchisi asosiy yo ldan yaqinlashayotgan transport vositalariga, ularning keyingi harakat yo'nalishidan qat'i nazar, yo'l berishi kerak. YHQ 16-bobi 107-bandiga asosan: Chapga burilishda yoki qayrilib olishda relssiz transport vositasining haydovchisi teng ahamiyatli yoldan qarama-qarshi yo'nalishdan to'g'riga yoki o'ngga harakatlanayotgan transport vositalariga yol berishi shart. Bu qoidaga tramvay haydovchilari ham o'zaro amal qilishlari kerak."
question_549,Egiluvchan ulagichda shatakka olganda transport vositalari orasidagi masofa qanday bolishi kerak?,"{""1-3 m"",""2-4 m"",""3-6 m"",""4-6 m"",""4-8""}",3,https://postimg.cc/Dmfk0bYv,300,,"YHQ 24-bobi 144-bandiga asosan: Egiluvchan ulagich bilan shatakka olishda shatakka olgan va shatakka olingan transport vositalari o'rtasidagi masofa 4 - 6 metr oralig'ida bo'lishi, qattiq ulagich yordamida shatakka olishda esa 4 metrdan ko'p bo'lmasligi kerak. Egiluvchan ulagich ushbu Qoidalarning 177-bandi talablariga muvofiq belgilanishi kerak."
question_550,"Qanday nosozlik bolganda, transport vositalarining harakatlanishni davom ettirishi taqiqlanadi?","{""Transport vositalarining tuzilishida ko'zda tutilgan oyna yuvgichlari ishlamasa"",""Tashqi yoritish asboblari va nur qaytargichlar belgilangan tartibda ishlamasa yoki ifloslangan"",""Yomg'ir yoki qor yog'ayotgan vaqtda haydovchi tomonidagi oyna tozalagich ishlamasa"",""Sanab otilgan barcha hollarda""}",3,https://postimg.cc/Dmfk0bYv,300,,YHQ 3 ilova: 3.3. Agar tashqi yoritgichlar va nur qaytargichlar belgilangan tartibda ishlamayotgan yoki ifloslangan bo lsa. 4.1. Oyna tozalagich belgilangan tartibda ishlamayotgan bo'lsa. 4.2. Transport vositasining konstruksiyasida ko'zda tutilgan oyna yuvgich ishlamayotgan
question_551,Yonilg'i quyish joyidan yolga chiqish chorraha hisoblanadimi?,"{""Hisoblanmaydi"",""Hisoblanadi""}",0,https://postimg.cc/Dmfk0bYv,300,,"YHQ 1-bob 6-bandi 1l-izohga asosan, «Yondosh hudud» - bevosita yo'lga tutashgan va transport vositalari o'tib ketishi uchun mo'ljallanmagan hudud (hovlilar, turar joy dahalari, avtomobillarning to'xtab turish joylari, yonilg i quyish tarmoqlari, korxona va h.k.). Yondosh hududdan chiqish joylari chorraha xisoblanmaydi."
question_552,Qaysi belgi «Mehmonxona»ni bildiradi?,"{""1"",""2"",""3"",""4"",""5""}",2,https://lgacbbewpuzeyxijzfii.supabase.co/storage/v1/object/public/test-images/question-552.jpg,300,,YHQ 1-ilovasi 6-bolimining o'ninchi xatboshisiga asosan: 6.9. «Mehmonxona».
question_553,Belgilarning ta siri qaysi transport vositalariga tatbiq etiladi?,"{""Faqat yuk avtomobillarga"",""Yengil avtomobillarga va mototsikllarga"",""Faqat yengil avtomobillarga""}",2,https://lgacbbewpuzeyxijzfii.supabase.co/storage/v1/object/public/test-images/question-553.jpg,300,,"YHQ 1-ilovasi 7-bo limining on ikkinchi va on uchinchi xatboshlariga asosan: 7.4.3. «Transport vositasining turi». Belgining ta'siri joriy etilgan transport vositalari turini ko'rsatadi. 7.4.1 belgi bilan o'rnatilgan yol belgisining ta'siri yuk tashuvchi, shu jumladan, tirkamali, to' la vazni 3,5 tonnadan ortig bo'lgan transport vositalariga, 7.4.3 belgi bilan o'rnatilgan yo'l belgisining ta'siri yengil avtomobillarga, shuningdek to la vazni 3,5 tonnagacha bolgan yuk tashuvchi transport vositalariga tatbiq etiladi."
question_554,Chorrahani oxirgi bolib kim kesib o'tadi?,"{""Qizil avtomobil"",""Ko'k avtomobil"",""Yashil avtomobil""}",0,https://lgacbbewpuzeyxijzfii.supabase.co/storage/v1/object/public/test-images/question-554.jpg,300,,YHQ 16-bobi 105-bandiga asosan: Teng ahamiyatga ega bo'lgan yo'llar kesishgan chorrahada relssiz transport vositasining haydovchisi o'ngdan kelayotgan transport vositalariga yo'l berishi shart. YHQ 16-bobi 107-bandiga asosan: Chapga burilishda yoki qayrilib olishda relssiz transport vositasining haydovchisi teng ahamiyatli yoldan qarama-qarshi yo'nalishdan to'g'riga yoki o'ngga harakatlanayotgan transport vositalariga yol berishi shart. Bu qoidaga tramvay h d hil i h ' l ili hl i k k
question_555,Qizil avtomobil chorrahani kesib otadi:,"{""Birinchi bo'lib"",""Ikkinchi bolib""}",0,https://lgacbbewpuzeyxijzfii.supabase.co/storage/v1/object/public/test-images/question-555.jpg,300,,YHQ 15-bobi 99-bandiga asosan: Svetoforning yashil ishorasida chapga burilayotgan yoki qayrilib olayotgan relssiz transport vositasining haydovchisi qarama-qarshi tomondan to'g'riga harakatlanayotgan va o'ngga burilayotgan transport vositalariga yo'l berishi shart.
question_556,Shaharlararo qatnaydigan avtobusning haydovchisiga aholi punktlaridan tashqarida tezlikni 80 km/soatdan oshirishga ruxsat etiladimi?,"{""Faqat shu yo'nalishda harakatlanish uchun ikki yoki undan ortiq tasma bolgan yollarda harakatlanganda ruxsat etiladi"",""Ruxsat etiladi"",""Taqiqlanadi""}",1,https://postimg.cc/Dmfk0bYv,300,,"YHQ 11-bobi 79-bandining ikkinchi xatboshisiga asosan, aholi punktlaridan tashqarida: shaharlararo qatnaydigan avtobuslarga va mikroavtobuslarga tezlikni soatiga 90 kilometrdan oshirmasdan harakatlanishga ruxsat etiladi."
question_557,Bu joyda to'xtashga ruxsat etilganmi?,"{""Ruxsat etilgan"",""Taqiqlangan""}",1,https://lgacbbewpuzeyxijzfii.supabase.co/storage/v1/object/public/test-images/question-557.jpg,300,,YHQ 2-ilovasi 1-bo' limining oltinchi xatboshisiga asosan: 1.4 - to xtash tagiqlangan joyni bildiradi. Yakka holda yoki 3.27 «To'xtash taqiqlangan» yo'l belgisi bilan qo laniladi hamda yo ining gatnov qismi chetiga yoki yo'l chetidagi to'siq ustidan chiziladi.
question_558,"Aholi punktidan tashqarida transport vositalarining uzoq to xtab turishi (dam olish, tunash va hokazo)ga qayerda ruxsat etiladi?","{""Yol chetida"",""To'xtab turish maydonchalarida yoki yoldan tashqarida"",""Yol qatnov qismining ong tomonida, biroq u boshqa transport vositalarining harakatlanishiga to'sqinlik qilmasligi kerak"",""Yolning chap tomonida, biroq harakat xavfsizligi choralariga rioya qilgan holda""}",1,https://postimg.cc/Dmfk0bYv,300,,"YHQ 13-bobi 90-bandiga asosan: Aholi punktlaridan tashqarida tunab qolish, dam olish yoki boshqa maqsadlarda uzoq vaqt to'xtab turishga Faqat buning uchun ko'zda tutilgan maydonchalarda yoki yo'ldan tashqarida ruxsat etiladi."
question_559,Shatakka olish qanday hollarda taqiqlangan?,"{""Sirpanchiqda qattiq ulagichda"",""Sirpanchiqda egiluvchan ulagichda"",""Yon kajavali mototsikllar bilan""}",1,https://postimg.cc/Dmfk0bYv,300,,"YHQ 24-bobi 145-bandining oltinchi xatboshisiga asosan, shatakka olish quyidagi holatiarda taqiqlanadi: yo'l yaxmalak, sirpanchia bo'lgan hollarda egiluvchan ulagichda."
question_560,Ushbu yotiq chiziqlardan qaysi biri belgilangan yo'nalishdagi transport vositalari uchun to'xtashga ruxsat beradi?,"{""«А»"",""«Б»"",""«B»"",""«А», «Б», «В»""}",3,https://lgacbbewpuzeyxijzfii.supabase.co/storage/v1/object/public/test-images/question-560.jpg,300,,"YHQ 2-ilovasi 1-bo limining oltinchi, on ikkinchi va yigirma birinchi xatboshlariga asosan: 1.4 - to xtash taqiqlangan joyni bildiradi. Yakka holda yoki 3.27 «To'xtash taqiqlangan» yo'l belgisi bilan qo'llaniladi hamda yo Ining qatnov qismi chetiga yoki yo' chetidagi to'siq ustidan chiziladi. 1.10 - to'xtab turish taqiqlangan joyni bildiradi. yakka holda yoki 3.28 yo'l belgisi bilan go'llaniladi va yo Ining gatnov qismi chetiga yoki yo'l chetidagi to'siq ustidan chiziladi. 1.17 - yo nalishli transport vositalarining bekatlari hamda taksilarning to xtab turish joylarini bildiradi. YHQ 1-ilovasi 3-bolimining o'ttiz sakkizinchi xatboshisiga asosan: 3.27 belgisiga amal gilish yo'nalishli transport vositalariga ta'sir qilmaydi."
question_561,Qaysi yol asosiy yol hisoblanadi?,"{""Tuproqli yoki shag'alli yolga nisbatan qoplamali yol yoki tegishli belgilar bilan belgilangan yol"",""Uch tomonlama chorrahada tutashib kelgan yolga nisbatan har ikki tomonga davom etuvchi yo'l"",""Har bir yonalishda harakatlanish uchun bir tasmali yolga nisbatan ko'p tasmali qatnov qismi bolgan yol""}",0,https://postimg.cc/Dmfk0bYv,300,,"YHQ 1-bobi 6-bandining sakkizinchi xatboshisiga asosan: Asosiy yo'l - tuproqli yoki shag'alli yo'lga nisbatan qattiq qoplamali (asfalt va sement-betonli va shunga o xshashlar yotqizilgan), kesishayotgan yoki tutashgan yo'lga nisbatan 2.1, 2.3.1 - 2.3.3 yoki 5.1 yo'l belgilari bilan belgilangan yoxud yondosh hududdan chiqadigan yo lga nisbatan har qanday yo'l. Ikkinchi darajali yo'Ining bevosita chorrahaga tutash qismining qoplamali bo'lishi"
question_562,Qaysi qoshimcha axborot belgisi transport vositalarini to'xtab turish joyiga qo'yish usulini korsatadi?,"{""1"",""2"",""3"",""4"",""5""}",2,https://lgacbbewpuzeyxijzfii.supabase.co/storage/v1/object/public/test-images/question-562.jpg,300,,YHQ 1-ilovasi 7-bo'limining o'n to'qqizinchi xatboshisiga asosan: 7.6.2. «Transport vositasini to'xtab turish joyiga qo'yish usuli».
question_563,Yotiq uzluksiz sariq chiziq «To'xtash taqiqlangan» belgisi bilan birga to'xtashga ruxsat etadi:,"{""Yolovchilarni tushiradigan barcha transport vositalariga"",""Avtobuslarga va trolleybuslarga"",""Avtobuslarga, trolleybuslarga va taksi avtomobillariga"",""Faqat belgilangan yonalishdagi transport vositalariga.""}",3,https://lgacbbewpuzeyxijzfii.supabase.co/storage/v1/object/public/test-images/question-563.jpg,300,,YHQ 2-ilovasi 1-bo limining oltinchi xatboshisiga asosan: 1.4 - to xtash taqiqlangan joyni bildiradi. Yakka holda yoki 3.27 «To'xtash taqiqlangan» yo'l belgisi bilan qollaniladi hamda yo Ining qatnov qismi chetiga yoki yo'l chetidagi to'siq ustidan chiziladi. YHQ 1-ilovasi 3-bo limining o'ttiz sakkizinchi xatboshisiga asosan: 3.27 belgisiga amal qilish yo'nalishli transport vositalariga ta'sir qilmaydi.
question_564,Sekin yurar transport vositalarining temir yol kesishmasi orqali harakatlanishiga faqat temir yol distansiyasi boshlig ining ruxsati bilan harakat tezligi quyidagidan kam bolganda yol qo'yiladi:,"{""3 km/s"",""5 km/s"",""8 km/s"",""10 km/s"",""30 km/s""}",2,https://postimg.cc/Dmfk0bYv,300,,"YHQ 18-bobi 118-bandining o'ninchi xatboshisiga asosan, temir yo'l kesishmasiga quyidagi hollarda kirish taqiqlanadi: temir yol distansiyasi boshlig ining ruxsatisiz tezligi soatiga 8 kilometrdan kam bolgan transport vositalarini harakatlanishi."
question_565,Qizil avtomobil haydovchisi:,"{""Yol berishi kerak"",""Birinchi bolib harakatlanishga ustunlikka ega""}",0,https://lgacbbewpuzeyxijzfii.supabase.co/storage/v1/object/public/test-images/question-565.jpg,300,,"YHQ 15-bobi 100-bandiga asosan: Svetoforning qizil yoki sariq ishorasi bilan bir vaqtda yongan qo'shimcha tarmoqning yo""naltirgichli yashil ishorasi yo nalishida harakatlanayotgan transport vositasining haydovchisi boshqa yo nalishlarda harakatlanayotgan transport vositalariga yo'l berishi kerak."
question_566,Bu belgi bilan belgilangan yol qismlarida ajratuvchi bolakning uzilish joyida qayrilib olishga ruxsat etiladimi?,"{""Ruxsat etiladi"",""Taqiqlanadi"",""Faqat tola vazni 3,5 tonnagacha bolgan transport vositalariga ruxsat etiladi""}",1,https://lgacbbewpuzeyxijzfii.supabase.co/storage/v1/object/public/test-images/question-566.jpg,300,,"YHQ 19-bobi 121-bandining to'rtinchi xatboshisiga asosan, avtomagistrallarda quyidagilar taqiqlanadi: ajratuvchi bo lakning texnologik uzilish joylariga kirish va qayrilib olish."
question_567,Transport vositalarining trotuar va piyodalar yo'lkasi bo'ylab harakatlanishiga yo'l qo'yiladimi?,"{""Yol qo'yiladi, agar bu piyodalarning harakatiga halal bermasa"",""Yơl qo'yilmaydi, chunki bu piyodalarning hayotini xavf ostiga qo'yishi mumkin"",""Bevosita shu trotuar yoki yolkalarda joylashgan savdo yoki boshqa korxonalarga xizmat korsatishda yol qo'yiladi"",""Trotuarda turgan boshqa transport vositasini aylanib o'tish uchun yol qo'yiladi""}",2,https://postimg.cc/Dmfk0bYv,300,,"YHQ 10-bobi 72-bandiga asosan: Qoidalarning 88, 166-bandlarida ko'zda tutilganlardan boshqa hollarda transport vositalarining ajratuvchi mintaqalar, yol yogalari, trotuarlar, piyodalar yo lkalarida, velosiped yo'lkalari, velosipedchilar uchun tasmalar, piyodalar va velosipedchilarning birga va alohida harakatlanadigan yo laklarda mexanik transport vositalarining harakatlanishi taqiqlanadi. Bu joylarda yo ldan foydalanish va kommunal xizmat mashinalarining harakatlanishiga, shuningdek, bevosita yol yogalari, trotuarlar yoki piyodalar yolkalari oldida joylashgan savdo shoxobchalari, korxonalar va boshqa inshootlarga yuk olib kirish uchun boshqa imkoniyati bo'lmagan transport vositalariga yaqin yo ldan kirishga ruxsat etiladi. Bunda harakatlanish xavfsizligi ta'minlangan bo lishi shart."
question_568,Bunday yol belgisi bilan belgilangan yol qismlarida shaharlararo qatnaydigan avtobuslarning qanday eng yuqori tezlikda harakatlanishiga ruxsat etiladi?,"{""50 km/s"",""60 km/s"",""70 km/s"",""80 km/s"",""90 km/s""}",4,https://lgacbbewpuzeyxijzfii.supabase.co/storage/v1/object/public/test-images/question-568.jpg,300,,"YHQ 11-Bob 79-bandining ikkinchi xatboshisiga asosan, aholi punktlaridan tashqarida: shaharlararo qatnaydigan avtobuslarga va mikroavtobuslarga tezlikni soatiga 90 kilometrdan oshirmasdan harakatlanishga ruxsat beriladi."
question_569,Mototsikllarni shatakka olishga ruxsat etiladimi?,"{""Yon kajavali mototsikllarni shatakka olishga ruxsat etiladi"",""Taqiqlanadi"",""Tekis joylarda ruxsat etiladi"",""Yon kajavasi bolmagan mototsikllarni shatakka olishga ruxsat etiladi""}",0,https://postimg.cc/Dmfk0bYv,300,,"YHQ 24-bobi 145-bandining beshinchi xatboshisiga asosan, shatakka olish quyidagi holatlarda taqiqlanadi: kajavasiz mototsikllar bil h i d k b d t t ikll i"
question_570,Ushbu yol belgisi bildiradi:,"{""Yolning korsatilgan yo'nalishda oxiri berkligini"",""Aholi punktlaridagi manzil tomon harakatlanish yo'nalishini"",""Balandlikda yoki tezlanish tasmasida qoshimcha tasmaning tugaganini""}",0,https://lgacbbewpuzeyxijzfii.supabase.co/storage/v1/object/public/test-images/question-570.jpg,300,,YHQ 1-ilovasi 5-bo'limining o'ttiz oltinchi xatboshisiga asosan: 5.19.1. «Oxiri berk yo'l». Yo'lning ko'rsatilgan yo'nalishda oxiri berkligini bildiradi.
question_571,Shatakka olingan yengil avtomobilda yo lovchilarni tashish mumkinmi?,"{""Egiluvchi va qattiq ulagichda ruxsat etiladi"",""Taqiqlanadi""}",0,https://postimg.cc/Dmfk0bYv,300,,"YHQ 24-bobi 143-bandiga asosan: Qattiq yoki egiluvchan ulagich yordamida shatakka olingan avtobusda, trolleybusda va yuk avtomobili yukxonasida odam tashish, qisman ortish yo'li bilan shatakka olishda esa shatakka olingan transport vositasining kabinasida va yukxonasida, shuningdek shatakka olgan transport vositasining yukxonasida odamlar bo'lishi taqiqlanadi."
question_572,Quyidagi belgi ostidagi qo'shimcha axborot belgisi haydovchiga nima haqida xabar beradi?,"{""To'xtab turish paytida yurgizgichni ochirish taqiqlanadi"",""Yurgizgichni o'chirish sharti bilan to'xtab turish""}",1,https://lgacbbewpuzeyxijzfii.supabase.co/storage/v1/object/public/test-images/question-572.jpg,300,,YHQ 1-ilovasi 7-bo limining yigirmanchi xatboshisiga asosan: 7.7. «Dvigatelni ishlatmasdan to'xtab turish joyi». 5.15 belgisi bilan belgilangan to'xtab turish joyida transport vositalarining dvigatelini ishlatmasdan to' xtab turishiga ruxsat etilganligini ko'rsatadi.
question_573,Mazkur yotiq chiziq nimani anglatadi?,"{""Belgilangan yonalishdagi transport vositalari harakatlanadigan bolakni"",""Maxsus avtomobillar harakatlanadigan bolakni"",""Reversiv harakatlanish bolagining chegarasini""}",2,https://lgacbbewpuzeyxijzfii.supabase.co/storage/v1/object/public/test-images/question-573.jpg,300,,YHQ 2-ilovasi 1-Bo limining on birinchi xatboshisiga asosan: 1.9 - reversiv harakat tashkil etilgan bo laklarning chegarasini belgilaydi; reversiv harakatlanish amalga oshirilgan yo'llarda (reversiv svetofori o'chirilgan holatda) qarama-garshi yo nalishdagi transport oqimini ajratadi.
question_574,Chorrahani ikkinchi bo'lib kim kesib o'tadi?,"{""Yashil avtomobil"",""Qizil avtomobil ayni vaqtda ko'k bilan"",""Sariq avtomobil""}",1,https://lgacbbewpuzeyxijzfii.supabase.co/storage/v1/object/public/test-images/question-574.jpg,300,,YHQ 16-bobi 105-bandiga asosan: Teng ahamiyatga ega bolgan yollar kesishgan chorrahada relssiz transport vositasining haydovchisi o'ngdan kelayotgan transport vositalariga yo'l berishi shart.
question_575,Chorrahani birinchi bolib kesib o'tadi:,"{""Qizil avtomobil"",""Ko'k avtomobil"",""Yashil avtomobil""}",2,https://lgacbbewpuzeyxijzfii.supabase.co/storage/v1/object/public/test-images/question-575.jpg,300,,"YHQ 15-bobi 100-bandiga asosan: Svetoforning qizil yoki sariq ishorasi bilan bir vaqtda yongan qo'shimcha tarmoqning yo"" naltirgichli yashil ishorasi yo nalishida harakatlanayotgan transport vositasining haydovchisi boshqa yo nalishlarda harakatlanayotgan transport vositalariga yo'l berishi kerak."
question_576,Temir yol kesishmasidan otishda haydovchi nimaga amal qilishi kerak?,"{""Shlagbaumning holatiga va svetofor ishorasiga"",""Yol belgilari va chiziqlariga"",""Temir yol kesishmasi navbatchisining korsatmalari va ishoralariga"",""Barcha sanab otilgan talablarga""}",3,https://postimg.cc/Dmfk0bYv,300,,"YHQ 18-bobi 117-bandiga asosan: Temir yo'l kesishmasiga yaqinlashib kelayotgan haydovchi yo'l belgilari va chiziqlariga, svetofor ishoralariga, shlagbaum holatiga, kesishma navbatchisining ko'rsatmalariga amal qilishi, yaqinlashib kelayotgan poezd (lokomotiv, drezina) yo qligiga ishonch hosil qilishi shart."
question_577,Haydovchi quvib o tishni boshlashdan oldin nimaga ishonch hosil gilishi kerak?,"{""Quib otayotgan transport vositasi haydovchisidan ancha tezroq harakatlanishiga"",""Shu tasma boyicha oldinda harakatlanayotgan transport vositasi haydovchisi chapga burilish (qayta tizilish) haqida ishora bermaganiga"",""U chiqishga moljallagan yol qismi 1000 metr masofada bosh ekaniga""}",1,https://postimg.cc/Dmfk0bYv,300,,"YHQ 12-bobi 82-bandining uchinchi xatboshisiga asosan, haydovchi quvib o'tishni boshlashdan oldin: oldinda harakatlanayotgan transport vositasi quvib o'tish, chapga burilish (qayta tizilish) ishorasini bermayotganligiga ishonch hosil gilishi kerak."
question_578,Uzunasiga ketgan sidirg'a chizigi bilan toxtagan transport vositalari o'rtasidagi masofa quyidagidan kam bolgan joylarda transport vositalarining to'xtashi va to'xtab turishi taqiqlanadi:,"{""2,0 m"",""3,0 m"",""4,0 m"",""5,0 m"",""6,0 m""}",1,https://postimg.cc/Dmfk0bYv,300,,"YHQ 13-bobi 91-bandining tortinchi xatboshisiga asosan, quyidagi joy va holatlarda to'xtash taqiqlanadi: to'xtagan transport vositasi bilan sidirg'a chiziq (qatnov qismining chetini belgilovchi chiziqdan tashqari), ajratuvchi mintaqa yoki qatnov qismining qarama-qarshi cheti orasidagi masofa 3 metrdan kam bolgan joylarda."
question_579,Benzin bug'idan zaharlanishning alomatlari qanday?,"{""Ko'z ongi qorong'ilashadi, bosh aylanadi, muvozanat yoqoladi, yiqiladi. Tomir urishi sekinlashadi. Oyoq-qol soviydi"",""Mastga oxshab harakatlanadi, bosh aylanadi, og'riydi, ko'ngil ayniydi, qayt qiladi, mushaklari tortishadi, nafas olish sekinlashadi""}",1,https://postimg.cc/Dmfk0bYv,300,,"Etillangan benzin (tetraetilqo'rg'oshin qo'shilgan benzin)ning birdan katta miqdori havoga ajralishidan o'tkir zaharlanish kelib chiqadi va unda ko'ngil aynish, qusish, holsizlanish, bosh aylanishi, ishtahaning yo qolishi hollari yuzaga keladi. Og'izda metal ta'mi, tilda yot jizm sezilishi kabilar o'ziga xos belgilaridan biridir. Og'ir holatlarda asabiylashish, chayqalib yurish, alohsirash, ko rish va eshitishga oid gallyusinatsiyalar va tomir tortishlar kuzatiladi. Etillanmagan benzindan ham zaharlanish mumkin. Shu kabi zaharlanishning alomatlari etillangan benzindan zaharlanishni eslatadi, biroq yengilroq tarzda o tadi."
question_580,Yuk avtomobilining yukxonasida 8 nafardan kop odamlarni tashish qaysi haydovchilarga ruxsat beriladi?,"{""«C» toifadagi transport vositasini boshqarish huquqi guvohnomasi bo'lib, shu avtomobilda uch yillik ish davriga ega bolgan haydovchilarga"",""«D» va «C» toifadagi transport vositalarini boshqarish huquqiga ega bolgan va shu toifadagi transport vositalaridan birini 3 yildan ortiq boshqargan haydovchilarga""}",1,https://postimg.cc/Dmfk0bYv,300,,"YHQ 26-bobi 152-bandiga asosan: Yuk avtomobilining yukxonasida odam tashish «S» toifasidagi transport vositalarini boshqarish huquqiga ega bo lgan, odamlar soni kabinadagi yo lovchilarni ham qo'shib hisoblaganda 8 nafardan ortiq bo'lganda esa, «S» va «D» toifalaridagi transport vositalarini boshqarish huquqiga ega bo'lgan va shu toifaga taalluqli transport vositalaridan birini 3 yildan ortiq boshqargan haydovchilar tomonidan amalga oshirilishi kerak. Harbiy haydovchilarga yuk avtomobillarida odam tashishga ruxsat berish O'zbekiston Respublikasi Mudofaa vazirligi tomonidan belgilangan tartibda amalga oshiriladi."
question_581,«Yetarli korinmaslik» deganda nima tushuniladi?,"{""Oqshomdan tonggacha bolgan vaqt"",""Korinish 150 metrdan kam bolgan holat"",""Tuman tushganda, yomg'ir, qor yog ayotganda va hokazo sharoitlarda, shuningdek, kunning gira shira vaqtida yolning korinishi 300 metrdan kam bolishi"",""Yomg'ir, qor yog'ishi, oqshom""}",2,https://postimg.cc/Dmfk0bYv,300,,"YHQ 1-bobi 6-bandining on to'qqizinchi xatboshisiga asosan: yetarlicha korinmaslik - yomg'ir, qor yog 7561, tuman tushishi va shunga o'xshash sharoitlarda, shuningdek kunning g'ira-shira vaqtida yo'Ining ko'rinish masofasi 300 metrdan kam bolishi."
question_582,Yo'naltirgichlar bilan belgilangan yonalishlarning qaysi biridan harakatlanishga ruxsat etiladi?,"{""«А» va «Б»"",""«Б» va «В»"",""«A» va «В»""}",2,https://lgacbbewpuzeyxijzfii.supabase.co/storage/v1/object/public/test-images/question-582.jpg,300,,"YHQ 1-ilovasi 3-bo'limining qirq ikkinchi xatboshisiga asosan: 3.18.1 belgisi qatnov qismlarining qaysi kesishmasi oldiga o'rnatilsa, shu kesishmaga tatbiq etiladi. Izoh: 3.18.1 belgisi qayrilib olishni taqiqlamaydi."
question_583,Sariq uzuq-uzuq yotiq chiziq qaysi yol belgisi bilan qollanilishi mumkin?,"{""«To'xtash taqiqlangan»"",""«To'xtab turish taqiqlangan»"",""«Oyning toq sonli kunlarida to xtab turish taqiqlangan»""}",1,https://lgacbbewpuzeyxijzfii.supabase.co/storage/v1/object/public/test-images/question-583.jpg,300,,YHQ 2-ilovasi 1-bo limining o'n ikkinchi xatboshisiga asosan: 1.10 - to'xtab turish taqiqlangan joyni bildiradi; yakka holda yoki 3.28 yol belgisi bilan qo'llaniladi va yo Ining qatnov qismi chetiga yoki yol chetidagi to'siq ustidan chiziladi.
question_584,"Kesishma orqali harakatlanish hollarida haydovchi «To'xtash chizig'i», 2.5 «To'xtamasdan harakatlanish taqiqlangan» yol belgisi yoki svetofor bolmaganda, otib ketayotgan poyezdni otkazib yuborishga qoida boyicha shlagbaumgacha kamida qancha masofa qolganda to'xtash kerak?","{""1 m"",""5 m"",""10 m"",""15 m"",""20 m""}",1,https://postimg.cc/Dmfk0bYv,300,,"YHQ 18-bobi 119-bandiga asosan: Kesishma orgali harakatlanish taqiqlangan hollarda haydovchi to'xtash chizig'i, 2.5 yo'l belgisi yoki svetofor oldida, ular bo lmaganda shlagbaumga kamida 5 metr, shlagbaum bo'lmaganda esa birinchi temir yol iziga kamida 10 metr qolganda to'xtashi kerak."
question_585,Svetoforning ushbu ishorasida qaysi transport vositalariga harakatlanishga ruxsat etilgan?,"{""Tramvayga va mototsiklga"",""Mototsiklga, yengil avtomobil va yuk avtomobiliga"",""Yengil va yuk avtomobillariga"",""Barcha transport vositalariga""}",2,https://lgacbbewpuzeyxijzfii.supabase.co/storage/v1/object/public/test-images/question-585.jpg,300,,"YHQ 7-bobi 32-bandiga asosan: Yo'naltirgich ko'rinishidagi qizil, sariq va yashil rangli svetofor ishoralari ham doira shaklidagi svetofor ishoralari bilan bir xil mainoga ega boladi. Ular faqat ko'rsatilgan yo'nalishga ta'sir etadi. Agar tegishli yo'l belgisi bilan qayrilib olish taqiqlanmagan bo'lsa, chapga burilishga ruxsat beruvchi yo naltirgich qayrilib olishga ham ruxsat beradi. Qo'shimcha tarmoqdagi yashil yo'naltirgich ham xuddi shu ma'noni bildiradi. Qo'shimcha tarmoqdagi ishora o'chirilgan bo'lsa, shu tarmoq tartibga solayotgan yo nalishda harakatlanish taqiqlanganligini bildiradi."
question_586,Ogir vaznli va katta o'lchamli yuklarni tashiyotgan transport vositalarining aholi punktlaridan tashqarida qanday tezlik bilan harakatlanishiga ruxsat etiladi?,"{""40 km/soatdan oshirmasdan"",""60 km/soatdan oshirmasdan"",""Tashish shartlari bilan kelishilganda Davlat YHX xizmati ruxsat etganidan oshirmasdan""}",2,https://postimg.cc/Dmfk0bYv,300,,"YHQ 11-bobi 80-bandining to'rtinchi xatboshisiga asosan, har qanday yo llarda: xavfli, og'ir vaznli va katta o'Ichamli yuklarni tashiyotgan, tashkiliy jamlanmada harakatlanayotgan transport vositalariga DYHXX bilan kelishilgan tezlikdan oshirmasdan harakatlanishga ruxsat etiladi."
question_587,Mexanik transport vositasi shatakka olinganda egiluvchan ulagich qanday belgilanishi kerak?,"{""Diagonali boyicha qizil va oq rangli chiziqlar tushirilgan, yorug'lik qaytaradigan yuzali, bayroqchalar yoki taxtachalar bilan."",""Transport vositasi orqasiga mustahkamlangan avariya sababli to'xtash belgisi bilan belgilanishi kerak"",""Transport vositasi oldi tomoni oq rangli, orqasi qizil rangli fonarlar bilan belgilanishi kerak""}",0,https://postimg.cc/Dmfk0bYv,300,,"YHQ 24-bobi 144-bandiga asosan: Egiluvchan ulagich bilan shatakka olishda shatakka olgan va shatakka olingan transport vositalari o'rtasidagi masofa 4 - 6 metr oralig'ida bolishi, qattiq ulagich bilan shatakka olishda esa 4 metrdan ko'p bolmasligi kerak. YHQning 177-bandida ko'rsatilganidek, oq va qizil rangdagi chiziqli bayroqcha yoki taxtakach bilan belgilanadi."
question_588,Qayerda transport vositalarining to'xtashi va to'xtab turishi taqiqlanadi?,"{""Transport vositalari va piyodalarning harakati serqatnov joylarda"",""Bir yonalishda harakatlanish uchun uchtadan kam tasmaga ega bolgan ko'prik, yol o'tkazgich va estakadalarning ustida"",""Qatnov qismlari kesishmasi chetida 30 metrdan koproq, masofa qolganda""}",1,https://postimg.cc/Dmfk0bYv,300,,"YHQ 13-bobi 91-bandining uchinchi xatboshisiga asosan, quyidagi joy va holatlarda to xtash taqiqlanadi: bir yonalishda harakatlanish uchun uchtadan kam tasmaga ega bo lgan ko prik, yol o'tkazgich va estakadalarning ustida;"
question_589,Tormoz tizimi ishlamayotgan transport vositasini shatakka olish mumkinmi?,"{""Agar shatakka olgan transport vositasining haqiqiy vazni shatakka olinuvchi transport vaznidan ikki barobar ortiq bo'lsa, qattiq ulagich yordamida yoki qisman ortish usuli bilan"",""Faqat qattiq ulagichda"",""Agar shatakka olingan transport vositasida haydovchi bolsa har qanday usul bilan"",""Faqat unga qisman ortish usuli bilan""}",0,https://postimg.cc/Dmfk0bYv,300,,"YHQ 24-bobi 145-bandining to'rtinchi xatboshisiga asosan, shatakka olish quyidagi holatlarda taqiqlanadi: tormoz tizimi ishlamayotgan transport vositasining haqiqiy vazni shatakka olgan transport vositasining haqiqiy vaznining yarmidan ortiq bolsa (haqiqiy vazni kam bo'lgan bunday transport vositasini Faqat qattiq ulagich yordamida yoki qisman ortish usuli bilan shatakka olishga yo'l qo'yiladi)."
question_590,Mexanik transport vositalaridan foydalanish qanday shartlarda taqiqlanadi?,"{""Yurgizgich ishida nuqson bolganda"",""Uzatma qutisida shovqin bolganda"",""Davlat davriy texnik ko'rigidan belgilangan tartibda otmaganda""}",2,https://postimg.cc/Dmfk0bYv,300,,"YHQ 29-bobi 179-bandining uchinchi xatboshisiga asosan, quyidagi hollarda transport vositalaridan foydalanish taqiqlanadi: transport vositalari belgilangan tartibda davlat texnik ko'rigidan o'tmagan bo'lsa."
question_591,Qora avtomobil chorrahani nechanchi bolib kesib o'tadi?,"{""Birinchi"",""Ikkinchi"",""Oxirgi""}",1,https://lgacbbewpuzeyxijzfii.supabase.co/storage/v1/object/public/test-images/question-591.jpg,300,,"YHQ 6- bobi 26-bandiga asosan: Haydovchilar tezkor va maxsus xizmatlarning ko'k yoki qizil yoxud ko'k va qizil rangli yalt-yalt etuvchi mayoqchalar va maxsus tovushli ishorasi yoqilgan holda yaqinlashayotgan transport vositalariga, shuningdek ularning kuzatuvidagi, yaqinni yorituvchi fara chiroqlari yoqilgan transport vositasi (transport vositalari) ga yo'l berishlari shart. Mazkur turdagi transport vositalarini quvib o'tish taqiqlanadi. YHQ 16-bobi 107-bandiga asosan: Chapga burilishda yoki qayrilib olishda relssiz transport vositasining haydovchisi teng ahamiyatli yo'ldan qarama-qarshi yo'nalishdan to'g'riga yoki o'ngga harakatlanayotgan, shuningdek ruxsat etilgan hollarda quvib o'tayotgan transport"
question_592,Harakat qaysi yo'nalishda ruxsat etilgan?,"{""Faqat to'g'riga"",""To'g'ri va óngga"",""Tog'riga, ongga va chapga"",""Barcha yo'nalishlarga""}",2,https://lgacbbewpuzeyxijzfii.supabase.co/storage/v1/object/public/test-images/question-592.jpg,300,,YHQ 1-ilovasi 5-bolimining oltinchi xatboshisiga asosan: 5.5. «Bir tomonlama harakatli yo'|». Transport vositalari butun kenglik bo'yicha bir yo'nalishda harakatlanadigan yo'l yoki qatnov qismini bildiradi. Izoh: 5.5. «Bir tomonlama harakatli yo'l» bilgisida qayrilib olish taqiqlanadi.
question_593,Bu belgida qaysi avtomobilga harakatlanishga ruxsat etilgan?,"{""Haqiqiy vazni 12 t bo'lgan ikki o'qli yuk avtomobiliga"",""Haqiqiy vazni 12 t bolgan uch o'qli yuk avtomobiliga""}",1,https://lgacbbewpuzeyxijzfii.supabase.co/storage/v1/object/public/test-images/question-593.jpg,300,,YHQ 1-ilovasi 3-bo'limining o'n to'rtinchi xatboshisiga asosan: 3.12. «O'qqa tushadigan ogirlik cheklangan». Birorta o'qiga tushadigan haqiqiy og'irligi belgida ko'rsatilganidan ortiq bo'lgan transport vositalarining harakatlanishi taqiqlanishini bildiradi.
question_594,Chorrahani ikkinchi bo'lib kim kesib o'tadi?,"{""Kok avtomobil"",""Yashil avtomobil"",""Qizil avtomobil""}",0,https://lgacbbewpuzeyxijzfii.supabase.co/storage/v1/object/public/test-images/question-594.jpg,300,,YHQ 16-bobi 105-bandiga asosan: Teng ahamiyatga ega bolgan yollar kesishgan chorrahada relssiz transport vositasining haydovchisi o'ngdan kelayotgan transport vositalariga yo'l berishi shart.
question_595,Svetoforning qizil va sariq ishoralaridagi qora yo naltirgichlar nima haqda axborot beradi?,"{""Svetoforning yashil ishorasi yoqilganda harakatlanishning ruxsat etilgan yonalishlari haqida"",""Svetoforning qizil va sariq ishoralarida harakatlanishning ruxsat etilgan yo'nalishlari haqida""}",0,https://lgacbbewpuzeyxijzfii.supabase.co/storage/v1/object/public/test-images/question-595.jpg,300,,"YHQ 7-bobi 32-bandining birinchi xatboshisiga asosan: Yo'naltirgich ko'rinishidagi qizil, sariq va yashil rangli svetofor ishoralari ham doira shaklidagi svetofor ishoralari bilan bir xil ma'noga ega bo'ladi. Ular faqat ko'rsatilgan li h t ' i t di"
question_596,Yuk avtomobili kuzovida yolovchilar tashishda ularning soni qanday belgilanadi?,"{""Ma'muriyatning korsatmasi bilan"",""Tashishning zarurligi bilan"",""Jihozlangan orindiqlarning soni bilan"",""Haydovchining qarori bilan""}",2,https://postimg.cc/Dmfk0bYv,300,,"YHQ 5-bobi 24-bandiga asosan: Yo'lovchilarga: harakatlanayotgan bortli yuk avtomobillarida tik turish, bortlarda yoki undan yuqoridagi yuk ustida o tirish; Bu talablarning bajarilishini haydovchi nazorat qilishi kerak. YHQ 26-bobi 159-bandiga asosan: odam soni transport vositasining texnik tavsifnomasida ko'zda tutilgan miqdordan ortiq bo'lganda. YHQ 26-bobi 154-bandiga asosan: Yuk avtomobilining yukxonasida, shuningdek shaharlararo, sayyohlik, ekskursiya yoki tog'li yo'nalishlarda va bolalar guruhini tashkiliy tashishda tashilayotgan odamlar soni o tirish uchun jihozlangan o'rindiqlar sonidan oshmasligi kerak."
question_597,Qaysi avtomobilning haydovchisi to'xtab turish qoidalarini buzmadi?,"{""Qizil"",""Sariq"",""Har ikkisi buzgan"",""Hech kim buzmadi""}",2,https://lgacbbewpuzeyxijzfii.supabase.co/storage/v1/object/public/test-images/question-597.jpg,300,,YHQ 13-bobi 91-bandiga asosan: Quyidagilarda to'xtash taqiqlanadi: qatnov qismi kesishmalarida va kesishayotgan qatnov qismi chetiga 30 metrdan kam masofada (uch tomonlama kesishadigan chorrahalarda yondan tutashgan yolning sidirg'a chiziq yoki ajratuvchi mintaqa bilan ajratilgan qarama-qarshi tomoni bundan mustasno);
question_598,Avtobuslarda bolalar guruhini tashkiliy ravishda tashishda qanday hollarda kunning yorug' vaqtida yaqinni yorituvchi fara chiroqlari yoqib qo'yilishi kerak?,"{""Faqat ko'rinish yetarli bo'lmagan sharoitlarda"",""Faqat harakat serqatnov bolganda"",""Haydovchining xohishiga kora"",""Tashish amalga oshirilayotgan barcha hollarda""}",3,https://postimg.cc/Dmfk0bYv,300,,"YHQ 23-bobi 138-bandi 3-xatboshiga muvofiq, kunning yorug' vaqtida quyidagi hollarda yaqinni yorituvchi faralar yoqilishi kerak: avtobusda bolalar guruhini tashkiliy tashishda."
question_599,Qishda boldirga qon to xtatadigan jgutni qancha muddatga qo'yish mumkin?,"{""2 soatdan ko'p bolmagan"",""3 soatdan ko'p bolmagan"",""1 soatdan ko'p bolmagan""}",2,https://postimg.cc/Dmfk0bYv,300,,Qon to'xtatish jguti yilning sovuq fasllarida bir soatdan ortiq bo'lmagan vaqtga qo'yiladi. Jgut qo'yilishi barcha quyi joylashgan to qimalarda qon aylanishini to'xtatish bilan bog'liq. Qon aylanishini uzoqroq vagtga to'xtatish qo'l yoki oyoqda qon tomirlari yo'nalishi bo'yicha jgutdan quyiroq qismda halokatli o'zgarishlarga olib keladi.
question_600,M2; M3 toifadagi avtotransport vositalarining shina protektori naqshlarining balandligi quyidagilardan kam bolmasligi kerak:,"{""0,8 mm"",""1,0 mm"",""1,6 mm"",""2,0"",""2,5 mm""}",3,https://postimg.cc/Dmfk0bYv,300,,"YHQ 3-ilovasi 5-Bo'limi 5.1-bandining uchinchi xatboshisiga asosan: M2, M3 toifadagi avtotransport vositalari uchun - 2,0 mm dan kam bo'lsa foydalanish taqiqlanadi."
question_601,Yolda harakatlanishni tartibga solish uchun vakolatli shaxsda o'zi bilan bolishi kerak:,"{""Tegishli guvohnoma va taniqlik belgisi - qo'l bog'ichi"",""Jezl"",""Qizil ishorali yorug'lik qaytargich qizil chiroq yoki bayroqcha"",""Barcha sanab otilgan belgilari""}",3,https://postimg.cc/Dmfk0bYv,300,,"YHQ umumiy qoidalar: tartibga soluvchi - o'zbekiston Respublikasi Ichki ishlar vazirligi Davlat yol harakati xavfsizligi xizmatining (keyingi o'rinlarda - DYHXX), harbiy avtomobil nazorati organlari xodimi, o'z xizmat vazifalarini bajarayotgan, ushbu Qoidalarda ko zda tutilgan ishoralar yordamida yol harakatini tartibga solish vakolatiga ega bolgan va uni bevosita amalga oshirayotgan yo ldan foydalanish xizmati xodimlari, temir yo'l kesishmasi va sol kechuvlaridagi navbatchilar hamda jamoatchilik vakillari. Tartibga soluvchi maxsus kiyim va (yoki) taniqlik belgisi (qo'l bog'ichi, jezl, qizil ishorali yorug'lik qaytargich, qizil chiroq yoki bayroqcha)ga ega bo'lishi shart;"
question_602,Qaysi belgi qayrilib olishga ruxsat etadi?,"{""1"",""2"",""3"",""4"",""5""}",1,https://lgacbbewpuzeyxijzfii.supabase.co/storage/v1/object/public/test-images/question-602.jpg,300,,"YHQ 1-ilovasi 3-bolimining yigirma ikkinchi xatboshisiga asosan: 3.18.2. «Chapga burilish taqiqlanadi». Izoh: 3.18.2. «Chapga burilish taqiqlanadi» belgisi, qayrilib olishni taqiqlamaydi"
question_603,"Agar avtomobilning balandligi (yuki bilan yoki yuksiz) belgida ko'rsatilganidan ortiq bo'lsa, haydovchi:","{""Avtoxojalik rahbaridan yurishga ruxsat olishi kerak"",""DYHX xodimidan yurishga ruxsatnoma olishi kerak"",""Boshqa yo'nalish bo'yicha yol qismini aylanib otishi kerak""}",2,https://lgacbbewpuzeyxijzfii.supabase.co/storage/v1/object/public/test-images/question-603.jpg,300,,YHQ 1-ilovasi 3-bo limining o'n beshinchi xatboshisiga asosan: 3.13. «Cheklangan balandlik». Gabarit balandligi (yuk bilan yoki yuksiz) belgida ko'rsatilganidan ortiq bo'lgan transport vositalarining harakatlanishi taqiqlanishini bildiradi.
question_604,Avtomobillar chorrahani quyidagi tartibda kesib otadilar:,"{""Qizil, ko'k, yashil"",""Yashil, kok, qizil"",""Yashil ayni vaqtda qizil bilan, ko'k""}",1,https://lgacbbewpuzeyxijzfii.supabase.co/storage/v1/object/public/test-images/question-604.jpg,300,,YHQ 16-bobi 105-bandiga asosan: Teng ahamiyatga ega bolgan yollar kesishgan chorrahada relssiz transport vositasining haydovchisi o ngdan kelayotgan transport vositalariga yo'l berishi shart.
question_605,Harakatlanishda ustunlikka ega:,"{""Asosiy yol boyicha chorrahaga chiqayotgan avtobusning haydovchisi"",""Chorrahada qayrilib olishni tugallayotgan yengil avtomobilning haydovchisi"",""Svetoforning ruxsat etuvchi ishorasida chorrahaga chiqqan avtobus haydovchisi""}",1,https://lgacbbewpuzeyxijzfii.supabase.co/storage/v1/object/public/test-images/question-605.jpg,300,,"YHQ 15-bobi 102-bandiga asosan: Svetoforning ruxsat etuvchi ishorasida chorrahaga kirgan haydovchi, undan chiqishdagi svetofor ishorasidan qat'i nazar, belgilangan yo'nalishda harakatini davom ettirishi kerak. YHQ 15-bobi 103-bandiga asosan: Svetoforning ruxsat etuvchi ishorasi yonganda haydovchi chorraha orgali harakatlanishni tugallayotgan transport vositalari va qatnov qismidan tegishli yo'nalishda o tishni tugallayotgan piyoda (lar) ga yol berishi shart."
question_606,Yol belgilari va chiziqlarning ma'nolari bir-birini inkor etganda haydovchi qaysi biriga rioya etishi kerak?,"{""Yol chiziqlariga"",""Yol belgilariga""}",1,https://postimg.cc/Dmfk0bYv,300,,"YHQ 2-ilovasi 1-bo'limining o ttiz to'qqizinchi xatboshisiga asosan: Ko'chma tirgakka o'rnatilgan vaqtinchalik yol belgilari va chiziqlar ma'no jihatidan bir-biriga zid kelsa, haydovchilar vaqtinchalik yol belgilariga amal gilishlari kerak."
question_607,Qaysi transport vositasining haydovchisi quvib o'tishni to'g'ri bajaryapti?,"{""Yuk avtomobilining haydovchisi"",""Yengil avtomobilning haydovchisi"",""Har ikkisi to'g'ri"",""Har ikkisi noto'g'ri""}",0,https://lgacbbewpuzeyxijzfii.supabase.co/storage/v1/object/public/test-images/question-607.jpg,300,,"YHQ 10-bobi 66-bandiga asosan: Harakat ikki tomonlama bo'lgan va chiziqlar bilan belgilangan (1.9 yol chizigi bilan belgilanganidan tashqari) uchta tasmali yollarda, ikki yo'nalishda harakatlanish uchun mo'ljallangan o'rta qatorga faqat quvib o'tish, aylanib o'tish, chapga burilish va qayrilib olish uchungina chiqishga ruxsat etiladi. Qarama-qarshi yonalishda harakatlanish uchun moljallangan chetki chap qatorni egallash taqiqlanadi."
question_608,Suniy yoritilgan tunellarda harakatlanayotganda qoidalar mexanik transport vositasining haydovchiga qanday majburiyat yuklaydi:,"{""Majburiy to'xtash yoritgichini yoqishni"",""40 km/soatdan oshmaydigan tezlik bilan harakatlanishni"",""Tovushli xabar berishni"",""Uzoqni yoki yaqinni yorituvchi chiroqlarini yoqishni""}",3,https://postimg.cc/Dmfk0bYv,300,,"YHQ 23-bobi 134-bandining birinchi xatboshisiga asosan, qorong'i vaqtda va yetarlicha ko'rinmaydigan sharoitda, shuningdek yo Ining yoritilganligidan gat i nazar, tunnellarda harakatlanayotgan transport vositalarida quyidagi yoritish asboblari yoqilgan bo lishi kerak: barcha mexanik transport vositalari - uzoqni yoki yaqinni yorituvchi chiroqlar."
question_609,Haydovchi keskin tormozlashda yuzaga keladigan sirpanishning oldini olish uchun qanday choralar korishi kerak?,"{""Tormoz pedalini qattiq bosishga"",""Ulagich pedalini bosishga"",""Boshlangan tormoz berishni to'xtatishga""}",2,https://postimg.cc/Dmfk0bYv,300,,"Avtomobilni sirpanchiq yolda sirpanishi, orqa g'ildiraklarini blokirovkasi sababli vujudga keladi. Bu holda birinchi navbatda surilish sababini bartaraf etish, ya'ni boshlangan tormozlanishni to'xtatish lozim. Keyinchalik rul chambaragini surilish tomon burib, harakat yo nalishini to'g'rilab olish mumkin"
question_610,Qaysi belgi yol boshi yoki oxirigacha bo'lgan masofani bildiradi?,"{""1"",""2"",""3"",""4"",""5""}",0,https://lgacbbewpuzeyxijzfii.supabase.co/storage/v1/object/public/test-images/question-610.jpg,300,,YHQ 1-ilovasi 5-bo'limining qirq oltinchi xatboshisiga asosan: 5.28. «Kilometr belgisi». Yo'lning boshi yoki oxirigacha bo'lgan masofani bildiradi. (km).
question_611,Yol burilishlarida avtomobilning markazdan qochirma kuchi qanday hollarda oshadi?,"{""Burilish radiusi ko'payishi bilan"",""Harakat tezligi ortishi bilan"",""Harakat tezligi pasayishi bilan""}",1,https://postimg.cc/Dmfk0bYv,300,,Inersiya (markazdan qochirma) kuchi avtomobilning burilish bo ylab harakatida vujudga keladi. Bu holda u burilish markazidan qarama-qarshi yo nalish tomon yo naltirilgan va harakat tezligi kattalashishi hamda burilish radiusi kamayishi bilan ko payadi.
question_612,Belgilardan qaysi birining belgilangan yo'nalishdagi transport vositalariga daxli yo'q?,"{""1"",""2"",""3"",""4"",""5""}",3,https://lgacbbewpuzeyxijzfii.supabase.co/storage/v1/object/public/test-images/question-612.jpg,300,,YHQ 1-ilovasi 3-bolimining o ttiz birinchi va o'ttiz sakkizinchi xatboshlariga asosan: 3.27. «To'xtash taqiqlangan». Transport vositalarining to'xtashi va to'xtab turishi taqiqlanishini bildiradi. 3.27 belgisiga amal qilish yo na 551 transport vositalariga ta'sir qilmaydi.
question_613,Bu joyda qayrilib olishga ruxsat etiladimi?,"{""Ruxsat etiladi"",""Taqiqlanadi""}",1,https://lgacbbewpuzeyxijzfii.supabase.co/storage/v1/object/public/test-images/question-613.jpg,300,,YHQ 2-ilovasi 1-bo limining beshinchi va o'ttiz to'rtinchi xatboshlariga asosan: 1.3 - tort va undan ortiq harakatlanish bo'lagi bolgan yollarda qarama-qarshi yo'nalishdagi transport vositalari oqimini ajratadi. 1.3 chizig'ini bosib o'tish taqiqlanadi.
question_614,Avtomobillar chorrahani quyidagi tartibda kesib otadi:,"{""Piyodalar uchun ruxsat etuvchi ishora bolib Izoh: YHQ 7-bobi 40-bandiga asosan: Yol harakati qatnashchilarining e'tiborini jalb etish uchun hushtak bilan qo'shimcha ishora beriladi."",""Ko'k; yashil; qizil"",""Qizil; kok; yashil"",""Yashil; qizil; ko'k Izoh: YHQ 16-bobi 104-bandining birinchi xatboshisiga asosan: Teng axamiyatga ega bo lmagan yollar kesishgan chorrahada, ikkinchi darajali yolda harakatlanayotgan transport vositasining haydovchisi asosiy yo ldan yaqinlashayotgan transport vositalariga, ularning keyingi harakat yo'nalishidan qat'i nazar, yo'l berishi kerak. YHQ 16-bobi 107-bandiga asosan: Chapga burilishda yoki qayrilib olishda rel'ssiz transport vositasining haydovchisi teng ahamiyatli yoldan qarama-qarshi yo'nalishdan to'g'riga yoki o'ngga harakatlanayotgan, shuningdek ruxsat etilgan hollarda quvib o tayotgan transport vositalariga yol berishi shart.""}",2,https://lgacbbewpuzeyxijzfii.supabase.co/storage/v1/object/public/test-images/question-614.jpg,300,,"YHQ 7-bobi 40-bandiga asosan: Yol harakati qatnashchilarining e'tiborini jalb etish uchun hushtak bilan qo'shimcha ishora beriladi. F1 Ko'k; yashil; qizil F2 Qizil; kok; yashil # F3 Yashil; qizil; ko'k Izoh: YHQ 16-bobi 104-bandining birinchi xatboshisiga asosan: Teng axamiyatga ega bo lmagan yollar kesishgan chorrahada, ikkinchi darajali yolda harakatlanayotgan transport vositasining haydovchisi asosiy yo ldan yaqinlashayotgan transport vositalariga, ularning keyingi harakat yo'nalishidan qat'i nazar, yo'l berishi kerak. YHQ 16-bobi 107-bandiga asosan: Chapga burilishda yoki qayrilib olishda rel'ssiz transport vositasining haydovchisi teng ahamiyatli yoldan qarama-qarshi yo'nalishdan to'g'riga yoki o'ngga harakatlanayotgan, shuningdek ruxsat etilgan hollarda quvib o tayotgan transport vositalariga yol berishi shart."
question_615,Qizil avtomobilning haydovchisiga shu vaziyatda piyodalar otish joyi orqali harakatlanishni davom ettirishga ruxsat etiladimi?,"{""Ruxsat etiladi"",""Taqiqlanadi""}",1,https://lgacbbewpuzeyxijzfii.supabase.co/storage/v1/object/public/test-images/question-615.jpg,300,,"YHQ 17-bobi 110-bandiga asosan: Agar tartibga solinmagan piyodalar o tish joyi oldida transport vositasi harakatini sekinlashtirsa yoki to'xtasa, qo'shni tasmalarda harakatlanayotgan boshqa haydovchilar bu transport vositasi oldida piyoda (lar) yo'qligiga ishonch hosil qilganlaridan so'nggina harakatlanishni davom ettirishlari mumkin."
question_616,Tartibga soluvchining hushtak ishorasi xizmat qiladi:,"{""Harakat ishtirokchilarining e'tiborini jalb etish uchun"",""Zarur hollarda <Qo'lni yugoriga ko'tarish» ishorasining ornini bosish uchun"",""Piyodalar uchun ruxsat etuvchi ishora bolib""}",0,https://postimg.cc/Dmfk0bYv,300,,YHQ 7-bobi 40-bandiga asosan: Yol harakati qatnashchilarining e'tiborini jalb etish uchun hushtak bilan qo'shimcha ishora beriladi.
question_617,Sanab otilgan joylardan qaysi birida transport vositalarining to'xtashi va to'xtab turishi taqiqlanmaydi?,"{""Ko'priklarda, osma yollarda bir yo'nalishdagi harakatlanish uchun uchtadan kop tasma bolganda"",""Kesishadigan qatnov qismlarining chetiga 30 metrdan koproq qolganda"",""Barcha korsatilgan joylarda""}",2,https://postimg.cc/Dmfk0bYv,300,,"YHQ 13-bobi 91-bandi 3-xatboshiga asosan, quyidagi joylarda to xtash taqiqlanadi: bir yo nalishda harakatlanish uchun uchtadan kam tasmaga ega bolgan ko'prik, yol o'tkazgich va estakadalarning ustida; qatnov qismi kesishmalarida va kesishayotgan qatnov qismi chetiga 30 metrdan kam masofada (uch tomonlama kesishadigan chorrahalarda yondan tutashgan yo Ining sidirg'a chiziq yoki ajratuvchi mintaqa bilan ajratilgan qarama-qarshi tomoni bundan mustasno)."
question_618,Quvib otilayotgan transport vositasining haydovchisiga nima taqiqlanadi?,"{""40 km/soatdan ortiq tezlik bilan harakat qilish"",""O'z transport vositasining harakat tezligini kamaytirish bilan quvib o'tishga to'sqinlik qilish"",""Harakat tezligini oshirish yoki boshqa xatti harakatlar bilan quvib o'tishga to'sqinlik qilish""}",2,https://postimg.cc/Dmfk0bYv,300,,YHQ 12-bobi 84-bandiga asosan: Quvib o'tilayotgan transport vositasining haydovchisiga harakat tezligini oshirish yoki boshga xatti-harakatlar bilan quvib o'tishga to'sqinlik qilish taqiqlanadi.
question_619,Ko krak qafasining kop qismi jarohatlanganda uni qayerdan boshlab bint bilan bog'lash kerak?,"{""Ko'krak qafasining o'rtasidan"",""Ko'krak qafasining quyi qismidan"",""Qoltiq ostidan""}",1,https://postimg.cc/Dmfk0bYv,300,,Ko'krak qafasining keng yaralanishida jabrlanuvchiga tarang bog'ich bog'lanadi. Ko'krak qafasining quyiroq qismlaridan boshlab bint o'raladi. Nafas chiqarish paytida mustahkamlanadi.
question_620,Sanab o'tilgan hollardan qaysi birida transport vositalaridan foydalanishga ruxsat etiladi?,"{""Shinalar olchami va yo'l qoyiladigan bosimi boyicha transport vositasining rusumiga mos emas"",""Transport vositasining bitta o'qiga diagonal shinalar radial shinalar bilan birga o'rnatilgan"",""M1 toifadagi avtotransport vositalarining oldingi o'qiga birinchi toifada ta'mirlangan shinalar ornatilgan""}",2,https://postimg.cc/Dmfk0bYv,300,,"YHQ 3-ilovasining 5-bo'limidagi 5.7 bandiga muvofiq, transport vositalaridan foydalanishni ta'qiqlovchi shartlar: M1, M2, M3 toifalarni 1 klassidagi avtotransport vositalarini oldingi o'qiga ikkinchi ta'mirlash klassi bo'yicha qayta tiklangan shinalar o'rnatilgan bo'lsa."
question_621,Reaksiya va diqqatni pasaytiruvchi dori darmonlar ta'sirida bolgan haydovchiga transport vositalarini boshqarishiga ruxsat etiladimi?,"{""Taqiqlanadi"",""Ruxsat etiladi"",""Agar haydovchining ishlagan davri 2 yildan ortiq bolsa, ruxsat etiladi""}",0,https://postimg.cc/Dmfk0bYv,300,,"YHQ 2-bobi 12-bandining birinchi xatboshisiga asosan, haydovchiga quyidagilar taqiqlanadi: transport vositasini mastlik holatida (alkogol, giyohvand moddalar iste mol qilgan va h. k.), sezgirlik va e'tiborni susaytiradigan dori-darmonlar ta sirida, yo'l harakati xavfsizligiga tahdid soladigan darajadagi charchoqlik va betoblik holatida boshqarish."
question_622,Bu belgida kok fon bilan ajratilgan aholi punkti nimani bildiradi?,"{""Bu manzil shu aholi punktidan tashqarida joylashganini va u manzilga avtomagistral bo'lmagan, boshqa yol orqali borilishni"",""Ko'rsatilgan aholi punktiga harakatlanish avtomagistral bo'ylab amalga oshiriladi"",""Korsatilgan manzil mazkur aholi punktida joylashgan""}",0,https://lgacbbewpuzeyxijzfii.supabase.co/storage/v1/object/public/test-images/question-622.jpg,300,,"YHQ 1-ilovasi 5-bolimining o ttiz sakkizinchi va oltmish sakkizinchi xatboshlariga asosan: 5.21.1. «Yo'nalish ko'rsatkichi». Aholi punktida o'rnatilgan 5.20.1 yo'l belgisidagi yashil, ko'k rang ko'rsatilgan aholi punktiga yoki ob'ektga ushbu aholi punktidan chiqqandan so'ng avtomagistral yoxud boshqa yol orqali harakatlanish mumkinligini anglatadi, oq rang esa ko'rsatilgan ob'ekt shu aholi punktida joylashganligini bildiradi."
question_623,Quyidagi chiziq nimani bildiradi?,"{""Yolni kesib o'tuvchi piyodalarni o'tkazib yuborish uchun to'xtash majburiy bolgan joy"",""Velosiped yolkasi yolni kesib o'tuvchi joyi"",""Boshqarilmaydigan piyodalar o'tish joyi""}",1,https://lgacbbewpuzeyxijzfii.supabase.co/storage/v1/object/public/test-images/question-623.jpg,300,,YHQ 2-ilovasi 1-bo'limining o'n to'qqizinchi xatboshisiga asosan: 1.15 - yo Ining velosiped yolkasi kesib o'tgan joyini bildiradi
question_624,Transport vositalari chorrahani quyidagi tartibda kesib otadilar:,"{""Ko'k va qizil avtomobillar, yashil"",""Yashil, kok, qizil avtomobillar"",""Yashil, qizil va ayni vaqtda u bilan birga ko'k avtomobil"",""Qizil, yashil, ko'k avtomobillar""}",2,https://lgacbbewpuzeyxijzfii.supabase.co/storage/v1/object/public/test-images/question-624.jpg,300,,"YHQ 16-bobi 104-bandining birinchi xatboshisiga asosan: Teng ahamiyatga ega bo'lmagan yo'llar kesishgan chorrahada, ikkinchi darajali yo'lda harakatlanayotgan transport vositasining haydovchisi asosiy yo'ldan yaqinlashayotgan transport vositalariga, ularning keyingi harakat yo nalishidan qat i nazar, yo'l berishi kerak. YHQ 16-bobi 106-bandiga asosan: Asosiy yo'lning yo'nalishi chorrahada o'zgarganda asosiy yo lda harakatlanayotgan haydovchilar o'zaro teng ahamiyatli yo llar chorrahasidan o tish qoidasiga amal qilishlari kerak. Ikkinchi darajali yo llarda harakatlanayotgan haydovchilar ham o'zaro shu qoidaga amal qilishlari kerak."
question_625,"Korsatilgan vaziyatda ongga burilar ekan, haydovchi qanday yol tutishi kerak?","{""Ustunlik huquqidan foydalanib, tovushli xabar berishi va belgilangan yonalishda harakatni davom ettirishi"",""Harakat tezligini pasaytirishi va alohida ehtiyotkorlik bilan yolda davom etishi"",""Qatnov qismidan o'tuvchi piyodalarni o'tkazib yuborishi""}",2,https://lgacbbewpuzeyxijzfii.supabase.co/storage/v1/object/public/test-images/question-625.jpg,300,,
question_626,"Agar transport vositisida «Tezlik cheklangan» taniqlik belgisi o'rnatilgan bolsa, bu transport vositasining haydovchisiga:","{""Belgida korsatilgan tezlikdan oshirishga faqat tezlik tegishli yol belgisi o'rnatilib oshirilgan yol qismlarida ruxsat beriladi"",""Belgida korsatilgan tezlikdan oshirish taqiqlanadi""}",1,https://postimg.cc/Dmfk0bYv,300,,"YHQ 11-bobi 81-bandining ikkinchi xatboshisiga asosan, haydovchilarga quyidagilar taqiqlanadi: tezlikni transport vositasiga o'rnatilgan «Tezlik cheklangan» taniqlik belgisida ko rsatilganidan oshirish."
question_627,Aholi punktlarida «Avariya sababli toxtash» belgisi transport vositasidan (yon kajavasiz mototsikldan tashqari) kamida qanday masofada qo'yilishi kerak?,"{""10 m"",""15 m"",""30 m"",""40 m""}",1,https://postimg.cc/Dmfk0bYv,300,,"YHQ 8-bobi 51-bandiga asosan: Transport vositasi to'satdan to xtab qolganda, zudlik bilan avariya yorug lik ishorasini yoqish, agar u ishlamasa, avariya sababli to'xtash belgisini darhol o'rnatish kerak. Avariya sababli to'xtash belgisi quyidagi hollarda qollaniladi: yol-transport hodisasi sodir bo lganda; to'xtash taqiqlangan joylarda va ko'rinishi cheklangan joylarda majburiy to xtaganda; Ushbu belgi boshqa haydovchilarni xavfli vaziyat haqida o'z vaqtida ogohlantirish imkonini beradigan masofada o'rnatilishi kerak. Bu masofa aholi punktlarida transport vositasidan 15 metr, aholi punktlaridan tashqaridagi joylarda esa 30 metrdan kam bo lmasligi kerak."
question_628,Aholi punktlaridan tashqarida yolning qatnov qismida haydovchilar transport vositalarini qayerda harakatlantirishlari kerak?,"{""Iloji boricha qatnov qismining ơ'ng chetiga yaqinroq joyda"",""Xohlagan tasma boylab"",""Faqat ong tasma boylab, chap tasmaga o tish faqat chapga burish va burilib olish uchun ruxsat etiladi""}",0,https://postimg.cc/Dmfk0bYv,300,,YHQ 10-bobi 67-bandining birinchi xatboshisiga asosan: Aholi punktlaridan tashqaridagi yo'llarda hamda aholi punktlarida ayrim turdagi transport vositalari uchun ushbu Qoidalarda belgilangandan yugori tezlikda harakatlanish ruxsat etilgan yo'l qismlarida haydovchilar transport vositalarini mumkin qadar qatnov qismining o'ng chetiga yaqinroq olib harakatlanishlari kerak. O'ng tasmalar bo'sh bo'lganda chap tasmalarni egallash taqiqlanadi.
question_629,Quvib o'tish qaysi hollarda taqiqlanadi?,"{""Temir yol kesishmalarida va ulargacha 100 metrdan kam masofa qolganda"",""Temir yol kesishmalarida va ulargacha 100 metrdan ko'p masofa qolganda"",""Temir yol kesishmalarida va aholi punktlaridan tashqarida ulardan 100 metrdan ko'p masofa qolganda""}",0,https://postimg.cc/Dmfk0bYv,300,,"YHQ 12-bobi 86-bandining to'rtinchi xatboshisiga asosan, quvib o'tish quyidagi hollarda taqiqlanadi: temir yol kesishmalarida va ulargacha 100 metrdan kam masofa qolganda."
question_630,Transport vositasining bir oqiga izlari har xil naqshli shinalar o'rnatishga ruxsat etiladimi?,"{""Avtomobilning faqat orqa o'qiga oldingi boshqaruvchi koprik bilan birga ruxsat etiladi"",""Taqiqlanadi"",""Faqat yuk avtomobiliga ruxsat etiladi"",""Ruxsat etiladi""}",1,https://postimg.cc/Dmfk0bYv,300,,"YHQ 3-ilova Transport vositalaridan foydalanishni taqiqlovchi shartlar 5.5.-bandi: Transport vositasining bitta o'qiga har xil o'lchamli va konstruksiyali (dioganalli va radialli, kamerali va kamerasiz), har xil naqshli, sovuqqa chidamli va chidamsiz, yangi va qayta tiklangan, yangi va protektor naqshi chuqurlashtirilgan, turumlangan va turumlanmagan shinalar"
question_631,Qaysi rasmda haydovchi yo lovchilarni tushirish uchun o'z avtomobilini noto'g'ri to'xtatdi?,"{""Chapdagi rasmda"",""Ikkala rasmda"",""O'ngdagi rasmda""}",1,https://lgacbbewpuzeyxijzfii.supabase.co/storage/v1/object/public/test-images/question-631.jpg,300,,YHQ 13-bobi 91-bandiga asosan: piyodalar o'tish joylarida va ulardan oldin 10 metrdan kam masofa qolganda; qatnov qismi kesishmalarida va kesishayotgan qatnov qismi chetiga 30 metrdan kam masofada (uch tomonlama kesishadigan chorrahalarda yondan tutashgan yolning sidirg'a chiziq yoki ajratuvchi mintaqa bilan ajratilgan qarama-qarshi tomoni bundan mustasno).
question_632,Qaysi rasmda harakatlanishning togri yonalishi ko'rsatilgan?,"{""Birinchida"",""Ikkinchida"",""Ikkalasida""}",1,https://lgacbbewpuzeyxijzfii.supabase.co/storage/v1/object/public/test-images/question-632.jpg,300,,"YHQ 1-ilovasi 4-bo'limining o'n birinchi xatboshisiga asosan: 4.2.2. «To'siqni chapdan chetlab o'tish». To'siqni ko'rsatilgan yo'nalish bo'yicha chetlab o'tishga ruxsat etilishini bildiradi. YHQ 2-ilovasi 1-bo' limining o'ttiz toqqizinchi xatboshisiga asosan: Ko'chma tirgakka o'rnatilgan vaqtinchalik yo'l belgilari va chiziqlar ma no jihatidan bir-biriga zid kelsa, haydovchilar vaqtinchalik yol belgilariga amal qilishlari kerak."
question_633,Mazkur chiziq nimani bildiradi?,"{""Harakat svetofor bilan tartibga solinadigan piyodalar o'tish joyini"",""Velosiped yolkasining qatnov qismini kesib o'tadigan joyni"",""Piyodalar yo'lkasining qatnov qismini kesib o'tadigan joyni""}",1,https://lgacbbewpuzeyxijzfii.supabase.co/storage/v1/object/public/test-images/question-633.jpg,300,,YHQ 2-ilovasi 1-bo'limining o'n to'qqizinchi xatboshisiga asosan: 1.15 - yo Ining velosiped yo lkasi kesib o'tgan joyini bildiradi.
question_634,Qizil avtomobil chorrahani nechanchi bolib kesib otadi?,"{""Birinchi bolib"",""Ikkinchi bolib"",""Oxirgi bolib""}",1,https://lgacbbewpuzeyxijzfii.supabase.co/storage/v1/object/public/test-images/question-634.jpg,300,,"YHQ 16-bobi 104-bandining birinchi xatboshisiga asosan: Teng ahamiyatga ega bo'lmagan yollar kesishgan chorrahada, ikkinchi darajali yo'lda harakatlanayotgan transport vositasining haydovchisi asosiy yo'ldan yaqinlashayotgan transport vositalariga, ularning keyingi harakat yo nalishidan qat i nazar, yo'l berishi kerak. YHQ 16-bobi 106-bandiga asosan: Asosiy yo'lning yo'nalishi chorrahada o'zgarganda asosiy yo lda harakatlanayotgan haydovchilar o'zaro teng ahamiyatli yo llar chorrahasidan o tish qoidasiga amal qilishlari kerak. Ikkinchi darajali yo llarda harakatlanayotgan haydovchilar ham o'zaro shu qoidaga amal"
question_635,Svetoforning qaysi ishorasida avtomobil haydovchisi qayrilishni tugallashi mumkin?,"{""Qizilda"",""Yashilda"",""Istalganda""}",1,https://lgacbbewpuzeyxijzfii.supabase.co/storage/v1/object/public/test-images/question-635.jpg,300,,"YHQ 15-bobi 102-bandiga asosan: Svetoforning ruxsat etuvchi ishorasida chorrahaga kirgan haydovchi, undan chiqishdagi svetofor ishorasidan qat'i nazar, belgilangan yo nalishda harakatini davom ettirishi kerak. Biroq chorrahada haydovchining harakatlanayotgan yolida joylashgan svetoforlar oldida to xtash chiziqlari (yoki 5.33 yo'l belgisi) bo'lsa, u har bir svetofor ishorasiga amal gilishi shart."
question_636,Sanab otilgan hollarning qay birida qatnov qismining o'ng chetidan yoki yolning ó'ng yoqasidan qayrilib olishga ruxsat etiladi?,"{""Tartibga solingan chorrahalarda"",""Chorrahalardan tashqarida, agar qatnov qismining kengligi chetki chap holatdan qayrilib olish uchun yetarli bolmasa"",""Tartibga solinmaydigan chorrahalarda, agar qayrilib olishni amalga oshirayotgan transport vositasi asosiy yolda bo'lsa""}",1,https://postimg.cc/Dmfk0bYv,300,,"YHQ 9-bobi 59-bandining ikkinchi xatboshisiga asosan: Chorrahadan tashqarida qayrilib olishda, agar qatnov qismining kengligi manyovrni chetki chap holatdan bajarish uchun yetarli bo lmasa, uni qatnov qismining o'ng chetidan (o'ng yol yoqasidan) amalga oshirishga yol qo yiladi. Bu holda haydovchi shu yo'nalishdagi va qarama-qarshi yo nalishdagi transport vositalariga yo'l berishi shart."
question_637,Transport vositasi texnik tavsifnomasida ko'rsatilgan yuqori tezlikdan oshirishi mumkinmi?,"{""Yollardan foydalanish uchun mas'ul bolgan idoralar tomonidan oshirilishi mumkin"",""Aholi punktidan tashqaridagi yollarda oshirilishi mumkin. Bunday yo'l qismlarida «yuqori tezlik cheklangan» belgisi o'rnatiladi"",""Oshirilishi mumkin emas""}",2,https://postimg.cc/Dmfk0bYv,300,,"YHQ 11-bobi 81-bandining birinchi xatboshisiga asosan, haydovchilarga quyidagilar taqiqlanadi: tezlikni mazkur transport vositasining texnik tavsifnomasida ko'rsatilgan eng yuqori tezlikdan oshirish."
question_638,Avtomagistrallarda transport vositalarining atayin to'xtashi qaysi joylarda ruxsat etilgan?,"{""Yolning qatnov qismining chetki ơ'ng bolagida"",""Yolning 100 metrdan ko'proq qismi ko'rinadigan va harakat bo'lagi soni torttadan ortiq bolgan joylarda"",""To'xtab turish uchun «To'xtab turish joyi» yoki «Dam olish joyi» belgilari bilan belgilangan maxsus maydonchalarda""}",2,https://postimg.cc/Dmfk0bYv,300,,"YHQ 19-bobi 121-bandining uchinchi xatboshisiga asosan, avtomagistrallarda quyidagilar taqiqlanadi: 5.15 yoki 6.11 yo'l belgilari bilan belgilangan maxsus to'xtab turish maydonchalaridan boshqa joylarda to'xtash."
question_639,Avtopoyezdning belgisi qanday holda yoqilgan bolishi kerak?,"{""Tunda yoki yetarli korinmaydigan sharoitda harakat qilganda"",""Faqat avtopoyezd harakat qilganda"",""Avtopoyezd harakat qilganda, shuningdek, qorong'i vaqtda to'xtaganda va to'xtab turganida"",""Faqat avtopoyezd yuk bilan harakat qilganda""}",2,https://postimg.cc/Dmfk0bYv,300,,"YHQ 23-bobi 141-bandiga asosan: «Avtopoezd» taniqlik belgisi avtopoezd harakatlanayotganda, kunning qorongi vaqtida, yo lda to'xtash va to'xtab turish paytida ham yoqib qo yilishi kerak."
question_640,Ikkinchi daraja ta'mirlash yoli bilan tiklangan shinalarni M1 toifadagi avtotranspor vositalariga o'rnatishga ruxsat etiladimi?,"{""Taqiqlanadi"",""Avtomobilning har ikki o'qiga ruxsat etiladi"",""Faqat orqa o'qiga ruxsat etiladi""}",2,https://postimg.cc/Dmfk0bYv,300,,"YHQ 3-ilovasi 5-bo limining 5.7.-bandiga asosan: 5.7. M1, M2, M3 toifalarni 1 klassidagi avtotransport vositalarini oldingi o' qiga, M3 toifani 2 va 3 klassidagi avtotransport vositalarini o'rta va orga o'qlariga ikkinchi ta'mirlash klassi bo' yicha qayta tiklangan shinalar o'rnatilgan bo'lsa foydalanish taqiqlanadi."
question_641,Ko'k avtomobil chorrahani nechanchi bolib kesib o'tadi?,"{""Birinchi bolib"",""Ikkinchi bo'lib"",""Uchinchi bo'lib"",""To'rtinchi bo'lib"",""Oxirgi bolib""}",3,https://lgacbbewpuzeyxijzfii.supabase.co/storage/v1/object/public/test-images/question-641.jpg,300,,"YHQ 6-bobi 26-bandiga asosan: Haydovchilar tezkor va maxsus xizmatlarning kok yoki qizil yoxud ko'k va qizil rangli yalt-yalt etuvchi mayoqchalar va maxsus tovushli ishorasi yogilgan holda yaqinlashayotgan transport vositalariga, shuningdek ularning kuzatuvidagi, yaqinni yorituvchi fara chiroqlari yoqilgan transport vositasi (transport vositalari) ga yol berishlari shart. Mazkur turdagi transport vositalarini quvib o'tish taqiqlanadi. YHQ 16-bobi 104-bandiga asosan: Teng ahamiyatga еда bo'lmagan yollar kesishgan chorrahada, ikkinchi darajali yo lda harakatlanayotgan transport vositasining haydovchisi asosiy yoldan yaqinlashayotgan transport vositalariga, ularning keyingi harakat yo nalishidan qat i nazar, yol berishi kerak. Bunday chorrahalarda tramvay harakatlanish li hid t'i t h i t qarama-qarshi yo nalishda harakatlanayotgan relssiz transport vositalariga nisbatan imtiyozga ega. YHQ 16-bobi 107-bandiga asosan: Chapga burilishda yoki qayrilib olishda relssiz transport vositasining haydovchisi teng ahamiyatli yo'ldan qarama-qarshi yo'nalishdan to'g'riga yoki o'ngga harakatlanayotgan, shuningdek ruxsat etilgan hollarda quvib o'tayotgan transport vositalariga yol berishi shart. Bu qoidaga tramvay haydovchilari ham o'zaro amal qilishlari kerak."
question_642,Qaysi belgi «Bir tomonlama harakatli yolining oxiri» deb ataladi?,"{""1"",""2"",""3"",""4"",""5""}",3,https://lgacbbewpuzeyxijzfii.supabase.co/storage/v1/object/public/test-images/question-642.jpg,300,,YHQ 1-ilovasi 5-bolimining oltinchi xatboshisiga asosan: 5.6. «Bir tomonlama harakatli yo'Ining oxiri».
question_643,Bu yơl belgisi nimani bildiradi?,"{""40 km/soatdan kam tezlikda harakatlanayotgan yakka, yon kajavasi bolmagan ikki g'ildirakli mototsikllar va velosipedlardan tashqari barcha mexanik transport vositalarini quvib otish taqiqlanadi"",""Ruxsat etilgan to'la vazni 3,5 tonnadan ortiq bolgan yuk avtomobillarida barcha transport vositalarini quvib o'tish taqiqlanadi, soatiga 40 kilometrdan kam tezlikda harakatlanayotgan transport vositasi, traktor, ot-arava, velosiped bundan mustasno""}",1,https://lgacbbewpuzeyxijzfii.supabase.co/storage/v1/object/public/test-images/question-643.jpg,300,,"YHQ 1-ilovasi 3-bo limining yigirma oltinchi xatboshisiga asosan: 3.22. «Yuk avtomobillarida quvib o tish taqiqlangan». To'la vazni 3,5 tonnadan ortiq bo lgan yuk avtomobillarida barcha transport vositalarini quvib o'tish taqiqlanishini bildiradi. (soatiga 40 km dan kam tezlikda harakatlanayotgan transport vositasi, traktor, ot-arava, velosiped bundan mustasno)."
question_644,Chorrahani ikkinchi bolib kim kesib otadi?,"{""Yashil avtomobil"",""Ko'k avtomobil"",""Qizil avtomobil""}",1,https://lgacbbewpuzeyxijzfii.supabase.co/storage/v1/object/public/test-images/question-644.jpg,300,,"YHQ 16-bobi 104-bandining birinchi xatboshisiga asosan: Teng ahamiyatga ega bo lmagan yo'llar kesishgan chorrahada, ikkinchi darajali yo'lda harakatlanayotgan transport vositasining haydovchisi asosiy yo'ldan yaqinlashayotgan transport vositalariga, ularning keyingi harakat yo'nalishidan qat'i nazar, yo'l berishi kerak. YHQ 16-bobi 106-bandiga asosan: Asosiy yo Ining yo'nalishi chorrahada o'zgarganda asosiy yo'lda harakatlanayotgan haydovchilar o'zaro teng ahamiyatli yo'llar chorrahasidan o'tish qoidasiga amal gilishlari kerak. Ikkinchi darajali yo llarda harakatlanayotgan haydovchilar ham o'zaro shu qoidaga amal gilishlari kerak."
question_645,Ushbu chorrahada chapga burilishga ruxsat etiladimi?,"{""Ruxsat etiladi"",""Taqiqlanadi""}",0,https://lgacbbewpuzeyxijzfii.supabase.co/storage/v1/object/public/test-images/question-645.jpg,300,,"YHQ 1-ilovasi 4-bolimining birinchi va sakkizinchi xatboshlariga asosan: 4.1.1. «Harakatlanish to'g'riga». 4.1.1 yo'l belgisi qatnov qismining qaysi kesishmasi oldiga o'rnatilsa, shu kesishmaga joriy gilinadi. Yo'lning qismi boshlanishida o'rnatilgan 4.1.1 belgisining ta'siri yaqin chorrahagacha joriy qilinadi. Belgi ong tomonda joylashgan hovlilarga va yo lga yondosh boshqa hududlarga burilishni taqiqlamaydi."
question_646,Transport vositalarining tezligi texnik tavsifnomasiga yoki holatiga ko'ra 40 km/ soatdan kam bolganda avtomagistral boylab harakatlanishga ruxsat etiladimi?,"{""Ikkinchi tasmadan nariga otmaganda ruxsat etiladi"",""Taqiqlanadi"",""Agar «Eng kam tezlik» belgisi ornatilmagan bolsa ruxsat etiladi""}",1,https://postimg.cc/Dmfk0bYv,300,,"YHQ 19-bobi 121-bandining birinchi xatboshisiga asosan, avtomagistrallarda quyidagilar taqiqlanadi: piyodalar, uy hayvonlari, ot-aravalar, velosipedlar, individual harakatlanish vositalari, skuterlar, mopedlar, traktorlar va o'zi yurar avtomobillar, texnik tavsifnomasiga yoki holatiga ko'ra tezligi soatiga 40 kilometrdan kam bolgan transport vositalarining harakatlanishi."
question_647,Bu joyda avtobusni quvib o'tishga ruxsat etiladimi?,"{""Ruxsat etiladi"",""Taqiqlanadi""}",0,https://lgacbbewpuzeyxijzfii.supabase.co/storage/v1/object/public/test-images/question-647.jpg,300,,"YHQ 12-bobi 86-bandining to'rtinchi xatboshisiga asosan, quvib o tish quyidagi hollarda taqiqlanadi: temir yo'l kesishmalarida va ulargacha 100 metrdan kam masofa qolganda."
question_648,Avariya ishoralari yoqilishi kerak:,"{""To'xtash taqiqlangan joylarda majburiy to'xtaganda"",""Yol-transport hodisasi sodir bolganda"",""Shatakka olishda (shatakka olingan transport vositasida)"",""Sanab otilgan barcha hollarda""}",3,https://postimg.cc/Dmfk0bYv,300,,"YHQ 8-bobi 50-bandiga asosan: Burilishni ko'rsatuvchi barcha yorug'lik ishoralarining bir vaqtda miltillashi avariya (xavf-xatar) ishorasi hisoblanadi. Avariya ishorasi quyidagi hollarda yoqilishi kerak: yol-transport hodisasi sodir bolganda; to'xtash taqiqlangan joylarda majburiy to'xtaganda; fara chiroqlari yorug'ligi haydovchining ko'zini qamashtirganda; shatakka olishda (shatakka olingan mexanik transport vositasida); ""Bolalarni tashish"" taniqlik belgilariga ega bo'lgan transport vositasiga bolalar chigayotganda va undan tushayotganda. Oldingi tahrirga qarang. Transport vositasi xavf tug'dirishi mumkin bolgan boshqa hollarda ham haydovchi yol harakati ishtirokchilarini ogohlantirish maqsadida avariya ishorasini yoqishi kerak."
question_649,«Reaksiya vaqti» tushunchasi nimani bildiradi?,"{""Haydovchi xavfni korgan paytdan aniq harakatlarni boshlaguncha o'tilgan vaqt"",""Haydovchining tormoz berishni boshlagan paytdan transport vositasining to'la to'xtagunicha bolgan vaqtni""}",0,https://postimg.cc/Dmfk0bYv,300,,"Haydovchining reaksiya vaqti xavf-xatar ko'ringan paytdan to xavf-xatarni bartaraf qilish chorasi ko'rilgunga qadar vaqti tushuniladi. Haydovchining ahvoli va tajribasiga hamda haydovchi sharoitining og irligiga bog'liq bolgan holda Би 0,5 dan 1,5 soniyagacha bo lgan vaqtni tashkil qiladi."
question_650,N2; N3; 03; 04; M2; M3 toifadagi avtotransport vositalarining (mikroavtobuslardan tashqari)orqa devorida yozilishi kerak:,"{""Transport vositasining tegishliligi haqida taniqlik belgisi"",""Davlat raqam belgisi va harflari yozilishi kerak"",""Taniqlik va raqam belgilari""}",1,https://postimg.cc/Dmfk0bYv,300,,"YHQ 29-bobi 175-bandining ikkinchi xatboshisiga asosan: Yuk avtomobillari, tirkamalar (yengil avtomobillar tirkamalaridan tashqari) va avtobuslar (mikroavtobuslardan tashqari) kuzovining orqa devoriga uning davlat raqam belgisi va harflari yozilishi kerak. Raqamning balandligi 300 millimetr, kengligi 120 millimetr, chizig'ining yo g'onligi 30 millimetrdan kam bo lmasligi, harflar balandligi esa ragam o'lchamlarining 2/3 qismiga teng bo'lishi kerak."
question_651,Qanday hollarda quvib o'tish taqiqlanadi?,"{""Temir yol kesishmalarida"",""Quvib yoki aylanib o'tayotgan transport vositalarini"",""Tepalikning oxirida va yolning korinishi cheklangan joylarida"",""Sanab otilgan barcha hollarda""}",3,https://postimg.cc/Dmfk0bYv,300,,"YHQ 12-bobi 86-bandiga asosan: Quvib o'tish quyidagi hollarda taqiqlanadi: tartibga solingan chorrahalarda; tartibga solinmaydigan chorrahalarda asosiy hisoblanmaydigan yollarda harakatlanishda; ko'priklarda, yol o'tkazgichlarda, estakadalarda va ularning ostida; piyodalar o'tish joylarida; temir yol kesishmalarida va ulargacha 100 metrdan kam masofa qolganda; quvib yoki aylanib o'tayotgan transport"
question_652,Qaysi transport vositalarining haydovchilari to xtab turish qoidasini buzdilar?,"{""«А» ва «Б»"",""Faqat «Г»"",""«Б» ва «Г»"",""«В» ва «Г»"",""«Б», «В» ва «Г»""}",4,https://lgacbbewpuzeyxijzfii.supabase.co/storage/v1/object/public/test-images/question-652.jpg,300,,YHQ 1-ilovasi 7-bolimining o'n to'qqizinchi xatboshisiga asosan: 7.6.2. «Transport vositasini to'xtab turish joyiga qo'yish usuli». 7.6.2 trotuar yonidagi to'xtab turish joyiga yengil avtomobillar va mototsikllarni qo yish usulini bildiradi.
question_653,Qaysi transport vositalariga ushbu belgi ornatilgan yol bo'ylab harakatlanishga ruxsat etilgan?,"{""Mexanik transport vositalariga"",""Barcha transport vositalariga"",""Avtomobillar, avtobus hamda mototsikllar, elektromototsiklar, mopedlar va skuterlarga"",""Yuqori tezligi 40 km/soatdan kam bolmagan transport vositalariga""}",2,https://lgacbbewpuzeyxijzfii.supabase.co/storage/v1/object/public/test-images/question-653.jpg,300,,"YHQ 1-ilovasi 5-bo'limining to'rtinchi xatboshisiga asosan: 5.3. «Avtomobillar uchun moljallangan yo l». Faqat avtomobillar, avtobus hamda mototsikllar, elektromototsiklar, mopedlar va skuterlarning harakatlanishi uchun moljallangan yo Ini bildiradi."
question_654,Chorrahani birinchi bolib kim kesib o'tadi?,"{""Yashil avtomobil"",""Qizil avtomobil"",""Ko'k avtomobil""}",0,https://lgacbbewpuzeyxijzfii.supabase.co/storage/v1/object/public/test-images/question-654.jpg,300,,YHQ 16-bobi 105-bandiga asosan: Teng ahamiyatga ega bolgan yollar kesishgan chorrahada relssiz transport vositasining haydovchisi o'ngdan kelayotgan transport vositalariga yo'l berishi shart.
question_655,Mazkur svetoforning qizil yoritgichida harakat taqiqlanadi:,"{""Faqat bir qatorda"",""Qatnov qismining barcha kengligi boylab"",""Quvib o'tish bilan"",""Svetofor qaysi tasma ustiga joylashtirilgan bolsa, o'sha tasma boyicha""}",3,https://lgacbbewpuzeyxijzfii.supabase.co/storage/v1/object/public/test-images/question-655.jpg,300,,"YHQ 7-bobi 35-bandiga asosan: Qatnov qismidagi harakat yo'nalishi garama-qarshi tomonga o zgarishi mumkin bo'lgan tasmalarida transport vositalarining harakatini tartibga solish uchun X-simon gizil ishorali va pastga yo nalgan yo naltirgich ko'rinishidagi yashil ishorali reversiv svetoforlar qollaniladi. Bu ishoralar qaysi tasma ustiga o'rnatilgan bo'lsa, unda harakatlanishni taqiqlaydi yoki ruxsat beradi. Ikki tomoni 1.9 chizig'i bilan belgilangan tasma ustiga o'rnatilgan ishoralari o'chirilgan reversiv svetofor shu tasmaga kirishni taqiqlaydi."
question_656,"Agar tegishli belgilar bilan belgilangan qiyaliklarda yuzma-yuz kelayotgan transportlarning o'tib ketishi qiyin bo'lsa, yol berish zarur:","{""Pastlik tomon harakatlanayotgan transport vositasiga"",""Belgilangan yo'nalishdagi transport vositasiga"",""Balandlikka harakatlanayotgan transport vositasiga""}",2,https://lgacbbewpuzeyxijzfii.supabase.co/storage/v1/object/public/test-images/question-656.jpg,300,,"YHQ 21-bobi 128-bandiga asosan: Yo Ining 1.13 ma 1.14 yo'l belgilari bilan belgilangan qiyaliklarida, qarama-qarshi yo nalishlarda harakatlanishni qiyinlashtiradigan biron-bir to'siq bo'lsa, nishablikka harakatlanayotgan transport vositasining haydovchisi yo'l berishi kerak."
question_657,Yolning ushbu qismida quvib otishga ruxsat etiladimi?,"{""Ruxsat etiladi"",""Taqiqlanadi""}",1,https://lgacbbewpuzeyxijzfii.supabase.co/storage/v1/object/public/test-images/question-657.jpg,300,,"YHQ 2-ilovasi 1-bolimining o'n birinchi, o'ttiz oltinchi va o'ttiz yettinchi xatboshlariga asosan: 1.9 - reversiv harakat tashkil etilgan bo laklarning chegarasini belgilaydi; reversiv harakatlanish amalga oshirilgan yollarda (reversiv svetofori o'chirilgan holatda) qarama-qarshi yo nalishdagi transport oqimini ajratadi; Reversiv svetofor yoqilgan paytda bir yo nalishli tasmalarni ajratayotgan 1.9 chizig ini istalgan tomondan bosib o tishga ruxsat etiladi. Reversiv svetofor o'chirilganda, haydovchilar darhol 1.9 chizig'idan o'ngga qayta tizilishlari kerak. Reversiv svetofor o'chirilgan bo'lsa, qarama-qarshi yo'nalishdagi transport oqimlarini ajratuvchi 1.9 chizig ini bosib o tish taqiqlanadi."
question_658,Harakat tezligini tanlashda haydovchiga nima taqiqlanadi?,"{""Ushbu Qoidalarga muvofiq ravishda transport vositasiga ornatilgan taniqlik belgida korsatilgan tezlikdan oshirish"",""Keskin tormoz berish, agar bu harakatlanish xavfsizligini ta'minlash uchun talab qilinmasa"",""Sanab otilgan ikkala harakatni amalga oshirish taqiqlanadi""}",2,https://postimg.cc/Dmfk0bYv,300,,"YHQ 11-bobi 81-bandiga asosan, haydovchilarga quyidagilar taqiqlanadi: tezlikni mazkur transport vositasining texnik tavsifnomasida ko'rsatilgan eng yuqori tezlikdan oshirish; tezlikni transport vositasiga o'rnatilgan «Tezlik cheklangan» taniqlik belgisida ko'rsatilganidan oshirish; zaruriyat bo lmaganda juda past tezlikda harakatlanib, boshqa transport vositalariga xalaqit berish; yo l-transport hodisasining oldini olish zaruriyati bo lmaganda keskin tormoz berish."
question_659,"Qol jarohatlanganda jabrlanuvchining ko'ylagi, kiyimi qanday yechilsa to'g'ri boladi?","{""Kiyim-boshni yechishni jarohatlan qoldan boshlash, song sog' qo'lni bo'shatish"",""Kiyim-boshni ikkala qo'ldan bir vaqtda yechishish"",""Kiyim-boshni yechishni sog' qoldan boshlash, so'ng jarohatlan qolni boshatish""}",2,https://postimg.cc/Dmfk0bYv,300,,"Shikastlangan qol yoki oyoqni majburiy harakatga solmasdan kiyim yechish imkonini yaratish uchun avval shikastlanmagan, so'ngra shikastlangan qo'l yoki oyoqdan ehtiyotlik bilan yechiladi."
question_660,Mopedlarni shatakka olishga ruxsat etiladimi?,"{""Ruxsat etiladi"",""Qattiq, qoplamasiz yol boylab faqat kunning yorug' vaqtida ruxsat etiladi"",""Taqiqlanadi""}",2,https://postimg.cc/Dmfk0bYv,300,,"YHQ 28-bobi 168-bandining yettinchi xatboshisiga asosan, velosipedchilar va individual harakatlanish vositalarini boshqarayotgan shaxslarga quyidagilar taqiqlanadi: Velosipedlarni va individual harakatlanish vositalarini shatakka olish, shuningdek, ulardan shatakka olishda foydalanish taqiqlanadi (velosipedga moljallangan tirkamalarni shatakka olish bundan mustasno)."
question_661,"Trotuar yoki piyodalar yolkasi bo'lmaganda, piyodalar velosiped yolkasi bo'ylab harakat qila oladilarmi?","{""Harakat qila oladilar"",""Agar velosipedlarning harakatlanishini qiyinlashtirmasa, harakat qila oladilar"",""Harakat qila olmaydilar""}",0,https://postimg.cc/Dmfk0bYv,300,,"YHQ 4-bobi 15-bandining ikkinchi xatboshisiga asosan: Trotuar, piyodalar yo lkasi, yo'l yoqasi bo'lmasa yoki ulardan yurishning imkoniyati bo'lmagan hollarda piyodalar velosiped yolkasidan yoki qatnov qismining chetidan (ajratuvchi bo'lagi bor yo'llarda qatnov qismining tashqi chetidan) bir qator bolib"
question_662,Bunday avtopoyezdning koprikdan otishiga ruxsat etiladimi?,"{""Ruxsat etiladi"",""Taqiqlanadi""}",1,https://lgacbbewpuzeyxijzfii.supabase.co/storage/v1/object/public/test-images/question-662.jpg,300,,"YHQ 1-ilovasi 3-bo limining o'n uchinchi xatboshisiga asosan: 3.11. «Vazn cheklangan». Haqiqiy umumiy vazni belgida ko'rsatilganidan ortiq bo'lgan transport vositalarining, shuningdek transport vositalari tarkiblarining harakatlanishi taqiqlanishini bildiradi."
question_663,Qaysi belgi bilan xavfli yolning uzunligi ko'rsatiladi?,"{""1"",""2"",""3"",""4"",""5""}",3,https://lgacbbewpuzeyxijzfii.supabase.co/storage/v1/object/public/test-images/question-663.jpg,300,,YHQ 1-ilovasi 7-bolimining beshinchi xatboshisiga asosan: 7.2.1. «Ta'sir oralig'i». Ogohlantiruvchi belgilar bilan belgilangan xavfli joyning uzunligini yoki taqiqlovchi va axborot-ko'rsatkich belgilarining ta'sir oralig'ini ko'rsatadi.
question_664,Chorrahani qizil avtomobil nechanchi bo'lib kesib o'tadi?,"{""Ikkinchi bolib, ayni vaqtda ko'k bilan birga"",""Ikkinchi bolib, sariqdan keyin"",""Uchinchi bolib, yashil, sariqdan keyin""}",0,https://lgacbbewpuzeyxijzfii.supabase.co/storage/v1/object/public/test-images/question-664.jpg,300,,YHQ 16-bobi 105-bandiga asosan: Teng ahamiyatga ega bolgan yollar kesishgan chorrahada relssiz transport vositasining haydovchisi o ngdan kelayotgan transport vositalariga yo'l berishi shart.
question_665,Mazkur svetofor quyidagi transport vositalari harakatini tartibga solish uchun qollaniladi:,"{""Tramvaylarga va avtobuslarga"",""Faqat tramvaylarga"",""Tramvaylarga, shuningdek, alohida tasmadan harakatlanadigan belgilangan yonalishdagi boshqa transport vositalarini harakatini tartibga soladi""}",2,https://lgacbbewpuzeyxijzfii.supabase.co/storage/v1/object/public/test-images/question-665.jpg,300,,"YHQ 7-bobi 36-bandiga asosan: Tramvaylarning hamda maxsus ajratilgan tasma bo'ylab harakatlanayotgan yo'nalishli transport vositalarining harakatlanishini tartibga solish uchun «T» - harfi ko rinishida joylashgan to'rtta doirasimon oq rang ishorali svetoforlar qo'llanilishi mumkin. Yuqoridagi bir yoki bir nechta va pastki ishora bir vagtning o zida yonganda, harakatlanishga ruxsat etiladi. Ulardan chapdagisi chapga, o'ngdagisi ơ'ng tomonga burilishga, o'rtadagisi to'g'riga yurishga ruxsat beradi. Pastdagi ishora o'chirilib, yuqoridagi uchta ishora bir vagtda yonsa,"
question_666,Qoidalarning qanday hollarida tumanga qarshi orqa chiroqlarni qollashga ruxsat beriladi?,"{""Transport vositasi bilan shatakka olganda"",""Saf tarkibida harakatlanganda"",""Kunning gorong'i vaqtida"",""Yetarlicha korinmaydigan sharoitda"",""Sanab o'tilgan barcha hollarda""}",3,https://postimg.cc/Dmfk0bYv,300,,YHQ 23-bobi 140-bandiga asosan: Tumanga qarshi orga chiroqlarni fagat yetarlicha ko'rinmaydigan sharoitda qo'llash mumkin. Tumanga qarshi orga chiroqlarni to'xtash chiroqlari (stop-signal) ga ulash taqiqlanadi.
question_667,Yuk avtomobili haydovchisi rasmda korsatilgan holatda maxsus tovush ishorasini eshitib yoki yalt-yalt etuvchi chiroq-mayoqchani korib nima qilishi kerak?,"{""Qatnov qismidagi o'z bolagi bo'ylab harakatni davom ettirishi"",""Haydovchi maxsus tovushli ishoralarini yoqqan holda yaqinlashib kelayotgan transport vositalariga yol berishlari, zarur bolgan hollarda ularniing to'sigsiz otib ketishlari uchun o'zlarini yolning ong tomoniga olib toxtashlari shart""}",1,https://lgacbbewpuzeyxijzfii.supabase.co/storage/v1/object/public/test-images/question-667.jpg,300,,"YHQ 6-bobi 26-bandiga asosan: Haydovchilar tezkor va maxsus xizmatlarning ko'k yoki qizil yoxud ko'k va qizil rangli yalt-yalt etuvchi mayoqchalar va maxsus tovushli ishorasi yoqilgan holda yaqinlashayotgan transport vositalariga, shuningdek ularning kuzatuvidagi, yaqinni yorituvchi fara chiroglari yogilgan transport vositasi (transport vositalari) ga yo'l berishlari shart. Mazkur turdagi transport vositalarini quib o'tish tagiqlanadi."
question_668,Qatnov qismiga bevosita tutashgan trotuar chetida unga tola yoki qisman chiqish bilan to'xtab turishga ruxsat etiladimi?,"{""Faqat yengil avtomobillar, mototsikllar, elektromototsikllar, mopedlar, skuterlar, velosipedlar va individual harakatlanish vositalariga to'xtab turishga tegishli yol belgilari ornatilgan joylarda ruxsat etiladi"",""Ruxsat etilgan tola vazni 3,5 tonnadan ziyod bolgan faqat yuk avtomobillariga taqiqlanadi"",""Barcha transport vositalariga taqiqlanadi""}",0,https://postimg.cc/Dmfk0bYv,300,,"YHQ 13-bobi 89-bandiga asosan: Qatnov gismiga chegaradosh trotuar chetida fagat yengil avtomobillar, mototsikllar, elektromototsikllar, mopedlar, skuterlar, velosipedlar va individual harakatlanish vositalariga to'xtab turishga 5.15 yo'l belgisi bilan birga 7.6.2, 7.6.3, 7.6.6 - 7.6.9 qo shimcha axborot belgilaridan biri o'rnatilgan joylarda ruxsat etiladi."
question_669,Ishqalanish koeffitsiyentiga shinalarni siyqalanib ketgan protektori qanday ta'sir qiladi?,"{""Ishqalanish koeffitsiyenti oshadi"",""Ishqalanish koeffitsiyenti o'zgarmaydi"",""Ishqalanish koeffitsiyenti kamayadi""}",2,https://postimg.cc/Dmfk0bYv,300,,"Protektor qatlamining yeyilishi bilan birga g'ildirakning yo'l bilan tishlashishi yomonlashib, tormoz berayotganda yoki tezlikni oshirayotganda avtomobilning sirpanish ehtimoli ko'payadi. Protektori butunlay yeyilib ketgan shinaning yol bilan tishlashish koeffitsienti yangi shinaning ushbu koeffitsientidan ikki barobar kam. Shuning uchun shinasi yeyilgan avtomobildan foydalanish mumkin emas va yo'l harakati qoidalarida taqiqlangan."
question_670,Qanday hollarda transport vositasidan foydalanish ruxsat etiladi?,"{""Transport vositasining tashqi yuzasiga qonun xujjatlariga mos kelmaydigan va harakat xavfsizligiga salbiy ta'sir korsatadigan turli xil tasvirlar tushurilgan bolsa"",""Gazli taminlash tizimi bilan jihozlangan avtobus va avtomobil gaz ballonlarining tashqi tomonida korsatilgan texnik korsatgichlar (parametrlar) texnik pasportdagi ma'lumotlarga (korsatkichlarga) mos kelsa, oxirgi va rejalashtirilgan tekshirishlarning sanasi bolsa"",""Ishlab chiqaruvchi korxona tomonidan kozda tutilmagan hollarda kuzov (kabina) bir necha xil rangga bo'yalgan bolsa (maxsus transport vositalari bundan mustasno)""}",1,https://postimg.cc/Dmfk0bYv,300,,"YHQ 3-ilovasi 7-bo'limining 7.19.-bandiga asosan: 7.19. Gazli ta'minlash tizimi bilan jihozlangan avtobus va avtomobil gaz ballonlarining tashqi tomonida ko'rsatilgan texnik ko rsatgichlar texnik pasportdagi ma'lumotlarga mos kelmasa, oxirgi va rejalashtirilayotgan tekshiruvlarning sanasi bo'lmasa."
question_671,Piyodalar qatnov qismining chetidan qanday yurishlari kerak?,"{""Qatnov qismining chetidan transport vositalarining harakatiga qarama-qarshi"",""Qatnov qismining chetidan transport vositalarining harakati bo'ylab"",""Har qanday yonalishda""}",0,https://postimg.cc/Dmfk0bYv,300,,YHQ 4-bobi 15-bandining uchinchi xatboshisiga asosan: Qatnov qismining chetida harakatlanayotgan piyodalar transport vositalarining harakatiga qarama-qarshi yo'nalishda yurishlari kerak.
question_672,Bu belgilar nimani bildiradi?,"{""«Nogiron» taniqlik belgisi bolgan avtomobillar uchun 30 metrdan keyin to'xtab turish joyiga kelishini"",""Motokajavalardan tashqari transport vositalari uchun 30 metrli hududdagi to'xtab turish joyini"",""«Nogiron» taniqlik belgisi bolgan motokajava va avtomobillar uchun 30 metrli hududdagi to'xtab turish joyini""}",2,https://lgacbbewpuzeyxijzfii.supabase.co/storage/v1/object/public/test-images/question-672.jpg,300,,YHQ 1-ilovasi 7-bolimining beshinchi va o'ttizinchi xatboshlariga asosan: 7.2.1. «Ta'sir oralig'i». Ogohiantiruvchi belgilar bilan belgilangan xavfli joyning uzunligini yoki taqiqlovchi va axborot-ko rsatkich belgilarining ta'sir o'ralig'ini ko'rsatadi. 7.17. «Nogironlar». 5.15 belgisi bilan qo llaniladi. To xtab turish joyi (yoki uning bir qismi) ushbu Qoidalarning 176-bandiga muvofiq «Nogiron» taniqlik belgisi o'rnatilgan transport vositalari uchun ajratilganligini ko'rsatadi.
question_673,Korsatilgan belgilardan qaysi biri orqaga harakatlanishni taqiqlaydi?,"{""1"",""2"",""3"",""4"",""5""}",0,https://lgacbbewpuzeyxijzfii.supabase.co/storage/v1/object/public/test-images/question-673.jpg,300,,"YHQ 19-bobi 121-bandining beshinchi xatboshisiga asosan, avtomagistrallarda quyidagilar taqiqlanadi: orqaga harakatlanish."
question_674,Avtomobillar chorrahani quyidagi tartibda kesib o'tadi:,"{""Qizil chorrahaga chiqadi va ko' kni o'tkazib yuborish uchun to'xtaydi; yashil; ko'k, va qizil burilishni tugallaydi"",""Yashil; kok; qizil"",""Qizil; ko'k; yashil""}",0,https://lgacbbewpuzeyxijzfii.supabase.co/storage/v1/object/public/test-images/question-674.jpg,300,,"YHQ 16-bobi 105-bandiga asosan: Teng ahamiyatga ega bolgan yollar kesishgan chorrahada relssiz transport vositasining haydovchisi o'ngdan yaqinlashayotgan transport vositalariga yo'l berishi shart. Bu qoidaga tramvay haydovchilari ham o'zaro amal qilishlari kerak. Bunday chorrahalarda keyingi harakat yo nalishidan qat'iy nazar, tramvay relssiz transport vositalariga nisbatan oldin o tish huquqiga ega bo ladi."
question_675,O'tish navbati qaysi javobda to'g'ri korsatilgan?,"{""Mototsikl, avtobus, yuk avtomobili"",""Avtobus, mototsikl, yuk avtomobili"",""Avtobus, yuk avtomobili, mototsikl""}",0,https://lgacbbewpuzeyxijzfii.supabase.co/storage/v1/object/public/test-images/question-675.jpg,300,,"YHQ 16-bobi 105-bandiga asosan: Teng ahamiyatga ega bolgan yollar kesishgan chorrahada relssiz transport vositasining haydovchisi o'ngdan yaqinlashayotgan transport vositalariga yo'l berishi shart. Bu qoidaga tramvay haydovchilari ham o'zaro amal qilishlari kerak. Bunday chorrahalarda keyingi harakat yo nalishidan qat'iy nazar, tramvay relssiz transport vositalariga nisbatan oldin o tish"
question_676,"Yengil avtomobilning oldingi o'rindig'ida bolalarni ushlab turuvchi maxsus qurilma ornatilmagan bo'lsa, ularni tashish qaysi yoshdan ruxsat etiladi?","{""5 yosh"",""6 yosh"",""8 yosh"",""10 yosh"",""12 yosh""}",4,https://postimg.cc/Dmfk0bYv,300,,"YHQ 26-bobi 159-bandining beshinchi xatboshisiga asosan, odamlarni tashish quyidagi hollarda taqiqlanadi: 12 yoshga to lmagan bolalarni mototsikining orqa o'rindigida, shuningdek bolalarni ushlab turuvchi maxsus qurilma o'rnatilmagan transport vositasining old o'rindig'ida."
question_677,"Agar haydovchi transport vositasining eshigini ochishga va undan chigishga qaror qilsa, unga nima taqiqlanadi?","{""Harakatlanish sergatnov bolgan yollarda turgan transport vositasining eshigini ochish taqiqlanadi"",""Harakatlanish serqatnov bolgan yollarda haydovchi eshigini ochish taqiqlanadi. O'z joyidan yo'lovchi eshigi orqali chiqadi"",""Turgan transport vositasining eshigini ochish, agar bu harakatlanishning boshqa ishtirokchilariga halaqit bersa va xavf tug dirsa taqiqlanadi""}",2,https://postimg.cc/Dmfk0bYv,300,,"YHQ 13-bobi 94-bandiga asosan: Agar boshqa yol harakati qatnashchilarining harakatiga xalagit beradigan bo'lsa yoki xavf tug' dirsa, transport vositasining eshiklarini ochish taqiqlanadi."
question_678,Sanab o'tilgan qaysi joylarda transport vositalarining to'xtashi va to'xtab turishi taqiqlanadi?,"{""Piyodalar o'tish joylarida"",""Tramvay yollarida"",""Tramvay yollariga bevosita yaqinroqda, agar bu tramvaylarning harakatiga to'sqinlik qilsa"",""Barcha korsatilgan joylarda""}",3,https://postimg.cc/Dmfk0bYv,300,,"YHQ 13-bobi 91-bandining birinchi va o'ninchi xatboshlariga asosan, quyidagi joy va holatlarda to'xtash taqiqlanadi: tramvay yo'llarida, shuningdek bevosita ularga yaqinroqda tramvaylar harakatlanishiga xalaqit beradigan bo'lsa. transport vositasi svetofor ishoralari, yo'l belgilarini boshqa haydovchilardan to' sib qo yadigan, boshqa transport vositalarining harakatlanishiga (kirish va chiqishiga) imkon qoldirmaydigan yoki piyodalarning harakatiga xalaqit beradigan joylarda. piyodalar o tish joylarida va ulardan oldin 10 metrdan kam masofa qolganda;"
question_679,Tik uzun qiyaliklarda ajratilgan uzatma bilan avtomobilni uzoq tormozlashning qanday xavfi bor?,"{""Shinalarning shikastlanishi ortadi"",""Ulagich qismlarining shikastlanishi ortadi"",""Tormoz qiziydi va ishdan chiqadi""}",2,https://postimg.cc/Dmfk0bYv,300,,"Tik nishablikda uzatma va ilashish mexanizmini ajratgan holatda uzoq tormoz berish xavfi tormoz mexanizmlarining gizib ketishi, tormozlanish samarasining kamayishi va uning ishdan chiqishidadir."
question_680,Bolalarni tashishda transport vositasi qaysi taniqlik belgisi bilan belgilanadi?,"{""1"",""2"",""3""}",2,https://lgacbbewpuzeyxijzfii.supabase.co/storage/v1/object/public/test-images/question-680.jpg,300,,"YHQ 29-bobi 176-bandining uchinchi xatboshisiga asosan: «Bolalar guruhini tashish» - bolalar guruhini tashkiliy tashishda, transport vositasining old va orqa tomonlariga qizil hoshiyali, ichiga 1.21 yo'l belgisidagi bolalar timsolining tasviri tushirilgan, sariq rangdagi, tomonlari teng bolgan to'rtburchak (kvadrat) ko'rinishidagi belgi. To'rtburchakning tomonlari 250 - 300 millimetrgacha, hoshiyaning kengligi to'rtburchak tomonining 1/10 qismiga teng"
question_681,To'xtash va to'xtab turish quyidagi joylarda taqiqlanadi:,"{""Temir yol kesishmalarida"",""Piyodalar otish joylarida va ulardan oldin 10 metrdan kam masofa qolganda"",""Piyodalarning harakatiga xalaqit beradigan joylarda"",""Sanab otilgan barcha joylarda""}",3,https://postimg.cc/Dmfk0bYv,300,,"YHQ 13-bobi 91-bandining ikkinchi, beshinchi va o'ninchi xatboshlariga asosan, quyidagi joy va holatlarda to'xtash taqiqlanadi: tunnellarda, temir yo'l kesishmalarida; piyodalar o tish joylarida va ulardan oldin 10 metrdan kam masofa qolganda; transport vositasi svetofor ishoralari, yo'l belgilarini boshqa haydovchilardan to'sib qo yadigan, boshqa transport vositalarining harakatlanishiga (kirish va chiqishiga) imkon qoldirmaydigan yoki piyodalarning harakatiga xalaqit beradigan joylarda."
question_682,Qaysi transport vositasining haydovchisi to xtab turish qoidasini buzdi?,"{""Yengil avtomobil haydovchisi"",""Mototsikl haydovchisi"",""Yuk avtomobili haydochisi"",""Barcha transport vositalarining haydovchilari""}",2,https://lgacbbewpuzeyxijzfii.supabase.co/storage/v1/object/public/test-images/question-682.jpg,300,,"YHQ 1-ilovasi 7-bolimining on ikkinchi va on uchinchi xatboshlariga asosan: 7.4.1. «Transport vositasining turi». Belgining ta' siri joriy etilgan transport vositalari turini ko'rsatadi. 7.4.1 belgi bilan o'rnatilgan yo'l belgisining ta siri yuk tashuvchi, shu jumladan, tirkamali, to la vazni 3,5 tonnadan ortiq bo'lgan transport vositalariga tatbiq etiladi."
question_683,Korsatilgan yol belgisi qaysi transport vositalariga harakatlanishni taqiqlaydi?,"{""Barcha mexanik transport vositalariga"",""Faqat yuk avtomobillariga"",""Barcha avtomobillarga""}",0,https://lgacbbewpuzeyxijzfii.supabase.co/storage/v1/object/public/test-images/question-683.jpg,300,,YHQ 1-ilovasi 3-bo'limining to rtinchi xatboshisiga asosan: 3.3. «Mexanik transport vositalarining harakatlanishi taqiqlangan». YHQ 1-bobi 6-bandining o'n beshinchi xatboshisiga asosan: Mexanik transport vositasi - dvigatel bilan harakatga keltiriladigan transport vositasi (mopeddan tashqari). Bu atama barcha traktor va o'ziyurar moslamalarga ham taalluqlidir.
question_684,Chorrahani ikkinchi bo'lib kim kesib o'tadi?,"{""Yashil avtomobil"",""Qizil avtomobil"",""Ko'k avtomobil, ayni vaqtda sariq bilan birga""}",2,https://lgacbbewpuzeyxijzfii.supabase.co/storage/v1/object/public/test-images/question-684.jpg,300,,"YHQ 16-bobi 104-bandining birinchi xatboshisiga asosan: Teng ahamiyatga ega bo'lmagan yo'llar kesishgan chorrahada, ikkinchi darajali yo'lda harakatlanayotgan transport vositasining haydovchisi asosiy yo Idan yaqinlashayotgan transport vositalariga, ularning keyingi harakat yo nalishidan qat'i nazar, yo'l berishi kerak. YHQ 16-bobi 107-bandiga asosan: Chapga burilishda yoki qayrilib olishda relssiz transport vositasining haydovchisi teng ahamiyatli yo'ldan qarama-qarshi yo'nalishdan to'g'riga yoki o'ngga harakatlanayotgan, shuningdek ruxsat etilgan hollarda quvib o'tayotgan transport vositalariga yol berishi shart."
question_685,Transport vositalari chorrahani quyidagi tartibda kesib otadi:,"{""Yengil avtomobil, avtobus, tramvay"",""Tramvay, avtobus, yengil avtomobil"",""Tramvay, yengil avtomobil, avtobus""}",2,https://lgacbbewpuzeyxijzfii.supabase.co/storage/v1/object/public/test-images/question-685.jpg,300,,"YHQ 16-bobi 105-bandiga asosan: Teng ahamiyatga ega bolgan yollar kesishgan chorrahada relssiz transport vositasining haydovchisi o'ngdan kelayotgan transport vositalariga yol berishi shart. Bu qoidaga tramvay haydovchilari ham o'zaro amal gilishlari kerak. Bunday chorrahalarda, keyingi harakat yo'nalishidan qat'i nazar, tramvay relssiz transport vositalariga nisbatan oldin o'tish huquqiga ega bo ladi."
question_686,Egiluvchan ulagichda shatakka olinganda qanday yuqori tezlik bilan harakatlanishga ruxsat etilgan?,"{""70 km/s"",""60 km/s"",""50 km/s"",""40 km/s"",""30 km/s""}",2,https://postimg.cc/Dmfk0bYv,300,,"YHQ 11-bobi 80-bandining uchinchi xatboshisiga asosan, har qanday yollarda: mexanik transport vositalarini shatakka olgan transport vositalariga tezlikni soatiga 50 kilometrdan oshirmasdan harakatlanishga ruxsat etilgan."
question_687,Qaysi rasmda haydovchi chapga burilish haqida ogohlantirish ishorasini bermoqda?,"{""1"",""2"",""3""}",0,https://lgacbbewpuzeyxijzfii.supabase.co/storage/v1/object/public/test-images/question-687.jpg,300,,"YHQ 8-bobi 45-bandining ikkinchi xatboshisiga asosan: Chapga burilish (qayrilib olish)ni bildiruvchi ishoraga chap qo Ini yonga uzatish yoki o'ng qo Ini tirsakdan to'g'ri burchak ostida bukib, yuqoriga ko'tarish mos keladi."
question_688,Qayrilib olish quyidagi hollarda taqiqlanadi:,"{""Piyodalar o'tish joylarida va tunnellarda"",""Ko'priklarda, yol o'tkazgichlarda, estakadalarda va ularning ostida"",""Temir yol kesishmalarida"",""Loaqal bir yonalishda yol 100 metrdan kamroq koringanda"",""Sanab o'tilgan barcha hollarda""}",4,https://postimg.cc/Dmfk0bYv,300,,"YHQ 9-bobi 62-bandiga asosan: Quyidagi joylarda qayrilib olish taqiqlanadi: piyodalarning o'tish joylarida; tunnellarda; ko priklar, yol o'tkazgichlar, estakadalar va ularning ostida (tegishli yo'l belgilari bilan bunday manyovrni bajarish ruxsat berilgan yo'l qismlari bundan mustasno); temir yo'l kesishmalarida; yolning ko'rinishi biror-bir yo nalishda 100 metrdan kam bo lgan joylarda."
question_689,Qornidan yopia jarohat olgan jabrlanuvchi qanday tashiladi?,"{""Yonboshi yoki orqasiga yotqizilgan holatda, lat yegan joyga issiq grelka qo'yiladi"",""Yotqizilgan holatda, lat yegan joyiga sovug narsa (muz, malham) qo yiladi"",""Yarim otkazilgan holatda, tizzalari tanaga i l hti il di""}",1,https://postimg.cc/Dmfk0bYv,300,,"Qorin bo'shlig ining yopiq jarohatlari hollarida gavdaning holati oyoqlarni tizzalaridan bukib, yon tarafga garab yotiladi. Qorin gismiga muz xaltachasi qo' yiladi."
question_690,Spidometr jihozlari tamg'alanmagan transport vositalaridan foydalanishga ruxsat etiladimi?,"{""Ruxsat etiladi"",""Taqiqlanadi"",""Faqat xususiy egalariga tegishli transport vositalarga hamda mototsikllar va mopedlarga ruxsat etiladi""}",2,https://postimg.cc/Dmfk0bYv,300,,"YHQ 3-ilovasi 7-bo limining 7.6.-bandiga asosan: 7.6. Spidometr qurilmasi nosoz va tamg' alanmagan (shaxsiy transport vositalari, mototsikl, elektromototsikl, skuter va mopedlardan tashqari) bo'lsa foydalanish taqiqlanadi."
question_691,Qaysi transport vositasining haydovchisi quvib o'tishni to'g'ri bajarmoqda?,"{""Yashil avtomobil haydovchisi"",""Ko'k avtomobil haydovchisi"",""Ikkala haydovchi to'g'ri bajarmoqda"",""Ikkala haydovchilarga quvib o'tish taqiqlangan""}",0,https://lgacbbewpuzeyxijzfii.supabase.co/storage/v1/object/public/test-images/question-691.jpg,300,,"YHQ 10-bobi 66-bandiga asosan: Harakat ikki tomonlama bo'lgan va chiziqlar bilan belgilangan (1.9 yo'l chizig'i bilan belgilanganidan tashqari) uchta tasmali yollarda, ikki yo'nalishda harakatlanish uchun mo'ljallangan o'rta qatorga faqat quvib o'tish, aylanib o'tish, chapga burilish va qayrilib olish uchungina chiqishga ruxsat etiladi. Qarama-qarshi yonalishda harakatlanish uchun moljallangan chetki chap qatorni egallash taqiqlanadi."
question_692,Qaysi transport vositasining haydovchisi yol berishi kerak?,"{""Traktor haydovchisi"",""Avtobus haydovchisi""}",1,https://lgacbbewpuzeyxijzfii.supabase.co/storage/v1/object/public/test-images/question-692.jpg,300,,YHQ 1-ilova 2.7 bandi: 2.7 «Ro paradagi harakatlanishga nisbatan imtiyoz». Yo'Ining tor qismida harakatlanishda haydovchi ro paradan kelayotgan transport vositasiga nisbatan imtiyozga egaligini bildiradi.
question_693,Belgi ostidagi qo'shimcha axborot belgisi nimani anglatadi?,"{""Yolning tor qismi uzunligini"",""Belgidan yolning tor qismigacha bolgan masofani"",""Tor qismini aylanib o'tish joyigacha masofani""}",1,https://lgacbbewpuzeyxijzfii.supabase.co/storage/v1/object/public/test-images/question-693.jpg,300,,"YHQ 1-ilovasi 7-bo limining ikkinchi xatboshisiga asosan: 7.1.1. «Ob'ektgacha bo'lgan masofa». Belgidan yo Ining xavfli joyi, yo'l harakatiga tegishli cheklovlar kiritiladigan joyi yoki harakat yo'nalishi bo'yicha oldindagi muayyan joygacha bo'lgan masofani ko'rsatadi."
question_694,Chorrahani ikkinchi bo'lib kim kesib o'tadi?,"{""Yashil avtomobil"",""Qizil avtomobil"",""Ko'k avtomobil""}",1,https://lgacbbewpuzeyxijzfii.supabase.co/storage/v1/object/public/test-images/question-694.jpg,300,,"YHQ 16-bobi 104-bandining birinchi xatboshisiga asosan: Teng ahamiyatga ega bo'lmagan yollar kesishgan chorrahada, ikkinchi darajali yo'lda harakatlanayotgan transport vositasining haydovchisi asosiy yo Idan yaqinlashayotgan transport vositalariga, ularning keyingi harakat yo nalishidan qat'i nazar, yol berishi kerak."
question_695,Qaysi transport vositasining haydovchisi yol berishi kerak?,"{""Mototsikl haydovchisi"",""Yuk avtomobili haydovchisi""}",1,https://lgacbbewpuzeyxijzfii.supabase.co/storage/v1/object/public/test-images/question-695.jpg,300,,YHQ 16-bobi 105-bandiga asosan: Teng ahamiyatga ega bolgan yollar kesishgan chorrahada relssiz transport vositasining haydovchisi o'ngdan kelayotgan transport vositalariga yo'l berishi shart.
question_696,Mazkur tik chiziq nimani bildiradi?,"{""Yolning kichik radiusli burilishlardagi yol chetiga ornatilgan to'siqlarning yon yuzalarini bildiradi"",""Boshqa joylardagi to'siqlarning yon yuzalarini bildiradi""}",1,https://lgacbbewpuzeyxijzfii.supabase.co/storage/v1/object/public/test-images/question-696.jpg,300,,YHQ 2-ilovasi 2-bolimining yettinchi xatboshisiga asosan: 2.6 - boshqa joylardagi to'siqlarning yon yuzalarini bildiradi.
question_697,To'xtash va to'xtab turish quyidagi hollarda taqiqlangan:,"{""Yolning xavfli burilishlarida va qatnov qismida ko'rinish masofasi 100 metrdan kam bolgan yol do'ngliklari yaqinida"",""Bir yonalishda harakatlanish uchun uchtadan kam tasmaga ega bolgan ko'prik, yo'l o'tkazgich va estakadalarning ustida"",""Sanab otilgan barcha hollarda""}",2,https://postimg.cc/Dmfk0bYv,300,,"YHQ 13-bobi 91-bandining uchinchi va yettinchi xatboshlariga asosan, quyidagi joy va holatlarda to'xtash taqiqlanadi: bir yo'nalishda harakatlanish uchun uchtadan kam bo lagi bo'lgan ko'prik, yo'l o tkazgich va estakada hamda ularning ostida (tegishli yo'l belgilari bilan to'xtab turish ruxsat berilgan yol gismlari bundan mustasno); qatnov qismida ko rinish masofasi 100 metrdan kam bo'lgan yo'l do'ngliklari yaqinida va xavfli burilishlarda;."
question_698,Qishloq xo'jalik ishlari olib boriladigan dalada yuk avtomobili va traktorning harakat trayektoriyasi kesishadi. Kimga yol berishi kerak?,"{""Yuk avtomobili haydovchisi traktor haydovchisiga"",""Traktor haydovchisi yuk avtomobili haydovchisiga"",""O'ng tomonidan yaqinlashayotgan transport vositasi haydovchisiga"",""O'ng tomondagi haydovchi""}",2,https://postimg.cc/Dmfk0bYv,300,,YHQ 9-bobi 60-bandiga asosan: Transport vositalarining harakat yo nalishlari kesishadigan va o'tish navbati Qoidalarda nazarda tutilmagan hollarda haydovchi o'ng tomondan yaqinlashib kelayotgan transport vositasiga yo'l berishi kerak.
question_699,Transport vositasini tik qiyaliklarda uzatma ajratilgan holatda tushishga ruxsat etiladimi?,"{""Agar avtomobil gidrovakuum kuchaytirgichli tormozlar bilan jihozlangan bolsa tavsiya etiladi"",""Agar yol yaxshi holatda bolsa va uzoq korinib tursa tavsiya etiladi"",""Taqiqlanadi""}",2,https://postimg.cc/Dmfk0bYv,300,,YHQ 21-bobi 130-bandiga asosan: Yo'Ining 1.13 yo'l belgisi bilan belgilangan qismida uzatma va ilashish mexanizmi (ssepleniye) ajratilgan holatda harakatlanish taqiqlanadi.
question_700,Qoidalar transport vositalarining harakatlanishni davom ettirishni qanday hollarda taqiqlaydi?,"{""Kuzov (kabina) qismlari va bo'yog'iga tashqi tomondan anchagina shikast yetgan bolsa"",""Ulagich moslamasi nosoz bolsa (avtopoyezd tarkibida)"",""Ressoralarning o'zak qatlami yoki markaziy bolti shikastlansa""}",1,https://postimg.cc/Dmfk0bYv,300,,"YHQ 2-bobi 12-bandining uchinchi xatboshisiga asosan, haydovchiga quyidagilar taqiqlanadi: tormoz tizimi, rul boshqaruvi ishlamayotgan, ulagich moslamasi (avtopoyezd tarkibida) nosoz bo'lgan, sutkaning qorong'i vaqtida yoki ko'rinish cheklangan vaziyatlarda yonmaydigan fara chiroqlari va orqa gabarit fara chiroqlari, yomg ir yoki qor yog'ayotgan vagtda oyna tozalagich ishlamaydigan transport vositasini boshqarish."
question_701,Qaysi hollarda yolning harakatlanish bolagini ajratuvchi uzuq-uzuq chiziqni bosib o'tishingiz mumkin?,"{""Faqat qayta tizilishda"",""Yolda boshqa transport vositalari bo'lmasa"",""Barcha sanab o'tilgan hollarda""}",0,https://postimg.cc/Dmfk0bYv,300,,"YHQ 10-bobi 70-bandi: Agar qatnov qismi yo'l chiziqlari bilan tasmalarga ajratilgan bo'lsa, transport vositalarining harakatlanishi qat iy ravishda belgilangan tasmalarda amalga oshirilishi kerak. Faqat qayta tizilishda uzuq-uzuq chiziqlarni bosib o tishga ruxsat etiladi."
question_702,Ushbu korsatilgan holatda mototsikl haydovchisi Sizga yo'l berishi kerakmi?,"{""На"",""Yo'q""}",0,https://lgacbbewpuzeyxijzfii.supabase.co/storage/v1/object/public/test-images/question-702.jpg,300,,"YHQ 9-bobi 61-bandi: Sekinlashish bo lagi bor bo'lgan yo lda burilmoqchi bo'lgan haydovchi o'z vaqtida ushbu tasmaga qayta tizilishi va tezlikni faqat unda kamaytirishi kerak. Yo'lga chiqish joyida tezlashish bo'lagi bo'lsa, haydovchi unda harakatlanishi va qo'shni tasmada harakatlanayotgan transport vositalariga yo'l berib, transport oqimiga qo'shilishi kerak."
question_703,"Yolda «STOP», yozuvi korinishdagi yol chizigi nimani bildiradi?","{""Tartibga solingan chorrahada to'xtash chizig'iga yaqinlashayotganligi xaqida ogohlantiradi"",""Toxtash chizigi va «Toxtamasdan harakatlanish taqiqlanadi» yol belgisi ornatilgan chorrahaga yaqinlashayotganligini bildiradi"",""«Yol bering» yo'l belgisiga yaqinlashilayotganligini bildiradi""}",1,https://postimg.cc/Dmfk0bYv,300,,YHQ 2 ilova: 1.21 («STOP» - To'xtang! yozuvi) - 2.5 belgisi bilan birga qo'llanilganda haydovchini 1.12 chizig'iga yaqinlashayotganligi haqida
question_704,Sanab otilgan qaysi hollarda egiluvchan ulagichda shatakka olish taqiqlanadi?,"{""Faqat tog'li yollarda"",""Kunning qorong'i vaqtida va yetarlicha korinmaslik sharoitida"",""Yol yaxmalak, sirpanchiq bolgan xollarda"",""Barcha sanab o'tilgan hollarda""}",2,https://postimg.cc/Dmfk0bYv,300,,"YHQ 24-bobi 145-bandi: Shatakka olish quyidagi holatlarda taqiqlanadi: yo'l yaxmalak, sirpanchiq bo'lgan hollarda egiluvchan ulagichda."
question_705,Ushbu yol nechta harakatlanish tasmasiga ega?,"{""Bitta harakatlanish tasmasiga"",""Ikkita harakatlanish tasmasiga"",""Uchta harakatlanish tasmasiga""}",1,https://lgacbbewpuzeyxijzfii.supabase.co/storage/v1/object/public/test-images/question-705.jpg,300,,"YHQ umumiy qoidalar: Harakatlanish bolagi - avtomobillarning bir qator bolib harakatlanishi uchun yetarlicha keng bo'lgan, yo'l chiziqlari bilan belgilangan yoki belgilanmagan yol qatnov qismining har qanday bo ylama bo'lagi."
question_706,Siz chorrahada chapga burilmoqchisiz. Ushbu vaziyatda Siz kimga yo'l berasiz?,"{""Faqat avtobusga"",""Hech biriga"",""Faqat yengil avtomobilga""}",1,https://lgacbbewpuzeyxijzfii.supabase.co/storage/v1/object/public/test-images/question-706.jpg,300,,"YHQ 16-bobi 106-bandi: Asosiy yo'lning yo'nalishi chorrahada o'zgarganda, asosiy yolda harakatlanayotgan haydovchilar o'zaro teng ahamiyatli yo'llar chorrahasidan o'tish qoidasiga amal gilishlari kerak. Ikkinchi darajali yo llarda harakatlanayotgan haydovchilar ham o'zaro shu qoidaga amal qilishlari kerak."
question_707,Svetoforning yashil miltillovchi ishorasi nimani bildiradi?,"{""Harakatga ruxsat beradi va tez orada taqiqlovchi ishora yonishi tog'risida axborot beradi"",""Harakatni davom ettirishni taqiqlaydi"",""Svetofor nosozligini""}",0,https://postimg.cc/Dmfk0bYv,300,,YHQ 7-bobi 31-bandi: miltillovchi yashil ishora ham harakatlanishga ruxsat beradi va uning ta sir vaqti tugayotganligi hamda Kop o'tmay taqiqlovchi ishora yonishi haqida axborot beradi.
question_708,Siz chorrahada togriga o'tmoqchisiz. Ushbu vaziyatda Sizning harakatingiz?,"{""Qizil avtomobil yo'l berayotganiga ishonch xosil qilib chorrahadan birinchi o'tish"",""Chorrahaga birinchi kirgan qizil avtomobilga yol berish""}",0,https://lgacbbewpuzeyxijzfii.supabase.co/storage/v1/object/public/test-images/question-708.jpg,300,,"YHQ 16-bobi 107-bandi: Chapga burilishda yoki qayrilib olishda relssiz transport vositasining haydovchisi teng ahamiyatli yoldan qarama-qarshi yo'nalishdan to'g'riga yoki o'ngga harakatlanayotgan, shuningdek ruxsat etilgan hollarda quvib o'tayotgan transport vositalariga yol berishi shart. Bu qoidaga tramvay haydovchilari ham o'zaro amal gilishlari"
question_709,Ushbu belgilardan qaysi biri bir tomonlama harakat tashkil qilingan yolning boshida o'rnatiladi?,"{""«Б» yoki «Г»"",""Faqat «Б»"",""Faqat «A»"",""«Б» yoki «В»""}",1,https://lgacbbewpuzeyxijzfii.supabase.co/storage/v1/object/public/test-images/question-709.jpg,300,,YHQ 1 ilova: 5.5 «Bir tomonlama harakatli yo'l». Transport vositalari butun kenglik bo yicha bir yo'nalishda harakatlanadigan yo'l yoki qatnov qismini bildiradi.
question_710,Haydovchi ushbu joyda avtomobilni to'xtab turish uchun qo'yishiga ruxsat etiladimi?,"{""На"",""Yơq""}",1,https://lgacbbewpuzeyxijzfii.supabase.co/storage/v1/object/public/test-images/question-710.jpg,300,,YHQ 13-bobi 91-bandi: Quyidagilarda to'xtash taqiqlanadi: qatnov qismi kesishmalarida va kesishayotgan qatnov qismi chetiga 30 metrdan kam masofada (uch tomonlama kesishadigan chorrahalarda yondan tutashgan yo'lning sidirg'a chiziq yoki ajratuvchi mintaqa bilan ajratilgan qarama-qarshi tomoni bundan mustasno).
question_711,Ko'rsatilgan yol belgilaridan qaysi biri faqat yo'l qoplamasi nam bolganda ta'sir etadi?,"{""Faqat «A» va «Б»"",""Faqat «A»"",""Barchasi""}",1,https://lgacbbewpuzeyxijzfii.supabase.co/storage/v1/object/public/test-images/question-711.jpg,300,,YHQ 1 ilova: 7.16. «Nam qoplama». Belgi qatnov qismining qoplamasi nam bo'lgan vaqtda ta'sir etishini ko'rsatadi.
question_712,Sanab o'tilgan qaysi holatda transport vositasidan foydalanishga ruxsat etiladi?,"{""Tashqi yoritgich asboblari ifloslangan bolsa"",""Yorituvchi chiroq nurining yonalishi buzilgan bolsa"",""Old qismida - oq yoki sariq rangli tumanga qarshi faralar o'rnatilgan bolsa""}",2,https://postimg.cc/Dmfk0bYv,300,,"YHQ 3 ilova: 3.2. Yorituvchi chiroq nurining yo'nalishi buzilgan bo'lsa. 3.3. Agar tashqi yoritqichlar va nur qaytargichlar belgilangan tartibda ishlamayotgan yoki ifloslangan bolsa. 3.6. Transport vositasida foydalanishga ruxsat etiladi quyidagilar: old gismida - oq yoki saria rangdan boshga rangli tumanga garshi faralar, sariq yoki zarg'aldoq rangdan boshqa rangli burilish ko'rsatgichlari, oq rangdan boshqa rangli nur qaytargichlar o'rnatilgan bo'lsa."
question_713,Yuk avtomobili haydovchisi to'xtab turish qoidasini buzdimi?,"{""Buzmadi, agar uning ruxsat etilgan toliq vazni 3,5 tonnadan oshmasa"",""Buzdi"",""Buzmadi""}",1,https://lgacbbewpuzeyxijzfii.supabase.co/storage/v1/object/public/test-images/question-713.jpg,300,,YHQ 1 ilova: 7.6.1 - 7.6.9. «Transport vositasini to'xtab turish joyiga qo'yish usuli». 7.6.2 - 7.6.9 trotuar yonidagi to'xtab turish joyiga yengil avtomobillar va mototsikllarni qo' yish usulini bildiradi.
question_714,Korsatilgan qaysi belgilar sizga yashash manzilingizga avtomobilda o'tishga ruxsat beradi?,"{""Faqat «Б»"",""«A» va «В»"",""Faqat «A»"",""Barchasi""}",1,https://lgacbbewpuzeyxijzfii.supabase.co/storage/v1/object/public/test-images/question-714.jpg,300,,"YHQ 1 ilova: 3.2 - 3.8 belgilari belgilangan zonada joylashgan korxonalarga xizmat kursatuvchi transport vositalariga, shuningdek, belgilangan zonada yashaydigan yoki ishlaydigan fukarolarga xizmat kiluvchi yoki ularga tegishli bulgan transport vositalariga ta'sir kilmaydi."
question_715,Qaysi haydovchi to'xtab turish qoidalarini buzdi?,"{""Mototsikl haydovchisi"",""Trotuarda to'xtab turgan avtomobil haydovchisi"",""Hech kim buzmadi""}",1,https://lgacbbewpuzeyxijzfii.supabase.co/storage/v1/object/public/test-images/question-715.jpg,300,,"YHQ 13-bobi 89-bandi: Qatnov qismiga chegaradosh trotuar chetida faqat yengil avtomobillar, mototsikllar, mopedlar va velosipedlarga to'xtab turishga 5.15 yo'l belgisi bilan birga 7.6.2, 7.6.3, 7.6.6 - 7.6.9 qo'shimcha axborot belgilaridan biri o'rnatilgan joylarda ruxsat etiladi."
question_716,Qanday hollarda aholi punktlarida tovush moslamalaridan foydalanishga ruxsat etiladi?,"{""Yo'l-transport hodisasining oldini olish uchun"",""Har ikkala sanab o'tilgan hollarda"",""Quvib o'tishda ogohlantirish uchun""}",0,https://postimg.cc/Dmfk0bYv,300,,YHQ 8- bobi 48-bandi: Tovushli ishoralar faqat quyidagi hollarda qo llanilishi mumkin: aholi punktlaridan tashqarida boshga haydovchilarni quvib o'tish haqida ogohlantirish uchun; zarur bo'lgan hollarda yo'l-transport hodisasining oldini olish uchun.
question_717,Yolning sirpanchiq qismida rul chambaragini keskin burganda hosil boladigan sirpanishning oldini olish uchun haydovchi qanday ehtiyot choralarini ko'rishi kerak?,"{""Rul chambaragini zudlik bilan sirpanayotgan tomonga burish va tezda avtomobilni harakat yo'nalishini to'g'irlab olish"",""llashmani uzish"",""Tormoz tepkisini bosish""}",0,https://postimg.cc/Dmfk0bYv,300,,Rul chambaragini zudlik bilan sirpanayotgan tomonga burish va tezda avtomobilni harakat yo'nalishini to'g'irlab olish.
question_718,"Chorrahaga kirganingizda tartibga soluvchi qo lini yuqoriga ko'tardi, Sizga harakatlanishga ruxsat etiladimi? Korsatilgan belgilardan qaysi biri yolning korinish masofasi cheklangan joylarida majburan to'xtagan transport vositalarini belgilash uchun qollaniladi?","{""Ruxsat etiladi, agarda Siz o'ngga buriladigan bolsangiz"",""Ruxsat etilmaydi"",""Ruxsat etiladi""}",2,https://postimg.cc/Dmfk0bYv,300,,"YHQ 7-bobi 42-bandi: Sariq ishora yonganda yoki tartibga soluvchining qo'li yuqoriga ko tarilganida, ushbu Qoidalarning 41-bandida nazarda tutilgan joylarda, keskin tormoz bermasdan to'xtashga ulgura olmaydigan transport vositalarining haydovchilariga harakatni davom ettirishga ruxsat etiladi."
question_719,Transport vositalari qattiq ulagichda shatakka olinganda shatakka olgan va shatakka olingan transport vositalari orasidagi masofa qancha bolishi kerak?,"{""Qoidalarda belgilanmagan"",""4 metrdan oshmasligi"",""4 metrdan 6 metrgacha""}",1,https://postimg.cc/Dmfk0bYv,300,,"YHQ 24-bobi 144-bandi: Egiluvchan ulagich bilan shatakka olishda shatakka olgan va shatakka olingan transport vositalari o'rtasidagi masofa 4 - 6 metr oralig'ida bo'lishi, qattiq ulagich yordamida shatakka olishda esa 4 metrdan ko'p bolmasligi kerak. Egiluvchan ulagich ushbu Qoidalarning 177-bandi talablariga muvofiq belgilanishi kerak."
question_720,Turar joy dahalarida qanday harakatlar taqiqlangan?,"{""Faqat o'quv mashg'ulotlarini bajarish"",""Barcha sanab o'tilgan hollarda"",""Faqat dvigatel ishlab turganda to'xtab turish""}",1,https://postimg.cc/Dmfk0bYv,300,,"YHQ 20-bobi 124-bandi: Turar joy dahalarida quyidagilar taqiqlanadi: mexanik transport vositalarini boshqarishni o'rgatish; dvigateli ishlab turgan holda to'xtab turish; ruxsat etilgan to'la vazni 3,5 tonnadan ortiq bo'lgan yuk avtomobillarining maxsus ajratilgan, yo'l belgilari va (yoki) yol chiziqlari bilan belgilangan joylardan tashqarida to'xtab turishi."
question_721,Korsatilgan belgilardan qaysi biri yolning korinish masofasi cheklangan joylarida majburan to'xtagan transport vositalarini belgilash uchun qollaniladi?,"{""«А»"",""«Б»"",""«В»""}",0,https://lgacbbewpuzeyxijzfii.supabase.co/storage/v1/object/public/test-images/question-721.jpg,300,,"YHQ 8-bobi 51-bandi: Transport vositasi to'satdan to'xtab qolganda, zudlik bilan avariya yorug'lik ishorasini yoqish, agar u ishlamasa, avariya sababli to'xtash belgisini darhol o'rnatish kerak. Avariya sababli to'xtash belgisi quyidagi hollarda qo'llaniladi: yo'l-transport hodisasi sodir bo'lganda; to'xtash taqiqlangan joylarda va ko'rinishi cheklangan joylarda majburiy to xtaganda; Ushbu belgi boshga haydovchilarni xavfli vaziyat haqida o'z vaqtida ogohlantirish imkonini beradigan masofada o'rnatilishi kerak. Bu masofa aholi punktlarida transport vositasidan 15 metr, aholi punktlaridan tashqaridagi joylarda esa 30 metrdan kam bo Imasligi kerak."
question_722,Ushbu korsatilgan vaziyatda Sizga hovliga orqa bilan kirib qayrilib olishga ruxsat beriladimi?,"{""Ruxsat beriladi agarda bunda harakatning boshqa ishtirokchilariga halaqit berilmasa"",""Taqiqlanadi"",""Ruxsat beriladi""}",0,https://lgacbbewpuzeyxijzfii.supabase.co/storage/v1/object/public/test-images/question-722.jpg,300,,YHQ 9-bobi 63-bandi: Transport vositasini orqaga harakatlantirishda haydovchi yol harakati xavfsizligini ta minlashi va boshqa yo'l harakati qatnashchilariga xalaqit bermasligi shart. Zarurat tug'ilganda haydovchi boshqa shaxslarning yordamidan foydalanishi kerak. Orqaga harakatlanish chorrahalarda va ushbu Qoidalarning 62-bandiga muvofiq qayrilib olish
question_723,Agar avtomobil antiblokirovkali (ABS) tormoz tizimi bilan jihozlangan bolsa keskin tormoz berishni qanday amalga oshirishi kerak?,"{""Tormoz tepkisini uzib-uzib bosish yoli bilan"",""To'xtab turish tormozi tizimini qollash yo'li bilan"",""Tormoz tepkisini oxirigacha bosish va avtomobilni toliq toxtaguncha tepkini qo'yib yubormaslik""}",2,https://postimg.cc/Dmfk0bYv,300,,"Agar transport vositasi antiblokirovkali (ABS) tormoz tizimi bilan jihozlangan bolsa, shinaning qatnov qismi qoplamasi bilan tishlashishini shu tizim nazorat giladi. Shuning uchun faqulodda tormozlash paytida tormoz pedalini oxirigacha bosib turish kerak."
question_724,Yol harakati qoidalari boyicha «yonlama oraliq masofa» ni korsating:,"{""Faqat «A»"",""Faqat «Б»"",""«А» va «В»"",""Faqat «В»""}",2,https://lgacbbewpuzeyxijzfii.supabase.co/storage/v1/object/public/test-images/question-724.jpg,300,,"YHQ 10-bobi 73-bandi: Haydovchi o'zidan oldinda harakatlanayotgan transport vositasi keskin tormoz berganida to'qnashib ketmaslik kafolatini beradigan darajadagi oraliq masofani, shuningdek yol harakati xavfsizligini ta'minlaydigan yonlama oraliq masofani saqlashi kerak."
question_725,Tumanga qarshi chiroqlar va orqa tumanga qarshi chiroqlar birga yogilishi mumkin:,"{""Cheklangan korinish sharoitida"",""Yetarlicha ko'rinmaslik sharoitida""}",1,https://postimg.cc/Dmfk0bYv,300,,"YHQ 23-bobi 137, 140 bandlari: Quyidagi hollarda tumanga garshi chiroglarni go llash mumkin: yetarlicha ko rinmaydigan sharoitda alohida, shuningdek uzoqni yorituvchi yoki yaqinni yorituvchi chiroqlar bilan; qorong'i vaqtda yo Ining yoritilmagan qismlarida uzoqni yoki yaqinni yorituvchi chiroqlar bilan birga; ushbu Qoidalarning 138-bandida ko'zda tutilgan holatlarda yaqinni yorituvchi chiroqlar o'rniga. Tumanga garshi orga chiroqlarni fagat yetarlicha ko'rinmaydigan sharoitda qo' llash mumkin. Tumanga qarshi orga chiroqlarni to'xtash chiroqlari (stop-signal) ga ulash taqiqlanadi."
question_726,Ko'rsatilgan qaysi belgi reversiv harakat boshlanishi haqida axborot beradi?,"{""«Б»"",""«А»"",""«В»""}",2,https://lgacbbewpuzeyxijzfii.supabase.co/storage/v1/object/public/test-images/question-726.jpg,300,,YHQ 1 ilova 5.35. yo'l belgisi «Reversiv harakatlanish». Bir yoki bir necha tasmalarda harakatlanish yo nalishi qarama-qarshi tomonga o'zgarishi mumkin bo'lgan yol qismining boshlanishini bildiradi.
question_727,"Ushbu yol belgisi chorrahaga yaqinlashayotganlik to'g'risida ogohlantiradi, bunda Siz:","{""Faqatgina ong tomondan yaqinlashib kelayotgan transport vositalariga yol berishingiz kerak"",""Kesib o tayotgan yoldagi transport vositalariga yo'l berishingiz kerak"",""Birinchi bolib o'tish huquqiga egasiz""}",0,https://lgacbbewpuzeyxijzfii.supabase.co/storage/v1/object/public/test-images/question-727.jpg,300,,"YHQ 1 ilova 1.6. yo'l belgisi «Teng ahamiyatli yo'llar kesishuvi». YHQ 16-bobi 105-bandi: Teng ahamiyatga ega bo'lgan yo'llar kesishgan chorrahada relssiz transport vositasining haydovchisi o'ngdan kelayotgan transport vositalariga yol berishi shart. Bu qoidaga tramvay haydovchilari ham o'zaro amal qilishlari kerak. Bunday chorrahalarda, keyingi harakat yo nalishidan qat'i nazar, tramvay relssiz transport vositalariga nisbatan oldin o'tish huquqiga ega bo ladi."
question_728,Haydovchiga transport vositasini boshqarish vaqtida telefondan foydalanishga ruxsat etiladimi?,"{""Taqiqlanadi"",""Qolni ishlatmasdan texnik vositalardan foydalanib gaplashishga ruxsat etiladi"",""20 km/soat tezlikda harakatlanayotganda ruxsat etiladi""}",1,https://postimg.cc/Dmfk0bYv,300,,"YHQ 2-bobi 12-bandi: Haydovchiga quyidagilar taqiqlanadi: transport vositasini boshqarish paytida telefondan (telefondan quloqchinlar orgali va qo llarni ishlatmasdan turib so'zlashuvlar olib borish imkoniyatini beradigan boshga uskunalar orqali foydalanish bundan mustasno), transport vositasi salonining old qismiga o'rnatilgan tele, videomonitordan tele, videodasturlarni tomosha qilish uchun foydalanish."
question_729,Haydovchi chapga burilishda qaysi yo'nalish bo'yicha qoidani buzmoqda?,"{""Faqat «Б» yo'nalishi bo'yicha"",""Faqat «A» yo'nalishi bo'yicha"",""Korsatilgan barcha yonalish boyicha""}",2,https://lgacbbewpuzeyxijzfii.supabase.co/storage/v1/object/public/test-images/question-729.jpg,300,,"YHQ 1 ilova: 5.8.1. ""Tasmalar bo'yicha harakat yo'nalishi"" Tasmalar soni va har biri bo'yicha ruxsat etilgan harakatlanish yo nalishlari. Boshqa yo'nalishlar bo'yicha harakatlanish taqiqlanadi. YHQ 2 ilova: 1.1 - qarama-qarshi yo'nalishlarda harakatlanayotgan transport oqimlarini ajratadi, yo lning xavfli joylaridagi harakatlanish bolagi chegarasini va velosipedchilar uchun bo lagining chegarasini bildiradi; yolning kirish taqiqlangan qismi chegarasini belgilaydi; transport vositalarining to'xtab turish joyi chegarasini hamda avtomagistral qatoriga kiritilmagan yo lning qatnov qismi chegarasini bildiradi."
question_730,Shatakka olib harakatlanishingiz mumkin:,"{""Istalgan yonalishda"",""Faqat «A» yo'nalishda"",""Faqat «Б» yo'nalishda""}",1,https://lgacbbewpuzeyxijzfii.supabase.co/storage/v1/object/public/test-images/question-730.jpg,300,,"YHQ 1 ilova 3.7. yo'l belgisi «Tirkama bilan harakatlanish taqiqlanadi». Yuk tashuvchi transport vositalari, traktorlarning barcha turdagi tirkamalar bilan harakatlanishi, shuningdek mexanik transport vositalarini har qanday usulda shatakka olish taqiqlanishini bildiradi."
question_731,"Sizga ruxsat etilgan tola vazni 3,5 tonnadan ortiq yuk avtomobilida harakatlanish:","{""Barcha yonalishlarda"",""Faqat to'g'riga"",""To'g'riga va óngga""}",1,https://lgacbbewpuzeyxijzfii.supabase.co/storage/v1/object/public/test-images/question-731.jpg,300,,"YHQ 1 ilova: 4.1.1. «Harakatlanish to'g'riga», 7.4.1 belgi bilan o'rnatilgan yo'l belgisining ta'siri yuk tashuvchi, shu jumladan, tirkamali, to' la vazni 3,5 tonnadan ortiq bo lgan transport vositalariga."
question_732,Kunning yorug' vaqtida aholi punktlarida quvib o'tilayotgan transport vositasi haydovchisining e'tiborini jalb gilish uchun mumkin:,"{""Tovush signalidan foydalanish"",""Faqat yaqinni yorituvchi chirogni uzoqni yorituvchi chiroqqa qisqa muddat orasida otkazish bilan ishora berish"",""Faqat birgalikda yorug'lik ishoralari bilan birga tovush signallarini gollash"",""Sanab o'tilganlarning barchasidan foydalanish""}",1,https://postimg.cc/Dmfk0bYv,300,,"YHQ 8- bobi 48-bandi: Tovushli ishoralar faqat quyidagi hollarda qo llanilishi mumkin: aholi punktlaridan tashqarida boshga haydovchilarni quvib o tish hagida ogohlantirish uchun; zarur bolgan hollarda yo l-transport hodisasining oldini olish uchun. Yuqorida ko'rsatilgan hollardan tashqari tovushli ishoralardan foydalanish taqiqlanadi. YHQ 8-bobi 49-bandi: Quvib o'tish haqida tovushli ishora o'rniga yoki u bilan birga fara chiroqlarini yoqib-o'chirib, ogohlantirish ishorasini ham berish mumkin."
question_733,Ushbu yol chizigi Sizga qanday manevr bajarishni taqiqlaydi?,"{""Quvib o'tishni"",""Aylanib o'tishni"",""Sanab o'tilgan barcha manevrlarga ruxsat beradi"",""Qayrilib olishni""}",2,https://lgacbbewpuzeyxijzfii.supabase.co/storage/v1/object/public/test-images/question-733.jpg,300,,"YHQ 2 ilova: 1.2, 1.5 - 1.8 chiziqlarini istalgan tomondan bosib o tish mumkin."
question_734,Ushbu belgi axborot beradi:,"{""Reversiv harakatlanish yoliga chiqish haqida"",""Siz o'ngga yoki chapga burilishingiz kerakligini korsatadi"",""Chorrahadan o'ngga va chapga bir tomonlama harakat tashkil qilingan""}",0,https://lgacbbewpuzeyxijzfii.supabase.co/storage/v1/object/public/test-images/question-734.jpg,300,,chiqish». YHQ 1 ilova: 5.37. «Reversiv harakatlanish yoliga
question_735,Svetofor (ishoralari) qaysi guruh yol belgilarini bekor qiladi (miltilovchi sariq ishoradan tashqari)?,"{""Buyuruvchi belgilar"",""Ta'qiqlovchi belgilar"",""Imtiyoz belgilari"",""Barcha sanab o'tilganlari""}",2,https://postimg.cc/Dmfk0bYv,300,,YHQ 7-bobi 43-bandi: Svetofor ishoralari imtiyoz belgilari talablariga zid kelgan hollarda haydovchilar svetofor ishoralariga amal qilishlari kerak.
question_736,108 km/soat tezlikda harakatlanayotgan transport vositasi 1 sekundda qancha masofani bosib o'tadi?,"{""30 m"",""15 m"",""25 m""}",0,https://postimg.cc/Dmfk0bYv,300,,"1 km = 1000 metr 1 soat = 60 min = 3600 sekund Keling, ushbu qiymatlarni almashtiramiz: 108 km/soat = 108*1000/(1*3600) = 108000/3600 = 30 m/s."
question_737,M3 toifadagi avtotransport vositalarining boshqaruv qurilmasidagi qanday eng katta lyuft yig'indisiga yol quyiladi:,"{""25°"",""20°"",""10°""}",1,https://postimg.cc/Dmfk0bYv,300,,"YHQ 3 ilova: 2.1. Boshqaruv qurilmasidagi lyuft yig'indisi reglament (qat'iy belgilangan) sharoitlardagi sinovlarda quyidagi ko'rsatkichdan katta bo'lmasligi kerak: Transport vositasining toifasi Yo'l qo yilgan lyuft ko'rsatgichi (gradusda) M1 - 10% M2, M3, N1 - 20% N2, N3 - 25%."
question_738,Qaysi hollarda transport vositasidan foydalanish taqiqlanadi?,"{""Yonilg'i darajasini korsatish qurilmasi ishlamaydi"",""O't oldirish tizimi nosoz"",""Dvigatel qiyinchilik bilan ishga tushadi"",""Tovush signallari ishlamaydi""}",3,https://postimg.cc/Dmfk0bYv,300,,YHQ 3 ilova: 7.2. Tovush ishorasi ishlamasa.
question_739,72 km/soat tezlikda harakatlanayotgan transport vositasi 1 sekundda qancha masofani bosib o'tadi?,"{""15 m"",""20 m"",""25 m""}",1,https://postimg.cc/Dmfk0bYv,300,,"1 km = 1000 metr 1 soat = 60 min = 3600 sekund Keling, ushbu qiymatlarni almashtiramiz: 72 km/soat = 72*1000/ (1*3600) = 72000/3600 = 20 m/s."
question_740,Qaysi yonalishda harakatlanishni davom ettirishingiz mumkin?,"{""Chapga va orqaga qayrilib olishga"",""Faqat chapga"",""O'ngga, chapga va orqaga qayrilib olishga""}",2,https://lgacbbewpuzeyxijzfii.supabase.co/storage/v1/object/public/test-images/question-740.jpg,300,,"YHQ 1 ilova 4.1.6. «Harakatlanish o'ngga yoki chapga». Faqat belgilarda ko'rsatilgan ko'rsatkichlar yo'nalishlarida harakatlanishga ruxsat etiladi. Chapga burilishga ruxsat beruvchi belgilar qayrilib olishga ham ruxsat beradi. (Muayyan kesishmada talab etilgan harakatlanish yo nalishiga tegishli ko'rsatkichlarning shakli tushirilgan 4.1.1 - 4.1.6 belgilarini qo'llash mumkin). YHQ 9-bobi 56-bandi: Haydovchi, aylanma harakatlanish tashkil qilingan chorrahalarga kirish uchun burilishdan boshqa barcha hollarda, oingga, chapga burilish yoki qayrilib olishdan oldin shu yo nalishda harakatlanishi moljallangan qatnov qismining eng chetki holatini egallashi shart."
question_741,Siz yengil avtomobildan qaysi jihozlar mavjud bolmaganda foydalanishingiz mumkin?,"{""O't ochirgich"",""G'ildirab ketishga qarshi moslama"",""Tibbiy quticha"",""Avariya sababli to'xtash belgisi""}",1,https://postimg.cc/Dmfk0bYv,300,,"YHQ 3 ilova Transport vositalaridan foydalanishni taqiqlovchi shartlar: 7.10. Transport vositalari quyidagilar bilan jihozlanmagan bolsa: M2, M3 toifadagi - favqulodda holatlarda oynani sindirish uchun foydalaniladigan bolg'acha, tibbiyot qutichasi, 2 ta o't o'chirgich (bittasi haydovchining kabinasida, ikkinchisi - yo'lovchilar salonida), majburiy to xtaganini bildiruvchi belgi (yoki miltillovchi qizil chiroq) va nur qaytargichli kamzul (jilet)."
question_742,"Quvib o'tishda burilish korsatkichi bilan beriladigan ogohlantiruvchi ishoralarni, haydovchi qachon o'chirishi kerak?","{""O'z ixtiyoringizga kora"",""Manyovrni tugallagach, darhol"",""Quib otilayotgan transport vositasidan o'zib ketgandan song istalgan vaqtda""}",1,https://postimg.cc/Dmfk0bYv,300,,"YHQ 8-bobi 46-bandi: Burilish ko'rsatkichi yoki qo'1 bilan berilayotgan ishora manyovrni bajarishdan oldinroq berilishi va uni tugallagach, darhol to'xtatilishi kerak (qo'l bilan berilayotgan ishorani manyovrni bevosita bajarishdan oldin tugallash mumkin). Beriladigan ishoralar yo'l harakatining boshqa qatnashchilarini chalg itmasligi kerak. Ogohlantiruvchi ishora berish haydovchiga oldin o'tish huquqini bermaydi va uni zaruriy ehtiyot choralarini ko'rish mas'uliyatidan ozod etmaydi."
question_743,Qaysi yo'l belgisi chapga burilishni taqiqlaydi?,"{""Faqat «A»"",""«А» va «Б»"",""«A» va «Г»"",""Barchasi""}",2,https://lgacbbewpuzeyxijzfii.supabase.co/storage/v1/object/public/test-images/question-743.jpg,300,,"YHQ 1 ilova: 5.10.2, 5.10.3. «Yo'nalishli transport vositalari uchun alohida ajratilgan tasmasi bor yo'lga chiqish»."
question_744,Piyodalar turar joy dahasida qayerda harakatlanishlari mumkin?,"{""Faqat trotuarda"",""Faqat qatnov qismida"",""Trotuarda, hamda qatnov qismida""}",2,https://postimg.cc/Dmfk0bYv,300,,"YHQ 20-bobi 123-bandi: Turar joy dahalari (kirish va chiqish 5.38 va 5.39 yo'l belgilari bilan belgilangan hududlar)da piyodalarga trotuarlar hamda gatnov qismida harakatlanishga ruxsat etiladi. Bunda piyodalar imtiyozga ega bo ladilar, biroq ular transport vositalarining harakatlanishiga asossiz xalaqit bermasliklari kerak."
question_745,Qaysi transport vositasining haydovchisi qoidani buzib burilmoqda?,"{""Faqat yengil avtomobil haydovchisi"",""Ikkisi ham buzmoqda"",""Faqat mototsikl haydovchisi""}",1,https://lgacbbewpuzeyxijzfii.supabase.co/storage/v1/object/public/test-images/question-745.jpg,300,,"YHQ 1 ilova: 4.1.1. «Harakatlanish to'g'riga». 4.1.1 - 4.1.6 belgilarining ta'siri yo'nalishli transport vositalariga joriy qilinmaydi. 4.1.1 - 4.1.6 yo'l belgilari qatnov qismlarining qaysi kesishmasidan oldin o'rnatilsa, belgining ta'siri shu kesishmaga joriy qilinadi. Yo'lning qismi boshlanishida o'rnatilgan 4.1.1 belgisining ta'siri yaqin chorrahagacha joriy qillinadi. Belgi o'ng tomonda joylashgan hovlilarga va yo lga yondosh boshga hududlarga burilishni taqiqlamaydi."
question_746,Kunning yorug' vaqtida quyidagi hollarda yaqinni yorituvchi chiroqlar yoqilishi kerak:,"{""Mototsikl va mopedlarda"",""Xavfli, katta olchamli va og'ir vaznli yuklarni tashishda"",""Yolovchilarni tashiyotgan avtobus va yo'nalishli transport vositalarida"",""Barcha sanab otilgan hollarda""}",3,https://postimg.cc/Dmfk0bYv,300,,"YHQ 23-bobi 138-bandi: Sutkaning yorug' vaqtida quyidagi hollarda yaqinni yorituvchi fara chiroqlari yoqilishi kerak: transport vositalari tashkiliy jamlanma safida harakatlanayotganda; yo lovchilarni tashiyotgan avtobuslar va yo'nalishli transport vositalarida; bolalar guruhini tashkiliy tashishda; xavfli, katta o'Ichamli va og'ir vaznli yuklarni tashishda; mexanik transport vositalarini shatakka olishda (shatakka olib ketayotgan transport vositasida); kuchli yog'ingarchilik (yomg'ir, qor) sharoitida; mototsikl, elektromototsikl, skuter va mopedlarda."
question_747,Ushbu yolda sizga yol belgisidan keyin qaysi tasmalarda harakatlanishga ruxsat beriladi?,"{""Faqat chap tasmadan"",""Istalgan tasmadan"",""O'ng tasmadan""}",2,https://lgacbbewpuzeyxijzfii.supabase.co/storage/v1/object/public/test-images/question-747.jpg,300,,YHQ 10-bobi 67-bandi: Aholi punktlaridan tashqaridagi yollarda hamda aholi punktlarida ayrim turdagi transport vositalari uchun ushbu Qoidalarda belgilangandan yuqori tezlikda harakatlanish ruxsat etilgan yo'l qismlarida haydovchilar transport vositalarini mumkin qadar qatnov qismining o'ng chetiga yaqinroq olib harakatlanishlari kerak. O'ng tasmalar bo'sh bo'lganda chap tasmalarni egallash taqiqlanadi.
question_748,Qanday alomatlar charchash belgilari hisoblanadi?,"{""Uyquchanlik, bo'shashish, diqqatning susayishi"",""Bosh aylanishi, kozlarga qum kirgan kabi achishish, terlash alomati"",""Zoriqish, asabiylashish""}",0,https://postimg.cc/Dmfk0bYv,300,,"YHQ 2-bobi 12-bandi: Haydovchiga quyidagilar taqiqlanadi: transport vositasini spirtli ichimliklar, giyohvandlik vositalari, ularning analoglari, psixotrop yoxud kuchli ta'sir qiluvchi moddalar ta sirida yoki o'zgacha tarzda mast holatda sezgirlik va e'tiborni susaytiradigan Yol transport hodisasiga daxldor haydovchilar birinchi navbatda nima qilishlari kerak? dori-darmonlar ta sirida, yol harakati xavfsizligiga tahdid soladigan charchoqlik va betoblik holatida boshqarish; har qanday mastlik holatida, sezgirlik va e tiborni susaytiradigan dori-darmonlar ta sirida, yo'l harakati xavfsizligiga tahdid soladigan charchoqlik va betoblik holatida bo'lgan, shuningdek, tegishli toifadagi transport vositasini boshqarish huquqini beruvchi haydovchilik guvohnomasi bo'lmagan, yo'l varagasida yoki transport vositalari egalarining fuqarolik javobgarligini majburiy sug'urta qilish bo yicha sug'urta polisida ism-familiyasi ko'rsatilmagan (transport vositalari egalarining fuqarolik javobgarligini majburiy sug'urta qilish bo'yicha shartnoma ushbu transport vositasidan cheklanmagan shaxslarning foydalanilishini hisobga olgan holda tuzilgan hollardan tashqari) shaxslarga transport vositasini boshqarish uchun topshirish."
question_749,Chorrahadagi uzuq-uzuq chiziqlar nimani bildiradi?,"{""Majburiy harakatlanish"",""Chorrahada harakatlanish bolagini chegarasini Izoh: YHQ 2 ilova: 1.7 (har bir chizig'i qisqa va oralari sh chiiqar b yiga teng bo lgan uzuq-uzuq chiziq) - chorrahadagi harakatlanish tasmalarini bildiradi. Yol transport hodisasiga daxldor haydovchilar birinchi navbatda nima qilishlari kerak?"",""Transport vositasini darhol to'xtatishi, avariya ishoralarini yoqishi va avariya sababli to'xtash belgisini o'rnatishi"",""Sodir etilgan hodisa xaqida YHXXga xabar berishi kerak"",""Yolning harakat qismini bo'shatishlari kerak""}",1,https://lgacbbewpuzeyxijzfii.supabase.co/storage/v1/object/public/test-images/question-749.jpg,300,,"YHQ 2 ilova: 1.7 (har bir chizig'i qisqa va oralari sh chiiqar b yiga teng bo lgan uzuq-uzuq chiziq) - chorrahadagi harakatlanish tasmalarini bildiradi. Yol transport hodisasiga daxldor haydovchilar birinchi navbatda nima qilishlari kerak? F1 Transport vositasini darhol to'xtatishi, avariya ishoralarini yoqishi va avariya sababli to'xtash belgisini o'rnatishi F2 Sodir etilgan hodisa xaqida YHXXga xabar berishi kerak F3 Yolning harakat qismini bo'shatishlari kerak"
question_750,Yol transport hodisasiga daxldor haydovchilarbirinchi navbatda nima qilishlari kerak?,"{""Transport vositasini darhol to'xtatishi, avariya ishoralarini yoqishi va avariya sababli to'xtash belgisini o'rnatishi"",""Sodir etilgan hodisa xaqida YHXXga xabar berishi kerak"",""Yolning harakat qismini bo'shatishlari kerak""}",0,https://postimg.cc/Dmfk0bYv,300,,"YHQ 3-bobi 13-bandi: Yo'l-transport hodisasi sodir bo lganda unga daxidor haydovchilar quyidagilarni bajarishlari shart: transport vositasini darhol to'xtatishi, avariya ishoralarini yoqishi va avariya sababli to'xtash belgisini Qoidalarning 51-bandi talablariga muvofia o'rnatishi, transport vositasini va hodisaga daxldor buyumlarni joyidan qo zg atmasligi; YHQ 8-bobi 51-bandi: Transport vositasi to'satdan to'xtab qolganda, zudlik bilan avariya yorug lik ishorasini yoqish, agar u ishlamasa, avariya sababli to'xtash belgisini darhol o'rnatish kerak. Avariya sababli to'xtash belgisi quyidagi hollarda qo'llaniladi: yol-transport hodisasi sodir bolganda; to'xtash taqiqlangan joylarda va ko'rinishi cheklangan joylarda majburiy to xtaganda; Ushbu belgi boshqa haydovchilarni xavfli vaziyat haqida o'z vaqtida ogohlantirish imkonini beradigan masofada o'rnatilishi kerak. Bu masofa aholi punktlarida transport vositasidan 15 metr, aholi punktlaridan tashqaridagi joylarda esa 30 metrdan kam bo lmasligi kerak."
question_751,Kunning qorong'i vaqtida aholi punktlarida yolning yoritilgan qismida Siz qanday tashqi yoritish chiroqlaridan foydalanishingiz kerak?,"{""Yaqinni yoki uzoqni yorituvchi chiroqlardan"",""Yaqinni yorituvchi chiroqlardan"",""Gabarit chiroqlardan""}",1,https://postimg.cc/Dmfk0bYv,300,,"YHQ 23-bobi 135-bandi: Quyidagi hollarda uzoqni yorituvchi chiroqlar o'rniga yaqinni yorituvchi chiroqlar yogilishi kerak: yol yoritilgan bolsa; qarama-qarshi yo nalishdagi transport vositasiga kamida 150 metr masofa qolganda, shuningdek, qarama-qarshi yo nalishdagi transport vositasining haydovchisi fara chiroqlarini vagti-vagti bilan o'chirib-yoqib bunga zarurat borligini bildirgan hollarda undan ham ko'proq masofada; qarama-qarshi va bir yo nalishdagi transport vositalari haydovchilarining ko'zini qamashtirishi mumkin bo'lgan boshqa barcha holatlarda. Ko'zi qamashgan haydovchi avariya ishoralarini yoqishi, harakatlanish bo lagini o'zgartirmasdan tezlikni kamaytirishi va to'xtashi kerak."
question_752,Qaysi holatda siz majburiy toxtashni amalga oshirasiz?,"{""Piyodalar o'tish joyi oldida piyodalarga yo'l berish uchun to'xtab"",""Texnik nosozlik tufayli yolning harakat qismida"",""Har ikki sanab o'tilgan holda""}",1,https://postimg.cc/Dmfk0bYv,300,,"YHQ, Umumiy qoidalar: Majburiy to'xtash - texnik nuqson, tashilayotgan yuk, haydovchi va yo lovchining holati, yo'ldagi biror to'siq tufayli xavf yuzaga kelganda yoxud ob-havo sharoitiga bog liq holda transport vositasi harakatini to'xtatish. Haydovchining ushbu xatti-harakati oxirgi zarur chora bolib, qoidabuzarlik deb e'tirof etilmaydi."
question_753,"Qaysi hollarda Sizga harakatni davom ettirish taqiqlanadi, hatto ta'mirlash ustaxonasiga ham, agarda faralar va orqa gabarit chiroqlar nosoz bo'lsa?","{""Kunning qorong'u vaqtida"",""Har ikki sanab o'tilgan holda"",""Faqat yetarlicha ko'rinmaslik sharoitida""}",1,https://postimg.cc/Dmfk0bYv,300,,"YHQ 2-bobi 12-bandi: Haydovchiga quyidagilar taqiqlanadi: tormoz tizimi, rul boshqaruvi ishlamayotgan, ulagich moslamasi (avtopoyezd tarkibida) nosoz bo'lgan, sutkaning qorong'i vaqtida yoki ko'rinish cheklangan vaziyatlarda yonmaydigan fara chiroqlari va orqa gabarit fara chiroqlari, yomg'ir yoki qor yog'ayotgan vaqtda oyna tozalagich ishlamaydigan transport vositasini boshqarish."
question_754,Kunning yorug' vaqtida aholi punktlaridan tashqarida Siz quvib o'tayotgan transport vositasi haydovchisining e'tiborini qanday jalb gilasiz?,"{""Faqat yorug'lik faralarini qisqa-qisqa yoqib o'chirish bilan"",""Faqat tovush ishorasi bilan"",""Sanab otilgan barcha usul bilan va ularni birga gollash bilan""}",2,https://postimg.cc/Dmfk0bYv,300,,"YHQ 8-bobi 49-bandi: Quvib o'tish haqida tovushli ishora o'rniga yoki u bilan birga fara chiroqlarini yogib-o'chirib, ogohlantirish ishorasini ham berish mumkin."
question_755,Sanab otilgan qaysi transport vositalarini ot o'chirgichsiz tasarruf etishga ruxsat etiladi?,"{""Avtobuslarni"",""Faqat yon kajavasiz mototsikllarni"",""Avtomobillarni"",""Barcha mototsikllarni""}",3,https://postimg.cc/Dmfk0bYv,300,,"YHQ 3 ilova: 7.10. Transport vositalari quyidagilar bilan jihozlanmagan bolsa: M1, N1, N2, N3 toifadagi, mikroavtobus va g'ildirakli traktorlarda tibbiyot qutichasi, o't o'chirgich, majburiy to'xtaganligini bildiruvchi belgi (yoki miltillovchi qizil chiroq) va nur qaytargichli kamzul (jilet)."
question_756,Qaysi qo'shimcha axborot belgilari birga qollanilganda belgilarning ta'sir oralig'ini ko'rsatadi?,"{""«Б» va «В»"",""Faqat «Б»"",""Faqat «A»""}",0,https://lgacbbewpuzeyxijzfii.supabase.co/storage/v1/object/public/test-images/question-756.jpg,300,,YHQ 1 ilova: 7.2.1. «Ta'sir oralig'i». Ogohlantiruvchi belgilar bilan belgilangan xavfli joyning uzunligini yoki taqiqlovchi va axborot-ko'rsatkich belgilarining ta'sir oralig'ini ko'rsatadi. 7.2.2 - 7.2.6. «Ta'sir oralig'i».
question_757,Birinchi uzatmada uzoq tezlanishda yurish yoqilg'i sarfiga qanday ta'sir etadi?,"{""Yoqilg'i sarfi o'zgarmaydi"",""Yoqilgi sarfi ortadi"",""Yoqilg'i sarfi kamayadi""}",1,https://postimg.cc/Dmfk0bYv,300,,"Dvigatel yuqori tezlikda ishlayotganida, birinchi uzatma yoqilgan avtomobilning uzoq vaqt tezlashishi yoqilg'i sarfini oshiradi."
question_758,Ko'rsatilgan yol belgilaridan qaysilari Siz yolning tor qismida yol berishingizni talab qiladi?,"{""Faqat «B»"",""«Б» va «В»"",""«Б» va «Г»"",""«A» va «В»""}",3,https://lgacbbewpuzeyxijzfii.supabase.co/storage/v1/object/public/test-images/question-758.jpg,300,,"YHQ 21-bobi 128-bandi: Agar yo Ining 1.13 va 1.14 yo'l belgilari bilan belgilangan qiyaliklarda, garama-qarshi yo nalishlarda harakatlanishni qiyinlashtiradigan to'siq bo'lsa, nishablikka harakatlanayotgan transport vositasining haydovchisi yol berishi kerak. 1 ilova: 2.6. «Ro para harakatlanishning ustunligi». Qarama-qarshi harakatlanishni qiyinlashtiradigan hollarda yo Ining tor qismiga kirish taqiqlanadi. Haydovchi yo Ining tor qismida bolgan yoki ro paradan unga yaqin bolgan transport vositasiga yo l berishi kerak."
question_759,Qanday hollarda yolning burilish qismlarida yengil avtomobil ag'darilishga qarshi turg'unroq?,"{""Yolovchilar bilan yuksiz"",""Yuksiz va yolovchilarsiz"",""Yolovchilarsiz, yuqori yukxonasida yuki bilan""}",1,https://postimg.cc/Dmfk0bYv,300,,"Avtomobilning og irlik markazi qanchalik past va simmetrik bo'lsa, u shunchalik barqaror boladi."
question_760,Qaysi yol belgisi piyodalar yolkasini bildiradi?,"{""Faqat «Б» va «B»"",""Faqat «Б»"",""Barchasi""}",1,https://lgacbbewpuzeyxijzfii.supabase.co/storage/v1/object/public/test-images/question-760.jpg,300,,YHQ 1 ilova: 4.6. «Piyodalar yo'lkasi». Faqat piyodalar yurishiga ruxsat etiladi.
question_761,«Quvib o'tish» atamasi nimani bildiradi?,"{""Egallagan harakatlanish bolagidan chiqib, oldinda harakatlanayotgan transport vositasidan o'zib ketish"",""Bir va bir necha transport vositalaridan o'zib ketish"",""Bir yoki bir nechta transport vositalarini qarama-qarshi yo nalishda harakatlanish uchun moljallangan tasmaga chiqib, songra ilgari egallagan qatoriga qaytib o'tish bilan bog'liq bolgan o'zib ketish""}",2,https://postimg.cc/Dmfk0bYv,300,,"YHQ 1-ilova 1-bob. Umumiy qoidalar: Quvib o'tish - bir yoki bir nechta transport vositalarini qarama-qarshi yo'nalishda harakatlanish uchun mo'ljallangan tasmaga chiqib, so'ngra ilgari egallagan qatoriga qaytib o'tish bilan bog'liq bolgan o zib ketish."
question_762,"Korsatilgan yol belgilaridan qaysi biri ruxsat etilgan tola vazni 3,5 tonnadan kam bolgan yuk avtomobiliga o'ngga harakatlanishni buyuradi.","{""Faqat «Б»"",""Faqat «A»"",""«Б» va «В»"",""«А» va «Б»""}",0,https://lgacbbewpuzeyxijzfii.supabase.co/storage/v1/object/public/test-images/question-762.jpg,300,,YHQ 1 ilova: 4.1.2. «Harakatlanish o'ngga».
question_763,Tormoz tizimiga ega bolmagan tirkama bilan harakatlanayotganda yengil avtomobilni tormoz yoli qanday o'zgaradi?,"{""Tormoz yoli uzayadi"",""Tirkama qo'shimcha qarshilikka ega bolgani uchun tormoz yoli kamayadi"",""Tormoz yoli o'zgarmaydi""}",0,https://postimg.cc/Dmfk0bYv,300,,Tormoz yo'li uzayadi.
question_764,"Tuman sharoitida, agar korinish masofasi 300 metrdan kam bo'lsa kunduzgi chiroqlarni yoqish yetarlimi?","{""Yetarli"",""Yetarli emas""}",1,https://postimg.cc/Dmfk0bYv,300,,"YHQ 23-bobi 137-bandi: Quyidagi hollarda tumanga qarshi fara chiroqlaridan foydalanish mumkin: yetarlicha ko'rinmaydigan sharoitda alohida, shuningdek, uzoqni yorituvchi yoki yaqinni yorituvchi fara chiroqlari bilan; sutkaning qorong'i vaqtida yo Ining yoritilmagan qismlarida uzoqni yoki yaqinni yorituvchi fara chiroqlari bilan birga."
question_765,Qattiq yoki egiluvchan ulagichda shatakka olgan yuk avtomobilining kuzovida odam tashishga ruxsat etiladimi?,"{""Ruxsat etiladi"",""Taqiqlanadi""}",0,https://postimg.cc/Dmfk0bYv,300,,"YHQ 24-bobi 143-bandi: Qattiq yoki egiluvchan ulagich yordamida shatakka olingan avtobusda, trolleybusda va yuk avtomobili yukxonasida odam tashish, qisman ortish yo'li bilan shatakka olishda esa shatakka olingan transport vositasining kabinasida va yukxonasida, shuningdek shatakka olgan transport vositasining yukxonasida odamlar bolishi taqiqlanadi."
question_766,Sanab o'tilgan qaysi hollarda haydovchi orqadagi vaziyatni e'tiborga olishi kerak?,"{""Har qanday tormozlashda"",""Faqat nam qoplama yoki yaxmalakli yollarda tormoz berganda"",""Faqat keskin tormoz berishda""}",0,https://postimg.cc/Dmfk0bYv,300,,Har qanday tormozlashda
question_767,Qaysi yol belgisi barcha transport vositalarining harakatini istisnosiz taqiqlaydi?,"{""«Б»"",""«В»"",""«А»""}",0,https://lgacbbewpuzeyxijzfii.supabase.co/storage/v1/object/public/test-images/question-767.jpg,300,,"YHQ 1 ilova: 3.17.2. «Xavf-xatar». Yol-transport hodisasi yoki boshqa xavfli vaziyatlar tufayli, istisnosiz, barcha transport vositalarining harakatlanishi taqiqlanishini bildiradi."
question_768,Chorrahaga kirishda Siz:,"{""Birinchi otish huquqiga egasiz"",""Mototsiklga yol berishingiz kerak"",""Har ikkisiga ham yol berishingiz kerak""}",2,https://lgacbbewpuzeyxijzfii.supabase.co/storage/v1/object/public/test-images/question-768.jpg,300,,YHQ 14-bobi 98-bandi: Aylanma harakatlanish chorrahasida harakatlanayotgan transport vositalari aylanaga kirib kelayotgan transport vositalariga nisbatan ustunlikka (imtiyozga) ega.
question_769,Yolning keskin burilishida yuzaga keladigan sirpanishning oldini olish uchun haydovchi nima qilishi kerak?,"{""Burilishdan oldin tezlikni kamaytirib, avtomobilni erkin harakatlanishi uchun ilashma tepkisini bosishi"",""Burilishdan oldin tezlikni kamaytirish, kerak bolsa uzatmalar pogonasini pasaytirish, burilishdan otayotganda tezlikni oshirmaslik va avtomobilni keskin tormozlamaslik"",""Sanab o'tilgan har ikki usulni qollashga ruxsat etiladi""}",1,https://postimg.cc/Dmfk0bYv,300,,"Burilishdan oldin tezlikni kamaytirish, kerak bolsa uzatmalar pog onasini pasaytirish, burilishdan o'tayotganda tezlikni oshirmaslik va avtomobilni keskin tormozlamaslik."
question_770,Kunning qorongi vaqtida va bulutli ob-havoda ro'paradan kelayotgan avtomobil tezligi qanday tuyuladi?,"{""Tezlikni qabul qilish o'zgarmaydi"",""Aslidagidan kam tezlikda tuyuladi"",""Aslidagidan katta tezlikda tuyuladi""}",1,https://postimg.cc/Dmfk0bYv,300,,Aslidagidan kam tezlikda tuyuladi.
question_771,Siz ro paradan yaqinlashayotgan yuk avtomobiliga yol berishingiz kerakmi?,"{""На"",""Yo'q""}",1,https://lgacbbewpuzeyxijzfii.supabase.co/storage/v1/object/public/test-images/question-771.jpg,300,,"YHQ 10-bobi 75-bandi: Agar biror to'siq sababli garama-qarshi yo'nalishlarda harakatlanish qiyin bo'lsa, to'siq o'z tomonida bo'lgan haydovchi yo'l berishi kerak."
question_772,Ushbu holatda Sizga temir yol kesishmasiga chiqishga ruxsat etiladimi?,"{""Ha, yaqinlashib kelayotgan poyezd yo'q bo'lsa"",""На"",""Taqiqlanadi""}",2,https://lgacbbewpuzeyxijzfii.supabase.co/storage/v1/object/public/test-images/question-772.jpg,300,,YHQ 18-bobi 118-bandi: Temir yo'l kesishmasiga quyidagi hollarda kirish taqiqlanadi: kesishmadan keyin hosil bo'lgan tirbandlik tufayli haydovchi kesishmada to'xtashga majbur bo ladigan hollarda.
question_773,Transport vositasi qiyalikda joyidan qo'zg'alishda to'xtab turish tormoz dastagini qay vaqtda tushirishni boshlash kerak?,"{""Harakatni boshlagandan song"",""Harakatni boshlashdan avval"",""Harakatni boshlash bilan bir vaqtda""}",2,https://postimg.cc/Dmfk0bYv,300,,Harakatni boshlash bilan bir vaqtda.
question_774,Avtomobilning ABS tizimi burilishida sirpanish va yonga siljishni oldini oladimi?,"{""Avtomobilni faqat sirpanish ehtimolining oldini oladi"",""Avtomobilni sirpanish va yonga siljish ehtimolining oldini olmaydi"",""Avtomobilni faqat yonga siljish ehtimolining oldini oladi""}",1,https://postimg.cc/Dmfk0bYv,300,,"Antiblokirovka tizimi (ABS) avtomobilning tormoz tizimi bilan birga qarama qarshi ishlab uni tartibga soladi, ya'ni g'ildiraklarni keskin tormozlaganda ularni blokirovkadan asraydi. Bu bilan avtomobilni turg'unligini va boshqaruvchanligini yengillashtiradi. Bu tizimning o'ziga yarasha qulayligi va shu bilan bir qatorda kamchiliklari ham mavjud. Qo'qqisdan tormozlanganda hatto quruq, qattiq qoplamali yo'llarda ABS tizimi avtomobilni to'xtata olmaydi uni ishga tushish vaqti (1-2 sek.) ushbu vaziyatga haydovchi ko'nikma hosil qilishi Burilishlarda markazdan qochirma kuch evaziga ABS sirpanish va siljishga ta'sir eta olmay qolish ehtimoli yuzaga keladi."
question_775,Chorrahaning korsatilgan joyida Sizga to'xtashga ruxsat etiladimi?,"{""Ruxsat etiladi, agarda Sizning transport vositangiz bilan sidirg'a chiziq orasidagi masofa 3 metrdan ortiq bolsa"",""Ruxsat etiladi"",""Taqiqlanadi""}",2,https://lgacbbewpuzeyxijzfii.supabase.co/storage/v1/object/public/test-images/question-775.jpg,300,,YHQ 13-bobi 91-bandi: quyidagi joy va holatlarda to'xtash taqiqlanadi: qatnov qismi kesishmalarida va kesishayotgan qatnov qismi chetiga 30 metrdan kam masofada (uch tomonlama kesishadigan chorrahalarda yondan tutashgan yolning sidirg'a chiziq yoki ajratuvchi mintaqa bilan ajratilgan qarama-qarshi tomoni bundan mustasno).
question_776,"Siz chapga burilmoqchisiz, kimga yol berishingiz kerak?","{""Har ikki transport vositasiga"",""Faqat avtobusga"",""Faqat yuk avtomobiliga""}",0,https://lgacbbewpuzeyxijzfii.supabase.co/storage/v1/object/public/test-images/question-776.jpg,300,,"YHQ 16-bobi 104-bandi: Teng ahamiyatga ega bo Imagan yo llar kesishgan chorrahada, ikkinchi darajali yo lda harakatlanayotgan transport vositasining haydovchisi asosiy yo'ldan yaginlashayotgan transport vositalariga, ularning keyingi harakat yo nalishidan qat'i na ar o'l berishi kerak"
question_777,Yengil avtomobilning orqa oynasiga parda yoki jalyuzilar o'rnatish mumkinmi?,"{""Ruxsat etiladi, agarda ikki tomonda orqani korsatuvchi ko'zgusi bolsa"",""Taqiqlanadi""}",0,https://postimg.cc/Dmfk0bYv,300,,"Vazirlar Mahkamasining 2019 yil 2 avgustdagi 646-son qarori: b) avtotransport vositalari orqa oynasining tusini, shuningdek, avtotransport vositalari old oynasining tepa qismi tusini 14 sm dan ko'p bo'lmagan polosa shaklida yorug'lik o'tkazuvchanligi cheklanmagan darajada o'zgartirish (qoraytirish) ruxsatnomasiz, tasdiqlangan davlat standarti asosida amalga oshiriladi."
question_778,90 km/soat tezlikda harakatlanayotgan transport vositasi 1 sekundda qancha masofani bosib o'tadi?,"{""25 m"",""15 m"",""35 m""}",0,https://postimg.cc/Dmfk0bYv,300,,"1 km = 1000 metr 1 soat = 60 min = 3600 sekund Keling, ushbu qiymatlarni almashtiramiz: 90 km/soat = 90*1000/ (1*3600) = 90000/3600 = 25 m/s."
question_779,Shatakka olingan avtomobilni avariya ishoralari nosoz bolganda transport vositasi qanday belgilanishi kerak?,"{""Shatakka olingan transport vositasi orqa tomoniga avariya sababli to'xtash belgisini o'rnatish"",""Orqa tumanga qarshi chiroqlarini yoqish"",""Gabarit chiroqlarini yoqish""}",0,https://postimg.cc/Dmfk0bYv,300,,YHQ 8-bobi 52-bandi: Shatakka olingan transport vositasida avariya yorug'lik ishoralari bo'lmasa yoki ular ishlamasa uning orqa tomoniga avariya sababli to'xtash belgisi o'rnatilishi kerak.
question_780,Korsatilgan qaysi joyda siz avtomobilni qoidaga binoan to'xtatishingiz mumkin?,"{""Hech qaysisida"",""Faqat «Б» va «В»"",""Faqat «A»"",""Faqat «Б»""}",3,https://lgacbbewpuzeyxijzfii.supabase.co/storage/v1/object/public/test-images/question-780.jpg,300,,"YHQ 13-bobi 88-bandi: Aholi punktlarida o'rtada tramvay yo'li bo'lmagan, har yo nalishda bittadan tasmasi bo lgan, shuningdek bir tomonlama harakat tashkil etilgan yo llarda yolning chap tomonida to xtash va to xtab turishga ruxsat etiladi. YHQ 13-bobi 91-bandi: Quyidagi joy va holatlarda to'xtash taqiqlanadi: piyodalar o'tish joylarida va ulardan oldin 10 metrdan kam masofa qolganda."
question_781,Yonlama oraliq masofani tanlashda tezlikning dahli bormi?,"{""Yonlama oraliq masofani tanlashni tezlikka aloqasi yo'q"",""Tezlik oshganda yonlama oraliq masofani oshirish kerak""}",1,https://postimg.cc/Dmfk0bYv,300,,"YHQ 10-bobi 73-bandi: Haydovchi o'zidan oldinda harakatlanayotgan transport vositasi keskin tormoz berganida to'qnashib ketmaslik kafolatini beradigan darajadagi oraliq masofani, shuningdek yol harakati xavfsizligini ta minlaydigan yonlama oraliq masofani saqlashi kerak."
question_782,Ushbu vaziyatda quvib otishdan song Siz orta bolakda qolishingiz mumkinmi?,"{""На"",""Yơq""}",1,https://lgacbbewpuzeyxijzfii.supabase.co/storage/v1/object/public/test-images/question-782.jpg,300,,"YHQ 10-bobi 66-bandi: Harakat ikki tomonlama bo'lgan va chiziqlar bilan belgilangan (1.9 chizig'i bilan belgilanganidan tashqari) uchta bolakli yollarda, ikki yo'nalishda harakatlanish uchun moljallangan o'rta bo lakka faqat quvib o'tish, aylanib o'tish, chapga burilish va qayrilib olish uchungina chiqishga ruxsat etiladi. Qarama-qarshi yo nalishda harakatlanish uchun mo'ljallangan chetki chap bo lakni egallash taqiqlanadi."
question_783,Cheklangan korinish sharoitida orgaga harakatlanishda harakat xavfsizligini ta'minlash uchun:,"{""Avariya (xavf-xatar) ishoralarini yoqish"",""Tovushli signal berish"",""Boshqa shaxslar yordamidan foydalanish""}",2,https://postimg.cc/Dmfk0bYv,300,,YHQ 9-bobi 63-bandi: Transport vositasini orqaga harakatlantirishda haydovchi yo l harakati xavfsizligini ta minlashi va boshqa yo'l harakati qatnashchilariga xalaqit bermasligi shart. Zarurat tug'ilganda haydovchi boshga shaxslarning yordamidan foydalanishi kerak.
question_784,Uzoq davom etadigan keng ravon yolda avtomobilni yuqori tezlikda boshqarganda haydovchiga tezlik qanday qabul qilinadi?,"{""Tezlikni qabul qilish o'zgarmaydi"",""Aslidagidan tez harakatlanayotganga o'xshaydi"",""Aslidagidan sekin harakatlanayotganga o'xshaydi""}",2,https://postimg.cc/Dmfk0bYv,300,,Aslidagidan sekin harakatlanayotganga o'xshaydi.
question_785,Piyodalar to'xtab turgan avtobus va trolleybusning qaysi tomonidan yo'lni kesib o'tishlari kerak?,"{""Istalgan tomonidan"",""Orqa tomonidan"",""Oldi tomonidan""}",1,https://postimg.cc/Dmfk0bYv,300,,"YHQ 4-bobi 19-bandi: Piyodalar to'xtab turgan avtobus va trolleybusning orqa tomonidan, tramvayning esa oldi tomonidan yolni kesib o'tishlari shart."
question_786,Nosoz transport vositasini shatakka olgan yengil avtomobil salonida odam tashishga ruxsat etiladimi?,"{""Ruxsat etiladi"",""Taqiqlanadi""}",0,https://postimg.cc/Dmfk0bYv,300,,"YHQ 24-bobi 143-bandi: Qattiq yoki egiluvchan ulagich yordamida shatakka olingan avtobusda, trolleybusda va yuk avtomobili yukxonasida odam tashish, qisman ortish yo'li bilan shatakka olishda esa shatakka olingan transport vositasining kabinasida va yukxonasida, shuningdek shatakka olgan transport vositasining yukxonasida odamlar bolishi taqiqlanadi."
question_787,Sizga kosatilgan joyda yengil avtomobilda to xtashga ruxsat etiladimi?,"{""Yơq"",""На""}",0,https://lgacbbewpuzeyxijzfii.supabase.co/storage/v1/object/public/test-images/question-787.jpg,300,,"YHQ 13-bobi 91-bandi: Quyidagi joy va holatlarda to'xtash taqiqlanadi: to'xtagan transport vositasi bilan sidirg'a chiziq (qatnov qismining chetini belgilovchi chiziqdan tashqari), ajratuvchi bo lak yoki qatnov qismining qarama-qarshi cheti orasidagi masofa 3 metrdan kam bo'lgan joylarda."
question_788,Ushbu holatda siz bajarishingiz lozim:,"{""Boshqa transport vositalari bolmasa to'xtamasdan o'tib ketish"",""Belgi oldida to'xtash"",""To'xtash chizig'i oldida to'xtash""}",2,https://lgacbbewpuzeyxijzfii.supabase.co/storage/v1/object/public/test-images/question-788.jpg,300,,"YHQ 1 ilova: «To'xtamasdan harakatlanish taqiqlangan». To'xtash chizig'i oldida, agar u bo'lmasa, kesib o'tiladigan qatnov qismining chetida to'xtamasdan harakatlanish taqiqlanadi. Haydovchi kesib o'tilayotgan yo'ldan, 7.13 qo'shimcha-axborot belgisi bo'lganda esa asosiy yo ldan harakatlanayotgan transport vositalariga yol berishi kerak."
question_789,Yolning qanday qismida harakatlanganda kuchli yonlama shamol xavfi ortadi?,"{""Yolning yopiq qismidan ochiq qismiga otganda"",""Yolning yopiq qismida harakatlanganda"",""Ochiq joyda harakatlanganda""}",0,https://postimg.cc/Dmfk0bYv,300,,Yo'lning yopiq qismidan ochiq qismiga o'tganda.
question_790,Kunning yorug' vaqtida aholi punktlaridan tashqarida quvib o'tilayotgan transport vositasi haydovchisining e'tiborini qanday jalb qilasiz?,"{""Faqat chiroqlarni yoqib-o'chirish bilan"",""Sanab o'tilgan barcha usul bilan va ularni birgalikda qollash bilan"",""Faqat tovush ishoralarini qollab""}",1,https://postimg.cc/Dmfk0bYv,300,,"YHQ 8-bobi 48-bandi: Tovushli ishoralar faqat quyidagi hollarda qo'llanilishi mumkin: aholi punktlaridan tashqarida boshqa haydovchilarni quvib o'tish haqida ogohlantirish uchun; zarur bo'lgan hollarda yol-transport hodisasining oldini olish uchun. Yuqorida ko'rsatilgan hollardan tashqari tovushli ishoralardan foydalanish taqiqlanadi. YHQ 8-bobi 49-bandi: Quvib o'tish haqida tovushli ishora o'rniga yoki ubilan birga fara chiroqlarini yoqib-o'chirib, ogohlantirish ishorasini ham berish mumkin."
question_791,To'xtab turish qoidasini kim buzdi?,"{""Faqat «Б»"",""Faqat «A»"",""«А» va «Б»""}",0,https://lgacbbewpuzeyxijzfii.supabase.co/storage/v1/object/public/test-images/question-791.jpg,300,,"YHQ 1-ilova: 7.6.1 - 7.6.9. «Transport vositasini to'xtab turish joyiga qo yish usuli». 7.6.1 barcha turdagi transport vositalarini to xtab turishi uchun yo Ining gatnov qismida, trotuar yoniga qo yish usulini, 7.6.2 - 7.6.9 trotuar yonidagi to'xtab turish joyiga yengil avtomobillar, mototsikllar, mopedlar va skuterlarni qo yish usulini bildiradi."
question_792,Tormoz tizimi ishlamaydigan avtomobilning vazni sizning avtomobilingizni yarim vaznidan og ir bolsa uni shatakka olishingizga ruxsat etiladimi,"{""Taqiqlanadi"",""Ruxsat etiladi"",""Faqat 30 km/soat tezlikda ruxsat etiladi""}",0,https://postimg.cc/Dmfk0bYv,300,,YHQ 24-bobi 145-bandi: Shatakka olish quyidagi holatlarda taqiqlanadi: tormoz tizimi ishlamayotgan transport vositasining haqiqiy vazni shatakka olgan transport vositasining haqiqiy vaznining yarmidan ortiq bo'lsa (haqiqiy vazni kam bo'lgan bunday transport vositasini faqat qattiq ulagich yordamida yoki qisman ortish usuli bilan shatakka olishga yo'l qo'yiladi).
question_793,"Yoqilg'i bilan ta'minlash tepkisini keskin tezlikni oshirish uchun bosayotganda, avtomobil sirpanishni boshlasa haydovchi qanday harakat qilishi kerak?","{""Tepkiga ta'sir etuvchi kuchni kamaytirish"",""Tepkini yana kuchliroq bosish"",""Tepkiga ta'sir etuvchi kuchni o'zgartirmaslik""}",0,https://postimg.cc/Dmfk0bYv,300,,Tepkiga ta'sir etuvchi kuchni kamaytirish.
question_794,Yengil avtomobilda qaysi yonalishda harakatlanishga ruxsat etiladi?,"{""Faqat to'g'riga"",""Faqat ongga va chapga"",""Istalgan yonalishda""}",2,https://lgacbbewpuzeyxijzfii.supabase.co/storage/v1/object/public/test-images/question-794.jpg,300,,"YHQ 1 ilova: 4.1.1. «Harakatlanish to'g'riga». 7.4.1 belgi bilan o'rnatilgan yo'l belgisining ta'siri yuk tashuvchi, shu jumladan, tirkamali, to la vazni 3,5 tonnadan ortiq bo lgan transport vositalariga tatbiq etiladi."
question_795,Qaysi yo'l belgilari qayrilib olishga ruxsat beradi?,"{""Faqat «Б» va «Г»"",""Faqat «A», «Б» va «В»"",""Faqat «Б»"",""Barchasi""}",3,https://lgacbbewpuzeyxijzfii.supabase.co/storage/v1/object/public/test-images/question-795.jpg,300,,"YHQ 1-ilova: A va 5 belgilari 5.7.1, 5.7.2. «Bir tomonlama harakatli yo'lga chiqish», Harakatlanish bir tomonlama bo'lgan yo lga yoki qatnov qismiga chiqishni bildiradi. B va Г belgilari 5.10.2, 5.10.3. «Yo'nalishli transport vositalari uchun bo lagi bor yo lga chiqish» ni bildiradi. Bunday belgilar chorraxalarda qayrilib olishni taqiqlamaydi."
question_796,Yonalishli transport vositasi bekatidan tashqarida yol chetidan qo'zg'alayotgan yonalishli transport vositasiga yo'l berishingiz kerakmi?,"{""На"",""Yoq""}",1,https://lgacbbewpuzeyxijzfii.supabase.co/storage/v1/object/public/test-images/question-796.jpg,300,,"YHQ 9-bobi 53-bandi: Haydovchi harakatlanishni boshlash, manyovr qilish (qayta tizilish, burilish, qayrilib olish, quvib o'tish va aylanib o'tish) va to'xtashdan oldin bajarilayotgan manyovr boshqa yo'l harakati ishtirokchilarini harakatlanishiga xavf tug'dirmasligi kerak."
question_797,Quruq ob-havo sharoitida asfalt - beton qoplamali yolda harakatlanayotgan haydovchi yomg'ir tomchilab qolganda nima qilishi kerak?,"{""Tezlikni o'zgartirmasdan harakatni davom etttirishi"",""Yomg'ir tezlashib ketmasdan tezroq harakat qilishi"",""Tezlikni kamaytirishi va ehtiyot bolishi kerak""}",2,https://postimg.cc/Dmfk0bYv,300,,"Yomg'ir tomchilab boshlanganda tezlikni kamaytirishi va extiyotkorlik choralarini kurishi shart, chunki yo'ldagi chang va moy va rezina qoldiqlari va boshqalar yo lda sirpanchiq qatlam xosil qilib, ishqalanish koefitsentini kamaytirib yuboradi."
question_798,Aholi punktlariga tegishli yol harakati qoidalari qayerdan boshlanadi?,"{""Aholi punkti nomini korsatuvchi oq rangli 5.22 yo'l belgisidan boshlab"",""Aholi punkti nomini korsatuvchi oq rangli 5.22 yoki 5.24 havorang rangli yol belgidan boshlab"",""Yol yuzidagi qurilma va inshootlardan boshlab""}",0,https://postimg.cc/Dmfk0bYv,300,,YHQ 1 ilova: 5.22. «Aholi punktining boshlanishi». Ushbu Qoidalarning aholi punktlarida harakatlanish tartibini belgilovchi talablariga amal qilinadigan joylarning nomi hamda uning b hl i hi i bildi di
question_799,Ushbu yol belgisi ta'sir oralig ida sizga odam tushirish (chiqarish)ga yoki yuk ortish (tushirish)ga ruxsat etiladimi?,"{""На"",""Yoq""}",0,https://lgacbbewpuzeyxijzfii.supabase.co/storage/v1/object/public/test-images/question-799.jpg,300,,"YHQ 1 ilova: 3.28. «To'xtab turish taqiqlangan». Transport vositalarining to'xtab turishi taqiqlanishini bildiradi. To'xtab turish - transport vositasiga yo lovchilarni chiqarish yoki tushirish, yuk ortish yoki tushirish bilan bogliq bo lmagan hollarda harakatini 10 daqiqadan ko'proq vaqtga atayin to xtatish."
question_800,Burilish korsatkichi bilan berilayotgan ogohlantiruvchi ishora qachon to'xtatilishi kerak?,"{""Manyovr bajargandan song darhol"",""Manyovr bajarayotganda"",""Manyovr bajarishdan oldin""}",0,https://postimg.cc/Dmfk0bYv,300,,"YHQ 8-bobi 46-bandi: Burilish ko'rsatgichi yoki qo'1 bilan berilayotgan ishora manyovrni bajarishdan oldinroq berilishi va uni tugallagach, darhol to'xtatilishi kerak (qo'l bilan berilayotgan ishorani manyovrni bevosita bajarishdan oldin tugallash mumkin). Ishoralar boshqa yol harakati gatnashchilarini chalg itmasligi kerak."
question_801,Harakatlanishga ruxsat berilgan:,"{""Qizil va sariq avtomobilga"",""Qizil, sariq va yashil avtomobilga"",""Qizil, ko'k, yashil va sariq avtomobilga""}",0,https://lgacbbewpuzeyxijzfii.supabase.co/storage/v1/object/public/test-images/question-801.jpg,300,,"YHQ 7-bobi 38-bandi: Tartibga soluvchining ishoralari quyidagi ma'noni bildiradi: qo'llari yon tomonga uzatilganda yoki tushirilganda: chap va o'ng yon tomonidan tramvayga to'g'riga, relssiz transport vositalariga to'g'riga va o'ngga harakatlanishga, piyodalarga qatnov qismini kesib o'tishga ruxsat beriladi; old va orqa tomonidan barcha transport vositalari va piyodalarning harakatlanishi taqiqlanadi; o'ng qo'li oldinga uzatilganda: chap yonidan tramvayga chapga, relssiz transport vositalariga barcha yo'nalishlarda; oldi tomonidan barcha transport vositalariga faqat o'ngga harakatlanishga ruxsat beriladi; orqa tomonidan va o'ng yonidan barcha transport vositalarining harakatlanishi taqiqlanadi; piyodalarga tartibga soluvchining orqa tomonidan qatnov qismini kesib o'tishga ruxsat etiladi; qo lini yuqoriga ko'targanda: ushbu Qoidalarning 42-bandida ko'rsatilganidan boshqa hollarda transport vositalari va piyodalarning barcha yo'nalishlarda harakatlanishi taqiqlanadi; tartibga soluvchi haydovchi va piyodalarga tushunarli bo'lgan boshqa ishoralarni ham berishi mumkin. Ishoralar yaxshi ko'rinishi uchun tartibga soluvchi jezl yoki yorug lik qaytaradigan qizil rangli moslamalarni qo'llashi mumkin."
question_802,Ushbu belgi ...,"{""Oldinda transport vositalarining tirbandligi haqida ogohlantiradi"",""Oldinda transport vositalari orasida xavsfsiz oraliqni ta'minlash haqida ogohlantiradi"",""Oldinda harakatlanish serqatnovligi haqida ogohlantiradi""}",0,https://lgacbbewpuzeyxijzfii.supabase.co/storage/v1/object/public/test-images/question-802.jpg,300,,"YHQ 1 32 ""Tirbandlik"" belgisi"
question_803,Quyidagi belgilardan qaysi biri haydovchini boshqa xavf-xatarlar to'g'risida ogohlantiradi?,"{""Faqat «Б»"",""Faqat «A»"",""Faqat «B»""}",2,https://lgacbbewpuzeyxijzfii.supabase.co/storage/v1/object/public/test-images/question-803.jpg,300,,"YHQ, 1.30. ""Boshqa xavf-xatarlar""."
question_804,Svetoforning qizil yoki sariq ishorasi bilan bir vaqtda yongan qo'shimcha tarmoqning yo'naltirgichli yashil ishorasi yo'nalishida harakatlanayotgan transport vositasining haydovchisi kimga yo'l berishi kerak?,"{""Qarama-qarshi yo'nalishda to'g'riga yoki ongga harakatlanayotgan transport vositalariga"",""O'ngdan kelayotgan transport vositalariga"",""Boshqa yonalishlarda harakatlanayotgan transport vositalariga yol berishi kerak""}",2,https://postimg.cc/Dmfk0bYv,300,,YHQ 15-bobi 100-bandi: Svetoforning qizil yoki sariq ishorasi bilan bir vaqtda yongan qo'shimcha tarmoqning yo naltirgichli yashil ishorasi yo nalishida harakatlanayotgan transport vositasining haydovchisi boshqa yo'nalishlarda harakatlanayotgan transport vositalariga yo'l berishi kerak.
question_805,Yol-transport hodisasi - bu ...,"{""Yol harakati qatnashchilarining yol-transport hodisalari va ularning oqibatlaridan himoyalanganlik darajasini aks ettiruvchi yol harakati holati"",""Transport vositasining yolda harakatlanishi jarayonida roy bergan, fuqarolarning halok bolishiga yoki sogligiga zarar yetishiga, transport vositalari, inshootlar, yuklarning shikastlanishi yoxud boshqa moddiy zarar yetishiga sabab bolgan hodisa""}",1,https://postimg.cc/Dmfk0bYv,300,,"YHQ umumiy qoidalar 6 band: Yo'l-transport hodisasi - transport vositasining yolda harakatlanishi jarayonida ro'y bergan, fuqarolarning halok bo' lishiga yoki sog'lig'iga zarar yetishiga, transport vositalari, inshootlar, yuklarning shikastlanishi yoxud boshqa moddiy zarar yetishiga sabab bo lgan hodisa."
question_806,Avtomobilni qanday boshqarish usuli yonilg'i sarfini tejaydi?,"{""Ohista (ravon) tezlanish va shiddat bilan sekinlashish bilan"",""Shiddat bilan tezlanish va ohista (ravon) sekinlashish bilan"",""Ohista (ravon) tezlanish va ohista (ravon) sekinlashish bilan""}",2,https://postimg.cc/Dmfk0bYv,300,,Avtomobilning tezligini ravon orttirish va uni ohista ravon tormozlash yoqilg'i sarfini tejaydi.
question_807,Piyodalar o'tish joyi - bu ...,"{""Yol qatnov qismining piyodalar kesib o'tishi uchun moljallangan, 5.16.1, 5.16.2 yo'l belgilari va 1.14.1-1.14.3 yol chiziqlari bilan ajratilgan bolagi"",""Yolning piyodalar harakatlanishi uchun moljallangan va transport vositalari harakati taqiqlangan qismi"",""Qatnov qismiga tutashgan yoki undan maysazor, ariq, maxsus to'siqlar bilan ajratilgan va piyodalarning harakatlanishi uchun moljallangan yol qismi""}",0,https://postimg.cc/Dmfk0bYv,300,,"YHQ umumiy qoidalar 6 band: Piyodalar o tish joyi - yo'l qatnov qismining piyodalar kesib o'tishi uchun mo'ljallangan, 5.16.1, 5.16.2 yo'l belgilari va 1.14.1 - 1.14.3 yo'l chiziqlari bilan ajratilgan bo lagi. Yo'l chiziqlari bo'lmasa, piyodalar o'tish joyining kengligi 5.16.1 va 5.16.2 yo'l belgilari orasidagi masofa bilan aniqlanadi."
question_808,Moped haydovchilariga ruxsat beriladi:,"{""Faqat yol yoqasidan harakatlanishga, agar piyodalarga halaqit bermasa"",""Faqat yolning chetki ong bolagi tomonidan bir qator bolib harakatlanishga"",""Barcha sanab otilgan hollarda""}",2,https://postimg.cc/Dmfk0bYv,300,,"YHQ 28-bobi 166-bandi: Velosipedlar, individual harakatlanish vositalari, mopedlar, aravalar, miniladigan yoki yuk ortiladigan hayvonlarning yo'lning chetki o'ng bo lagida imkoni boricha ong tomonidan bir qator bo lib harakatlanishiga yol qo'yiladi. Agar piyodalarga xalaqit bermasa, yo'l yoqasidan harakatlanishga ham ruxsat etiladi."
question_809,Ushbu yotiq chiziq nimani bildiradi?,"{""Sun'iy yol notekisligini"",""Velosiped yolkasini"",""Yo'nalishli taksilar to'xtaydigan joyni""}",0,https://lgacbbewpuzeyxijzfii.supabase.co/storage/v1/object/public/test-images/question-809.jpg,300,,"YHQ, 1.29 yotiq chiziq «Sun'iy yo'l notekisligi»."
question_810,Siz chorrahada chapga burilishda qaysi transport vositasia yol berishingiz kerak?,"{""Hech kimga"",""Yengil avtomobilga"",""Avtobusga""}",0,https://lgacbbewpuzeyxijzfii.supabase.co/storage/v1/object/public/test-images/question-810.jpg,300,,"YHQ 16-bobi 107-bandi: Chapga burilishda yoki qayrilib olishda rel'ssiz transport vositasining haydovchisi teng ahamiyatli yo ldan qarama-qarshi yo'nalishdan to'g'riga yoki o'ngga harakatlanayotgan, shuningdek ruxsat etilgan hollarda quvib o'tayotgan transport vositalariga yo'l berishi shart. Bu qoidaga tramvay haydovchilari ham o'zaro amal qilishlari kerak."
question_811,Bosh miya jarohatlanishining asosiy alomatlari:,"{""Hushdan ketish bir necha soniyadan bir necha soatgacha bolishi mumkin"",""Qayt gilish bir-ikki marta, og ir holatlarda ko'proq bo'lishi mumkin"",""Amneziya - xotiraning yo'qolishi sodir bolgan jarohatlanish bilan bog'liq va hayotidagi ba'zi voqealar xotirasidan o'chadi"",""Yuqoridagi barcha holatlar""}",3,https://postimg.cc/Dmfk0bYv,300,,Yuqoridagi barcha holatlar.
question_812,"G'ildiraklarni yol bilan ilashishi yoqolganda (kuchli yomg'ir, sel yoki suv toshgan yo'l qismlari) haydovchi:","{""Dvigatel bilan tormozlash orqali tezlikni kamaytirishi lozim"",""Tezlikni oshirishi lozim"",""Tormoz tepkisini keskin bosish bilan tezlikni kamaytirishi lozim""}",0,https://postimg.cc/Dmfk0bYv,300,,"Suvda sirpanish kuchli yomg'ir, sel yoki suv toshgan yo'l qismlarida sodir bo ladi bu holda harakat xavfsizligini ta'minlash maqsadida avtomobilni dvigatel bilan tormozlash yaxshi samara beradi. Bahorgi, kuzgi yomg irlar va suv toshgan yo Ining pastqam gismlarida harakatlanishda yuqoridagi usulda tomozlash tavsiya etiladi."
question_813,Ushbu korsatilgan yollar nechta qatnov qismiga ega?,"{""Chapda bittadan, o'ngda ikkitadan"",""Bittadan"",""Torttadan""}",0,https://lgacbbewpuzeyxijzfii.supabase.co/storage/v1/object/public/test-images/question-813.jpg,300,,"YHQ 1-ilova Umumiy qoidalar: Ajratuvchi mintaqa - yo'lning yonma-yon joylashgan qatnov qismlarini ajratuvchi, transport vositalari harakatlanishi yoki to'xtashi uchun mo ljallanmagan, yol sathidan ko tarilgan yoki maysazor, ariq, maxsus to'siqlar bilan ajratilgan baland qismi."
question_814,Yolning qiyaliklarida qisqa muddatga to'xtagan mexanik uzatmali avtomobilni joyidan tosatdan harakatlanib ketishini oldini olish uchun:,"{""Uzatmalar qutisi richagini neytral holatga o'tkazish lozim"",""Birinchi uzatmani yoki orqauzatmani ulash lozim"",""To'xtab turish tormozidan foydalanish lozim""}",2,https://postimg.cc/Dmfk0bYv,300,,Yo'Ining qiyalik qismlarida to xtaganda mexanik uzatmali avtomobillarda to'xtab turish tormozi bilan ushlab turish maqsadga muvofiq.
question_815,Toxtab turish tormoz tizimi N toifadagi avtotransport vositalarini aslahalangan holatda qanday qiyalikda harakatsiz holatda ushlab tura olmasa foydalanish taqiqlanadi?,"{""20 foizdam kam bolgan"",""31 foizdam kam bolgan"",""25 foizdam kam bolgan"",""16 foizdam kam bolgan""}",1,https://postimg.cc/Dmfk0bYv,300,,"YHQ, 3-ilova, Tormoz tizimlari: 1.6. To'xtab turish tormoz tizimi transport vositalarini quyidagi joylarda harakatsiz holatda ushlab tura olmasa: to'la aslahalangan holatda transport vositalarini 16 foizdan kam bo'lmagan qiyalikda; M toifa uchun 25 foiz, N toifa uchun 31 foiz."
question_816,Qaysi belgi yolning tor qismlarida ro paradan kelayotgan transport vositasiga yol berish lozimligini bildiradi?,"{""«Б» va «В»"",""«Г»"",""«А» va «Г»"",""«Б»"",""«А»""}",4,https://lgacbbewpuzeyxijzfii.supabase.co/storage/v1/object/public/test-images/question-816.jpg,300,,"YHQ, 2.6. «Ro'para harakatlanishning ustunligi»."
question_817,Korsatilgan yol belgilaridan qaysi biri taqiqlovchi belgilar ilgari kiritgan barcha cheklovlarni bekor qiladi?,"{""«B» va «Г»"",""«А» va «Б»"",""Faqat «B»"",""Barchasi""}",2,https://lgacbbewpuzeyxijzfii.supabase.co/storage/v1/object/public/test-images/question-817.jpg,300,,"YHQ 1-ilova: 3.31. «Barcha cheklovlarning oxiri». 3.16, 3.20, 3.22, 3.24, 3.26 - 3.30 belgilaridan bir nechtasiga bir vaqtda amal qiladigan oraliqlarning oxirini bildiradi."
question_818,Piyodalar yolkasi - bu ...,"{""Qatnov qismiga tutashgan yoki undan maysazor, ariq, maxsus to'siqlar bilan ajratilgan va piyodalarning harakatlanishi uchun moljallangan yol qismi"",""Yolning piyodalar harakatlanishi uchun moljallangan va transport vositalari harakati taqiqlangan qismi"",""Yol qatnov qismining piyodalar kesib otishi uchun moljallangan, 5.16.1, 5.16.2 yo'l belgilari va 1.14.1-1.14.3 yol chiziqlari bilan ajratilgan bolagi""}",1,https://postimg.cc/Dmfk0bYv,300,,YHQ umumiy qoidalar 6 band: Piyodalar yo lkasi - yo'Ining piyodalar harakatlanishi uchun moljallangan va transport vositalari harakati taqiqlangan qismi
question_819,Ushbu belgilardan qaysi biri haydovchining shu joydagi yashash yoki ishlash joyiga yetib borshiga monelik qilmaydi?,"{""«А»"",""«С»"",""«B» va «C»"",""«В»""}",1,https://lgacbbewpuzeyxijzfii.supabase.co/storage/v1/object/public/test-images/question-819.jpg,300,,YHQ 1-ilova 3.2. «Harakatlanish taqiqlangan».
question_820,Qaysi rasmda ajratuvchi mintaqasi bor bolgan yol ko'rsatilgan?,"{""Chap tarafdagisida"",""Har ikkisida"",""O'ng tarafdagisida""}",2,https://lgacbbewpuzeyxijzfii.supabase.co/storage/v1/object/public/test-images/question-820.jpg,300,,"YHQ 1-ilova Umumiy qoidalar: Ajratuvchi mintaqa - yoIning yonma-yon joylashgan qatnov qismlarini ajratuvchi, transport vositalari harakatlanishi yoki to xtashi uchun mo ljallanmagan, yol sathidan ko tarilgan yoki maysazor, ariq, maxsus to'siqlar bilan ajratilgan baland gismi."
question_821,"Agar haydovchi keskin tormoz bermasdan harakatni to'xtata olmasa, svetoforning yashil ishorasidan keyin yongan sariq ishorasida harakatni davom ettirishga ruxsat beriladimi?","{""Taqiqlanadi"",""Ruxsat etiladi""}",1,https://postimg.cc/Dmfk0bYv,300,,"YHQ 7-bobi 42-bandi: Sariq ishora yonganda yoki tartibga soluvchining qo'li yuqoriga ko tarilganida, ushbu Qoidalarning 41-bandida nazarda tutilgan joylarda, keskin tormoz bermasdan to'xtashga ulgura olmaydigan transport vositalarining haydovchilariga harakatni davom ettirishga ruxsat etiladi."
question_822,Ushbu chorrahada kim yol beradi?,"{""Mototsikl va sariq avtomobil"",""Ko'k avtomobil""}",1,https://lgacbbewpuzeyxijzfii.supabase.co/storage/v1/object/public/test-images/question-822.jpg,300,,YHQ 14-bobi 98-bandi: Aylanma harakatlanish chorrahasida harakatlanayotgan transport vositalari aylanaga kirib kelayotgan transport vositalariga nisbatan ustunlikka (imtiyozga) ega.
question_823,Qaysi belgi velosiped yolkasini korsatadi?,"{""«С»"",""«А»"",""«В»""}",0,https://lgacbbewpuzeyxijzfii.supabase.co/storage/v1/object/public/test-images/question-823.jpg,300,,"YHQ, 1-ilova: 4.5. «Velosiped yo lkasi». Faqat velosiped va individual harakatlanish vositalarida harakatlanishga ruxsat etilishini bildiradi. Trotuar yoki piyodalar yo'lkasi bo'lmasa, velosiped yo lkasidan piyodalar ham yurishlari mumkin."
question_824,Ushbu belgi qaysi turdagi transport vositalarini to'xtamasdan o'tishlarini taqiqlaydi?,"{""Yuk avtomobillarini"",""Yengil avtomobillarini"",""Barcha turdagi transport vositalarini""}",2,https://lgacbbewpuzeyxijzfii.supabase.co/storage/v1/object/public/test-images/question-824.jpg,300,,"YHQ, 1-ilova: 3.17.1. «Bojxona». Bojxona (nazorat punkti) oldida to'xtamasdan o'tib ketish taqiqlanadi."
question_825,Shoking belgilari:,"{""Kuchli ter ajralishi"",""Og'iz qurishi, chanqoqlik, nafas olishning tezlashuvi"",""Teri va shilliq qavatining oqarishi"",""Yuqoridagi barcha holatlar""}",3,https://postimg.cc/Dmfk0bYv,300,,Yuqoridagi barcha holatlar.
question_826,Qaysi belgi «Xavfli yuk tashiyotgan transport vositalarining harakati taqiqlangan» deb nomlanadi?,"{""«С»"",""«А»"",""«В»""}",0,https://lgacbbewpuzeyxijzfii.supabase.co/storage/v1/object/public/test-images/question-826.jpg,300,,"YHQ, 1-Ilova: 3.32. «Xavfli yuk tashiyotgan transport vositasining xarakati takiklangan»."
question_827,Xavfsiz oraliq masofani korsating,"{""«Б»"",""«В»"",""«A» va «В»""}",0,https://lgacbbewpuzeyxijzfii.supabase.co/storage/v1/object/public/test-images/question-827.jpg,300,,"YHQ 10-bobi 73-bandi: Haydovchi o'zidan oldinda harakatlanayotgan transport vositasi keskin tormoz berganida to'qnashib ketmaslik kafolatini beradigan darajadagi oraliq masofani, shuningdek yol harakati xavfsizligini ta'minlaydigan yonlama oraliq masofani saqlashi kerak."
question_828,Quvib o'tishga taaluqli belgilarni korsating?,"{""«B» va «C»"",""«A» va «В»"",""«А» va «C»""}",2,https://lgacbbewpuzeyxijzfii.supabase.co/storage/v1/object/public/test-images/question-828.jpg,300,,"YHQ, 1-ilova: 3.20. «Quvib o'tish taqiqlangan». 3.22. «Yuk avtomobillarida quvib o'tish taqiqlangan»"
question_829,Chorraha - bu ..,"{""Yollarning o'zaro bir sathda kesishadigan, tutashadigan va ayriladigan joyi"",""Bevosita yolga tutashgan va transport vositalari o'tib ketishi uchun moljallanmagan hudud (hovlilar, turar joy dahalari, avtomobil to'xtab turish joylari, yonilgi quyish shoxobchalari, korxona va shunga oxshashlar)"",""Yolning relssiz transport vositalari harakati uchun moljallangan qismi""}",0,https://postimg.cc/Dmfk0bYv,300,,"YHQ 1-ilova Umumiy qoidalar: Chorraha - yo'llarning o'zaro bir sathda kesishadigan, tutashadigan va ayriladigan joyi."
question_830,"Avtomobillarning bir qator bolib harakatlanishi uchun yetarlicha keng bolgan, yol chiziqlari bilan belgilangan yoki belgilanmagan yol qatnov qismining har qanday bo'ylama bo'lagi nima deb ataladi?","{""Qatnov qismi"",""Yo'l yoqasi"",""Harakatlanish tasmasi"",""Yondosh hudud""}",2,https://postimg.cc/Dmfk0bYv,300,,"YHQ 1-ilova Umumiy qoidalar: Harakatlanish bolagi - avtomobillarning bir qator bo'lib harakatlanishi uchun yetarlicha keng bo'lgan, yo'l chiziqlari bilan belgilangan yoki belgilanmagan yol qatnov qismining har qanday bo'ylama bo'lagi."
question_831,Qaysi belgilar yuk avtomobillarida quvib o'tishning taqiqlangan hududning oxirini bildiradi?,"{""Faqat «A»"",""Faqat «A», «Б»"",""«А», «Б» va «В»"",""Faqat «Б»""}",2,https://lgacbbewpuzeyxijzfii.supabase.co/storage/v1/object/public/test-images/question-831.jpg,300,,"YHQ, 3.21. «Quvib o'tish taqiqlangan hududning oxiri». 3.23. «Yuk avtomobillarida quvib o tish taqiqlangan hududning oxiri» .3.21. «Barcha cheklovlarning oxiri». 3.16, 3.20, 3.22, 3.24, 3.26 - 3.30 belgilaridan bir nechtasiga bir vaqtda amal qiladigan oraliqlarning oxirini bildiradi."
question_832,Ushbu holatda qaysi transport vositasi yo'l berishi kerak?,"{""Avtobus"",""Yengil avtomobil""}",0,https://lgacbbewpuzeyxijzfii.supabase.co/storage/v1/object/public/test-images/question-832.jpg,300,,"YHQ 9-bobi 53-bandi: Haydovchi harakatlanishni boshlash, manyovr qilish (qayta tizilish, burilish, qayrilib olish, quvib o'tish va aylanib o'tish) va to'xtashdan oldin bajarilayotgan manyovr boshqa yo'l harakati ishtirokchilarini harakatlanishiga xavf tug'dirmasligi kerak."
question_833,Svetoforning miltillovchi sariq ishorasi nima haqida ogohlantiradi?,"{""Chorraha tartibga solinmaganligi to'g'risida"",""Harakatlanishga ruxsat beradi"",""Barcha javoblar to'g'ri""}",2,https://postimg.cc/Dmfk0bYv,300,,"YHQ 7-bobi 31-bandi: miltillovchi sariq ishora harakatlanishga ruxsat beradi va tartibga solinmagan chorraha yoki piyodalar o'tish joyi borligidan xabardor qiladi, xavf-xatar haqida ogohlantiradi."
question_834,Bosh miya jarohatlanishining quyidagi alomatlar bilan xarakterlanadi:,"{""Hushdan ketish bir necha soniyadan bir necha soatgacha bolishi mumkin"",""Amneziya - xotiraning yo'qolishi sodir bolgan jarohatlanish bilan bogliq va hayotidagi ba'zi voqealar xotirasidan o'chadi"",""Qayt qilish bir-ikki marta, og'ir holatlarda ko'proq bolishi mumkin"",""Yuqoridagi barcha holatlar""}",3,https://postimg.cc/Dmfk0bYv,300,,Yuqoridagi barcha holatlar.
question_835,Yol harakati xavfsizligini ta'minlash -,"{""Yollarda harakatni boshqarish bo'yicha huquqiy, tashkiliy-texnikaviy tadbirlar va boshqaruv harakatlari majmui"",""Yol-transport hodisalarining kelib chiqish sabablarini oldini olishga, ularning og'ir oqibatlarini kamaytirishga qaratilgan faoliyat""}",1,https://postimg.cc/Dmfk0bYv,300,,"YHQ 1-ilova Umumiy qoidalar: Yol harakati xavfsizligini ta'minlash - yo'l-transport hodisalarining kelib chiqish sabablarini oldini olishga, ularning og'ir oqibatlarini kamaytirishga qaratilgan faoliyat."
question_836,Trasport vositalarini qatnov qismining kengaytirilmagan joylarida qanday tartibda to'xtash va to'xtab turishiga ruxsat etiladi?,"{""Burchak ostida"",""Parallel ravishda"",""Istalgan usulda""}",1,https://postimg.cc/Dmfk0bYv,300,,"YHQ 13-bobi 89-bandi: Transport vositalarini yo'lning qatnov qismida bir qator qilib, qatnov qismi chetiga parallel ravishda kajavasi bo'lmagan ikki g'ildirakli transport vositalarini ikki qator qilib qo yishga ruxsat etiladi."
question_837,Chorrahadan tashqaridagi tartibga solinmagan velosiped yolkasi bilan yol kesishmasida kim yol berishi kerak?,"{""Velosiped yolkasidan harakatlanayotgan velosiped va moped haydovchilari"",""Transport vositalari haydovchilari""}",0,https://postimg.cc/Dmfk0bYv,300,,YHQ 28-bobi 169-bandi: Chorrahadan tashqaridagi tartibga solinmagan velosiped yo lkasi bilan yol kesishmasida velosiped va individual harakatlanish vositalari yo lda harakatlanayotgan boshqa transport vositalariga yol berishlari kerak.
question_838,Tik nishabliklarda dvigatel bilan tormozlashda qiyalikka nisbatan qanday uzatma tanlanadi?,"{""Nishablik qancha qiya bolsa uzatma pog'onasi shuncha past tanlanadi"",""Nishablik qancha qiya bolsa uzatma pog'onasi shuncha yuqori tanlanadi"",""Pogona tanlshning nishablikka aloqasi yoq""}",0,https://postimg.cc/Dmfk0bYv,300,,"Bunday samarali tormozlash usulini mexanik uzatmali avtomobillarda haydovchi tik nishabliklarda qo'llashi mumkin, yoki avtomatlashtirilgan uzatmada qol bilan boshqarish tizimiga o'tish maqsadga muvofiqdir."
question_839,"Qaysi belgi to tash chizigi oldida, u bolmaganda, kesib o tiladigan qatnov gismining chetida to'xtamasdan harakatlanishni taqiqlaydi?","{""«Б»"",""«Г»"",""«А»"",""«Б» va «В»"",""«А» va «Г»""}",0,https://lgacbbewpuzeyxijzfii.supabase.co/storage/v1/object/public/test-images/question-839.jpg,300,,YHQ 2.5. «To'xtamasdan harakatlanish taqiqlangan» belgisi.
question_840,Hayvonlarni yolda haydab borishga qoidaga ko'ra ruxsat etiladimi?,"{""Kunning yorug' vaqtida"",""Kunning qorong'i vaqtida"",""Istalgan vaqtida""}",0,https://postimg.cc/Dmfk0bYv,300,,"YHQ 28-bobi 171-bandi: Hayvonlar yolda, asosan kunning yorug' vaqtida haydab borilishi kerak. Podachilar hayvonlarni mumkin qadar yolning o'ng chetida olib yurishlari kerak."
question_841,"Quyidagi izoh qaysi atamaga tegishli? Texnik nuqson, tashilayotgan yuk, haydovchi va yolovchining holati, yoldagi biror to'siq tufayli xavf yuzaga kelganda yoxud ob-havo sharoitiga bogliq holda transport vositasi harakatini to'xtatish.","{""Yol harakati xavfsizligini ta'minlash"",""Yol transport hodisasi"",""Majburiy to'xtash""}",2,https://postimg.cc/Dmfk0bYv,300,,"YHQ 1-ilova Umumiy qoidalar: majburiy to'xtash - texnik nuqson, tashilayotgan yuk, haydovchi va yo lovchining holati, yoldagi biror to'siq tufayli xavf yuzaga kelganda yoxud ob-havo sharoitiga bog'liq holda transport vositasi harakatini to'xtatish. Haydovchining ushbu xatti-harakati oxirgi zarur chora bo lib, qoidabuzarlik deb e'tirof etilmaydi."
question_842,Avtomobilni qanday boshqarish usuli yonilg'i sarfini tejaydi?,"{""Ohista (ravon) tezlanish va shiddat bilan sekinlashish bilan"",""Shiddat bilan tezlanish va ohista sekinlashish bilan"",""Ohista (ravon) tezlanish va ohista sekinlashish bilan""}",2,https://postimg.cc/Dmfk0bYv,300,,Avtomobilning tezligini ravon orttirish va uni ohista ravon tormozlash yoqilg'i sarfini tejaydi.
question_843,Korsatilgan qaysi belgi yolning o'ta sirpanchiq bolgan qismini bildiradi?,"{""Faqat «A»"",""«А» va «Б»"",""Faqat «B»""}",2,https://lgacbbewpuzeyxijzfii.supabase.co/storage/v1/object/public/test-images/question-843.jpg,300,,"YHQ, 1.15. «Sirpanchiq yol». Yolning o ta sirpanchiq bo'lgan qismini bildiradi."
question_844,Qaysi belgi falokatli holatlar uchun kirish yo lini bildiradi?,"{""«А» ва «Д»"",""«В»"",""«С»""}",0,https://lgacbbewpuzeyxijzfii.supabase.co/storage/v1/object/public/test-images/question-844.jpg,300,,"YHQ, 5.40. «Falokatli holatlar uchun kirish yo li» belgisi."
question_845,Qaysi belgi svetoforining (tartibga soluvchining) taqiqlovchi ishorasida transport vositalari to'xtaydigan joyni bildiradi?,"{""«В»"",""«Б»"",""«А»"",""«Г»""}",0,https://lgacbbewpuzeyxijzfii.supabase.co/storage/v1/object/public/test-images/question-845.jpg,300,,"YHQ, 5.33. «To'xtash chizigi» belgisi."
question_846,"Chap qo'lni yonga cho'zish yoki o'ng qo'lni tirsakdan to'g'ri burchak ostida bukib, yuqoriga ko'tarish ishorasi nimani bildiradi?","{""Chapga burilishni yoki qayrilib olishni"",""O'ngga burilishni yoki qayrilib olishni"",""To'xtashni""}",0,https://postimg.cc/Dmfk0bYv,300,,"YHQ 8-bobi 45-bandi: Haydovchi harakatlanishni boshlashdan, qayta tizilishdan, burilish (qayrilib olish) dan va to'xtashdan oldin tegishli yo'nalishni ko'rsatuvchi yorug'lik ishoralarini yoqishi, ular bo'lmaganda yoki ishlamaganda qo'l bilan ishoralar berishi shart. Chapga burilish (qayrilib olish)ni bildiruvchi ishoraga chap qo'lni yonga uzatish yoki o'ng qo'lni tirsakdan to'g'ri burchak ostida bukib, yuqoriga ko'tarish mos keladi. ongga burilish (qayrilib olish)ni bildiruvchi ishoraga ong qo'lni yonga uzatish yoki chap qo'lni tirsakdan to'g'ri burchak ostida bukib, yuqoriga ko tarish mos keladi. To'xtash ishorasi chap yoki ong qo Ini yuqoriga ko tarib beriladi."
question_847,Arterial qon ketish alomatlarini korsating:,"{""Qon tomirlaridan pushti rangli qon kuchli pulsatsiya bilan otilib chiqadi"",""Mayda qon tomirlaridan ichki a'zolarga qonning oqib chiqishi kuzatiladi"",""Qon tomirlaridan to'q qizil rangdagi qon sizib oqib chiqadi""}",0,https://postimg.cc/Dmfk0bYv,300,,Qon tomirlaridan pushti rangli qon kuchli pulsatsiya bilan otilib chiqadi.
question_848,Ushbu holatda qaysi transport vositasi yo'l berishi kerak?,"{""Yengil avtomobil"",""Yuk avtomobili""}",1,https://lgacbbewpuzeyxijzfii.supabase.co/storage/v1/object/public/test-images/question-848.jpg,300,,"YHQ 10-bobi 75-bandi: Agar biror to'siq sababli garama-qarshi yo nalishlarda harakatlanish qiyin bo'lsa, to'siq o'z tomonida bo'lgan haydovchi yo'l berishi kerak."
question_849,Sekinlashish bolagi bolgan yollarda burlmoqchi bolgan haydovchi qachon tezlikni kamaytirishi lozim?,"{""Sekinlashish bolagiga o'tguncha"",""Sekinlashish bolagiga otgach""}",1,https://postimg.cc/Dmfk0bYv,300,,"YHQ 9-bobi 61-bandi: Sekinlashish bo lagi bor bolgan yolda burilmoqchi bo'lgan haydovchi o'z vaqtida ushbu tasmaga qayta tizilishi va tezlikni faqat unda kamaytirishi kerak. Yo'lga chiqish joyida tezlashish bo'lagi bo'lsa, haydovchi unda harakatlanishi va qo'shni tasmada harakatlanayotgan transport vositalariga yo'l berib, transport oqimiga qo'shilishi kerak."
question_850,Qattiq ulagichda shatakka olingan avtobusda yoki trolleybusda odam tashishga ruxsat etiladimi?,"{""Taqiqlanadi"",""Ruxsat etiladi""}",0,https://postimg.cc/Dmfk0bYv,300,,"YHQ 24-bobi 143-bandi: Qattiq yoki egiluvchan ulagich bilan shatakka olingan avtobusda, trolleybusda va yuk avtomobili yukxonasida odam tashish qisman ortish yo li bilan shatakka olishda esa shatakka olingan transport vositasining kabinasida va yukxonasida, shuningdek shatakka olgan transport vositasining yukxonasida odamlar bolishi taqiqlanadi."
question_851,"G'ildiraklarni yol bilan ilashishi yoqolganda (kuchli yomg'ir, sel yoki suv toshgan yo'l qismlari) haydovchi:","{""Tezlikni oshirishi lozim"",""Tormoz tepkisini keskin bosish bilan tezlikni kamaytirishi lozim"",""Dvigatel bilan tormozlash orqali tezlikni kamaytirishi lozim""}",2,https://postimg.cc/Dmfk0bYv,300,,"Suvda sirpanish kuchli yomg'ir, sel yoki suv toshgan yo'l qismlarida sodir bo ladi bu holda harakat xavfsizligini ta'minlash maqsadida avtomobilni dvigatel bilan tormozlash yaxshi samara beradi. Bahorgi, kuzgi yomg irlar va suv toshgan yo Ining pastqam gismlarida harakatlanishda yuqoridagi usulda tomozlash tavsiya etiladi."
question_852,Venoz qon ketish alomatlarini korsating:,"{""Mayda qon tomirlaridan ichki a'zolarga qonning oqib chiqishi kuzatiladi"",""Qon tomiridan to'q qizil rangdagi qon sizib oqib chiqadi"",""Qon tomiridan pushti rangli qon kuchli pulsatsiya bilan otilib chiqadi""}",1,https://postimg.cc/Dmfk0bYv,300,,Qon tomiridan to'q qizil rangdagi qon sizib oqib chiqadi.
question_853,Yengil avtomobil tirkamasi burilishda qanday troektoriya boyicha harakatlanadi?,"{""Burilish markaziga nisbatan avtomobil troektoriyasidan ichkarida"",""Avtomobil troektoriyasidan bo'yicha"",""Burilish markaziga nisbatan avtomobil troektoriyasidan tashqarida""}",0,https://postimg.cc/Dmfk0bYv,300,,Har qanday tirkama shu kabi yengil avtomobil tirkamasi ham burilishda avtomobil burilish trayektoriyasidan ichkarida-markazga tomon siljiydi.
question_854,Chorrahada qaysi avtomobil yol berishi kerak?,"{""Ko'k avtomobil"",""Qizil avtomobil""}",1,https://lgacbbewpuzeyxijzfii.supabase.co/storage/v1/object/public/test-images/question-854.jpg,300,,YHQ 16-bobi 107-bandi: Chapga burilishda yoki qayrilib olishda relssiz transport vositasining haydovchisi teng ahamiyatli yoldan qarama-qarshi yo'nalishdan to'g'riga yoki o'ngga harakatlanayotgan transport vositalariga yol berishi shart. Bu qoidaga tramvay haydovchilari ham o'zaro amal qilishlari kerak.
question_855,Agar biror-bir tosiq sababli qarama-qarshi yonalishlarda harakatlanish qiyin bo'lsa kim yo'l berishi kerak?,"{""To'siq o'z tomonida bo'lgan haydovchi"",""To'siq bo'lmagan tomondagi haydovchi""}",0,https://postimg.cc/Dmfk0bYv,300,,"YHQ 10-bobi 75-bandi: Agar biror to'siq sababli qarama-qarshi yo nalishlarda harakatlanish qiyin bo'lsa, to'siq o'z tomonida bo'lgan haydovchi yol berishi kerak."
question_856,Qaysi belgi temir yol kesishmasini to suvchi qurilma bilan jihozlanganligi haqida ogohlantiradi?,"{""«Д»"",""«С»"",""«В»"",""«А»""}",1,https://lgacbbewpuzeyxijzfii.supabase.co/storage/v1/object/public/test-images/question-856.jpg,300,,"YHQ, 1.3. «Diqqat temir yo'l kesishmasini to'suvchi qurilma» belgisi."
question_857,Ushbu belgilardan qaysi biri bir yoki bir nechta tasmalarda harakatlanish yo'nalishi qarama-qarshi tomonga o'zgarish mumkin bolgan yol qismining boshlanishini bildiradi?,"{""«А»"",""«Б»"",""«В»""}",2,https://lgacbbewpuzeyxijzfii.supabase.co/storage/v1/object/public/test-images/question-857.jpg,300,,"YHQ, 5.35. «Reversiv harakatlanish». Bir yoki bir necha tasmalarda harakatlanish yo nalishi qarama-qarshi tomonga o'zgarishi mumkin bolgan yol qismining boshlanishini bildiradi."
question_858,Turar joy dahalaridan chiqishda haydovchilar:,"{""Boshqa harakat qatnashchilariga nisbatan imtiyozga ega"",""Boshqa harakat qatnashchilariga yol berishi kerak""}",1,https://postimg.cc/Dmfk0bYv,300,,YHQ 20-bobi 126-bandi: Turar joy dahalaridan chiqishda haydovchilar boshqa harakat qatnashchilariga yol berishlari kerak.
question_859,«Imtiyoz» atamasiga tegishli tarifni korsating,"{""Yol harakati qatnashchilariga nisbatan imtiyozi bolgan boshka yol xarakati katnashchisining xarakat yunalishi yoki tezligini o'zgartirishga majbur etishi mumkin bolgan hollarda xarakatni davom ettirmasligini yoki boshlamasligini, biror-bir manyovr bajarishi mumkin emasligini bildiruvchi talab"",""Moljallangan yonalishda boshqa yol harakati qatnashchilariga nisbatan oldin harakatlanish huquqi""}",1,https://postimg.cc/Dmfk0bYv,300,,YHQ 1-ilova Umumiy qoidalar: Imtiyoz - moljallangan yo'nalishda boshqa yol harakati qatnashchilariga nisbatan oldin harakatlanish huquqi.
question_860,Tumanga qarshi chiroqlarni qorong'i vaqtda yolning yoritilmagan qismlarida uzoqni yorituvchi chiroqlar bilan birga qollash mumkinmi?,"{""Ha"",""Yơq""}",0,https://postimg.cc/Dmfk0bYv,300,,"YHQ 23-bobi 137-bandi: Quyidagi hollarda tumanga qarshi fara chiroqlaridan foydalanish mumkin: yetarlicha ko'rinmaydigan sharoitda alohida, shuningdek, uzoqni yorituvchi yoki yaqinni yorituvchi fara chiroqlari bilan; sutkaning qorong'i vaqtida yo Ining yoritilmagan qismlarida uzoqni yoki yaqinni yorituvchi fara chiroqlari bilan birga; ushbu Qoidalarning 138-bandida ko'zda tutilgan holatlarda yaqinni yorituvchi fara chiroqlari o'rniga."
question_861,"Qorin bo'shlig'i jarohatlangan odamga ovqat, suv, dori-darmon berish mumkinmi?","{""На"",""Yơ'q""}",1,https://postimg.cc/Dmfk0bYv,300,,Yó'q.
question_862,Ushbu belgi nimani bidiradi?,"{""Oldinda ko'tarma ko'prik borligini"",""Sun'iy yol notekisligi"",""Oldinda tik balandlik borligini YHQ, 1.31. «Sun'iy yo'l notekisligi» belgisi.""}",1,https://lgacbbewpuzeyxijzfii.supabase.co/storage/v1/object/public/test-images/question-862.jpg,300,,
question_863,Mexanik transport vositasi - bu ...,"{""Dvigatel bilan harakatga keltiriladigan transport vositasi. Bu atama barcha traktor va o'ziyurar moslamalarga ham taalluklidir"",""Odamlarni, yuklarni tashishga yoki maxsus ishlarni bajarishga moljallangan qurilma"",""Mexanik transport vositasi tarkibida xarakatlanishga moljallangan, dvigatel bilan jihozlanmagan transport vositasi. Bu atama yarim tirkama va uzaytiriladigan tirkamalarga ham taalluklidir""}",0,https://postimg.cc/Dmfk0bYv,300,,YHQ 1-ilova Umumiy qoidalar: Mexanik transport vositasi - dvigatel bilan harakatga keltiriladigan transport vositasi. Bu atama barcha traktor va o'zi yurar moslamalarga ham taalluqlidir.
question_864,Tezlik ortishi bilan haydovchining korish maydoni qanday o'zgaradi?,"{""Torayadi"",""Kengayadi"",""O'zgarmaydi""}",0,https://postimg.cc/Dmfk0bYv,300,,"Tezlikni oshirganda haydovchining kurish maydoni torayadi sabab shiddat bilan utayotgan masofani haydovchi barchasini kabul kila olmaydi, kamray olmaydi chunki u vaziyatni baxolashi kerak. Katta tezlikda haydovchi l di"
question_865,Tormoz yoli deb nimga aytiladi?,"{""Haydovchi tormoz tepkisini bosgandan to avtomobil to'liq to'xtatguncha bosib o'tgan masofasi"",""Haydovchi biron bir xavfni aniqlab, avtomobilni to'liq to'xtatguncha bosib otgan masofasi""}",0,https://postimg.cc/Dmfk0bYv,300,,"To'xtash yo'li deb haydovchining biror bir xatarni sezib, to transport vositasini to liq to'xtatgunga qadar bosib o'tilgan masofaga aytiladi. To'xtash yo'li o'z ichiga haydovchining reaksiya vaqtida, tormoz tizimining ishga tushish vaqtini va tormoz yo'lini o'z ichiga oladi."
question_866,Ushbu holatda kok avtomobil haydovchisi kimga yol berishi lozim?,"{""Faqat yengil avtomobilga"",""Faqat avtobusga"",""Hech kimga""}",2,https://lgacbbewpuzeyxijzfii.supabase.co/storage/v1/object/public/test-images/question-866.jpg,300,,"YHQ 16-bobi 104-bandi: Teng ahamiyatga ega bo lmagan yo llar kesishgan chorrahada, ikkinchi darajali yo Ida harakatlanayotgan transport vositasining haydovchisi asosiy yo ldan yaqinlashayotgan transport vositalariga, ularning keyingi harakat yo nalishidan qat'i nazar, yol berishi kerak. Bunday chorrahalarda tramvay harakatlanish yo nalishidan qat'i nazar, teng ahamiyatga ega bolgan yo lda bir yo'nalishda yoki qarama-qarshi yo nalishda harakatlanayotgan relssiz transport vositalariga nisbatan imtiyozga ega. YHQ 16-bobi 105-bandi: Teng ahamiyatga ega bolgan yo llar kesishgan chorrahada relssiz transport vositasining haydovchisi ongdan kelayotgan transport vositalariga yo'l berishi shart. Bu qoidaga tramvay haydovchilari ham o'zaro amal gilishlari kerak. Bunday chorrahalarda, keyingi harakat yo nalishidan qat'i nazar, tramvay relssiz transport vositalariga nisbatan oldin o'tish huquqiga ega boladi"
question_867,Ushbu belgilardan qaysi biri «Notekis yo'l» deb nomlanadi?,"{""«С»"",""«А»"",""«В»""}",0,https://lgacbbewpuzeyxijzfii.supabase.co/storage/v1/object/public/test-images/question-867.jpg,300,,"YHQ, 1.16. «Yo'l notekisligi» belgisi."
question_868,Aholi punktlaridan tashqarida tirkamali yuk avtomabillari qanday yugori tezlik bilan harakatlanishi mumkin?,"{""80 km/s"",""60 km/s"",""90 km/s"",""70 km/s""}",3,https://postimg.cc/Dmfk0bYv,300,,YHQ 11-bobi 79-bandi: Aholi punktlaridan tashqarida: tirkamali yuk avtomobillariga tezlikni soatiga 70 kilometrdan oshirmasdan harakatlanish ruxsat etiladi.
question_869,Yol harakati qodalariga kora yol belgilari necha guruhga bolinadi?,"{""5 ta"",""6 ta"",""7 ta""}",2,https://postimg.cc/Dmfk0bYv,300,,Ogohlantiruvchi belgilar Imtiyoz belgilari Taqiqlovchi belgilar Buyuruvchi belgilar Axborot-ko'rsatgich belgilari Servis belgilari Qo'shimcha axborot belgilari
question_870,Yengil avtomobil qaysi yo nalishlarda harakatlanishga ruxsat etiladi?,"{""Faqat ongga va chapga"",""Istalgan yonalishda"",""Faqat to'g'riga""}",1,https://lgacbbewpuzeyxijzfii.supabase.co/storage/v1/object/public/test-images/question-870.jpg,300,,"YHQ, 7.4.1 belgi bilan o'rnatilgan yo'l belgisining ta'siri yuk tashuvchi, shu jumladan, tirkamali, to la vazni 3,5 tonnadan ortiq bo'lgan transport vositalariga tatbiq etiladi."
question_871,Yolning xavfli burilishlarida oldingi uzatmali avtomobilning orqa oqi yon tomonga sirpanayotganda siz qanday harakat qilasiz?,"{""Gaz pedalini ko'proq bosib, avtomobilni rul chambaragini o'zgartirmasdan sirpanishdan olib chiqasiz"",""Gaz pedalini ohista bosib, avtomobilni rul chambaragini to'g'irlab, avtomobilni sirpanishdan olib chiqib ketasiz"",""Tormozlab turib rul chambaragini sirpangan tomonga burasiz"",""Gaz berishni kamaytirib rul chambaragi bilan boshqaruvni barqarorlashtirasiz""}",1,https://postimg.cc/Dmfk0bYv,300,,"Oldingi uzatmali avtomobillar orqa uzatmali avtomobillardan yetarlicha farq giladi. Bu farqni avtomobil boshqaruvida e'tiborga olish kerak. To'g'ri yolda yuqori tezlikda harakatlanishda orqa yetaklovchi avtomobilga nisbatan yonga siljish extimoli kam. Biroq nam qoplamali burilishlarda avtomobil boshqarish texnikasiga rioya etilmasa, nafaqat yonga sirpanish balki avtomobil barcha gildiraklarining yonga siljishi va yo l-transport hodisalari kelib chiqishi ehtimoli mavjud."
question_872,Haydovchining o'rtacha reaksiya vaqti deb qabul qilingan:,"{""Taxminan 0,2 sekund"",""Taxminan 5 sekund"",""Taxminan 1 sekund""}",2,https://postimg.cc/Dmfk0bYv,300,,"Haydovchilarning reaksiya vaqti turlicha bo'lib u yoshiga, kasbiga va malakasiga bog'liq. Shunga qaramay o rtacha reaksiya vaqti haydovchilar uchun tajribaga asosan 1 sekund deb qabul qilingan. 1 sekun juda qisqa vaqt ""yigirma ikki"" deguncha bir sekund vaqt o'tdi. Reaksiya vaqtini oshirishning ""oson yoli"" tezlikni kamaytirishdir."
question_873,Ushbu tik chiziq nimani bildiradi?,"{""Temir yol kesishmasiga yaqinlashayotganlik haqida"",""Xavfli chorrahaga yaqinlashayotganlik haqida"",""Yolning kichik radiusli burilish, tik nishablik va boshqa xavfli joylarda yo'l to'siqlarining yon yuzalarini bildiradi""}",2,https://lgacbbewpuzeyxijzfii.supabase.co/storage/v1/object/public/test-images/question-873.jpg,300,,"YHQ 2 ilova: 2.5 - yo'Ining kichik radiusli burilish, tik nishablik va boshqa xavfli joylarda yo'! to'siqlarining yon yuzalarini bildiradi."
question_874,Yondosh hudud bu - ...,"{""Bevosita yolga tutashgan va transport vositalari otib ketishi uchun moljallanmagan xudud (hovlilar, turar joy dahalari, avtomobil to'xtab turish joylari, yonilgi kuyish shoxobchalari, korxona va shunga o'xshashlari)"",""Yolning relssiz transport vositalari harakati uchun mo'ljallangan qismi"",""Yollarning ozaro bir sathda kesishadigan, tutashadigan va ayriladigan joyi""}",0,https://postimg.cc/Dmfk0bYv,300,,"YHQ 1-ilova Umumiy qoidalar: Yondosh hudud - bevosita yo lga tutashgan va transport vositalari o'tib ketishi uchun moljallanmagan hudud (hovlilar, turar joy dahalari, avtomobil to'xtab turish joylari, yonilg'i quyish shoxobchalari,"
question_875,M3 toifadagi avtotransport vositalarining boshqaruv qurilmasidagi qanday eng katta lyuft yig'indisiga yol qo'yiladi?,"{""20 gradus"",""25 gradus"",""10 gradus""}",0,https://postimg.cc/Dmfk0bYv,300,,"YHQ 3 ilova: 2.1. Boshqaruv qurilmasidagi lyuft yig'indisi reglament (qat'iy belgilangan) sharoitlardagi sinovlarda quyidagi ko'rsatkichdan katta bo'lmasligi kerak: Transport vositasining toifasi Yo'l qo yilgan lyuft ko'rsatgichi (gradusda) M1 - 10% M2, M3, N1 - 20% N2, N3 - 25%."
question_876,"Bosh miya jarohatlanganda, miya chayqalganda yoki boyin qismi jarohatlanganda birinchi yordam ko'rsatish:","{""Jaroxatlangan odamni yonboshlatib yotkizib, boyin kismi tagiga kattik Yestikcha kuyib, kuzgatmasdan, maxkam boglab shifoxonaga boriladi"",""Jarohatlangan odamni tinchlantirib, jarohatlangan joy soxasini sovuk suv, muz kuyish yollari bilan sovitish, ogrikni susaytirish va kon ketishini kamaytirish"",""Jaroxatlangan odamni kattik va tekis zambilga solib, bo'yin kismi tagiga yostikcha kuyib, kuzgatmasdan, maxkam boglab shifoxonaga yuboriladi""}",2,https://postimg.cc/Dmfk0bYv,300,,"Jaroxatlangan odamni kattik va tekis zambilga solib, bo'yin kismi tagiga yostikcha kuyib, kuzgatmasdan, maxkam boglab shifoxonaga yuboriladi."
question_877,Qaysi yol belgilari yolning tor qismida haydovchiga ustunlik beradi?,"{""Faqat «C»"",""Faqat «Д»"",""«А» va «В»"",""Faqat «B»""}",1,https://lgacbbewpuzeyxijzfii.supabase.co/storage/v1/object/public/test-images/question-877.jpg,300,,YHQ 1 ilova: 2.7. «Ro' paradagi harakatlanishga nisbatan imtiyoz» belgisi. Yo Ining tor qismida harakatlanishda haydovchi ro paradan kelayotgan transport vositasiga nisbatan imtiyozga egaligini bildiradi.
question_878,Ushbu chorrahada haydovchi orqaga harakatlanib korsatilgan manyovrni bajarishga ruxsat etiladimi?,"{""Taqiqlanadi"",""Ruxsat etiladi""}",0,https://lgacbbewpuzeyxijzfii.supabase.co/storage/v1/object/public/test-images/question-878.jpg,300,,YHQ 9-bobi 63-bandi: Orqaga harakatlanish chorrahalarda taqiqlanadi.
question_879,Ushbu yol belgisi qanday maqsadda qollaniladi?,"{""Ehtiyot choralarini korish uchun"",""Majburiy tarzda tezlikni kamaytirish uchun"",""To'xtamasdan o'tishni taqiqlaydi""}",2,https://lgacbbewpuzeyxijzfii.supabase.co/storage/v1/object/public/test-images/question-879.jpg,300,,"YHQ, 1-ilova: 3.17.1. «Bojxona». Bojxona (tekshiruv maskani) oldida to'xtamasdan o'tish taqiqlanishini bildiradi."
question_880,Ushbu yo'l belgisi qanday maqsadda qo'llaniladi?,"{""Portlovchi va tez alangalanadigan yuk tashilayotgan transport vositalarining harakatini taqiqlaydi"",""Og'ir yuk tashilayotgan transport vositalarining harakatini taqiqlaydi"",""Xavfli yuk tashilayotgan transport vositalarining harakatini taqiqlaydi""}",2,https://lgacbbewpuzeyxijzfii.supabase.co/storage/v1/object/public/test-images/question-880.jpg,300,,"YHQ, 1-ilova: 3.32. «Xavfli yuk tashiyotgan transport vositasining harakati taqiqlangan»."
question_881,M2 toifadagi avtotransport vositalarining boshqaruv qurilmasidagi qanday eng katta lyuft yig'indisiga yol qo'yiladi?,"{""25 gradus"",""10 gradus"",""20 gradus""}",2,https://postimg.cc/Dmfk0bYv,300,,"YHQ 3 ilova: 2.1. Boshqaruv qurilmasidagi lyuft yig'indisi reglament (qat'iy belgilangan) sharoitlardagi sinovlarda quyidagi ko'rsatkichdan katta bo'lmasligi kerak: Transport vositasining toifasi Yo'l qo yilgan lyuft ko'rsatgichi (gradusda) M1 - 10% M2, M3, N1 - 20%"
question_882,Turar joy dahalarida qanday eng katta tezlikda harakatlanishga ruxsat etiladi:,"{""30 km/s"",""20 km/s"",""40 km/s"",""5 km/s""}",1,https://postimg.cc/Dmfk0bYv,300,,"YHQ 11-bobi 78-bandi: Aholi punktlarida transport vositalarining tezligini soatiga 70 kilometrdan, tegishli yo'l belgilari o'rnatilgan maktab va maktabgacha ta'lim tashkilotlariga yetmasdan va o tib ketib 300 metrdan kam masofada soatiga 30 kilometrdan, turar joy dahalari va yondosh hududlarda (uy-joy binolari orasidagi yer uchastkasida) esa soatiga 20 kilometrdan oshirmasdan harakatlanishga ruxsat etiladi."
question_883,Kunning qorong i vaqtida harakatlanayotgan transport vositasining haydovchisi tezlikni tanlashda qanday eng asosiy hal qiluvchi omilni e tiborga olishi kerak?,"{""Ko'rinish sharoitini"",""Transport vositasining texnik tavsifnomasida korsatilgan tezlik chegarasini"",""Yol harakati qoidalari o'rnatilgan tezlik chegaralarini""}",0,https://postimg.cc/Dmfk0bYv,300,,Kunning qorong'i vaqtida harakatlanishda tezlikni to'g'ri tanlash asosiy masala hisoblanadi. Yo'lning ko'rinish masofasi to'xtash yo lidan oshmasligi kerak.
question_884,Qaysi rasmda ajratuvchi mintaqasi bor bolgan yol ko'rsatilgan?,"{""Har ikkisida"",""O'ngda"",""Chapda""}",1,https://lgacbbewpuzeyxijzfii.supabase.co/storage/v1/object/public/test-images/question-884.jpg,300,,
question_885,Ushbu chorrahada avtobus haydovchisi kimga yol berishi kerak?,"{""Hech kimga"",""Ko'k avtomobilga"",""Qizil avtomobilga""}",1,https://lgacbbewpuzeyxijzfii.supabase.co/storage/v1/object/public/test-images/question-885.jpg,300,,"YHQ 16-bobi 106-bandi: Asosiy yo'lning yo'nalishi chorrahada o'zgarganda, asosiy yolda harakatlanayotgan haydovchilar o'zaro teng ahamiyatli yollar chorrahasidan o'tish qoidasiga amal gilishlari kerak. Ikkinchi darajali yo llarda harakatlanayotgan haydovchilar ham o'zaro shu qoidaga amal qilishlari kerak."
question_886,"Agar avtomobilning ong g'ildiraklari nam qoplamali yol yoqasiga chiqib qolsa, tavsiya etiladi:","{""Avtomobilni tormozlash va to'liq to'xtatish"",""Avtomobilni tormozlamasdan yolning qatnov qismiga ohista ravon burish"",""Avtomobilni tormozlab, yolning qatnov qismiga ohista ravon burish""}",1,https://postimg.cc/Dmfk0bYv,300,,"Bunday holatda avtomobilni moment kuchlar burib yuborishga moyil bo'ladi, shuning uchun Avtomobilni tormozlamasdan yo Ining qatnov qismiga ohista ravon burish usulni qo'llang."
question_887,Ushbu qo'shimcha axborot yol belgisi bildiradi:,"{""Barcha turdagi transport vositalarining to'xtab turish uchun yolning qatnov qismida, trotuar yoniga qo'yish usulini"",""Mexanik transport vositalarining to'xtab turish joyini"",""Yengil avtomobillarning to xtab turish joyini""}",0,https://lgacbbewpuzeyxijzfii.supabase.co/storage/v1/object/public/test-images/question-887.jpg,300,,"YHQ, 1 ilova: 7.6.1. «Transport vositasini to'xtab turish joyiga qo'yish usuli». 7.6.1 barcha turdagi transport vositalarini to'xtab turishi uchun yo'lning qatnov qismida, trotuar yoniga qo' yish"
question_888,Aylanma harakatlanish chorrahasida ...,"{""Harakatlanayotgan transport vositalari aylanaga kirib kelayotgan transport vositalariga nisbatan ustunlikka (imtiyozga ega)"",""Harakatlanayotgan transport vositalariga nisbatan aylanaga kirib kelayotgan transport vositalari ustunlikka (imtiyozga ega)""}",0,https://postimg.cc/Dmfk0bYv,300,,YHQ 14-bobi 98-bandi: Harakatlanish navbati svetofor yoki tartibga soluvchining ishoralari bilan boshqariladigan chorraha - tartibga solingan chorraha hisoblanadi.
question_889,Muskul va paylarning ezilishi hamda cho zilishi alomatlari qanday?,"{""Jarohatlangan joyda ogriq seziladi"",""Jarohatlangan joyda shish paydo boladi, og'riq seziladi, ba'zan shu joyda mayda kappiliyar qon tomirlari yorilib, qon quyilishni natijasida kokarish paydo bo'ladi""}",1,https://postimg.cc/Dmfk0bYv,300,,"Jarohatlangan joyda shish paydo bo'ladi, og'riq seziladi, bazan shu joyda mayda kappiliyar qin tomirlari yorilib, qon quyilishni natijasida ko'karish paydo bo'ladi."
question_890,Chapga burilayotgan haydovchi kesishayotgan yolning qatnov qismidan o'tayotgan piyodalarga yo'l berishi kerakmi?,"{""Ha, agarda piyodalar o'tish joyi bolsa"",""Ha, barcha hollarda otkazishi kerak""}",1,https://postimg.cc/Dmfk0bYv,300,,"YHQ 14-bobi 96-bandi: Chapga yoki o'ngga burilayotgan haydovchi kesishayotgan yo'Ining qatnov qismidan o'tayotgan piyoda (lar)ga, shuningdek velosiped yo'lkasidan yo lni kesib o'tayotgan velosipedchi (lar) ga va individual harakatlanish vositalarini boshqarayotgan shaxs(lar) ga yol berishi kerak."
question_891,Tik nishablikda dvigatel bilan tormozlashda qiyalikka nisbatan qanday uzatma tanlanadi?,"{""Nishablik qancha qiya bolsa uzatma pog'onasi shuncha past tanlanadi"",""Pog'onalarni nishablikka aloqasi yo'q"",""Nishablik qancha qiya bolsa uzatma pogonasi shuncha yuqori tanlanadi""}",0,https://postimg.cc/Dmfk0bYv,300,,yo'q
question_892,"Tumanga qarshi old chiroqirni qorong'i vaqtda, yo'lning yoritilmagan qismlarida uzoqni yoki yaqinni yorituvchi chiroqlar bilan birga qo'llash mumkinmi?","{""Mumkin emas"",""Mumkin""}",1,https://postimg.cc/Dmfk0bYv,300,,"YHQ 23-bobi 137-bandi: Quyidagi hollarda tumanga qarshi fara chiroqlaridan foydalanish mumkin: yetarlicha ko rinmaydigan sharoitda alohida, shuningdek, uzoqni yorituvchi yoki yaqinni yorituvchi fara chiroqlari bilan; sutkaning qorong'i vaqtida yolning yoritilmagan qismlarida uzoqni yoki yaqinni yorituvchi fara chiroqlari bilan birga; ushbu Qoidalarning 138-bandida ko'zda tutilgan holatlarda yaqinni yorituvchi fara chiroqlari o'rniga."
question_893,Ajratuvchi mintaqa - ...,"{""Yolning yonma-yon joylashgan qatnov qismlarini ajratuvchi, transport vositalari harakatlanishi yoki to'xtashi uchun moljallanmagan, yol sathidan kotarilgan yoki maysazor, ariq, maxsus tosiqlar bilan ajratilgan baland qismi"",""Yolning relssiz transport vositalari harakati uchun mo'ljallangan qismi"",""Avtomobillarning bir qator bolib harakatlanishi uchun yetarlicha keng bolgan, yol chiziqlari bilan belgilangan yoki belgilanmagan yol qatnov qismining har qanday bo ylama mintaqa""}",0,https://postimg.cc/Dmfk0bYv,300,,"YHQ 1-ilova Umumiy qoidalar: Ajratuvchi mintaqa - yoIning yonma-yon joylashgan qatnov qismlarini ajratuvchi, transport vositalari harakatlanishi yoki to'xtashi uchun mo'ljallanmagan, yo'l sathidan ko'tarilgan yoki maysazor, ariq, maxsus to'siqlar bilan ajratilgan baland qismi."
question_894,Qaysi belgi haydovchiga kesib o'tilayotgan yolda harakatlanayotgan transport vositalariga yol berishi lozimligini bildiradi?,"{""«В»"",""«Б» va «Г»"",""«А»"",""«Г»"",""«Б»""}",1,https://lgacbbewpuzeyxijzfii.supabase.co/storage/v1/object/public/test-images/question-894.jpg,300,,"YHQ, 2.4. «Yol bering» belgisi. 2.5. «Tuxtamasdan harakatlanish taqiqlangan» belgisi."
question_895,«Aholi punkti» atamasi nimani bildiradi?,"{""Kirish va chiqish yo'llari 5.22 - 5.25 belgilari bilan belgilangan hududni"",""Shahar, qishloq joylari hududini"",""Aholi yashaydigan hududni""}",0,https://postimg.cc/Dmfk0bYv,300,,YHQ 1-ilova Umumiy qoidalar: Aholi punkti - kirish va chiqish yo'llari 5.22 - 5.25 yo'l belgilari bilan belgilangan hudud.
question_896,Yol harakati xavfsizligi - ...,"{""Yol harakati qatnashchilarining yol-transport hodisalari va ularning oqibatlaridan himoyalanganlik darajasini aks ettiruvchi yol harakati holati"",""Yol-transport hodisalarining kelib chiqish sabablarini oldini olishga, ularning og'ir oqibatlarini kamaytirishga qaratilgan faoliyat""}",0,https://postimg.cc/Dmfk0bYv,300,,YHQ 1-ilova Umumiy qoidalar: Yo'l harakati xavfsizligi - yol harakati qatnashchilarining yol-transport hodisalari va ularning oqibatlaridan himoyalanganlik darajasini aks ettiruvchi yol harakati holati.
question_897,Ushbu korsatilgan holatda kim yol berishi kerak?,"{""Mototsikl haydovchisi"",""Avtomobil haydovchisi""}",0,https://lgacbbewpuzeyxijzfii.supabase.co/storage/v1/object/public/test-images/question-897.jpg,300,,"YHQ 9-bobi 61-bandi: Yo'lga chiqish joyida tezlashish bo lagi bolsa, haydovchi unda harakatlanishi va qo'shni bolakda harakatlanayotgan transport vositalariga yol berib, transport oqimiga qo'shilishi kerak."
question_898,"Agar avtomobilning ong g'ildiraklari nam qoplamali yol yoqasiga chiqib qolsa, tavsiya etiladi:","{""Avtomobilni tormozlamasdan yolning qatnov qismiga ohista ravon burish"",""Avtomobilni tormozlash va to'liq to'xtatish"",""Avtomobilni tormozlab, yolning qatnov qismiga ohista ravon burish""}",0,https://postimg.cc/Dmfk0bYv,300,,"Bunday holatda avtomobilni moment kuchlar burib yuborishga moyil bo'ladi, shuning uchun uchinchi javobdagi usulni qollang."
question_899,Shokning belgilari qanday?,"{""Teri va shilliq gavatining oqarishi"",""Kuchli ter ajralishi"",""Og'iz qurishi, chanqoqlik, nafas olishning tezlashuvi"",""Yuqoridagi barcha holatlar""}",3,https://postimg.cc/Dmfk0bYv,300,,yo'q
question_900,Ushbu belgilardan qaysi biri oldinda yol qoplamasi ustida sun'iy notekislik borligi haqida ogohlantiradi?,"{""«B»"",""«А» va «С»"",""«С»"",""«А»""}",0,https://lgacbbewpuzeyxijzfii.supabase.co/storage/v1/object/public/test-images/question-900.jpg,300,,"YHQ, 1.31. «Sun'iy yo'l notekisligi» belgisi."
question_901,"Ushbu vaziyatda siz ong tasmada harakatlanmoqdasiz, sizning tasmangizga qayta tizilayotgan transport vositasiga yol berishingiz kerakmi?","{""Kerak emas"",""Kerak""}",0,https://lgacbbewpuzeyxijzfii.supabase.co/storage/v1/object/public/test-images/question-901.jpg,300,,YHQ 9-bobi 55-bandi: Haydovchi qayta tizilishda harakatlanish yo nalishini o'zgartirmasdan harakatlanayotgan yo lakay transport vositalariga yo'l berishi kerak. Bir yo'nalishda harakatlanayotgan transport vositalari bir vaqtda qayta tizilayotganlarida haydovchi o'ng tomondagi transport vositasiga yol berishi kerak.
question_902,Ushbu yol belgisi qaysi transport vositalarining harakatlanishini taqiqlaydi?,"{""Xavfli yuk tashiyotgan transport vositalarining harakatlanishini"",""Barcha javoblari to'g'ri"",""Ruxsat etilgan tola vazni 3,5 tonnadan ortiq bolgan yuk avtomobillarini""}",0,https://lgacbbewpuzeyxijzfii.supabase.co/storage/v1/object/public/test-images/question-902.jpg,300,,YHQ 1 ilova: 3.32. «Xavfli yuk tashiyotgan transport vositasining harakati taqiqlangan».
question_903,Qaysi belgi tosiqni ong yoki chap tomonidan chetlab o'tishga ruxsat etilishini bildiradi?,"{""4"",""3"",""1"",""5"",""2""}",3,https://lgacbbewpuzeyxijzfii.supabase.co/storage/v1/object/public/test-images/question-903.jpg,300,,YHQ 1 ilova: 4.2.3. «To'siqni o'ngdan yoki chapdan chetlab o'tish». To'siqni har tomonidan chetlab o tishga ruxsat etilishini bildiradi.
question_904,Bu joyda yo'lovchilarni chiqarish yoki tushirish maqsadida to tash mumkinmi?,"{""На"",""Yơq""}",1,https://lgacbbewpuzeyxijzfii.supabase.co/storage/v1/object/public/test-images/question-904.jpg,300,,YHQ 1 ilova: 3.28. «To'xtab turish taqiqlangan». Transport vositalarining to'tab turishi taqiqlanishini bildiradi.
question_905,Qizil avtomobil chorrahani nechanchi bolib kesib o'tadi?,"{""Oxirgi bolib"",""Birinchi bo'lib"",""Ikkinchi bolib""}",0,https://lgacbbewpuzeyxijzfii.supabase.co/storage/v1/object/public/test-images/question-905.jpg,300,,"YHQ 16-bobi 105-bandi: Teng ahamiyatga ega bolgan yo llar kesishgan chorrahada rel'ssiz transport vositasining haydovchisi o'ngdan kelayotgan transport vositalariga yol berishi shart. Bu qoidaga tramvay haydovchilari ham o'zaro amal gilishlari kerak. Bunday chorrahalarda, keyingi harakat yo'nalishidan qat'i nazar, tramvay rel'ssiz transport vositalariga nisbatan oldin o tish huquqiga ega bo ladi. YHQ 16-bobi 106-bandi: Asosiy yo Ining yo'nalishi chorrahada o'zgarganda asosiy yolda harakatlanayotgan haydovchilar o'zaro teng ahamiyatli yollar chorrahasidan o tish qoidasiga amal qilishlari kerak. Ikkinchi darajali yollarda harakatlanayotgan haydovchilar ham o'zaro shu qoidaga amal qilishlari kerak. YHQ 16-bobi 107-bandi: Chapga burilishda yoki qayrilib olishda rel'ssiz transport vositasining haydovchisi teng ahamiyatli yoldan qarama-qarshi yo'nalishdan to'g'riga yoki o'ngga harakatlanayotgan, shuningdek ruxsat etilgan hollarda quvib o'tayotgan transport vositalariga yol berishi shart. Bu qoidaga tramvay haydovchilari ham o'zaro amal gilishlari kerak."
question_906,To'xtash qoidasini qaysi transport vositasining haydovchisi buzdi?,"{""Faqat qizil avtomobil haydovchisi"",""Har ikkala haydovchi ham"",""Faqat ko'k avtomobil haydovchisi""}",0,https://lgacbbewpuzeyxijzfii.supabase.co/storage/v1/object/public/test-images/question-906.jpg,300,,"YHQ 13-bobi 91-bandi: Quyidagi joy va holatlarda to xtash taqiqlanadi: transport vositasi svetofor ishoralari, yol belgilarini boshqa haydovchilardan to'sib qo yadigan, boshqa transport vositalarining harakatlanishiga (kirish va chiqishiga) imkon qoldirmaydigan yoki piyodalarning harakatiga xalaqit beradigan joylarda."
question_907,Ushbu vaziyatda siz:,"{""To'xtamasdan harakatni davom ettirishingiz mumkin"",""Belgi oldida to'xtashingiz va svetoforning ruxsat beruvchi ishorasini kutishingiz kerak""}",1,https://lgacbbewpuzeyxijzfii.supabase.co/storage/v1/object/public/test-images/question-907.jpg,300,,"YHQ 15-bobi 102-bandi: Svetoforning ruxsat etuvchi ishorasida chorrahaga kirgan haydovchi, undan chiqishdagi svetofor ishorasidan qat'i nazar, belgilangan yo'nalishda harakatini davom ettirishi kerak. Biroq chorrahada haydovchining harakatlanayotgan yo lida joylashgan svetoforlar oldida to'xtash chiziqlari (yoki 5.33 yo'l belgisi) bo'lsa, u har bir svetofor ishorasiga amal gilishi shart."
question_908,Sanab otilgan qaysi hollarda egiluvchan ulagichda shatakka olish taqiqlanadi?,"{""Faqat sirpanchiq yolda"",""Kunning qorong'i vaqtida va yetarlicha ko'rinmaslik sharoitida"",""Faqat tog'li yollarda"",""Barcha sanab o'tilgan hollarda""}",0,https://postimg.cc/Dmfk0bYv,300,,"YHQ 24-bobi 145-bandi: Shatakka olish quyidagi holatlarda taqiqlanadi: yo'l yaxmalak, sirpanchiq bo'lgan hollarda egiluvchan ulagichda."
question_909,Qanday hollarda sizga 50 km/s dan yuqori tezlikda harakatlanish taqiqlangan?,"{""Faqat qatnov qismi nam bo'lsa"",""Har qanday holatda ham""}",0,https://lgacbbewpuzeyxijzfii.supabase.co/storage/v1/object/public/test-images/question-909.jpg,300,,YHQ 1 ilova: 3.24. «Yuqori tezlik cheklangan». Belgida ko'rsatilganidan ortiq tezlikda (km/s) harakatlanish taqiqlanishini bildiradi. 7.16. «Nam qoplama». Belgi qatnov qismining qoplamasi nam bo'lgan vaqtda ta'sir etishini ko'rsatadi.
question_910,«Imtiyoz» atamasiga tegishli ta'rifni korsating.,"{""Moljallangan yo'nalishda boshqa yol harakati qatnashchilariga nisbatan oldin harakatlanish huquqi"",""Yol harakati katnashchilariga nisbatan imtiyozi bolgan boshqa yol harakati katnashchisining harakat yo'nalishi yoki tezligini o'zgartirishga majbur etishi mumkin bolgan hollarda harakatni davom ettirmasligini yoki boshlamasligini, biror-bir manyovr bajarishi mumkin emasligini bildiruvchi talab""}",0,https://postimg.cc/Dmfk0bYv,300,,YHQ 1-ilova Umumiy qoidalar: Imtiyoz - moljallangan yo nalishda boshqa yo'l harakati qatnashchilariga nisbatan oldin harakatlanish huquqi.
question_911,Ushbu yo'l nechta qatnov qismiga ega ?,"{""2 ta"",""4 ta"",""1 ta""}",2,https://lgacbbewpuzeyxijzfii.supabase.co/storage/v1/object/public/test-images/question-911.jpg,300,,YHQ 1-ilova Umumiy qoidalar: qatnov qismi - yo Ining relssiz transport vositalari harakatlanishi uchun moljallangan qismi.
question_912,Qaysi transport vositalariga harakatlanishga ruxsat berilgan?,"{""Mototsiklga o'nga va yengil avtomobilga barcha yo'nalishlarga"",""Mototsiklga o'nga, yengil avtomobilga to'g'riga va ơ'nga"",""Mototsikl va yengil avtomobilga to'g'riga va ơnga""}",1,https://lgacbbewpuzeyxijzfii.supabase.co/storage/v1/object/public/test-images/question-912.jpg,300,,"YHQ 7-bobi 38-bandi: Tartibga soluvchining ishoralari quyidagi ma'noni bildiradi: Qollari yon tomonga uzatilganda yoki tushirilganda: chap va ong yon tomonidan tramvayga to'g'riga, relssiz transport vositalariga to'g'riga va o'ngga harakatlanishga, piyodalarga qatnov qismini kesib o tishga ruxsat beriladi; old va orga tomonidan barcha transport vositalari va piyodalarning harakatlanishi taqiqlanadi. o'ng qo'li oldinga uzatilganda: chap yonidan tramvayga chapga, relssiz transport vositalariga barcha yo nalishlarda; oldi tomonidan barcha transport vositalariga faqat ongga harakatlanishga ruxsat beriladi; orqa tomonidan va o'ng yonidan barcha transport vositalarining harakatlanishi taqiqlanadi; piyodalarga tartibga soluvchining orqa tomonida gatnov qismini kesib o tishga ruxsat etiladi."
question_913,Ushbu svetofor qaysi yonalishlarda harakatlanishga ruxsat beradi?,"{""To'g'riga va chapga"",""Faqat o'ngga"",""To'g'riga va ơ'ngga"",""Faqat chapda""}",2,https://lgacbbewpuzeyxijzfii.supabase.co/storage/v1/object/public/test-images/question-913.jpg,300,,
question_914,N1 toifadagi avtotransport vositalarining boshqaruv qurilmasidagi qanday eng katta lyuft yig'indisiga yol qo'yiladi?,"{""25 gradus"",""20 gradus"",""10 gradus""}",1,https://postimg.cc/Dmfk0bYv,300,,"YHQ 3 ilova: 2.1. Boshqaruv qurilmasidagi lyuft yig'indisi reglament (qat'iy belgilangan) sharoitlardagi sinovlarda quyidagi ko'rsatkichdan katta bo'lmasligi kerak: Transport vositasining toifasi Yo'l qo yilgan lyuft ko'rsatgichi (gradusda) M1 - 10% M2, M3, N1 - 20% N2, N3 - 25%."
question_915,Qaysi belgi ikkinchi darajali yol bilan kesishuvni bildiradi?,"{""1"",""3"",""4"",""5"",""2""}",0,https://lgacbbewpuzeyxijzfii.supabase.co/storage/v1/object/public/test-images/question-915.jpg,300,,YHQ 1 ilova: 2.3.1. «Ikkinchi darajali yo'l bilan kesishuv».
question_916,Miltillovchi sariq ishorali svetofor:,"{""Svetofor chirogi almashuvidan xabardor qiladi"",""Tartibga solingan chorraha borligidan xabardor qiladi"",""Tartibga solinmagan chorraha yoki piyodalar otish joyi borligidan xabardor qiladi""}",2,https://postimg.cc/Dmfk0bYv,300,,"Miltillovchi sariq ishora harakatlanishga ruxsat beradi va tartibga solinmagan chorraha yoki piyodalar o'tish joyi borligidan xabardor qiladi, xavf-xatar haqida ogohlantiradi."
question_917,Yuk avtomobili haydovchisiga qaysi yo'nalishda harakatlanishga ruxsat beriladi?,"{""Faqat o'ngga"",""Barcha yo'nalishlarga"",""O'ngga chapga va orqaga"",""Tog'riga va ongga""}",3,https://lgacbbewpuzeyxijzfii.supabase.co/storage/v1/object/public/test-images/question-917.jpg,300,,"YHQ 1 ilova: 3.4. «Yuk avtomobillarining harakatlanishi taqiqlangan». To' la vazni 3,5 tonnadan (agar vazni belgida ko'rsatilmagan bo'lsa) yoki to la vazni belgida korsatilgandan ortiq bo'lgan yuk avtomobillari va transport vositalari tarkiblarining, shuningdek traktorlar, o'ziyurar moslamalarning harakatlanishi taqiqlanishini bildiradi. 3.4 yo'l belgisi bortlariga qiya oq chiziq tortilgan yoki odamlarni tashish uchun moljallangan yuk avtomobillarining harakatlanishini taqiqlamaydi."
question_918,Ushbu vaziyatda siz o'ngga burilayotib:,"{""Barcha qatnov qismidagi piyodalarga yo'l berasiz"",""Harakat yonalishi boyicha va burilayotgan kochani kesib otayotgan piyodalarga hamda boshqa transport vositalariga yol berasiz"",""Faqat transport vositalariga yol berasiz""}",1,https://lgacbbewpuzeyxijzfii.supabase.co/storage/v1/object/public/test-images/question-918.jpg,300,,"YHQ 1 ilova: 5.42. bandi: «Qizil chiroqda o'ngga harakatlanish». Transport svetofori qizil chirog ining ong yoniga 5.42 yo'l belgisi o'rnatilgan bo'lsa, transport vositalarining haydovchilari svetoforning taqiqlovchi ishorasi yonib turganda, barcha xavfsizlik choralarini ko'rgan holda o'ngga burilishlari mumkin. Bunda ular harakat yo nalishi bo yicha va burilayotgan ko chani kesib o tayotgan piyodalarga hamda boshga transport vositalariga yo'l berishlari shart."
question_919,Qaysi belgi ko'rsatilgan yo'na'ishda oxiri berk ko'chaligini bildiradi,"{""3"",""4"",""5"",""2"",""1""}",1,https://lgacbbewpuzeyxijzfii.supabase.co/storage/v1/object/public/test-images/question-919.jpg,300,,YHQ 5.19.1 - 5.19.3. «Oxiri berk yo l». Yo Ining korsatilgan yo nalishda oxiri berkligini bildiradi.
question_920,Qaysi rasmda ikkita qatnov qismiga ega bolgan yol ko'rsatilgan?,"{""«A» rasmda"",""Hech qaysi rasmda"",""«Б» rasmda""}",1,https://lgacbbewpuzeyxijzfii.supabase.co/storage/v1/object/public/test-images/question-920.jpg,300,,"YHQ 1-ilova Umumiy qoidalar: Ajratuvchi mintaqa - yolning yonma-yon joylashgan qatnov qismlarini ajratuvchi, transport vositalari harakatlanishi yoki to xtashi uchun mo'ljallanmagan, yol sathidan ko'tarilgan yoki maysazor, ariq, maxsus to'siqlar bilan ajratilgan baland qismi."
question_921,Aynalma harakatlanish chorrahasida...,"{""Harakatlanayotgan transport vositalariga nisbatan aylanaga kirib kelayotgan transport vositalari ustunlikka ega"",""Harakatlanayotgan transport vositalari aylanaga kirib kelayotgan transport vositalariga nisbatan ustunlikka ega""}",1,https://postimg.cc/Dmfk0bYv,300,,YHQ 14-bobi 98-bandi: Aylanma harakatlanish chorrahasida harakatlanayotgan transport vositalari aylanaga kirib kelayotgan transport vositalariga nisbatan ustunlikka (imtiyozga) ega.
question_922,Ushbu qoshimcha axborot yol belgisi:,"{""Ob'yektgacha bolgan masofani bildiradi"",""Belgining ta'sir oralig'ini bildiradi""}",0,https://lgacbbewpuzeyxijzfii.supabase.co/storage/v1/object/public/test-images/question-922.jpg,300,,"YHQ 1 ilova: 7.1.3, 7.1.4. «Ob'ektgacha bolgan masofa». Yoldan chetda joylashgan manzilgacha bo lgan masofani bildiradi."
question_923,Qaysi belgi ikkinchi darajali yol bilan tutashuvni bildiradi?,"{""3"",""1"",""5"",""2"",""4""}",3,https://lgacbbewpuzeyxijzfii.supabase.co/storage/v1/object/public/test-images/question-923.jpg,300,,"YHQ 1 ilova: 2.3.2, 2.3.3. «Ikkinchi darajali yo'l bilan tutashuv». 2.3.2 - tutashuv o'ngdan, 2.3.3 - tutashuv chapdan. 2.3.1 - 2.3.3 yo'l belgilari aholi punktlarida kesishmagacha 50 - 100 metr masofada, aholi punktlaridan tashqarida esa 150 - 300 metr masofada o'rnatiladi."
question_924,Ushbu qo'shimcha yol belgisi bildiradi:,"{""Belgi ta'sir oralig'ida to'xtagan transport vositalari majburiy evakuatsiya qilinishini korsatadi"",""Belgi ta'sir oralig'ida to'xtagan transport vositalarini evakuatsiya qilish taqiqlanganligini bildiradi"",""Belgi ta'sir oralig'ida to'xtagan transport vositalarini evakuatsiya qilinish ruxsat etilganligini bildiradi""}",0,https://lgacbbewpuzeyxijzfii.supabase.co/storage/v1/object/public/test-images/question-924.jpg,300,,"YHQ 1 ilova: 7.6.1. «Transport vositasini to'xtab turish joyiga qo'yish usuli». 7.6.1 barcha turdagi transport vositalarini to'xtab turishi uchun yo'lning qatnov qismida, trotuar yoniga qo yish usulini, 7.6.2 - 7.6.9 trotuar yonidagi to xtab turish joyiga yengil avtomobillar, mototsikllar, mopedlar va skuterlarni qo'yish usulini bildiradi."
question_925,Qaysi rasmda ajratuvchi mintaqa korsatilgan?,"{""Hech qaysi rasmda ajratuvchi mintaqa yơq"",""«Б»"",""«А»""}",0,https://lgacbbewpuzeyxijzfii.supabase.co/storage/v1/object/public/test-images/question-925.jpg,300,,"YHQ 1-ilova Umumiy qoidalar: Ajratuvchi mintaqa - yo Ining yonma-yon joylashgan qatnov qismlarini ajratuvchi, transport vositalari harakatlanishi yoki to xtashi uchun moljallanmagan, yol sathidan ko'tarilgan yoki maysazor, ariq, maxsus to'siqlar bilan ajratilgan baland qismi."
question_926,Rasmda korsatilgan chorraha-...,"{""Tartibga solingan chorraha"",""Tartibga solinmagan, teng ahamiyatga ega bo'lmagan yollar kesishadigan chorraha"",""Tartibga solinmagan, teng ahamiyatga ega bolgan yollar kesishadigan chorraha""}",1,https://lgacbbewpuzeyxijzfii.supabase.co/storage/v1/object/public/test-images/question-926.jpg,300,,"YHQ 14-bobi 98-bandi: Harakatlanish navbati svetofor yoki tartibga soluvchining ishoralari orqali aniqlanib boshqarilayotgan chorraha - tartibga solingan chorraha hisoblanadi. Miltillovchi sariq ishora yonib-o'chayotgan, svetoforlar ishlamayotgan yoki tartibga soluvchi chorraha hisoblanadi. Haydovchilar tartibga solinmagan chorrahalardan o tish qoidalariga hamda chorrahada o'rnatilgan imtiyoz belgilariga amal qilishlari shart."
question_927,Ko'k avtomobil chorrahani kesib otadi:,"{""Oxirgi bolib"",""Birinchi bo'lib"",""Ikkinchi bolib""}",0,https://lgacbbewpuzeyxijzfii.supabase.co/storage/v1/object/public/test-images/question-927.jpg,300,,"YHQ 16-bobi 104-bandi: Teng ahamiyatga ega bo lmagan yo llar kesishgan chorrahada ikkinchi darajali yoldan harakatlanayotgan transport vositasining haydovchisi asosiy yoldan yaqinlashayotgan transport vositalariga ularning keyingi harakatlanish yo'nalishidan qat'iy nazar, yol berishi kerak. Bunday chorrahalarda tramvay harakatlanish yo'nalishidan qat'iy nazar, teng ahamiyatli yolda bir yo nalishda yoki qarama-qarshi yo'nalishda harakatlanayotgan relssiz transport vositalariga nisbatan imtiyozga ega."
question_928,Yonalishli bolmagan transport vositalari «A» xarfi bilan belgilangan o'ng tasmada qaysi holatlarda harakatlanishlari mumkin?,"{""Yolovchilarni chiqarish va tushirishda"",""O'nga burilishda"",""Yuqoridagi barcha holatlarda aragda yo'nalishli transport vositalariga xalaqit bermasa""}",2,https://lgacbbewpuzeyxijzfii.supabase.co/storage/v1/object/public/test-images/question-928.jpg,300,,"YHQ 22-bobi 132-bandi: Yo'nalishli transport vositalarining harakatlanishi uchun 5.9, 5.10.1 - 5.10.3 yol belgilari bilan ajratilgan tasmada boshqa transport vositalarining harakatlanishi va to xtashi taqiqlanadi. Agar 5.9 yo'l belgisi bilan belgilangan tasma qatnov qismining boshqa tasmalardan uzuq-uzul chiziq bilan ajratilgan bo'lsa, burilmoqchi bo layotgan transport vositalari bu tasmaga qayta tizilishlari kerak. Shuningdek, bunday joylarda yo'nalishli transport vositalarining harakatiga xalaqit bermaslik sharti bilan yo'lga chiqish, qatnov qismining chetki o'ng tomonida yo lovchilarni chiqarish va tushirish uchun bu bo lakka o tishga ruxsat etiladi."
question_929,"Agar avtomobilning ong g'ildiraklari nam qoplamali yol yoqasiga chiqib qolsa, tavsiya etiladi?","{""Avtomobilni tormozlash va to'liq to'xtatish"",""Avtomobilni tormozlamasdan, yolning harakat qismiga ohista ravon burish"",""Avtomobilni tormozlab, yolning harakat qismiga ohista ravon burish""}",1,https://postimg.cc/Dmfk0bYv,300,,"Bunday holatda avtomobilni moment kuchlar burib yuborishga moyil bo'ladi, shuning uchun ikkinchi javobdagi usulni qo'llang."
question_931,Qaysi belgi yolning kichik radiusli xavfli burilish joyiga yaqinlashayotganlik haqida ogohlantiradi?,"{""2"",""3"",""1"",""4""}",3,https://lgacbbewpuzeyxijzfii.supabase.co/storage/v1/object/public/test-images/question-931.jpg,300,,"YHQ 1 ilova: 1.11.1, 1.11.2. «Xavfli burilishi». 1.11.1 - o'ngga, 1.11.2 - chapga yo'l belgilari yo lning kichik radiusli yoki ko'rinishi cheklangan burilish joyini bildiradi."
question_932,Yol to'sig'iga chizilgan tik chiziq nimani bildiradi?,"{""Yolning kichik radiusli burilish, tik nishablik va boshqa xavfli joylarda yo'l to'siqlarining yon yuzalarini bildiradi"",""Xavfli chorrahaga yaqinlashayotganlik haqida"",""Temir yol kesishmasiga yaqinlashayotganlik haqida""}",0,https://lgacbbewpuzeyxijzfii.supabase.co/storage/v1/object/public/test-images/question-932.jpg,300,,"YHQ 2 ilova: 2.5 - yo'Ining kichik radiusli burilish, tik nishablik va boshqa xavfli joylarda yo l to'siqlarining yon yuzalarini bildiradi."
question_933,Qaysi belgilar axborot-korsatkich belgilari?,"{""2 va 3"",""1 va 2"",""1 va 4"",""3 va 4""}",0,https://lgacbbewpuzeyxijzfii.supabase.co/storage/v1/object/public/test-images/question-933.jpg,300,,YHQ 1 ilova: Axborot-ishora belgilari
question_934,Yolning xavfli burilishlarida oldingi uzatmali avtomobilning orqa oqi yon tomonga sirpanayotganda siz qanday harakat qilasiz?,"{""Tormozlab turib rul chambaragini sirpangan tomonga burasiz"",""Gaz berishni kamaytirib rul chambaragi bilan boshqaruvni barqarorlashtirasiz"",""Gaz pedalini ohista bosib avtomobilni rul chambaragini to'g'rilab avtomobilni sirpanishdan olib chiqib ketasiz"",""Gaz pedalini koproq bosib, avtomobilni rul chambaragini o'zgartirmasdan sirpanishdan olib chiqasiz""}",2,https://postimg.cc/Dmfk0bYv,300,,"Oldingi uzatmali avtomobillar orqa uzatmali avtomobillardan yetarlicha farq giladi. Bu farqni avtomobil boshqaruvida e tiborga olish kerak. To gri yo'lda yuqori tezlikda harakatlanishda orqa yetaklovchi avtomobilga nisbatan yonga siljish extimoli kam. Biroq nam qoplamali burilishlarda avtomobil boshqarish texnikasiga rioya etilmasa, nafaqat yonga sirpanish balki avtomobil barcha gildiraklarining yonga siljishi va yo l-transport hodisalari kelib chiqishi ehtimoli mavjud."
question_935,Avtomobilning ABS tizimi burilishda sirpanish va yonga siljishni oldini oladimi?,"{""Avtomobil sirpanish va yonga sirpanishini oldini olmaydi"",""Avtomobil faqat sirpanish ehtimolining oldini oladi"",""Avtomobil faqat yonga siljish ehtimolining oldini oladi""}",0,https://postimg.cc/Dmfk0bYv,300,,"Antiblokirovka tizimi (ABS) avtomobilning tormoz tizimi bilan birga qarama qarshi ishlab uni tartibga soladi, ya'ni g'ildiraklarni keskin tormozlaganda ularni blokirovkadan asraydi. Bu bilan avtomobilni turg'unligini va boshqaruvchanligini yengillashtiradi. Bu tizimning o'ziga yarasha qulayligi va shu bilan bir qatorda kamchiliklari ham mavjud. Qo'qgisdan tormozlanganda hatto quruq, qattiq goplamali yo'llarda ABS tizimi avtomobilni to'xtata olmaydi uni ishga tushish vaqti (1-2 sek.) ushbu vaziyatga haydovchi ko'nikma hosil qilishi kerak. Bu esa o'z navbatida tajriba talab etadi. Burilishlarda markazdan qochirma kuch evaziga ABS sirpanish va siljishga ta'sir eta olmay qolish ehtimoli yuzaga keladi."
question_936,Qaysi yol belgilari yolning tor qismida haydovchiga ustunlik beradi?,"{""«A» va «В»"",""«Б» va «Г»"",""«Б» va «В»"",""Faqat «B»""}",1,https://lgacbbewpuzeyxijzfii.supabase.co/storage/v1/object/public/test-images/question-936.jpg,300,,"YHQ 21-bobi 128-bandi: Agar yolning 1.13 va 1.14 yo'l belgilari bilan belgilangan qiyaliklarda, qarama-qarshi yo nalishlarda harakatlanishni qiyinlashtiradigan to'siq bo'lsa, nishablikka harakatlanayotgan transport vositasining haydovchisi yol berishi kerak. YHQ 1 ilova: 2.7. «Ro'paradagi harakatlanishga nisbatan imtiyoz» belgisi. Yolning tor qismida harakatlanishda haydovchi ro'paradan kelayotgan transport vositasiga nisbatan imtiyozga egaligini bildiradi."
question_937,Avtomobil haydovchisi qayrilib olmoqchi:,"{""Chorrahaga birinchi bolib o'tadi"",""Tramvayga yol berib qayrilib oladi""}",1,https://lgacbbewpuzeyxijzfii.supabase.co/storage/v1/object/public/test-images/question-937.jpg,300,,"YHQ 16-bobi 105-bandi: Teng ahamiyatga ega bo'lgan yo llar kesishgan chorrahada relssiz transport vositasining haydovchisi o'ngdan kelayotgan transport vositalariga yol berishi shart. Bu qoidaga tramvay haydovchilari ham o'zaro amal qilishlari kerak. Bunday chorrahalarda, keyingi harakat yo'nalishidan qati nazar, tramvay relssiz transport vositalariga nisbatan oldin o'tish huquqiga ega boladi."
question_938,Rasmda korsatilgan chorraha-...,"{""Tartibga solinmagan, teng ahamiyatga ega bolmagan yollar kesishgan chorraha"",""Tartibga solingan chorraha"",""Tartibga solinmagan, teng ahamiyatga ega bolgan yollar kesishgan chorraha""}",1,https://lgacbbewpuzeyxijzfii.supabase.co/storage/v1/object/public/test-images/question-938.jpg,300,,"YHQ 14-bobi 98-bandi: Harakatlanish navbati svetofor yoki tartibga soluvchining ishoralari orqali aniqlanib boshqarilayotgan chorraha - tartibga solingan chorraha hisoblanadi. Miltillovchi sariq ishora yonib-o'chayotgan, svetoforlar ishlamayotgan yoki tartibga soluvchi bolmagan chorraha - tartibga solinmagan chorraha hisoblanadi. Haydovchilar tartibga solinmagan chorrahalardan o tish qoidalariga hamda chorrahada o'rnatilgan imtiyoz belgilariga amal qilishlari shart."
question_939,Ushbu yo'l belgisi qanday maqsadda qo'llaniladi?,"{""Majburiy tarzda tezlikni kamaytirish uchun"",""Ehtiyot choralarini korish uchun"",""Keskin tormoz berish uchun""}",0,https://lgacbbewpuzeyxijzfii.supabase.co/storage/v1/object/public/test-images/question-939.jpg,300,,YHQ 1 ilova: 1.31. «Sun'iy yol notekisligi». Yo'lning sun'iy notekislik o'rnatilgan qismiga yaqinlashayotganligi to g'risida ogohlantiradi. Transport vositasining harakatlanish tezligini majburiy tarzda kamaytirish uchun qo'llaniladi.
question_940,Mototsikl haydovchisi qolini yuqoriga ko'tarib nima haqida axborot berayapti?,"{""O'ngga burilmoqchi ekanligi haqida"",""To'xtash haqida"",""Harakatni davom ettirish haqida""}",1,https://lgacbbewpuzeyxijzfii.supabase.co/storage/v1/object/public/test-images/question-940.jpg,300,,"YHQ 8-bobi 45-bandi: Haydovchi harakatlanishni boshlashdan, qayta tizilishdan, burilish (qayrilib olish) dan va to'xtashdan oldin tegishli yo'nalishni ko'rsatuvchi yorug'lik ishoralarini yoqishi, ular bo lmaganda yoki ishlamaganda qo'l bilan ishoralar berishi shart. To'xtash ishorasi chap yoki o'ng qo'Ini yuqoriga ko tarib beriladi."
question_941,Yengil avtomobil burilishda ag'darilib ketishga qarshi turg'unroq:,"{""Yolovchisiz, biroq yuqori yukxonasidagi yuki bilan"",""Yolovchisiz va yuksiz"",""Yolovchilari va yuksiz"",""Yolovchi va yuki bilan""}",1,https://postimg.cc/Dmfk0bYv,300,,Avtomobil og'irlik markazi qancha pastda bo'lsa va undagi yuklar to'g'ri (simmetrik) joylashsa u shuncha turg'unroq bo ladi. Yuksiz yo lavchilarsiz avtomobil yo lovchisi bor va yuki bor avtomobilga nisbatan turg unroqdir.
question_942,Qaysi javobda orqaga harakatlanish taqiqlangan joylar ko'rsatilgan?,"{""Tunnellarda"",""Chorrahalarda"",""Piyodalarning o'tish joyida"",""Barcha javoblar to'g'ri""}",3,https://postimg.cc/Dmfk0bYv,300,,YHQ 9-bobi 63-bandi: Transport vositasini orgaga harakatlantirishda haydovchi yol harakati xavfsizligini ta minlashi va boshga yo'l harakati qatnashchilariga xalaqit bermasligi shart. Zarurat tug ilganda haydovchi boshqa shaxslarning yordamidan foydalanishi kerak. Orqaga harakatlanish chorrahalarda va ushbu Qoidalarning 62-bandiga muvofiq qayrilib olish mumkin bo'Imagan joylarda taqiqlanadi.
question_943,108 km/soat tezlikda harakatlanayotgan avtomobil 1 sekundda qancha masofani bosib o'tadi?,"{""15 m"",""30 m"",""20 m""}",1,https://postimg.cc/Dmfk0bYv,300,,"1 km = 1000 metr 1 soat = 60 min = 3600 sekund Keling, ushbu qiymatlarni almashtiramiz: 108 km/soat = 108*1000/(1*3600) = 108000/3600 = 30 m/s."
question_944,Qaysi transport vositasiga harakatlanish taqiqlangan?,"{""Hech kimga taqiqlanmagam"",""Yuk avtomobiliga"",""Mototsiklga""}",1,https://lgacbbewpuzeyxijzfii.supabase.co/storage/v1/object/public/test-images/question-944.jpg,300,,"YHQ 7-bobi 38-bandi: Tartibga soluvchining o'ng qo'li oldinga uzatilganda: chap yonidan tramvayga chapga, relssiz transport vositalariga barcha yo nalishlarda; oldi tomonidan barcha transport vositalariga faqat ongga harakatlanishga ruxsat beriladi; orqa tomonidan va o'ng yonidan barcha transport vositalarining harakatlanishi taqiqlanadi; piyodalarga tartibga soluvchining orqa tomonida gatnov qismini kesib o tishga ruxsat etiladi."
question_945,Haydovchi o'zidan oldinda harakatlanayotgan transport vositasi bilan qancha oraliq masofa saqlab harakatlanishi kerak?,"{""20 m"",""50 m"",""Haydovchi o'zidan oldinda harakatlanayotgan transport vositasi keskin tormoz berganida to'qnashib ketmasligi kafolatini beradigan darajada oraliq masofani saqlash kerak""}",2,https://postimg.cc/Dmfk0bYv,300,,"YHQ 10-bobi 73-bandi: Haydovchi o'zidan oldinda harakatlanayotgan transport vositasi keskin tormoz berganida to'qnashib ketmaslik kafolatini beradigan darajadagi oraliq masofani, shuningdek yol harakati xavfsizligini ta'minlaydigan yonlama oraliq masofani saqlashi kerak."
question_946,Ushbu yoll belgisi:,"{""Qatnov qismida to'suvchi qurilma borligini bildiradi"",""Chorraha oldida to'suvchi qurilma borligini bildiradi"",""Oldinda boshqariladigan to'suvchi qurilma borligini bildiradi""}",2,https://lgacbbewpuzeyxijzfii.supabase.co/storage/v1/object/public/test-images/question-946.jpg,300,,"YHQ, 1 ilova: 1.34. «Diqqat, boshqariladigan to'siq». Ushbu yo'l belgisi boshqariladigan to'suvchi qurilmasiga yetmasdan o'rnatiladi va transport vositalari haydovchilarini oldinda to'suvchi qurilma borligi haqida ogohlantiradi."
question_947,Chorrahadan oxirgi bolib qaysi transport vositasi kesib otadi?,"{""Sariq avtomobil"",""Oq avtomobil sariq bilan bir vaqtda"",""Qizil avtomobil""}",1,https://lgacbbewpuzeyxijzfii.supabase.co/storage/v1/object/public/test-images/question-947.jpg,300,,"YHQ 16-bobi 104-bandi: Teng ahamiyatga ega bo'lmagan yollar kesishgan chorrahada, ikkinchi darajali yo'lda harakatlanayotgan transport vositasining haydovchisi asosiy yo'ldan yaqinlashayotgan transport vositalariga, ularning keyingi harakat yo nalishidan qat'i nazar, yo'l berishi kerak. YHQ 16-bobi 107-bandi: Chapga burilishda yoki qayrilib olishda relssiz transport vositasining haydovchisi teng ahamiyatli yo'ldan qarama-qarshi yo'nalishdan to'g'riga yoki o'ngga harakatlanayotgan, shuningdek ruxsat etilgan hollarda quvib o'tayotgan transport vositalariga yol berishi shart."
question_948,Chap tomondagi yondosh hududdan foydalanib qayrilib olishning korsatilgan qaysi usuli harakat xavfsizligini ta'minlaydi?,"{""Faqat o'ng tomondagi rasmda"",""Ikkisida ham"",""Faqat chap tomondagi rasmda""}",0,https://lgacbbewpuzeyxijzfii.supabase.co/storage/v1/object/public/test-images/question-948.jpg,300,,Eng maqbul va xavfsiz qayrilib olish ong tomondagi suratda ko rsatilgan. Bunday vaziyatda ko'rish maydoni keng va kam harakat talab etiladi.
question_949,Shatakka olingan avtobusda odam tashishga ruxsat etiladimi?,"{""Faqat otirgan holda tashishga ruxsat beriladi"",""Ruxsat beriladi"",""Taqiqlanadi""}",2,https://postimg.cc/Dmfk0bYv,300,,"YHQ 24-bobi 143-bandi: Qattiq yoki egiluvchan ulagich yordamida shatakka olingan avtobusda, trolleybusda va yuk avtomobili yukxonasida odam tashish, qisman ortish yo li bilan shatakka olishda esa shatakka olingan transport vositasining kabinasida va yukxonasida, shuningdek shatakka olgan transport vositasining yukxonasida odamlar bolishi taqiqlanadi."
question_950,Piyodalar to'xtab turgan avtobus va trolleybusning qaysi tomonidan yo'lni kesib o'tishlari kerak?,"{""Istalgan tomonidan"",""Oldi tomonidan"",""Orqa tomonidan""}",2,https://postimg.cc/Dmfk0bYv,300,,"YHQ 4-bobi 19-bandi: Piyodalar to'xtab turgan avtobus va trolleybusning orqa tomonidan, tramvayning esa oldi tomonidan yolni kesib o'tishlari shart."
question_951,Chapga burilayotgan sariq avtomobil haydovchisi qaysi tasmani egallashi kerak?,"{""Chap tasmani"",""O'rta tasmani"",""Istalgan tasmani"",""O'ng tasmani""}",2,https://lgacbbewpuzeyxijzfii.supabase.co/storage/v1/object/public/test-images/question-951.jpg,300,,"YHQ 9-bobi 57-bandi: Burilishni shunday amalga oshirish kerakki, bunda qatnov qismlarining kesishmasidan chiqayotgan transport vositasi qarama-qarshi yo'nalishdagi harakat tomoniga o'tib ketmasligi kerak. O'ngga burilayotgan transport vositasi iloji boricha qatnov qismining o'ng tomoniga yaqinroqda harakatlanishi kerak."
question_952,O'ng tomondagi yondosh hududan foydalanib qayrilib olishning korsatilgan qaysi usuli harakat xavfsizligini ta'minlaydi.,"{""Faqat chap tomondagi suratda"",""Faqat ong tomondagi suratda"",""Har ikki suratda""}",0,https://lgacbbewpuzeyxijzfii.supabase.co/storage/v1/object/public/test-images/question-952.jpg,300,,"Chap tarafdagi suratda Siz yondosh xududdan chikishda vaziyatni tulik nazorat kila olasiz. O'ng tomondagi suratda yo'lga orga tomon bilan chiqish siz uchun nisbatan xavfli, chunki yo'lni harakat gismida orqa bilan harakatlanayapsiz, shu bilan bir qatorda ko'rish maydoni cheklangan."
question_953,M toifadagi transport vositalari bu:,"{""Kamida to'rt g'ildirakka ega bolgan va yo lovchilarni tashish uchun foydalaniladigan mexanik transport vositalari"",""Tirkamalar (yarim tirkamalar ham)"",""Yuk tashish uchun moljallangan, eng katta vazni 3,5 t dan oshmaydigan avtotransport vositalari""}",0,https://postimg.cc/Dmfk0bYv,300,,"YHQ 3 ilova 7.22 band: M toifasi - kamida to'rt g'ildirakka ega bolgan va yo lovchilarni tashish uchun foydalaniladigan mexanik transport vositalari, shu jumladan: Ml toifasi - yo lovchilarni tashish uchun foydalaniladigan va haydovchining o'rindig'idan tashqari o'rindiqlar soni 8 tadan oshmaydigan avtotransport vositalari. M2 toifasi - yo lovchilarni tashish uchun foydalaniladigan, haydovchining o rindig idan tashqari o'rindiqlar soni 8 tadan ortiq va eng katta vazni 5 t gacha bolgan avtotransport vositalari. M3 toifasi - yo lovchilarni tashish uchun foydalaniladigan, haydovchining o'rindig idan tashqari o'rindiqlar soni 8 tadan ortiq va eng katta vazni 5 t dan ko'p bolgan avtotransport vositalari."
question_954,Ushbu yol belgisi qanday nomlanadi?,"{""Yuk avtomobillari bilan quvib o'tish taqiqlangan"",""Katta olchamli yuklarni tashish taqiqlangan"",""Xavfli yuk tashiyotgan transport vositasining harakati taqiqlangan""}",2,https://lgacbbewpuzeyxijzfii.supabase.co/storage/v1/object/public/test-images/question-954.jpg,300,,"YHQ, 1 ilova 3.32: «Xavfli yuk tashiyotgan transport vositasining harakati taqiqlangan»."
question_955,Yolning qatnov qismi-...,"{""Yolning relssiz transport vositalari harakati uchun moljallagan qismi"",""Yolning avtomobillar harakati uchun moljallagan qismi"",""Yolning transport vositalari harakati uchun moljallagan qismi""}",0,https://postimg.cc/Dmfk0bYv,300,,YHQ umumiy qoidalar: Qatnov qismi - yolning relssiz transport vositalari harakati uchun moljallangan qismi.
question_956,Qaysi rasmdagi avtomobil haydovchisi yuk tashish qoidasini buzayapti?,"{""«А»"",""«Б»"",""«А» va «Б»""}",0,https://lgacbbewpuzeyxijzfii.supabase.co/storage/v1/object/public/test-images/question-956.jpg,300,,"YHQ 27-bobi 163-bandi: Transport vositasining gabaritlaridan oldi yoki orqa tomonga 1 metrdan, yon tomonga gabaritning chetki qismidan 0,4 metrdan ortiq chiqib turgan yuk «Katta o'Ichamli yuk» taniqlik belgisi bilan belgilanishi, sutkaning qorong'i vaqtida va yetarlicha ko'rinmaydigan sharoitda esa bunga qo'shimcha ravishda oldi oq rangli chiroq yoki yorug'lik qaytargich, orqasi esa qizil rangli chiroq yoki yorug'lik qaytargich bilan belgilanishi kerak."
question_957,Chorrahani oxirgi bolib qaysi transport vositasi kesib otadi?,"{""Qizil avtomobil"",""Yashil avtomobil"",""Ko'k avtomobil""}",0,https://lgacbbewpuzeyxijzfii.supabase.co/storage/v1/object/public/test-images/question-957.jpg,300,,YHQ 16-bobi 105-bandi: Teng ahamiyatga ega bo'lgan yollar kesishgan chorrahada relssiz transport vositasining haydovchisi o'ngdan yaqinlashayotgan transport vositalariga yo'l berishi shart. Bu qoidaga tramvay haydovchilari ham o'zaro amal qilishlari kerak. YHQ 16-bobi 107-bandi: Chapga burilishda yoki qayrilib olishda relssiz transport vositasining haydovchisi teng ahamiyatli yo'ldan qarama-qarshi yo'nalishdan to'g'riga yoki o'ngga harakatlanayotgan transport vositalariga yo'l berishi shart. Bu qoidaga tramvay haydovchilari ham o'zaro amal qilishlari kerak.
question_958,"Haydovchi yolning relssiz transport vositalari harakatlanayotgan tasmalar sonini belgilaydigan chiziqlar yoki yo'l belgilari bo'lmasa, tasmalar sonini qanday aniqlash kerak?","{""Qatnov qismining kengligini, transport vositalari orasidagi zarur yonlama oraliq masofani va ularning gabarit o'lchamlarini hisobga olgan holda ozi aniqlaydi"",""Bunday yo'lni ikki tasmali qarama qarshi harakat tashkil qilingan yol deb qabul qilish kerak""}",0,https://postimg.cc/Dmfk0bYv,300,,"YHQ 10-bobi 64-bandi: Relssiz transport vositalari harakatlanadigan tasmalar soni chiziqlar va (yoki) 5.8.1, 5.8.2, 5.8.7, 5.8.8 yol belgilari bilan belgilanadi. Bunday chiziqlar yoki yo'l belgilari bo'lmasa, haydovchilar harakatlanish tasmalari sonini, qatnov gismining kengligini, transport vositalari orasidagi zarur yonlama oraliq masofani va ularning gabarit o'Ichamlarini hisobga olgan holda o'zlari aniqlaydilar. Bunda harakatlanish ikki tomonlama bo'lgan yol qatnov qismining chap tomondagi yarmi, qatnov qismining joylardagi kengayishlari (sekinlashish va tezlashish tasmalari, balandlikka ko'tarilishdagi qo'shimcha tasmalar, yo nalishli transport vositalarining to'xtash joylaridagi kengayishlar)ni hisobga olmagan holda, qarama-qarshi yo nalishda harakatlanish uchun moljallangan deb hisoblanadi."
question_959,Balandlika yol chetida tosiq mavjud bolganda to'xtagan avtomobilni joyidan g'ildirab ketishini oldini olish uchun oldingi g'ildiraklarni burib qo'yish usuli qaysi javobda to'g'ri ko'rsatilgan?,"{""«Б» va «В»"",""«Б» va «Г»"",""«А» va «Г»"",""«А» va «В»""}",3,https://lgacbbewpuzeyxijzfii.supabase.co/storage/v1/object/public/test-images/question-959.jpg,300,,YHQ 13-bobi 95-bandi: Transport vositasining o'z-o'zidan harakatlanib ketishini yoki o'zi yo'qligida undan foydalanishni istisno qiladigan zarur ehtiyot choralarini ko'rgandan keyingina haydovchi o'z joyini tashlab ketishi yoki transport vositasini qoldirishi mumkin. Qiyalikda avtomobilni nazarda tutilmagan g ildirab ketishini oldini olish uchun avtomobil g'ildiraklarini nishablik tomon yo'l cheti tosh bordyurga burib tirab qo'yish (A) va aksincha orgaga g'ildirab ketishni oldini olish uchun oldingi g'ildiraklarni orqa tomoni tosh bordyurga taqab qo'yish (B) avtomobilni joyidan qo'zg'almaslikni qo'shimcha choralari bo'lib xizmat qiladi.
question_960,Qaysi yo'l belgilari yo'nalishsiz transport vositalariga chapga burilishni taqiqlaydi?,"{""Faqat «A»"",""«А» va «Б»"",""Hammasi"",""«A» va «В»""}",3,https://lgacbbewpuzeyxijzfii.supabase.co/storage/v1/object/public/test-images/question-960.jpg,300,,"YHQ 1-ilovaning quyidagi bandlar: 5.10.2, 5.10.3. «Yunalishli transport vositalari uchun alohida ajratilgan tasmasi bor yo lga chiqishi». 5.11.1. «Qayrilib olish joyi». Chapga burilish taqiqlanadi."
question_961,Yolovchilarga taqiqlanadi:,"{""Transport vositasi harakatlanayotgan vaqtda uning eshiklarini ochish"",""Harakatlanayotgan bortli yuk avtomobillarida tik turish, bortlarda yoki undan yuqoridagi yuk ustida o'tirish"",""Transport vositasi harakatlanayotgan vaqtda haydovchini boshqarishdan chalg'itish va unga xalaqit berish"",""Barcha korsatilgan javoblar to'g'ri""}",3,https://postimg.cc/Dmfk0bYv,300,,"YHQ 5-bobi 24-bandi: Yo lovchilarga quyidagilar taqiqlanadi: transport vositasi harakatlanayotgan vaqtda haydovchini boshqarishdan chalg'itish (unga xalaqit berish); harakatlanayotgan bortli yuk avtomobillarida tik turish, bortlarda yoki undan yuqoridagi yuk ustida o'tirish; transport vositasi harakatlanayotgan vaqtda uning eshiklarini ochish; transport vositasi harakatlanayotgan vaqtda salondan tana qismlarini (qo'ldan tashqari) chiqarish taqiqlanadi. Bu talablarning bajarilishini haydovchi nazorat qilishi kerak."
question_962,Korsatilgan qaysi belgilar faqat shu ornatilgan tasmani o'ziga ta'sir qiladi?,"{""Faqat «A»"",""Faqat «Б»"",""«Б» va «В»""}",0,https://lgacbbewpuzeyxijzfii.supabase.co/storage/v1/object/public/test-images/question-962.jpg,300,,"YHQ, 1 ilova 3.24: «Yukori tezlik cheklangan». Belgida kursatilganidan ortik tezlikda (km/s) harakatlanish takiklanishini bildiradi. 7.14. «Harakatlanish tasmasi». Belgi yoki svetofor ta'siridagi harakatlanish bo lagini kursatadi."
question_963,Mexanik transport vositalarini shatakka olishda egiluvchan ulagichga kamida nechta ogohlantiruvchi quilma o'rnatiladi?,"{""Kamida uchta"",""Kamida bitta"",""Kamida ikkita""}",2,https://postimg.cc/Dmfk0bYv,300,,"YHQ 29-bobi 177-bandi: Mexanik transport vositalarini shatakka olishda egiluvchan ulagichni ko'rsatadigan ogohlantiruvchi, o'lchami 200 x 200 millimetr bolgan, diagonali bo'yicha ketma-ket joylashgan 50 millimetr qalinlikdagi qizil va oq rangli chiziqlar tushirilgan, yorug lik qaytaradigan yuzali bayroqchalar yoki taxtachalar shaklidagi ogohlantiruvchi qurilmalar ornatilishi kerak. Egiluvchan ulagichga kamida ikkita ogohlantiruvchi qurilma o'rnatiladi."
question_964,Siz to'g'ri yolda harakatlanayotib to'satdan yolning qisman katta bolmagan sirpanchiq qismiga duch keldingiz. Bunda qanday ehtiyot choralarini ko'rasiz?,"{""Rulni burib sirpanchiqdan chiqib ketish"",""Avtomobilni ohista to'xtatish"",""Harakat yo'nalishini va tezlikni o'zgartirmasdan ehtiyotkorlik bilan o'tib ketish""}",2,https://postimg.cc/Dmfk0bYv,300,,Ushbu holatda Siz yo'lning sirpanchiq qismidan harakatlanish yo'nalishi va tezligini o'zgartirmasdan ehtiyotkorlik bilan o'tib ketishingiz lozim bo'ladi.
question_965,Turar joy dahasidan yolga chiqishda yol berish zarur:,"{""O'ng tomondan yaqinlashib kelayotgan transport vositalariga"",""Ko'k rangli yalt-yalt etuvchi chiroqcha-mayoqcha yoqilgan transport vositalariga"",""Chap tomondan yaqinlashib kelayotgan transport vositalariga"",""Barcha transport vositalariga""}",3,https://postimg.cc/Dmfk0bYv,300,,YHQ 20-bobi 126-bandi: Turar joy dahalaridan chiqishda haydovchilar boshqa harakat qatnashchilariga yo'l berishlari kerak.
question_966,Svetofor ishoralari imtiyoz belgilari talablariga zid kelgan hollarda:,"{""Haydovchilar svetofor ishoralariga amal qilishlari kerak"",""Haydovchilar imtiyoz belgilariga amal qilishlari kerak""}",0,https://postimg.cc/Dmfk0bYv,300,,YHQ 7-bobi 43-bandi: Svetofor ishoralari imtiyoz belgilari talablariga zid kelgan hollarda haydovchilar svetofor ishoralariga amal gilishlari kerak.
question_967,Harakatlanish bolagidagi uchburchak shaklidagi chiziq:,"{""Yol berishingiz kerak bolgan joy yaqinlashayotganligi haqida ogohlantiradi"",""To'xtashingiz zarur bo'lgan joyni bildiradi"",""Yolning xavfli qismini bildiradi""}",0,https://lgacbbewpuzeyxijzfii.supabase.co/storage/v1/object/public/test-images/question-967.jpg,300,,"YHQ 2 ilova. 1.20 - haydovchini 1.13 chizig'iga yaqinlashayotgani haqida ogohlantiradi. 1.13 - kesishayotgan yo Ida harakatlanayotgan transport vositasiga yo'l berish uchun to xtash zarur bo'lganda, haydovchiga transport vositasini to xtatish joyini ko rsatadi."
question_968,Sariq avtomobil chorrahani nechanchi bolib kesib o'tadi?,"{""Ikkinchi bolib"",""Uchinchi bolib"",""Oxirgi bolib""}",2,https://lgacbbewpuzeyxijzfii.supabase.co/storage/v1/object/public/test-images/question-968.jpg,300,,"YHQ 16-bobi 104-bandi: Teng ahamiyatga ega bo lmagan yo llar kesishgan chorrahada, ikkinchi darajali yolda harakatlanayotgan transport vositasining haydovchisi asosiy yoldan yaqinlashayotgan transport vositalariga, ularning keyingi harakat yo'nalishidan qat'i nazar, yol berishi kerak. YHQ 16-bobi 106-bandi: Asosiy yo Ining yo'nalishi chorrahada o'zgarganda asosiy yo'lda harakatlanayotgan haydovchilar o'zaro teng ahamiyatli yo llar chorrahasidan o tish qoidasiga amal qilishlari kerak."
question_969,Temir yol kesishmalari va ularga yaqin joylarda quvib o'tishga tegishli qanday yol harakati qoidalari amal qiladi?,"{""Quvib o'tish faqat temir yo'l kesishmalaridan keyin taqiqlanadi"",""Temir yol kesishmalarida, ularga 100 metrdan kam masofa qolganda va temir yol kesishmalaridan keyin 100 metr davomida quvib o'tish taqiqlanadi"",""Temir yol kesishmalarida va ularga 100 metrdan kam masofa qolganda quvib o'tish taqiqlanadi""}",2,https://postimg.cc/Dmfk0bYv,300,,"YHQ 12-bobi 86-bandi: Quvib o'tish quyidagi hollarda taqiqlanadi: tartibga solingan chorrahalarda; tartibga solinmaydigan chorrahalarda asosiy hisoblanmaydigan yollarda harakatlanishda; ko'priklarda, yo'l o'tkazgichlarda, estakadalarda va ularning ostida; piyodalar o'tish joylarida; temir yo'l kesishmalarida va ulargacha 100 metrdan kam masofa qolganda; quvib yoki aylanib o'tayotgan transport vositalarini; tepalikning oxirida va yolning ko'rinishi cheklangan joylarida; 3.20 va 3.22 yo'l belgilari ta'sir oralig'ida."
question_970,Harakatlanish tasmasi:,"{""Avtomobillarning bir qator bolib harakatlanishi uchun yetarlicha keng bolgan, yol chiziqlari bilan belgilangan yoki belgilanmagan yol qatnov qismining har qanday boylama tasmasi"",""Yolning yonma-yon joylashgan qatnov qismlarini ajratuvchi, transport vositalari harakatlanishi yoki to'xtashi uchun moljallanmagan, yol sathidan baland va (yoki) 1.1 yotiq chizig'i bilan belgilangan qismi"",""Yolning relssiz transport vositalari harakati uchun moljallangan qismi""}",0,https://postimg.cc/Dmfk0bYv,300,,"YHQ umumiy qoidalar: Harakatlanish tasmasi - avtomobillarning bir qator bolib harakatlanishi uchun yetarlicha keng bo'lgan, yo'l chiziqlari bilan belgilangan yoki belgilanmagan yol qatnov qismining har qanday bo'ylama tasmasi."
question_971,Bu qo'shimcha-axborot yol belgisi qaysi yol belgisi bilan birgalikda qullaniladi?,"{""«А»"",""«Б»"",""«С»""}",1,https://lgacbbewpuzeyxijzfii.supabase.co/storage/v1/object/public/test-images/question-971.jpg,300,,YHQ 1 ilova 7.12: «Xavfli yol yoqasi». Yol ishlari bajarilayotgani sababli yo'l yoqasiga chiqish xavfli ekanligi haqida ogohlantiradi. 1.23 belgisi bilan qo llaniladi.
question_972,Agar piyodalar o'tish joylaridan keyin tirbandlik paydo bo'lsa haydovchi qayerda to'xtashi kerak?,"{""Bevosita piyodalar o'tish joyi oldida"",""Piyodalar o'tish joyida, agar piyodalar bolmasa"",""Piyodalar o'tish joyiga 5 m yetmasdan""}",0,https://postimg.cc/Dmfk0bYv,300,,"YHQ 17-bobi 112-bandi: Piyodalar o tish joylaridan keyin paydo bolgan tirbandlik tufayli haydovchi piyodalar o'tish joyida to xtashga majbur bo'ladigan bo'lsa, piyodalar o'tish joyiga kirish taqiqlanadi."
question_973,Chorrahani ikkinchi bolib kesib o'tadi:,"{""Mototsikl"",""Tramvay"",""Avtomobil""}",2,https://lgacbbewpuzeyxijzfii.supabase.co/storage/v1/object/public/test-images/question-973.jpg,300,,"YHQ 16-bobi 104-bandi: Teng ahamiyatga ega bo lmagan yo llar kesishgan chorrahada, ikkinchi darajali yo Ida harakatlanayotgan transport vositasining haydovchisi asosiy yo ldan yaqinlashayotgan transport vositalariga, ularning keyingi harakat yo nalishidan qat'i nazar, yol berishi kerak. YHQ 16-bobi 106-bandi: Asosiy yo'lning yo'nalishi chorrahada o'zgarganda, asosiy yolda harakatlanayotgan haydovchilar o'zaro teng ahamiyatli yo llar chorrahasidan o tish qoidasiga amal qilishlari kerak. Ikkinchi darajali yo'llarda harakatlanayotgan haydovchilar ham o'zaro shu qoidaga amal qilishlari kerak. YHQ 16-bobi 107-bandi: Chapga burilishda yoki qayrilib olishda rel'ssiz transport vositasining haydovchisi teng ahamiyatli yoldan qarama-qarshi yo'nalishdan to'g'riga yoki o'ngga harakatlanayotgan, shuningdek ruxsat etilgan hollarda quvib o tayotgan transport vositalariga yol berishi shart."
question_974,"Tola vazni 3,5 tonnadan oshmaydigan yuk avtomobillarini quyidagilar bilan jihozlanmagan bolsa ham foydalanishga ruxsat etiladi:","{""Tibbiyot qutichasi"",""Ơ't ochirgich"",""O'zi yurib ketishidan saqlovchi, g'ildirak diametriga muvofiq (kamida ikkita) tirgak"",""Majburiy to'xtaganini bildiruvchi belgi (yoki miltillovchi qizil chiroq)""}",2,https://postimg.cc/Dmfk0bYv,300,,"YHQ 3 ilova 7.10: M3, N2, N3 toifadagi - o'zi yurib ketishidan saqlovchi, g'ildirak diametriga muvofiq (kamida ikkita) tirgak."
question_975,Ko'rsatilgan qaysi yol belgisi yengil yo'nalishsiz taksilarga yolovchilarni tushurish-chiqarish (yuklarni ortish-tushurish) vaqtida ta'sir qilmaydi?,"{""Faqat «A»"",""Faqat «Б» «С» «Д»"",""Faqat «C»"",""Hammasi""}",3,https://lgacbbewpuzeyxijzfii.supabase.co/storage/v1/object/public/test-images/question-975.jpg,300,,"YHQ 1 ilova: 3.27. belgisi yo lalishsiz yengil taksilarga yo lovchilarni tushurish-chiqarish (yuklarni ortish-tushurish) vaqtida ta'sir qilmaydi; Ushbu Qoidalarning 176-bandiga binoan «Nogiron» tanish belgisi bilan belgilangan avtomobillar va kajavali mototsikllarni boshqarayotgan nogiron haydovchilar 3.2, 3.3 va 3.28 belgilari talablaridan chetga chiqishlari mumkin. 7.18 belgi bo'lganda 3.27 belgisining ta'sir doirasida to'xtashga ruxsat etiladi. 3.28 - 3.30 belgilarining taksometri ishlab turgan taksilarga taalluqli emas."
question_976,Chorraxadan oxirgi bolib qaysi transport vositasi kesib otadi?,"{""Velosiped"",""Avtobus"",""Avtomobil""}",2,https://lgacbbewpuzeyxijzfii.supabase.co/storage/v1/object/public/test-images/question-976.jpg,300,,"YHQ 16-bobi 104-bandi: Teng ahamiyatga ega bo'lmagan yollar kesishgan chorrahada, ikkinchi darajali yo'lda harakatlanayotgan transport vositasining haydovchisi asosiy yo'ldan yaqinlashayotgan transport vositalariga, ularning keyingi harakat yo nalishidan qat i nazar, yo'l berishi kerak. YHQ 16-bobi 107-bandi: Chapga burilishda yoki qayrilib olishda relssiz transport vositasining haydovchisi teng ahamiyatli yo'ldan qarama-qarshi yo'nalishdan to'g'riga yoki o'ngga harakatlanayotgan, shuningdek ruxsat etilgan hollarda quvib o'tayotgan transport vositalariga yol berishi shart."
question_977,Avtomagistralda toxtashga ruxsat berilgan:,"{""Faqat qatnov qismini chetini bildiruvchi chiziqdan chetda"",""5.15 yoki 6.11 yol belgilari bilan belgilangan maxsus to'xtab turish maydonchalarida"",""Qatnov qismidan chetda barcha joyda""}",1,https://postimg.cc/Dmfk0bYv,300,,YHQ 19-bobi 121-bandi: Avtomagistrallarda 5.15 yoki 6.11 yo'l belgilari bilan belgilangan maxsus to'xtab turish maydonchalaridan boshqa joylarda to'xtash taqiqlanadi.
question_978,Kunning yorug' vaqtida harakatlanayotgan qaysi rasmdagi avtomobil haydovchisi yuk tashish qoidasini buzayapti?,"{""Har ikkalasinda"",""A"",""Hech kim buzmayapti""}",2,https://lgacbbewpuzeyxijzfii.supabase.co/storage/v1/object/public/test-images/question-978.jpg,300,,"YHQ 27-bobi 163-bandi: Transport vositasining gabaritlaridan oldi yoki orqa tomonga 1 metrdan, yon tomonga gabaritning chetki qismidan 0,4 metrdan ortiq chiqib turgan yuk «Katta o'Ichamli yuk» taniqlik belgisi bilan belgilanishi, sutkaning qorong'i vaqtida va yetarlicha ko rinmaydigan sharoitda esa bunga qo'shimcha ravishda oldi oq rangli chiroq yoki yorug lik qaytargich, orqasi esa qizil rangli chiroq yoki yorug'lik qaytargich bil b l il i hi k k"
question_979,Qaysi holatlarda jabrlanuvchiga yurak-opka reanimatsiyasini boshlash kerak?,"{""Hushidan ketishda, nafas olish faoliyati va qon aylanishi to'xtaganda"",""Yurak sohasida og'riq sezilganda va nafas olish qiyinlashganda"",""Hushidan ketishda, nafas olish faoliyatidan qatiy nazar""}",0,https://postimg.cc/Dmfk0bYv,300,,"Yurak-o'pka reanimatsiyasi Faqat jabrlanuvchida xayot alomatlari yo'q bo'lganda amalga oshiriladi: xushidan ketish, uo' qui arteriyasida puls yo'qligi, nafas olish to'xtashi."
question_980,Trotuar va piyodalar yolkasi bo'lmaganda bolalar guruhini yolda qanday tartibda olib yurish mumkin?,"{""Qatnov qismi chetidan katta yoshdagilar kuzatuvida olib yurishga ruxsat etiladi"",""Yol yoqasidan faqat kunduzi va katta yoshdagilar kuzatuvida olib yurishga ruxsat etiladi""}",1,https://postimg.cc/Dmfk0bYv,300,,"YHQ 4-bobi 16-bandi: Bolalar guruhini trotuarlar va piyodalar yo lkalaridangina, ular bo'lmaganda esa yol yoqasidan faqat sutkaning yorug' vaqtida va katta yoshdagilar kuzatuvida olib yurishga ruxsat etiladi."
question_981,Chorraxadan uchinchi bolib qaysi avtomobil kesib o'tadi:,"{""Ko'k avtomobil"",""Yashil avtomobil"",""Qizil avtomobil""}",2,https://lgacbbewpuzeyxijzfii.supabase.co/storage/v1/object/public/test-images/question-981.jpg,300,,"YHQ 6-bobi 26-bandi: Haydovchilar tezkor va maxsus xizmatlarning ko'k yoki qizil yoxud ko'k va qizil rangli yalt-yalt etuvchi mayoqchalar va maxsus tovushli ishorasi yogilgan holda yaqinlashayotgan transport vositalariga, shuningdek ularning kuzatuvidagi, yaginni yorituvchi fara chiroqlari yogilgan transport vositasi (transport vositalari) ga yol berishlari shart. Mazkur turdagi transport vositalarini quvib o'tish taqiqlanadi. YHQ 16-bobi 104-bandi: Teng ahamiyatga ega bolmagan yo llar kesishgan chorrahada ikkinchi darajali yo ldan harakatlanayotgan transport vositasining haydovchisi asosiy yo ldan yaqinlashayotgan transport vositalariga ularning keyingi harakatlanish yo nalishidan qat iy nazar, yo'l berishi kerak. Bunday chorrahalarda tramvay harakatlanish yo'nalishidan gat iy nazar, teng ahamiyatli yolda bir yo nalishda yoki garama-qarshi yo nalishda harakatlanayotgan relssiz transport vositalariga nisbatan imtiyozga ega. YHQ 16-bobi 106-bandi: Asosiy yo Ining yo'nalishi chorrahada o'zgarganda, asosiy yolda harakatlanayotgan haydovchilar o'zaro teng ahamiyatli yo llar chorrahasidan o tish qoidasiga amal gilishlari kerak. Ikkinchi darajali yo llarda harakatlanayotgan haydovchilar ham o'zaro shu qoidaga amal qilishlari kerak."
question_982,Ushbu «50» yozuvli yol chizig'i nimani bildiradi?,"{""Yol yoki marshrut raqamini"",""Yolning ushbu qismida tavsiya berilgan tezlikni"",""Yolning ushbu qismida ruxsat berilgan eng yugori tezlikni""}",2,https://lgacbbewpuzeyxijzfii.supabase.co/storage/v1/object/public/test-images/question-982.jpg,300,,YHQ 2 ilova: 1.28 - taqiqlovchi yol belgilarini takrorlovchi yo'l chizig'i.
question_983,Qaysi rasmdagi avtomobil haydovchisi yuk tashish qoidasini buzayapti?,"{""«А», «Б»"",""«А»"",""«Б»""}",0,https://lgacbbewpuzeyxijzfii.supabase.co/storage/v1/object/public/test-images/question-983.jpg,300,,"YHQ 27-bobi 162-bandi: Yengil avtomobilning tom qismiga o'rnatilgan yukxonasidagi yukning balandligi 1 metrdan (maxsus moslamalar bilan mustahkamlangan holda velosipedlar va individual harakatlanish vositalarini tashish bundan mustasno) va uzunligi avtomobilning gabaritidan 0,5 metrdan oshmasa yukni tashishga ruxsat beriladi."
question_984,"Qol oyoq uchlari( tirsakdan past qismi, boldir) sinishida transport shinalari yoki ularni qo'lda yasash uchun vositalar bolmasa birinchi tibbiy yordam qanday korsatiladi?","{""Qollarni tirsakdan bukib, romolga osgan holda tanaga boglash, oyoqlarni orasiga albatta yumshoq mato qo'yib bir-biriga bog'lash"",""Qollarni tana bo'ylab chozgan holda tanaga bog'lash, oyoqlarni orasiga yumshoq mato qo'yib bir-biriga boglash"",""Qollarni tirsakdan bukib, ro'molga osgan holda tanaga boglash, oyoqlarni bir-biriga yaxshilab jipslab tekkazib bog'lash""}",0,https://postimg.cc/Dmfk0bYv,300,,"Qo'l oyoq uchlari ( tirsakdan past qismi, boldir) sinishida transport shinalari yoki ularni qo'lda yasash uchun vositalar bo'lmasa qo llarni tirsakdan bukib, го'то \ да osgan holda tanaga bog lash, oyoqlarni orasiga albatta yumshoq mato qo yib bir-biriga bog lash kerak."
question_985,Korsatilgan belgilardan qaysi biri texnik tavsifnomasiga yoki holatiga ko'ra tezligi soatiga 40 kilometrdan kam bolgan transport vositalarining harakatlanishini taqiqlaydi?,"{""Faqat «B»"",""«А» va «Б»"",""Faqat «A»""}",2,https://lgacbbewpuzeyxijzfii.supabase.co/storage/v1/object/public/test-images/question-985.jpg,300,,"YHQ 19-bobi 121-bandi: Avtomagistrallarda piyodalar, uy hayvonlari, ot-aravalar, velosipedlar, individual harakatlanish vositalari, skuterlar, mopedlar, traktorlar va o'zi yurar avtomobillar, texnik tavsifnomasiga yoki holatiga ko'ra tezligi soatiga 40 kilometrdan kam bo'lgan transport vositalarining harakatlanishi taqiqlanadi."
question_986,Qaysi holatlarda aholi punktlarida tovushli ishoralardan foydalanish mumkin?,"{""Faqat zarur bolgan hollarda yol-transport hodisasining oldini olish uchun"",""Faqat boshqa haydovchilarni quvib o'tish haqida ogohlantirish uchun"",""Barcha javoblarda ko'rsatilgan holatlarda""}",0,https://postimg.cc/Dmfk0bYv,300,,YHQ 8-bobi 48-bandi: Tovushli ishoralar faqat quyidagi hollarda qo'llanilishi mumkin: aholi punktlaridan tashqarida boshqa haydovchilarni quvib o tish haqida ogohlantirish uchun; zarur bo'lgan hollarda yol-transport hodisasining oldini olish uchun. Yuqorida ko'rsatilgan hollardan tashqari tovushli ishoralardan foydalanish taqiqlanadi.
question_987,Transport vositasining ruxsat etilgan tola vazn bu,"{""Aslahalangan transport vositasining ishlab chiqargan korxona tomonidan belgilangan, yuk, haydovchi va yolovchilari bilan birgalikdagi eng yuqori vazni (olchovi)"",""Transport vositasining yuki, haydovchi va yolovchilari bilan birgalikdagi vazni"",""Aslahalangan transport vositasining ishlab chiqargan korxona tomonidan belgilangan, yuksiz, haydovchisiz va yolovchilarsiz eng yuqori vazni (o'lchovi)""}",0,https://postimg.cc/Dmfk0bYv,300,,"YHQ umumiy qoidalar: Ruxsat etilgan to'liq vazn - jihozlangan transport vositasining ishlab chiqargan korxona tomonidan belgilangan yuk, haydovchi va yo lovchilari bilan birgalikdagi eng yuqori vazni (o'lchovi)."
question_988,"Korsatilgan belgilardan qaysi biri ruxsat etilgan to'la vazni 3,5 tonnadan oshmaydigan yuk avtomobillariga harakatlanishga ruxsat beradi?","{""«А» va «Б»"",""Faqat «Б»"",""«А» va «В»""}",2,https://lgacbbewpuzeyxijzfii.supabase.co/storage/v1/object/public/test-images/question-988.jpg,300,,YHQ 2 ilova: 3.1 - «Kirish taqiqlangan» belgisi. Barcha transport vositalarining kirishi taqiqlanishini bildiradi (yo'nalishli transport vositalaridan tashqari).
question_989,Turar joy dahalarida piyodalar yolning qaysi qismida harakatlanishlari kerak?,"{""Faqat trotuar boyicha"",""Qatnov qismi chetida bir qator bolib"",""Trotuardan yoki qatnov qismidan""}",2,https://postimg.cc/Dmfk0bYv,300,,"YHQ 20-bobi 123-bandi: Turar joy dahalari (kirish va chiqish 5.38 va 5.39 yo'l belgilari bilan belgilangan hududlar)da piyodalarga trotuarlar hamda gatnov qismida harakatlanishga ruxsat etiladi. Bunda piyodalar imtiyozga ega bo ladilar, biroq ular transport vositalarining harakatlanishiga asossiz xalaqit bermasliklari kerak."
question_990,Chorraxadan birinchi bolib qaysi transport vositasi kesib o'tadi?,"{""Ko'k avtomobil"",""Yashil avtomobil"",""Qizil avtomobil""}",1,https://lgacbbewpuzeyxijzfii.supabase.co/storage/v1/object/public/test-images/question-990.jpg,300,,"YHQ 16-bobi 105-bandi: Teng ahamiyatga ega bolgan yo'llar kesishgan chorrahada rel'ssiz transport vositasining haydovchisi ongdan yaqinlashayotgan transport vositalariga yol berishi shart. Bu qoidaga tramvay haydovchilari ham o'zaro amal qilishlari kerak. Bunday chorrahalarda keyingi harakat yo nalishidan qat'iy nazar, tramvay rel'ssiz transport vositalariga nisbatan oldin o'tish huquqiga ega bo ladi. YHQ 16-bobi 107-bandi: Chapga burilishda yoki qayrilib olishda rel'ssiz transport vositasining haydovchisi teng ahamiyatli yo ldan qarama-qarshi yo nalishdan to'g'riga yoki o'ngga harakatlanayotgan transport vositalariga yo'l berishi shart. Bu qoidaga tramvay haydovchilari ham o'zaro amal qilishlari kerak."
question_991,Tartibga solinmagan chorrahada qaysi belgi albatta to'xtashni talab qiladi?,"{""Faqat «Б» va «В»"",""Faqat «A»"",""Faqat «Б»"",""Hammasi""}",2,https://lgacbbewpuzeyxijzfii.supabase.co/storage/v1/object/public/test-images/question-991.jpg,300,,"YHQ 1 ilova: 2.5. «To'xtamasdan harakatlanish taqiqlangan» belgisi. To'xtash chizig'i oldida, agar u bo'lmasa, kesib o'tiladigan qatnov qismining chetida to'xtamasdan harakatlanish taqiqlanadi. Haydovchi kesib o'tilayotgan yo'ldan, 7.13 qo""shimcha-axborot belgisi bo lganda esa asosiy yo Idan harakatlanayotgan transport vositalariga yol berishi kerak."
question_992,Qaysi transport vositalari yonalishli transport vositalari hisoblanadi?,"{""Belgilangan yo'nalishi va bekatlari bolgan, yolovchi tashish uchun moljallangan umum foydalanishdagi transport vositalari (trolleybus, tramvay, avtobus, yo'nalishli taksi)"",""Yolovchilarni tashuvchi istalgan transport vositalari"",""Avtobuslar""}",0,https://postimg.cc/Dmfk0bYv,300,,"YHQ umumiy qoidalar: Yo'nalishli transport vositasi - belgilangan yo'nalishi va bekatlari bo'lgan, yo lovchi tashish uchun moljallangan umum foydalanishdagi transport vositalari (trolleybus, tramvay, avtobus, yo'nalishli taksi)."
question_993,Chorrahdan birinchi bolib kesib o'tadi,"{""Yashil avtomobil"",""Ko'k avtomobil"",""Qizil avtomobil""}",0,https://lgacbbewpuzeyxijzfii.supabase.co/storage/v1/object/public/test-images/question-993.jpg,300,,"YHQ 16-bobi 105-bandi: Teng ahamiyatga ega bolgan yollar kesishgan chorrahada relssiz transport vositasining haydovchisi ongdan yaqinlashayotgan transport vositalariga yo'l berishi shart. Bu qoidaga tramvay haydovchilari ham o zaro amal gilishlari kerak. Bunday chorrahalarda keyingi harakat yo nalishidan qat'iy nazar, tramvay relssiz transport vositalariga nisbatan oldin o tish huquqiga ega bo ladi."
question_994,Qatnov qismi yol chiziqlari bilan ajratilgan bolsa haydovchilar qanday holatlarda qatiy tasmalar bo'yicha harakatlanishlari kerak?,"{""Faqat harakatlanish tasmalari uzluksiz sidirg'a chiziqlar bilan ajratilgan bolsa"",""Faqat harakatlanish serqatnov bolganda"",""Barcha holatlarda""}",2,https://postimg.cc/Dmfk0bYv,300,,"YHQ 10-bobi 70-bandi: Agar qatnov qismi yo'l chiziqlari bilan tasmalarga ajratilgan bo'lsa, transport vositalarining harakatlanishi qat iy ravishda belgilangan tasmalarda amalga oshirilishi kerak. Faqat qayta tizilishda uzuq-uzuq chiziqlarni bosib o tishga ruxsat etiladi."
question_995,Ko'rsatilgan belgilardan qaysilarining talabi bevosita o'rnatilgan joyidan kuchga kiradi?,"{""«А» va «Б»"",""«Б»"",""Hammasi""}",0,https://lgacbbewpuzeyxijzfii.supabase.co/storage/v1/object/public/test-images/question-995.jpg,300,,"YHQ 1-ilova: 3.24 yo'l belgisi belgi o'rnatilgan joydan keyingi eng yaqin chorrahagacha, chorrahasi bo lmagan aholi punktlarida aholi yashaydigan hududning oxirigacha ta sir qiladi (""B""). Belgining ta'sir doirasi 7.2.1 qo'shimcha axborot belgisi bilan aniqlashtirilishi mumkin (""A""). Bunda belgining tasir doirasi belgi o'rnatilgan joydan 100 m gacha davom yetadi. (""V"") belgi ostidagi 7.1.1 «Ob'ektgacha bo'lgan masofa» qo'shimcha axborot belgisi belgi o'rnatilgan joydan tasir doirasi kuchga kiradigan joygacha bo'lgan masofani bildiradi."
question_996,Chorrahadan ikkinchi bolib qaysi transport vositasi kesib o'tadi?,"{""Yashil avtomobil tramvay bilan bir vaqtda"",""Yashil avtomobil"",""Qizil avtomobil""}",0,https://lgacbbewpuzeyxijzfii.supabase.co/storage/v1/object/public/test-images/question-996.jpg,300,,YHQ 15-bobi 100-bandi: Svetoforning taqiqlovchi qizil yoki sariq ishorasi bilan bir vaqtda yongan qo'shimcha tarmoqning ko'rsatkichli yashil ishorasi yo'nalishida harakatlanayotgan haydovchi boshqa yo nalishlardan harakatlanayotgan transport vositalariga yo'l berishi kerak.
question_997,Asosiy yol -,"{""Ikki tasmali yolga nisbatan uch yoki undan ko'p tasmali yo'l"",""Tuproqli yoki shag'alli yo'lga nisbatan qattiq qoplamali (asfalt va sement-betonli va shunga o'xshashlar yotqizilgan) yol"",""Toshli yolga nisbatan asfalt qoplamali yol"",""Barcha javoblar to'g'ri""}",1,https://postimg.cc/Dmfk0bYv,300,,"YHQ umumiy qoidalar: Asosiy yo'l - tuproqli yoki shag'alli yo'lga nisbatan qattiq qoplamali (asfalt va sement-betonli va shunga o'xshashlar yotqizilgan), kesishayotgan yoki tutashgan yo'lga nisbatan 2.1, 2.3.1- 2.3.3 yoki 5.1 yo'l belgilari bilan belgilangan yoxud yondosh hududdan chiqadigan yo lga nisbatan har qanday yo'l. Ikkinchi darajali yo Ining bevosita chorrahaga tutash qismining qoplamali bo'lishi uni asosiy yo'l bilan teng huquqli qilmaydi."
question_998,Old chiroqlar va orqa gabarit chiroqlari ishlayotmagan transport vositasi harakatini davom ettirishi taqiqlanadi:,"{""Faqat kunning qorong'i vaqtida"",""Faqat yetarli korinmaslikda"",""Barcha javoblarda korsatilgan holatlarda""}",2,https://postimg.cc/Dmfk0bYv,300,,"YHQ 2-bobi 12-bandi: Haydovchiga tormoz tizimi, rul boshqaruvi ishlamayotgan, ulagich moslamasi (avtopoyezd tarkibida) nosoz bo'lgan, qorong'i vaqtda yoki yetarlicha ko'rinmaydigan sharoitda - old chiroqlar va orqa gabarit chiroqlari bo'lmagan yoki yonmayotgan, yomgir, qor yog'ayotgan vaqtda haydovchi tomonidagi oyna tozalagich ishlamayotgan transport vositalarini boshqarish taqiqlanadi."
question_999,Qaysi belgi tartibga solinmagan piyodalar o'tish joyiga yaqinlashayotganlik haqida ogohlantiradi?,"{""«А»"",""«А» va «Б»"",""Hammasi""}",0,https://lgacbbewpuzeyxijzfii.supabase.co/storage/v1/object/public/test-images/question-999.jpg,300,,YHQ 1 ilova: 1.20. «Piyodalar o'tish joyi».
question_1000,Yengil avtomobilning tormoz yoli tormoz tizimiga ega bolmagan tirkama bilan harakatlanayotganda qanday o'zgaradi?,"{""Ortadi"",""Kamayadi, chunki tirkama harakatlanishga qo'shimcha qarshilik ko'rsatadi"",""O'zgarmaydi""}",0,https://postimg.cc/Dmfk0bYv,300,,Avtomobilni tirkama bilan haydash malum bir ko'nikma talab giladi. Tormoz yo'li ortadi.
