numeration,question,answers,correct_answer,image_url,time_limit,audio_url,explanation_text
question_1,Qaysi avtomobil uchun bu belgilarning ta sir oralig'ida to'xtashga ruxsat etiladi?,"{""Qizilga"",""Ikkala avtomobilga"",""Hech qaysi biriga"",""«Nogiron» taniqlik belgisi bolgan sariq avtomobilga""}",3,https://lgacbbewpuzeyxijzfii.supabase.co/storage/v1/object/public/test-images/question-1.jpg,300,,"YHQ 1-ilovasi 3.27: Ushbu Qoidalarning 176-bandiga binoan «Nogiron» tanish belgisi bilan belgilangan avtomobillar va kajavali mototsikllarni boshqarayotgan nogiron haydovchilar 3.2, 3.3 va 3.28 belgilari talablaridan chetga chiqishlari mumkin. 7.18 belgi bolganda 3.27 belgisining ta sir doirasida to xtashga ruxsat etiladi."
question_2,Qaysi yo naltirgichlar bo'ylab harakatlanishga ruxsat etiladi?,"{""Faqat «A» yo'nalish bo'ylab"",""Faqat «Б» yo nalish bo'ylab"",""Faqat «B» yo'nalish bo'ylab"",""Faqat «A» va «Г» yo'nalishlari boylab"",""Faqat «Г» yo'nalish bo'ylab""}",3,https://lgacbbewpuzeyxijzfii.supabase.co/storage/v1/object/public/test-images/question-2.jpg,300,,YHQ 1-ilovasi 4.1.1 «Harakatlanish to'g'riga». Yo'lning qismi boshlanishida o'rnatilgan 4.1.1 belgisining ta'siri yaqin chorrahagacha joriy qilinadi. Belgi o'ng tomonda joylashgan hovlilarga va yo lga yondosh boshqa hududlarga burilishni taqiqlamaydi.
question_3,Tibbiyot qutichasi va o't o'chirgichi bolmagan qanday transport vositalaridan foydalanish taqiqlanadi?,"{""Faqat M1 toifali transport vositasi"",""Faqat M2; M3; N1 toifali transport vositasi"",""Faqat N2; N3 toifali transport vositasi"",""Barcha yuqorida ko'rsatilgan toifalar""}",3,https://postimg.cc/Dmfk0bYv,300,,"YHQ 3-ilovasi 7.10-bandiga asosan: Transport vositalari quyidagilar bilan jihozlanmagan bo'lsa ulardan foydalanish taqiqlanadi: M2, M3 toifadagi - favqulodda holatlarda oynani sindirish uchun foydalaniladigan bolg acha, tibbiyot qutichasi, 2 ta ot o chirgich (bittasi haydovchining kabinasida, ikkinchisi - yo lovchilar salonida), majburiy to xtaganini bildiruvchi belgi (yoki miltillovchi qizil chiroq) va nur qaytargichli kamzul (jilet); M1, N1, N2, N3 toifadagi, mikroavtobus va g'ildirakli traktorlarda tibbiyot qutichasi, o't o'chirgich, majburiy to xtaganligini bildiruvchi belgi (yoki miltillovchi qizil chiroq) va nur qaytargichli kamzul (jilet); M3, N2, N3 toifadagi - o zi yurib ketishidan saqlovchi, g ildirak diametriga muvofia (kamida ikkita) tirgak; O toifadagi, traktorlar, aravalar va boshqa o ziyurar mashinalarda - tashqi nur qaytargichlar; kajavali mototsikllarda - tibbiyot qutichasi, majburiy to xtaganligini bildiruvchi belgi."
question_4,Chorrahadan birinchi bolib otadi:,"{""Qizil avtomobil"",""Ko'k avtomobil"",""Sariq avtomobil"",""Yashil avtomobil""}",3,https://lgacbbewpuzeyxijzfii.supabase.co/storage/v1/object/public/test-images/question-4.jpg,300,,YHQ 16-bobi 105-bandiga asosan: Teng ahamiyatga ega bolgan yo llar kesishgan chorrahada relssiz transport vositasining haydovchisi o ngdan kelayotgan transport vositalariga yo l berishi shart.
question_5,Harakatlanish taqiqlangan:,"{""Qizil va oq avtomobillarga"",""Kok, yashil va oq avtomobillarga"",""Oq, ko'k va sariq avtomobillarga""}",1,https://lgacbbewpuzeyxijzfii.supabase.co/storage/v1/object/public/test-images/question-5.jpg,300,,"YHQ 7-bobi 38-bandiga asosan: Tartibga soluvchining ishoralari quyidagi ma'noni bildiradi: Qo'llari yon tomonga uzatilganda yoki tushirilganda: chap va ó'ng yon tomonidan tramvayga to'g'riga, relssiz transport vositalariga to'g'riga va o'ngga harakatlanishga, piyodalarga qatnov qismini kesib o'tishga ruxsat beriladi; old va orqa tomonidan barcha transport vositalari va piyodalarning harakatlanishi taqiqlanadi. o'ng qo'li oldinga uzatilganda: chap yonidan tramvayga chapga, relssiz transport vositalariga barcha yo nalishlarda; oldi tomonidan barcha transport vositalariga faqat o'ngga harakatlanishga ruxsat beriladi; orga tomonidan va o'ng yonidan barcha transport vositalarining harakatlanishi taqiqlanadi; piyodalarga tartibga soluvchining orqa tomonida qatnov gismini kesib o'tishga ruxsat etiladi. Qolini yuqoriga ko'targanda: ushbu Qoidalarning 42-bandida ko'rsatilganidan boshga hollarda transport vositalari va piyodalarning barcha yo'nalishlarda harakatlanishi taqiqlanadi; tartibga soluvchi haydovchi va piyodalarga tushunarli bolgan boshqa ishoralarni ham berishi mumkin. Ishoralar yaxshi ko'rinishi uchun tartibga soluvchi jezl yoki yorug'lik qaytaradigan qizil rangli moslamalarni qo llashi mumkin. Shuningdek, tartibga soluvchi o'z faoliyatini maxsus moslama (tumba) ustida turib olib borishi mumkin."
question_6,Qaysi transport vositasining haydovchisi chorrahadan birinchi bo'lib o'tadi?,"{""Avtomobil va avtobus haydovchisi"",""Tramvay haydovchisi""}",0,https://lgacbbewpuzeyxijzfii.supabase.co/storage/v1/object/public/test-images/question-6.jpg,300,,YHQ 15-bobi 100-bandiga asosan: Svetoforning taqiqlovchi qizil yoki sariq ishorasi bilan bir vaqtda yongan qo'shimcha tarmoqning ko'rsatkichli yashil ishorasi yo'nalishida harakatlanayotgan haydovchi boshqa yo'nalishlardan harakatlanayotgan transport vositalariga yol berishi kerak.
question_7,Shu joyda toxtab turishga ruxsat etiladimi?,"{""Ruxsat etiladi"",""Taqiqlanadi""}",0,https://lgacbbewpuzeyxijzfii.supabase.co/storage/v1/object/public/test-images/question-7.jpg,300,,YHQ 13-bobi 91-bandiga asosan: qatnov qismi kesishmalarida va kesishayotgan qatnov qismi chetiga 30 metrdan kam masofada (uch tomonlama kesishadigan chorrahalarda yondan tutashgan yolning sidirg'a chiziq yoki ajratuvchi mintaqa bilan ajratilgan qarama-qarshi tomoni bundan mustasno).
question_8,Haydovchi harakatlanishni boshlashdan oldin qanday amallarni bajarishi kerak?,"{""Transport vositasining sozligini va to la jihozlanganligini tekshirishi"",""Harakatlanish boshlanishi xavfsiz bolishiga va harakatning boshqa ishtirokchilariga xalaqit bermasligiga ishonch hosil qilishi"",""Tegishli yo'nalishdagi burilishning yorug lik korsatkichi bilan ishora berishi"",""Sanab o'tilgan barcha harakatlarni bajarishi""}",1,https://postimg.cc/Dmfk0bYv,300,,"YHQ 9-bobi 53-bandiga asosan: Haydovchi harakatlanishni boshlash, manyovr qilish (qayta tizilish, burilish, qayrilib olish, quvib o'tish va aylanib o'tish) va to'xtashdan oldin bajarilayotgan manyovr boshqa yol harakati qatnashchilarini harakatlanishiga xavf tug'dirmasligi kerak."
question_9,Umurtqa pog'onasining ko'krak sohasi shikastlangan jabrlanuvchini transportda qanday tashish kerak?,"{""Qattiq taxtada orqasi bilan yotgan holda"",""Yumshoq to'shamada orqasi bilan yotgan holda"",""Qattiq taxtada yoni bilan yotgan holda""}",0,https://postimg.cc/Dmfk0bYv,300,,"Umurtqa pag'onasi shikastlanganda orqa (umurtqa) miyani jarohatlanishidan saqlab qolish uchun umurtga pag'onalarining bir-biriga nisbatan siljishini oldini olish muhimdir. Umirtqaning minimal qo'zg'alishini ta'minlash uchun jarohatlangan kishini gattiq tekistlikka joylashtirib, uning harakatini imkon darajasida cheklash lozim."
question_10,Bunday taniqlik belgisi bilan belgilanadigan transport vositasi:,"{""Og'ir vaznli va yirik o'lchamli yuklarni tashuvchi"",""Uzunligi yuk bilan yoki yuksiz 20 metrdan ortiq bolgan transport vositasi"",""Furgon yukxonasida odamlarni tashuvchi""}",1,https://lgacbbewpuzeyxijzfii.supabase.co/storage/v1/object/public/test-images/question-10.jpg,300,,"YHQ 29-bobi 176-bandiga asosan: ""Uzun o'lchamli transport vositasi"" - yukli va yuksiz uzunligi 20 metrdan oshadigan transport vositasining, ikki yoki undan ko'proq tirkamali avtopoyezdlarning orqasida - kengligi 40 millimetr bolgan qizil hoshiyali, o'lchami 1200x200 millimetr bo'lgan, sariq rangli, nur qaytaruvchi to'rtburchak shaklidagi belgi."
question_11,Yoqilgan zarg'aldoq rangli yalt-yalt etuvchi chiroq-mayoqcha harakatlanish uchun imtiyoz beradimi?,"{""Ha"",""Yo'q""}",1,https://postimg.cc/Dmfk0bYv,300,,"YHQ 6-bobi 28-bandiga asosan: Zarg'aldoq yoki sariq rangli yalt-yalt etuvchi mayoqchalar transport vositalarida quyidagi hollarda yoqilgan bolishi kerak: yo'lda qurilish, ta'mirlash yoki tozalash ishlari olib borilayotganda, shuningdek, shikastlangan, nosoz transport vositalarini ortishda, tashishda; yol harakatida qatnashayotgan, gabarit o'lchamlari ushbu Qoidalarning 164-bandida belgilangandan ortiq bo'lgan, shuningdek, og'ir vazn va katta hajmli hamda xavfli yuklarni tashiyotgan transport vositalarini kuzatib borishda; portlovchi, tez alangalanadigan, radioaktiv moddalarni va zaharli darajasi o ta yuqori bolgan moddalarni tashishda; umumiy foydalanishdagi transport vositasi yo llarida velosipedchilarning tashkiliy jamlanmasini kuzatib borishda. Yoqilgan zarg'aldoq va (yoki) sariq rangli mayoqcha harakatlanishda imtiyoz bermaydi va yol harakatining boshqa qatnashchilarini faqat xavf haqida ogohlantiradi."
question_12,Quyidagi belgilar qaysi yo nalishlarda harakatlanishga ruxsat beradi?,"{""Faqat chapga"",""Faqat to'g'riga"",""Faqat o'ngga"",""Togriga, ongga va qayrilib olishga""}",3,https://lgacbbewpuzeyxijzfii.supabase.co/storage/v1/object/public/test-images/question-12.jpg,300,,YHQ 1-ilovasi 3.2. bandi: «Harakatlanish taqiqlangan». Barcha transport vositalarining harakatlanishi taqiqlanishini bildiradi. 7.3.1 - 7.3.3. «Ta sir yo nalishlari». Chorraha oldida o'rnatilgan belgining ta'sir yo'nalishini yoki bevosita yo'l yaqinida joylashgan manzillarga harakatlanish yo nalishini ko rsatadi.
question_13,Mazkur chiziq nima haqida ogohlantiradi?,"{""Transport vositalarining majburiy toxtash joyiga yaqinlashayotganligini"",""«To'xtamasdan harakatlanish taqiqlangan» belgisi bilan birga qo'llanilganda, haydovchini «To'xtash» chizig'iga yaqinlashayotganligini"",""Transport vositasi piyodalarga yol berishi kerak bolgan joyni korsatadi""}",1,https://lgacbbewpuzeyxijzfii.supabase.co/storage/v1/object/public/test-images/question-13.jpg,300,,YHQ 2-ilovasi: 1.21 («STOP» - To'xtang! yozuvi) - 2.5 belgisi bilan birga qo llanilganda haydovchini 1.12 chizig iga yaqinlashayotganligi haqida ogohlantiradi.
question_14,Avtomagistralda quyidagilar taqiqlanadi:,"{""Qayrilib olish va ajratuvchi mintaqaning texnologik uzilish joylariga kirish"",""Orqaga harakatlanish"",""«To xtab turish joyi» yoki «Dam olish joyi» belgilari bolgan maxsus maydonchalardan tashqari joyda to xtash"",""Yuqoridagi barcha holatlar""}",3,https://postimg.cc/Dmfk0bYv,300,,"YHQ 19-bobi 121-bandi: Avtomagistrallarda quyidagilar taqiqlanadi: piyodalar, uy hayvonlari, ot-aravalar, velosipedlar, individual harakatlanish vositalari, skuterlar, mopedlar, traktorlar va o'ziyurar uskunalar, texnik tavsinomasiga yoki holatiga ko ra tezligi soatiga 40 kilometrdan kam bolgan transport vositalarining harakatlanishi; yuk avtomobillariga yo Ining chetki chap qatorida harakatlanishi; 5.15 yoki 6.11 yol belgilari bilan belgilangan maxsus to tab turish maydonchalaridan boshqa joylarda to tash; ajratuvchi mintaganing texnologik uzilish joylariga kirish va ularda gayrilib olish; orqaga harakatlanish; transport vositasini organish uchun boshqarish."
question_15,Qaysi transport vositasi haydovchisi to'g'riga harakatlanish huquqiga ega?,"{""Avtobus va mototsikl haydovchilari"",""Yengil va yuk avtomobillari haydovchilari"",""Yengil avtomobil haydovchisi""}",2,https://lgacbbewpuzeyxijzfii.supabase.co/storage/v1/object/public/test-images/question-15.jpg,300,,"YHQ 7-bobi 38-bandiga asosan, tartibga soluvchining ong qo li oldinga uzatilganda: chap yonidan tramvayga chapga, relssiz transport vositalariga barcha yo nalishlarda; oldi tomonidan barcha transport vositalariga faqat o ngga harakatlanishga ruxsat beriladi; orqa tomonidan va o'ng yonidan barcha transport vositalarining harakatlanishi taqiqlanadi; piyodalarga tartibga soluvchining orqa tomonida qatnov qismini kesib o tishga ruxsat etiladi."
question_16,Qaysi transport vositasining haydovchisi yol berish kerak?,"{""Avtomobil haydovchisi"",""Tramvay haydovchisi""}",1,https://lgacbbewpuzeyxijzfii.supabase.co/storage/v1/object/public/test-images/question-16.jpg,300,,YHQ 15-bobi 100-bandiga asosan: Svetoforning qizil yoki sariq ishorasi bilan bir vaqtda yongan qo'shimcha tarmoqning yo naltirgichli yashil ishorasi yo nalishida harakatlanayotgan transport vositasining haydovchisi boshqa yo nalishlarda harakatlanayotgan transport vositalariga yo'l berishi kerak.
question_17,Transport vositasini orqaga harakatlantirish paytida haydovchi qanday talablarni bajarishi kerak?,"{""Harakatning boshqa ishtirokchilariga xalaqit bermaslik. Harakat xavfsizligini ta'minlash uchun zarur bolsa, boshqa shaxslar yordamidan foydalanish"",""Boshqa shaxslar yordamidan foydalanish"",""Transport vositasida tumanga qarshi orqa chiroqlar bolsa, ularni yoqish"",""Gabarit chiroqlarini yoqish""}",0,https://postimg.cc/Dmfk0bYv,300,,YHQ 9-bobi 63-bandiga asosan: Transport vositasini orqaga harakatlantirishda haydovchi yo'l harakati xavfsizligini ta minlashi va boshqa yo'l harakati qatnashchilariga xalaqit bermasligi shart. Zarurat tug ilganda haydovchi boshqa shaxslarning yordamidan foydalanishi kerak.
question_18,Yolning qarama-qarshi harakat yo nalishi tomoniga chiqish qachon taqiqlanadi?,"{""Ikki tomonlama harakatli, 4 ta yoki undan ko'p tasmali yollarda"",""Ikki tomonlama harakatli, qarama-qarshi yo nalishdagi transport vositalari oqimlari ikkita uzluksiz chiziqlar bilan ajratilgan 4 ta tasmali yollarda"",""Yuqoridagi barcha hollarda""}",2,https://postimg.cc/Dmfk0bYv,300,,"YHQ 10-bobi 65-bandiga asosan: To'rt va undan ortiq tasmali, harakat ikki tomonlama bolgan yollarda garama-garshi yo nalishda harakatlanish uchun moljallangan tasmalarga chiqish taqiqlanadi. YHQ 2-ilovasi 1-bobi beshinchi va o'ttiz to'rtinchi xatboshlariga asosan: 1.3 - to'rt va undan ortiq harakatlanish tasmasi bo lgan yollarda qarama-qarshi yo nalishdagi transport vositalari oqimini ajratadi; 1.3 yotiq chizig ini bosib o tish taqiqlanadi."
question_19,Qaysi holatda egri yolda harakatlanayotgan avtomobil turg unligi ta minlanadi?,"{""Uzatma ulangan holatda"",""Uzatma ajratilgan holatda"",""Tezlik oshirilganda""}",0,https://postimg.cc/Dmfk0bYv,300,,"Egri yo'l (burilish) da harakatlanayotgan avtomobilda markazdan qochirma kuch vujudga keladi. Burilish ong tomonga bo'lgan holda siz qarama-qarshi yo'nalishda harakatlanish bo lagiga, chap tomonga bo'lsa, yo'l yoqasi yoki uning tashqarisiga chiqib ketishingiz ehtimoli mavjud. Uzatma ajratilgan holatda avtomobil o'zi harakatlanib, uni boshqarish murakkablashadi. Shu bois, burilishga yaqin masofa qolganda, uning tikligini va tezligingizni baholab, uzatma mexanizmini ajratmay harakatni davom ettiring."
question_20,Qaysi shartlarda transport vositalaridan foydalanish taqiqlanadi?,"{""Gidravlik tormoz tizimidan suyuqlik oqayotgan bo'lsa"",""Ishchi tormoz tizimi ishlamayotgan bo'lsa"",""Kompressor pnevmatik tormoz tizimida o'rnatilgan bosimni ta'minlay olmagan holatda"",""Ko'rsatilgan barcha holatlarda""}",3,https://postimg.cc/Dmfk0bYv,300,,"YHQ 3-ilovasi 1-bo limining 1.3 va 1.4-bandlariga asosan, transport vositalaridan foydalanish taqiqlanadi: Gidravlik tormoz yuritmasining zichligi (germetikligi) buzilgan bo'lsa. Dvigatel ishlamay turganda pnevmatik yoki pnevmogidravlik tormoz yuritmasining zichligini buzilishi, boshqaruv qismlari ulanmaganda - 30 daqiqada, ulanganida - 15 daqiqada tizimdagi havo bosimini 0,05 MP dan Ko""рда pasayishiga sabab bo lsa, g ildiraklardagi tormoz kameralaridan siqilgan havo chiqayotgan bo'lsa. YHQ 2-bobi 12-bandining uchinchi xatboshisiga asosan: tormoz tizimi, rul boshqaruvi ishlamayotgan, ulagich moslamasi (avtopoezd tarkibida) nosoz bo'lgan, qorong'i vaqtda yoki yetarlicha ko rinmaydigan sharoitda - old chiroqlar va orqa gabarit chiroqlari bo'lmagan yoki yonmayotgan, yomg ir, qor yog'ayotgan vaqtda haydovchi tomonidagi oyna tozalagich ishlamayotgan transport vositalarini boshqarish taqiqlanadi."
question_21,Haydovchi yolakay yonalishda kimga transport vositasini taqdim etishi shart?,"{""Yol xizmati xodimlariga"",""Tibbiyot xodimlariga zudlik bilan tibbiy yordamga muxtoj bo'lgan fuqarolarni davolash-profilaktika muassasasiga olib borish uchun""}",1,https://postimg.cc/Dmfk0bYv,300,,"YHQ 2-bobi 11-bandidagi 3) punktining ikkinchi xatboshisiga asosan, quyidagi hollarda transport vositasini foydalanish uchun taqdim etishi: yo lakay yo nalishda tibbiy yordam ko'rsatishga ketayotgan tibbiyot xodimlariga hamda zudlik bilan tibbiy yordamga muhtoj bolgan fuqarolarni davolash-profilaktika muassasasiga olib borish uchun."
question_22,Qaysi yonalishlarda harakatlanishga ruxsat etilgan?,"{""Faqat «Б»"",""Faqat «A»"",""«А» ва «Б»"",""«А», «Б», «В» va «Г»"",""«А», «В» va «В»""}",2,https://lgacbbewpuzeyxijzfii.supabase.co/storage/v1/object/public/test-images/question-22.jpg,300,,"YHQ 1-ilovasi 4-bo'limining to'qqizinchi xatboshisiga asosan: 4.1.1 belgisi yo Ining qismi boshlanishiga o'rnatilsa, unga yaqin chorrahagacha amal qilinadi. Belgi o'ng tomonda joylashgan hovli va boshqa yondosh hududlarga burilishni taqiqlamaydi."
question_23,Qaysi belgi qarama-qarshi harakatlanishning ustunligini bildiradi?,"{""1"",""2"",""3"",""4"",""5""}",1,https://lgacbbewpuzeyxijzfii.supabase.co/storage/v1/object/public/test-images/question-23.jpg,300,,YHQ 1-ilovasi 2-bo'limining o'ninchi xatboshisiga asosan: 2.6. «Ro'para harakatlanishning ustunligi». Qarama-qarshi harakatlanishni qiyinlashtiradigan hollarda yo Ining tor qismiga kirish taqiqlanadi. Haydovchi yo Ining tor qismida bo lgan yoki ro paradan unga yaqin bolgan transport vositasiga yol berishi kerak.
question_24,Qaysi belgi Qoidalarning aholi punktlarida harakatlanish tartibini belgilaydigan talablari bekor qilinishini ko'rsatadi?,"{""1"",""2"",""3"",""4"",""5""}",3,https://lgacbbewpuzeyxijzfii.supabase.co/storage/v1/object/public/test-images/question-24.jpg,300,,YHQ 1-ilovasi 5-bo limining qirq birinchi xatboshisiga asosan: 5.23. «Aholi punktining oxiri». Ushbu Qoidalarning aholi punktlarida harakatlanish tartib-talablari bekor qilingan joyni bildiradi.
question_25,O'ngga burilganda shu belgi bilan belgilangan tasmaga otishga ruxsat etiladimi?,"{""Ruxsat etiladi"",""Taqiqlanadi"",""Agar tasma qolgan harakat qismidan yotiq uzluksiz chiziq bilan ajratilmagan bo'lsa, ruxsat etiladi""}",2,https://lgacbbewpuzeyxijzfii.supabase.co/storage/v1/object/public/test-images/question-25.jpg,300,,"YHQ 22-bobi 132-bandining ikkinchi va uchinchi xatboshlariga asosan: Agar 5.9 yo l belgisi bilan belgilangan tasma qatnov qismining boshqa tasmalardan uzuq-uzuq chiziq bilan ajratilgan bolsa, burilmoqchi bo layotgan transport vositalari bu tasmaga qayta tizilishlari kerak. Shuningdek, bunday joylarda yo nalishli transport vositalarining harakatiga xalaqit bermaslik sharti bilan yo lga chiqish, qatnov qismining chetki o ng tomonida yo lovchilarni chiqarish va tushirish uchun bu bo lakka o tishga ruxsat etiladi."
question_26,Transport vositalari chorrahadan quyidagi tartibda otadilar:,"{""Tramvay va avtobus, yengil avtomobil"",""Tramvay, yengil avtomobil, avtobus"",""Yengil avtomobil, tramvay va avtobus""}",2,https://lgacbbewpuzeyxijzfii.supabase.co/storage/v1/object/public/test-images/question-26.jpg,300,,"YHQ 15-bobi 100-bandiga asosan: Svetoforning qizil yoki sariq ishorasi bilan bir vaqtda yongan qo'shimcha tarmoqning yo"" naltirgichli yashil ishorasi yo nalishida harakatlanayotgan transport vositasining haydovchisi boshqa yo'nalishlarda harakatlanayotgan transport vositalariga yol berishi kerak. YHQ 15-bobi 101-bandining ikkinchi xatboshisiga asosan: Svetoforning qizil yoki sariq ishorasi bilan bir vaqtda yongan qo' shimcha tarmog'ining yo naltirgichli yashil ishorasi yo'nalishida harakatlanayotgan tramvay boshqa yo nalishlarda harakatlanayotgan transport vositalariga yo'l berishi kerak."
question_27,Avtomobilning qaysi g'ildiraklari «sirpanib» tormozlanishga ko'proq moyil?,"{""Orqa g'ildiraklar"",""Oldingi g ildiraklar""}",0,https://postimg.cc/Dmfk0bYv,300,,"Inersiya kuchi ta siri ostida tormozlash vaqtida o'qlarga tushadigan og'irlik qayta taqsimlanishi ro'y beradi. Old o'qqa nisbatan og'irlik ko'payadi, orqa o'qqa nisbatan kamayadi. Tormozlash sur'ati qanchalik baland bolsa, o'qlarga tushadigan og'irlik qayta taqsimlanishi sezilarliroq bo ladi. Orqa o'qdan og irlik kamayishi bilan g ildirakni yo'lga bosuvchi kuch kamayadi, shu sababli g ildirakning sirg'anishi (aylanmasdan siljishi) va avtomobilning surilib ketishi ehtimoli yuzaga keladi. Old o'qda og'irlik ko'payishi g ildirakni yo'lga bosish kuchini ko paytiradi, shu sababli, sirg'alish ehtimoli kamayadi."
question_28,Qaysi transport vositalarini qatnov qismining chetida ikki qator qo'yish mumkin?,"{""Kajavasiz mototsikllar, mopedlar va velosipedlar"",""Kajavali mototsikllar"",""«Nogiron» taniqlik belgisi bo'lgan yengil avtomobillar"",""Ruxsat etilgan to'la vazni 3,5 tonnadan kam bolgan, bevosita trotuarlar bo'ylab joylashgan savdo va boshqa korxonalarga xizmat qiluvchi yuk avtomobillari""}",0,https://postimg.cc/Dmfk0bYv,300,,"YHQ 13-bobi 89-bandining birinchi xatboshisiga asosan: Transport vositalarini yo lning qatnov qismida bir qator qilib, qatnov qismi chetiga parallel ravishda kajavasi bo lmagan ikki g'ildirakli transport vositalarini ikki qator qilib qo yishga ruxsat etiladi."
question_29,Qol jarohatlanganda kiyim qanday tartibda kiydiriladi?,"{""Kiyim avval jarohatlangan qo'lga, songra sog'iga kiydiriladi"",""Kiyim ikkala qo'lga baravar kiydiriladi"",""Kiyim avval sog qo'lga, songra jarohatlangan qo'lga kiydiriladi""}",0,https://postimg.cc/Dmfk0bYv,300,,"Shikastlangan qol yoki oyoqni majburiy harakatga solmasdan, kiyim kiydirish imkonini yaratish uchun avval kiyim shikastlangan, so'ngra shikastlanmagan qo'l yoki oyoqqa ehtiyotlik bilan kiydiriladi."
question_30,"Yuk transport vositasiga shunday joylashtirilishi kerakki, u:","{""Yukxona devorlaridan baland chiqmasligi kerak"",""Shovqin hosil qilmasligi, chang ko'tarmasligi va atrof-muhitni ifloslantirmasligi kerak"",""Transport vositasining orqa o'lchamidan 0,8 metrdan ortiq chiqib turmasligi kerak""}",1,https://postimg.cc/Dmfk0bYv,300,,"YHQ 27-bobi 162-bandining beshinchi xatboshisiga asosan, quyidagi shartlarga amal qilinganda yuk tashishga yo'l qo'yiladi: shovqin solmasa, chang ko'tarmasa, yo Ini va atrof-muhitni iflos qilmasa."
question_31,Mazkur yol belgisi nimani bildiradi?,"{""Yolning trotuar yoki piyodalar yolkasi bolgan qismini"",""Yolning piyodalar o'tish joyi bolgan qismini""}",1,https://lgacbbewpuzeyxijzfii.supabase.co/storage/v1/object/public/test-images/question-31.jpg,300,,"YHQ 1-ilovasi 1.20. «Piyodalar o tish joyi». 5.16.1, 5.16.2 belgilari va (yoki) 1.14.1 - 1.14.3 chiziqlari bilan belgilangan piyodalar o'tish joyini bildiradi."
question_32,Qaysi transport vositalariga to xtab turishga ruxsat etilgan?,"{""Faqat mototsiklga"",""Faqat yuk avtomobiliga"",""Faqat yengil avtomobilga"",""Yengil avtomobil va mototsiklga"",""Barcha transport vositalariga""}",3,https://lgacbbewpuzeyxijzfii.supabase.co/storage/v1/object/public/test-images/question-32.jpg,300,,YHQ 1-ilovasi 3.28. bandi «To'xtab turish taqiqlangan». Transport vositalarining to'xtab turishi taqiqlanadi (xizmat vazifasini bajarayotgan xodimga biriktirilgan ko'k yoki qizil yoxud Ko'K va qizil rangli yaltiroq mayoqchasi bilan jihozlangan hamda maxsus rangli bo'yoq sxemalar va yozuvlar bilan belgilangan transport vositalari bundan mustasno). 7.4.1- 7.4.10. «Transport vositasining turi». Belgining ta'siri joriy etilgan transport vositalari turini ko'rsatadi.
question_33,Ushbu yol belgisi nima haqida ogohlantiradi?,"{""Bir izli temir yol kesishmasiga yaqinlashayotganligi haqida"",""Shlagbaum bilan jihozlanmagan bir izli temir yol kesishmasi borligidan"",""Shlagbaum bilan jihozlanmagan ikki izli temir yol kesishmasi borligidan""}",1,https://lgacbbewpuzeyxijzfii.supabase.co/storage/v1/object/public/test-images/question-33.jpg,300,,"YHQ 1-ilovasi 1-bo limining beshinchi yettinchi xatboshlariga asosan: 1.3.1. «Bir izli temir yo'!». 1.3.1. - bir izli temir yo'l, belgisi shlagbaum bilan jihozlanmagan temir yol kesishmasi oldida o rnatiladi."
question_34,Yashil avtomobil chorrahadan nechinchi bolib o'tadi?,"{""Ikkinchi"",""Birinchi""}",0,https://lgacbbewpuzeyxijzfii.supabase.co/storage/v1/object/public/test-images/question-34.jpg,300,,YHQ 1-ilovasi 99-bandi: Svetoforning ruxsat etuvchi ishorasida chapga burilayotgan yoki qayrilib olayotgan relssiz transport vositasining haydovchisi qarama-qarshi tomondan to'g'riga harakatlanayotgan va o'ngga burilayotgan transport vositalariga yo'l berishi shart. Tramvay haydovchilari ham ushbu Qoidaga amal qilishlari kerak. 2.1. «Asosiy yo'l». Harakat tartibga solinmagan chorrahalarda oldin o'tish huquqini beradi. Belgi asosiy yo'l boshiga va chorrahalarning bevosita oldiga o'rnatiladi.
question_35,Qaysi transport vositasiga harakatlanish ruxsat etiladi?,"{""Mototsiklga"",""Yuk avtomobiliga"",""Avtobusga"",""Yengil avtomobilga"",""Yengil va yuk avtomobillariga""}",3,https://lgacbbewpuzeyxijzfii.supabase.co/storage/v1/object/public/test-images/question-35.jpg,300,,"YHQ 7-bobi 38-bandi: Tartibga soluvchining ishoralari quyidagi ma'noni bildiradi: Qollari yon tomonga uzatilganda yoki tushirilganda: chap va ong yon tomonidan tramvayga to'g'riga, relssiz transport vositalariga to'g'riga va o ngga harakatlanishga, piyodalarga qatnov qismini kesib o'tishga ruxsat beriladi; old va orqa tomonidan barcha transport vositalari va piyodalarning harakatlanishi taqiqlanadi. o'ng qoli oldinga uzatilganda: chap yonidan tramvayga chapga, relssiz transport vositalariga barcha yo nalishlarda; oldi tomonidan barcha transport vositalariga faqat o'ngga harakatlanishga ruxsat beriladi; orqa tomonidan va o'ng yonidan barcha transport vositalarining harakatlanishi taqiqlanadi; piyodalarga tartibga soluvchining orqa tomonida qatnov qismini kesib o tishga ruxsat etiladi."
question_36,Qaysi transport vositasining haydovchisi yol berishi kerak?,"{""Mototsikl haydovchisi"",""Avtomobil haydovchisi""}",1,https://lgacbbewpuzeyxijzfii.supabase.co/storage/v1/object/public/test-images/question-36.jpg,300,,YHQ 15-bobi 100-bandi: Svetoforning taqiqlovchi qizil yoki sariq ishorasi bilan bir vaqtda yongan qo'shimcha tarmoqning ko'rsatkichli yashil ishorasi yo'nalishida harakatlanayotgan haydovchi boshqa yo nalishlardan harakatlanayotgan transport vositalariga yo'l berishi kerak.
question_37,"Harakat ikki tomonlama bolgan, uch tasmali yolda Siz ongga burilishingiz zarur. Ushbu harakatni qaysi tasmadan amalga oshirasiz?","{""O'ng tasmadan"",""O'rta tasmadan"",""O'ng yoki o'rta tasmadan"",""O'rta tasmadan, lekin faqat o'ng tasma band bolganda""}",0,https://postimg.cc/Dmfk0bYv,300,,"YHQ 10-bobi 66-bandi: Harakat ikki tomonlama bo'lgan va chiziqlar bilan belgilangan (1.9 yo'l chizig'i bilan belgilanganidan tashqari) uchta tasmali yo'llarda, ikki yo'nalishda harakatlanish uchun moljallangan o'rta qatorga faqat quvib o'tish, aylanib o'tish, chapga burilish va qayrilib olish uchungina chiqishga ruxsat etiladi. Qarama-qarshi yo'nalishda harakatlanish uchun moljallangan chetki chap qatorni egallash taqiqlanadi."
question_38,Qaysi joylarda transport vositalariga qatnov qismining chetiga burchak ostida to'xtab turishga ruxsat etiladi?,"{""Har bir yo'nalishda ikkitadan bo'lagi bolgan yollarda"",""Har bir yonalishda uchta va undan kop bo'lagi bolgan yollarda"",""Faqat bir tomonlama harakatli yollarda"",""Yolning qatnov qismi kengaygan joylarda boshqa yo'l harakati qatnashchilariga xalaqit bermaslik sharti bilan""}",3,https://postimg.cc/Dmfk0bYv,300,,"YHQ 13-bobi 89-bandi: Transport vositalarini yo'Ining qatnov qismida bir qator gilib, qatnov qismi chetiga yol harakatining boshqa qatnashchilariga xalaqit bermaslik sharti bilan faqat parallel ravishda, kajavasi bolmagan ikki g'ildirakli transport vositalarini ikki qator qilib qo yishga ruxsat etiladi. Qatnov qismining ayrim kengaytirilib qatnov qismidan ajratilgan joylarida yol harakatining boshqa qatnashchilariga xalaqit bermaslik sharti bilan boshqacha tartibda qo yishga ham ruxsat etiladi."
question_39,Suyak singanda qotirib bog lash uchun nimadan shina sifatida foydalanish eng qulay?,"{""Bint"",""Gazmol"",""Taxta bolagi""}",2,https://postimg.cc/Dmfk0bYv,300,,"Suyaklar singanda shikastlanganda qo'l yoki oyoqni har qanday qattiq vosita yordamida mustahkamlab, harakatsizlantirish (immobilizatsiya qilish) lozim."
question_40,Kunning qorong'i vaqtida sun'iy yoritilmagan yollarda yoki yetarli korinmaslik sharoitida yonmaydigan orqa gabarit chiroglari bilan to'xtab turish yoki ta'mirlash joyiga borishga ruxsat etiladimi?,"{""Alohida ehtiyotkorlik bilan borishga ruxsat etiladi"",""Taqiqlanadi""}",1,https://postimg.cc/Dmfk0bYv,300,,"YHQ 2-bobi 12-bandining uchinchi xatboshisiga asosan: tormoz tizimi, rul boshqaruvi ishlamayotgan, ulagich moslamasi (avtopoyezd tarkibida) nosoz bolgan, sutkaning qorong'i vaqtida yoki ko'rinish cheklangan vaziyatlarda yonmaydigan fara chiroqlari va orqa gabarit fara chiroqlari, yomg'ir yoki qor yog'ayotgan vaqtda oyna tozalagich ishlamaydigan transport vositasini boshqarish taqiqlanadi."
question_41,Sanab otilgan hollarning qaysi birida haydovchi o'zining transport vositasini ichki ishlar xodimi ixtiyoriga berishi shart?,"{""Barcha hollarda"",""Kechiktirib bolmaydigan xizmat vazifalarini bajarish uchun"",""Ish joyiga borish uchun""}",1,https://postimg.cc/Dmfk0bYv,300,,"YHQ 2-bob 11-bandi Transport vositasining haydovchisi quyidagilarga majburdir: z) quyidagi hollarda foydalanish uchun transport vositasini berishi shart: IIO, Milliy gvardiya, Davlat xavfsizlik xizmati va o zbekiston Respublikasi Prezidenti davlat xavfsizlik xizmati organlari xodimlariga qonunchilik hujjatlarida belgilangan xollarda kechiktirib bo lmaydigan xizmat vazifalarini bajarish uchun, shuningdek, yo l-transport hodisasi tufayli shikastlangan yoki nosoz transport vositalarini olib ketish (shatakka olish) uchun (faqat yuk avtomobilidan); yo'lakay yo'nalishda kechiktirib bo'lmaydigan tibbiy yordam ko'rsatishga ketayotgan tibbiyot xodimlariga hamda zudlik bilan tibbiy yordamga muhtoj bolgan fuqarolarni davolash-profilaktika muassasasiga olib borish uchun. Xorijiy davlatlarning diplomatik, konsullik vakolatxonalariga va boshqa vakolatxonalariga hamda xalgaro tashkilotlarga tegishli transport vositalari, shuningdek yong in uchirish, konvoy, inkassator xizmatlarining transport vositalaridan foydalanishga yol qo'yilmaydi. Transport vositasidan foydalangan shaxs haydovchi talab gilganda yol varaqasiga yurilgan vaqtni, bosib o'tilgan masofani, o'z ismi-familiyasi, mansabi, ish joyi nomini, yo'l varaqasi bo'lmagan taqdirda, belgilangan tartibda ma'lumot yoki xabar yozib berishi kerak. Transport vositalarini tekshirish yoki undan foydalanish huquqiga ega bolgan shaxslar haydovchining talabiga muvofiq o'z xizmat guvohnomasini ko'rsatishi shart. Xizmat vaqtida haydovchiga yetkazilgan moddiy va ma'naviy zarar uning talabiga ko ra qonunchilik hujjatlarida belgilangan tartibda tiklab beriladi."
question_42,Qaysi transport vositasining haydovchisi birinchi navbatda harakatlanish huquqiga ega?,"{""Yuk avtomobili haydovchisi"",""Avtobus haydovchisi""}",0,https://lgacbbewpuzeyxijzfii.supabase.co/storage/v1/object/public/test-images/question-42.jpg,300,,"YHQ 1-ilovasi 2-bob, 2.6. bandi: «Ro'para harakatlanishning ustunligi». Qarama-qarshi harakatlanishni qiyinlashtiradigan hollarda yolning tor qismiga kirish taqiqlanadi. Haydovchi yo'lning tor qismida bo'lgan yoki ro paradan unga yaqin bo'lgan transport vositasiga yo'l berishi kerak."
question_43,Qaysi belgi transport vositalarining belgida korsatilgandan kam oraliq masofada harakatlanishini taqiqlaydi?,"{""1"",""2"",""3"",""4"",""5""}",2,https://lgacbbewpuzeyxijzfii.supabase.co/storage/v1/object/public/test-images/question-43.jpg,300,,YHQ 1-ilovasi 3-bobning 3.16. bandi: 3.16. «Eng kam oraliq». Belgida ko'rsatilganidan kam bo'ylama oraliq masofada harakatlanish taqiqlanadi.
question_44,Mazkur holatda avtobusning chorrahaga kirishiga ruxsat etiladimi?,"{""Ruxsat etiladi"",""Taqiqlanadi"",""Agar avtobus belgilangan yonalish bo'yicha harakatlanayotgan bolsa ruxsat etiladi""}",1,https://lgacbbewpuzeyxijzfii.supabase.co/storage/v1/object/public/test-images/question-44.jpg,300,,"YHQ 14-bobi 97-bandi: Haydovchi tirbandlik tufayli majburiy to'xtab, ko'ndalang yo nalishdagi transport vositalarining harakatlanishiga to'sqinlik tug'diradigan bo'lsa, chorrahaga kirishi, agar to xtash chizig'i yoki 5.33 yol belgisidan o'tib bolgan haydovchiga esa qatnov qismlari kesishmasiga kirishi taqiqlanadi."
question_45,Korsatilgan vaziyatda qaysi tasmadan ongga burilish lozim?,"{""Faqat ikkinchi tasmadan"",""Faqat «A» chizig'i bilan belgilangan ơ'ng chekkadagi tasmadan""}",1,https://lgacbbewpuzeyxijzfii.supabase.co/storage/v1/object/public/test-images/question-45.jpg,300,,"YHQ 5-bobi 132-bandi: Yo'nalishli transport vositalarining harakatlanishi uchun 5.9, 5.10.1 - 5.10.3 yol belgilari bilan ajratilgan tasmada boshqa transport vositalarining harakatlanishi va to xtashi taqiqlanadi. Agar 5.9 yol belgisi bilan belgilangan tasma qatnov gismining boshqa tasmalardan uzuq-uzuq chizig bilan ajratilgan bo'lsa, burilmoqchi bo'layotgan transport vositalari bu tasmaga qayta tizilishlari kerak. Shuningdek, bunday joylarda yo'nalishli transport vositalarining harakatiga xalaqit bermaslik sharti bilan yo'lga chiqish, qatnov qismining chetki o'ng tomonida yo lovchilarni chiqarish va tushirish uchun bu bo lakka o tishga ruxsat etiladi."
question_46,Tartibga soluvchining mazkur ishorasi quyidagini bildiradi:,"{""Ko'k, yashil avtomobillarga harakatlanishga ruxsat etiladi. Qizil, sariq, oq avtomobillarga taqiqlanadi"",""Ko'k, qizil, yashil avtomobillarga harakatlanishga ruxsat etiladi. Sariq, oq avtomobillarga taqiqlanadi""}",1,https://lgacbbewpuzeyxijzfii.supabase.co/storage/v1/object/public/test-images/question-46.jpg,300,,"YHQ 7-bobi 38-bandi: Tartibga soluvchining ishoralari quyidagi ma'noni bildiradi: O'ng qo'li oldinga uzatilganda: chap yonidan tramvayga chapga, relssiz transport vositalariga barcha yo nalishlarda; oldi tomonidan barcha transport vositalariga faqat o'ngga harakatlanishga ruxsat beriladi; orqa tomonidan va o'ng yonidan barcha transport vositalarining harakatlanishi taqiqlanadi; piyodalarga tartibga soluvchining orqa tomonida qatnov qismini kesib o'tishga ruxsat etiladi."
question_47,Aholi punktlaridan tashqarida yengil avtomobillarning qanday eng katta tezlik bilan harakatlanishiga ruxsat etiladi?,"{""110 km/s"",""100 km/s"",""90 km/s"",""80 km/s"",""70 km/s""}",1,https://postimg.cc/Dmfk0bYv,300,,"YHQ 11-bobi 79-bandi: Aholi punktlaridan tashqarida: yengil avtomobillarga va ruxsat etilgan to liq vazni 3,5 tonnadan oshmaydigan yuk avtomobillariga tezlikni soatiga 100 kilometrdan oshirmasdan; shaharlararo qatnaydigan avtobuslarga va mikroavtobuslarga tezlikni soatiga 90 kilometrdan oshirmasdan; boshga avtobuslar, tirkamali yengil avtomobillar, mototsikllar, elektromototsikllar ruxsat etilgan to'liq vazni 3,5 tonnadan ortiq bolgan yuk avtomobillariga tezlikni soatiga 80 kilometrdan oshirmasdan; tirkamali yuk avtomobillariga tezlikni soatiga 70 kilometrdan oshirmasdan harakatlanish ruxsat etiladi."
question_48,Chorrahada aylanma harakatlanish tashkil qilingan. Siz yaqinlashib kelayotgan yolning qatnov qismi ikkita harakat bolagiga ega. Chorrahaga kirishda burilish uchun Siz qaysi tasmani egallashingiz lozim?,"{""O'ng tasmani"",""Chap tasmani"",""O'ng yoki chap tasmani""}",2,https://postimg.cc/Dmfk0bYv,300,,"YHQ 9-bobi 56-bandi: Haydovchi, aylanma harakatlanish tashkil qilingan chorrahalarga kirish uchun burilishdan boshqa barcha hollarda, haydovchi o'ngga, chapga burilishi yoki qayrilib olishdan oldinroq shu yo'nalishda harakatlanishi uchun moljallangan qatnov qismining eng chetki holatni egallashi shart."
question_49,Siz qiyalikda svetoforning ruxsat beruvchi ishorasini kutib to'xtadingiz. Bunda avtomobilni joyida tutib turishning eng yaxshi usuli:,"{""To'xtab turish tormozi bilan"",""Birinchi uzatma ulangan holda ulovchini joydan jilmay aylantirish hisobiga"",""Yurgizgich o'chirilib, past uzatma ulangan holda"",""Ishchi tormoz bilan""}",0,https://postimg.cc/Dmfk0bYv,300,,Ishchi (asosiy) tormoz avtomobil harakatlanishi vaqtida doimiy foydalanishga moljallangan va haydovchiga avtomobil harakatini har xil intensivlikda sekinlashtirish yoki uni to'xtatish uchun xizmat qiladi. To'xtab turish tormozi avtomobilni uzoq muddatli to'xtash yoki to'xtab turish vaqtida o'z-o'zidan harakatlanib ketishidan saqlab golish uchun mo'ljallangan.
question_50,Qaysi hollarda velosipedchilarga qatnov qismining o'ng chekkasidan chiqishga yo'l qo'yiladi?,"{""Yuk ortib ketayotganda"",""Ruxsat etilgan hollarda chapga burilish yoki qayrilib olish uchun"",""Ikkala sanab otilgan hollarda""}",1,https://postimg.cc/Dmfk0bYv,300,,"YHQ 28-bobi 166-bandi: Velosipedlar, individual harakatlanish vositalari, mopedlar, aravalar, miniladigan yoki yuk ortiladigan hayvonlarning yo'lning chetki o'ng bo'lagida imkoni boricha ong tomonidan bir qator bo lib harakatlanishiga yol qo'yiladi. Agar piyodalarga xalaqit bermasa, yo'l yoqasidan harakatlanishga ham ruxsat etiladi. Yo Ining qatnov gismida harakatlanishda velosipedchilar, individual harakatlanish vositalari, aravalar jamlanmasi, miniladigan yoki yuk ortiladigan hayvonlar guruhlari va haydab ketilayotgan hayvonlar to'dasi yo'l harakati xavfsizligini ta'minlaydigan hamda ularni quvib o'tishni osonlashtiradigan guruhlarga bo linishi kerak. Izoh: qatnov qismining chap bo lagiga faqat chapga burilish va qayrilib olish uchun o'tishga ruxsat etiladi."
question_51,Piyodalarga yolni piyodalar o'tish joyidan tashqarida kesib o'tishga ruxsat etiladimi?,"{""Ruxsat etiladi"",""Yolning qatnov qismi chetiga nisbatan to'g'ri burchak ostida, uning ikkala tomoni yaxshi korinib turadigan, korinish masofasida o'tish joyi yoki chorraha bolmasa, ajratuvchi mintaqasiz va to'siqsiz yollarda kesib o'tishga ruxsat etiladi"",""Taqiqlanadi""}",1,https://postimg.cc/Dmfk0bYv,300,,"YHQ 4-bobi 17-bandi: Piyodalar yo'Ining qatnov qismini piyodalar o'tish joylaridan, shuningdek, yer osti va yer usti o tish joylaridan, ular bolmaganda esa chorrahalarda trotuar chiziqlari yoki yo'l yoqasi bo ylab kesib o'tishlari kerak. Piyodalarga ko'rinadigan oraliqda o'tish joyi yoki chorraha bo'lmasa, ajratuvchi mintaqasiz va to'siqsiz yo'llardan yolning ikki tomoni yaxshi ko'rinadigan joyidan, qatnov qismining chetiga nisbatan to'g'ri burchak ostida kesib o tish ruxsat etiladi."
question_52,Bu joyda hovliga burilishga ruxsat etiladimi?,"{""Ruxsat etiladi"",""Taqiqlanadi""}",0,https://lgacbbewpuzeyxijzfii.supabase.co/storage/v1/object/public/test-images/question-52.jpg,300,,"YHQ 2-ilovasi 1-bo'limi 1.11 belgisi: faqat bir tomondan qayta tizilishga ruxsat etilgan yol qismlarida, bir yo'nalishdagi yoki qarama-qarshi kelayotgan transport oqimlarini ajratadi; qayrilib olish, to'xtash maydonchalari va shunga o'xshashlarga kirish-chiqish joylarida harakatlanish faqat bir yo nalishda ruxsat etilganligini ko'rsatadi."
question_53,Ushbu belgilar aholi punktlarida xavfli yo'l qismi boshlanishidan qancha masofa oldin ornatiladi?,"{""15-25 m"",""25-50 m"",""50-100 m"",""100-130 m"",""150-300 m""}",2,https://lgacbbewpuzeyxijzfii.supabase.co/storage/v1/object/public/test-images/question-53.jpg,300,,"YHQ 1-ilovasi 1-bolimi: 1.1, 1.2, 1.5 - 1.32 ogohlantiruvchi belgilari aholi punktlarida xavfli joydan 50 - 100 metr, aholi punktlaridan tashqarida esa 150 - 300 metr oldin o'rnatiladi. Zaruriyat bo'lganda, bu belgilar 7.1.1 qo'shimcha axborot belgisida ko'rsatilgan boshga masofada ham o'rnatilishi mumkin."
question_54,Avtomagistralda shatakka olishga ruxsat etiladimi?,"{""50 km/s tezlik bilan ruxsat etilgan"",""Taqiqlanadi"",""Faqat qisman ortish usuli bilan yoki qattiq ulagich bilan ruxsat etiladi"",""Egiluvchan tirkagich bilan ruxsat etiladi"",""Istalgan usulda ruxsat etilgan""}",4,https://postimg.cc/Dmfk0bYv,300,,"YHQ 24-bobi 145-bandi: Shatakka olish quyidagi holatlarda taqiqlanadi: rul boshqaruvi ishlamayotgan transport vositalarini (qisman ortish usuli bilan shatakka olish bundan mustasno); ikki va undan kop transport vositalarini; shatakka olingan va shatakka olgan transport vositalarining ulagich bilan birga umumiy uzunligi 20 metrdan ortiq bo lsa; ishchi tormoz tizimi ishlamayotgan transport vositasining hagiqiy vazni shatakka olgan transport vositasining haqiqiy vaznining yarmidan ortiq bo'lsa (haqiqiy vazni kam bolgan bunday transport vositasini faqat qattiq ulagich bilan yoki qisman ortish usuli bilan shatakka olishga yol qo yiladi); ikki g'ildirakli mototsikl, elektromototsikl, moped, skuter va individual harakatlanish vositalari bilan, shuningdek, bunday mototsikl, elektromototsikl, moped, skuter va individual harakatlanish vositalarini; yo'l yaxmalak, sirpanchiq bo'lgan hollarda egiluvchan ulagichda."
question_55,Belgilangan yonalish bo'ylab harakatlanayotgan avtobus haydovchisi ushbu sharoitda yo'l berishi kerakmi?,"{""Kerak"",""Kerak emas"",""Kerak emas, chunki u togriga ketmoqda""}",0,https://lgacbbewpuzeyxijzfii.supabase.co/storage/v1/object/public/test-images/question-55.jpg,300,,"YHQ 16-bobi 105-bandi: Teng ahamiyatga ega bo'lgan yo'llar kesishgan chorrahada relssiz transport vositasining haydovchisi o'ngdan yaqinlashayotgan transport vositalariga yo'l berishi shart. Bu qoidaga tramvay haydovchilari ham o'zaro amal qilishlari kerak. Bunday chorrahalarda keyingi harakat yo nalishidan qat iy nazar, tramvay relssiz transport vositalariga nisbatan oldin o'tish huquqiga ega boladi."
question_56,Qaysi transport vositalariga harakatlanishga ruxsat etiladi?,"{""Faqat qizil avtomobilga"",""Barcha transport vositalariga"",""Qizil, ko'k va yashil avtomobillarga""}",2,https://lgacbbewpuzeyxijzfii.supabase.co/storage/v1/object/public/test-images/question-56.jpg,300,,"YHQ 7-bobi 38-bandi: Tartibga soluvchining ishoralari quyidagi ma'noni bildiradi: Qollari yon tomonga uzatilganda yoki tushirilganda: chap va ong yon tomonidan tramvayga to'g'riga, relssiz transport vositalariga to'g'riga va o'ngga harakatlanishga, piyodalarga qatnov qismini kesib o tishga ruxsat beriladi; old va orga tomonidan barcha transport vositalari va piyodalarning harakatlanishi taqiqlanadi. o'ng qo'li oldinga uzatilganda: chap yonidan tramvayga chapga, relssiz transport vositalariga barcha yo nalishlarda; oldi tomonidan barcha transport vositalariga faqat ongga harakatlanishga ruxsat beriladi; orqa tomonidan va o'ng yonidan barcha transport vositalarining harakatlanishi taqiqlanadi; piyodalarga tartibga soluvchining orqa tomonida qatnov qismini kesib o tishga ruxsat etiladi."
question_57,Tirkamali yengil avtomobillarga yolning shu yol belgisi o'rnatilgan qismida qanday eng katta tezlik bilan harakatlanishga ruxsat etiladi?,"{""60 km/s"",""70 km/s"",""80 km/s"",""100 km/s"",""110 km/s""}",2,https://lgacbbewpuzeyxijzfii.supabase.co/storage/v1/object/public/test-images/question-57.jpg,300,,"YHQ 11-bobi 79-bandining uchinchi xatboshisiga asosan: Aholi punktlaridan tashqarida: yengil avtomobillarga va ruxsat etilgan to liq vazni 3,5 tonnadan oshmaydigan yuk avtomobillariga tezlikni soatiga 100 kilometrdan oshirmasdan; shaharlararo qatnaydigan avtobuslarga va mikroavtobuslarga tezlikni soatiga 90 kilometrdan oshirmasdan; boshga avtobuslar, tirkamali yengil avtomobillar, mototsikllar, elektromototsikllar ruxsat etilgan to'liq vazni 3,5 tonnadan ortiq bolgan yuk avtomobillariga tezlikni soatiga 80 kilometrdan oshirmasdan; tirkamali yuk avtomobillariga tezlikni soatiga 70 kilometrdan oshirmasdan harakatlanish ruxsat etiladi."
question_58,Qaysi holda Qoidalar ogohlantirish ishorasini berishni talab qilmaydi?,"{""Qatnov qismining chekkasida to'xtash oldidan"",""«Xavfli burilish» belgisi bilan belgilangan yolning egri burilish joyi oldidan"",""Qo'shni harakat bolagiga o'tish oldidan""}",1,https://postimg.cc/Dmfk0bYv,300,,"YHQ 1-ilovasi 1-bo limining 1.11.1, 1.11.2. «Xavfli burilish» yo'l belgilari bilan belgilangan yo'llarning burilishi oldida. Chorraha va yo'l kesishmalarining YHQ 1-ilovasi 4-bo limining 4.1.2. «Harakatlanish ongga» va 4.1.3. «Harakatlanish chapga» belgilari o'rnatilgan tomondan chorrahaga kirib kelayotganda. Chorrahada aylanma harakat tashkil qilingan bolsa, chorrahaga kirishda Qoidalar ogohlantirish ishorasini berishni talab qilmaydi."
question_59,Ushbu yol belgisi nimani bildiradi?,"{""Belgida korsatilgandan ortiq yuk kotaruvchi yuk avtomobillari va transport vositalari tarkibi (tirkamali yuk avtomobillari)ning harakat qilishi taqiqlanadi"",""Umumiy haqiqiy vazni (yo'lovchilar va yuk vaznini qo'shgan holda) belgida korsatilgandan ortiq bolgan transport vositalari, shu jumladan, tirkamali transport vositalarining harakat qilishi taqiqlanadi""}",1,https://lgacbbewpuzeyxijzfii.supabase.co/storage/v1/object/public/test-images/question-59.jpg,300,,"YHQ 1-ilovasi 3-bolimining o'n uchinchi xatboshisiga asosan: 3.11. «Vazn cheklangan». Haqiqiy umumiy vazni belgida ko'rsatilganidan ortiq bo'lgan transport vositalarining, shuningdek transport vositalari tarkiblarining harakatlanishi taqiqlanishini bildiradi."
question_60,M2; M3 toifali avtotransport vositalari shina protektorlari naqshlarining qoldiq balandligi kamida qancha bolishi kerak?,"{""0,8 mm"",""1,2 mm"",""1,6 mm"",""2 mm"",""2,5 mm""}",3,https://postimg.cc/Dmfk0bYv,300,,"5.1. Shina protektori naqshlarining qoldiq balandligi N2, N3, 03, 04 toifadagi avtotransport vositalari uchun - 1,0 mm dan kam bo'lsa; M1, N1, 01, 02 toifadagi avtotransport vositalari uchun - 1,6 mm dan, kam bolsa; M2, M3 toifadagi avtotransport vositalari uchun - 2,0 mm dan kam bo'lsa; Mototsikl, elektromototsikl, moped va skuterlar uchun - 0,8 mm dan kam bo'lsa. Izoh: tirkamalar shinasi naqshlarining qoldiq balandligi shatakchi transport vositasi shinalari uchun belgilangan me'yor kabidir."
question_61,Qaysi javobda yolovchilar uchun chiqish va tushish maydonchasi bo'lmagan sharoitdagi yo lovchilar chiqish va tushish joylari toliq korsatilgan?,"{""Qatnov qismi yoki trotuar tomonidan"",""Trotuar tomonidan"",""Yo'l yoqasida yoki qatnov qismi tomonidan"",""Trotuar yoki yol yoqasi tomonidan""}",3,https://postimg.cc/Dmfk0bYv,300,,"YHQ 5-bobi 23-bandiga asosan: Yo'lovchilar transport vositasiga Faqatu to'la to'xtagandan so'ng trotuar yoki yol yogasi tomondan chiqishga va tushishga majburdirlar. Yo'lovchilarning transport vositalaridan trotuar yoki yo'l yogasi tomondan tushishi yoki ularga chiqishining iloji bo lmagan hollarda, agar bu harakat xavf tug dirmasa yoki boshga yo'l harakati qatnashchilariga xalaqit bermasa yo lning qatnov qismi tomonidan amalga"
question_62,Qaysi javobda ruxsat etilgan harakatlanish yo'nalishlari to'g'ri ko'rsatilgan?,"{""«А»"",""«Б»"",""«В»"",""«А» ва «Б»"",""«А» ва «В»""}",3,https://lgacbbewpuzeyxijzfii.supabase.co/storage/v1/object/public/test-images/question-62.jpg,300,,"YHQ 1-ilovasi 3-Bo'limi: 3.18.1. «O'ngga burilish taqiqlangan» belgisi qatnov qismining qaysi kesishmasi oldiga o'rnatilsa, shu kesishmaga tatbiq etiladi."
question_63,Ushbu yol belgisi qo shimcha axborot belgisi bilan nimani bildiradi?,"{""Ruxsat etilgan tola vazni 3,5 tonnadan ortiq transport vositalarining toxtab turish joyi ko'rsatkich qatnov qismining chetida baland to'siq, toshi borligini bildiradi"",""Transport vositalarining to'xtab turish joyiga avtomobilni korsatilgan usulda qo'yish taqiqlanadi"",""Yengil avtomobillar, mototsikllar, mopedlar va skuterlarni qo'yish usuli""}",2,https://lgacbbewpuzeyxijzfii.supabase.co/storage/v1/object/public/test-images/question-63.jpg,300,,"YHQ 1-ilovasi 13-bob. To'xtash va to'xtab turish: Qatnov qismiga chegaradosh trotuar chetida faqat yengil avtomobillar, mototsikllar, elektromototsikllar, mopedlar, skuterlar, velosipedlar va individual harakatlanish vositalariga to'xtab turishga 5.15 yo'l belgisi bilan birga 7.6.2, 7.6.3, 7.6.6 - 7.6.9 qo shimcha axborot belgilaridan biri o'rnatilgan joylarda ruxsat etiladi. 7.6.1 - 7.6.9. ""Transport vositasini to xtab turish joyiga qo yish usuli"". 7.6.1 barcha turdagi transport vositalarini to'xtab turishi uchun yo'lning qatnov qismida, trotuar yoniga qo yish usulini, 7.6.2 - 7.6.9 trotuar yonidagi to xtab turish joyiga yengil avtomobillar, mototsikllar, mopedlar va skuterlarni qo'yish usulini bildiradi."
question_64,Belgilangan yonalish bo'yicha harakatlanayotgan yo'nalishli transport vositalarining haydovchilari piyodalar o'tish joyidan tashqarida oq hassa bilan ishora berayotgan kozi ojiz piyodalarni o'tkazib yuborishlari kerakmi?,"{""Barcha hollarda otkazib yuborishlari kerak"",""O'tkazib yuborishlari kerak emas""}",0,https://postimg.cc/Dmfk0bYv,300,,"YHQ 17-bobi 113-bandiga asosan: Barcha hollarda, shu jumladan, piyodalar o'tish joylaridan tashqarida ham haydovchi oq hassa bilan ishora berayotgan ko'zi ojiz piyoda (lar) ni o'tkazib yuborishi kerak."
question_65,Transport vositalari chorrahadan quyidagi tartibda otadilar:,"{""Mototsikl, tramvay va avtomobil"",""Tramvay, mototsikl, avtomobil"",""Tramvay va avtomobil, mototsikl""}",0,https://lgacbbewpuzeyxijzfii.supabase.co/storage/v1/object/public/test-images/question-65.jpg,300,,"YHQ 16-bobi 104-bandiga asosan: Teng ahamiyatga ega bolmagan yo llar kesishgan chorrahada ikkinchi darajali yo ldan harakatlanayotgan transport vositasining haydovchisi asosiy yo ldan yaqinlashayotgan transport vositalariga ularning keyingi harakatlanish yo nalishidan qat'iy nazar, yo'l berishi kerak. Bunday chorrahalarda tramvay harakatlanish yo'nalishidan qat'iy nazar, teng ahamiyatli yolda bir yo'nalishda yoki qarama-qarshi yo'nalishda harakatlanayotgan relssiz transport vositalariga nisbatan imtiyozga ega."
question_66,Harakatlanish kimga ruxsat etilgan?,"{""Barcha transport vositalariga"",""Mototsiklga"",""Avtomobil va mototsiklga""}",1,https://lgacbbewpuzeyxijzfii.supabase.co/storage/v1/object/public/test-images/question-66.jpg,300,,"YHQ 7-bobi 38-bandiga asosan, tartibga soluvchining o'ng qo'li oldinga uzatilganda: chap yonidan tramvayga chapga, relssiz transport vositalariga barcha yo nalishlarda; oldi tomonidan barcha transport vositalariga faqat ongga harakatlanishga ruxsat beriladi; orqa tomonidan va o'ng yonidan barcha transport vositalarining harakatlanishi taqiqlanadi;"
question_67,Qaysi yonalishda harakatlanishga ruxsat etiladi?,"{""Faqat chapga"",""Tog'riga va ó'ngga"",""Faqat o'ngga"",""Faqat tog'riga""}",0,https://lgacbbewpuzeyxijzfii.supabase.co/storage/v1/object/public/test-images/question-67.jpg,300,,YHQ 3. Taqiqlovchi belgilar: 3.1. «Kirish taqiqlangan». Barcha transport vositalarining kirishi taqiqlanishini bildiradi.
question_68,"Agar transport vositasi o'lchamlari kattaligidan yoki boshqa sabablarga kora chetki holatda burilishni bajara olmagan bolsa, bu qoidadan chetga chiqgan holda burilishga yol qo'yiladimi?","{""Yol qo'yilmaydi"",""Yol qo'yiladi, agar bu boshqa transport vositalariga xalaqit bermasa, harakat xavfsizligini ta'minlab, talablardan chetga chiqishi mumkin"",""Aholi punktidan tashqaridagi yollarda yol qo'yiladi"",""Yol qo'yiladi, lekin faqat chorrahada emas""}",1,https://postimg.cc/Dmfk0bYv,300,,"YHQ 9-bobi 58-bandiga asosan: Agar transport vositasi o'zining gabaritlari (eng katta tashqi o'lchamlari) yoki boshqa sabablarga ko'ra (eng chekka tasmalardagi tirbandliklar bundan mustasno) Qoidalarning 56-bandi talablariga muvofiq burilishni bajara olmasa, harakat xavfsizligini ta'minlagan holda, boshqa transport vositalariga xalaqit bermasdan, talablardan chetga chiqishiga yo'l qo'yiladi. 56. Aylanma harakatlanish tashkil qilingan chorrahalarga kirish uchun burilishdan boshqa barcha hollarda, haydovchi o'ngga, chapga burilishi yoki qayrilib olishdan oldinroq shu yo'nalishda harakatlanishi uchun mo ljallangan qatnov qismining eng chetki holatni egallashi shart."
question_69,Qattiq ulagich transport vositalari orasida qanchadan ortiq bolmagan masofani ta'minlashi kerak?,"{""2 m"",""3 m"",""4 m"",""5 m"",""6 m""}",2,https://postimg.cc/Dmfk0bYv,300,,"YHQ 24-bobi 144-bandiga asosan: Egiluvchan ulagich bilan shatakka olishda shatakka olgan va shatakka olingan transport vositalari o'rtasidagi masofa 4 - 6 metr oralig'ida bo lishi, qattiq ulagich yordamida shatakka olishda esa 4 metrdan ko'p bo'lmasligi kerak."
question_70,Velosipedchilarga trotuarda harakatlanishga ruxsat etiladimi?,"{""Ruxsat etiladi"",""Piyodalar bolmaganda ruxsat etiladi"",""Taqiqlanadi""}",2,https://postimg.cc/Dmfk0bYv,300,,"YHQ 28-bobi 166-bandining birinchi xatboshisiga asosan: Velosipedlar, individual harakatlanish vositalari, mopedlar, aravalar, miniladigan yoki yuk ortiladigan hayvonlarning yolning chetki o'ng bo'lagida imkoni boricha o'ng tomonidan bir qator bo lib harakatlanishiga yol qo yiladi. Agar piyodalarga xalaqit bermasa, yol yogasidan harakatlanishga ham ruxsat etiladi."
question_71,Shatakka olingan avtomobilda odamlarni tashishga ruxsat etiladimi?,"{""Avtobusda ruxsat etiladi"",""Yengil avtomobilda ruxsat etiladi"",""Qattiq ulagichda shatakka olingan yuk avtomobili yukxonasida ruxsat etiladi""}",1,https://postimg.cc/Dmfk0bYv,300,,"YHQ 24-bobi 143-bandiga asosan: Qattiq yoki egiluvchan ulagich yordamida shatakka olingan avtobusda, trolleybusda va yuk avtomobili yukxonasida odam tashish, qisman ortish yo li bilan shatakka olishda esa shatakka olingan transport vositasining kabinasida va yukxonasida, shuningdek shatakka olgan transport vositasining yukxonasida odamlar bo'lishi taqiqlanadi. 159. Odamlarni tashish quyidagi hollarda taqiqlanadi: bolalarni yuk avtomobillarining yukxonasida; transport vositasining kabinasidan tashqarida (odam tashish uchun mo'ljallangan bortli yuk yoki furgon-yuk xonali avtomobillar bundan mustasno); Traktorlar va boshqa o ziyurar uskunalar, yuk tashiladigan tirkamalar, tirkama-uycha, yuk mototsikllari, elektromototsikllar, mopedlar va skuterlar yukxonasida; Mototsikllar, elektromototsikllar, mopedlar va skuterlarning konstruksiyasida ko'zda tutilgan joylardan tashqarida; 12 yoshga to Imagan bolalarni mototsiklning orqa o'rindig'ida, shuningdek bolalarni ushlab turuvchi maxsus qurilma o'rnatilmagan transport vositasining old o rindig ida; odam soni transport vositasining texnik tavsifnomasida ko zda tutilgan miqdordan ortiq bo'lganda. Bunda transport vositasining haqiqiy vazni uni ishlab chiqargan korxona belgilagan ruxsat etilgan vazndan oshmasligi kerak."
question_72,Bu joyda quib o tishga ruxsat etiladimi?,"{""Ruxsat etiladi"",""Taqiqlanadi"",""Agar quib o tilayotgan transportning tezligi 40 km/ soatdan kam bo'lsa ruxsat etiladi""}",0,https://lgacbbewpuzeyxijzfii.supabase.co/storage/v1/object/public/test-images/question-72.jpg,300,,"YHQ 1-ilovasi 3-bo limining yigirma oltinchi xatboshisiga asosan: 3.22. «Yuk avtomobillarida quvib o tish taqiqlangan». To liq vazni 3,5 tonnadan ortiq bo'lgan yuk avtomobillarida barcha transport vositalarini quvib o tish taqiqlanishini bildiradi (soatiga 40 km dan kam tezlikda harakatlanayotgan transport vositasi, traktor, ot-arava, velosiped bundan mustasno). YHQ 1-ilovasi 7-bo limining ikkinchi xatboshisiga asosan: 7.1.1. «Obyektgacha bo'lgan masofa». Belgidan yo Ining xavfli joyi, yo'l harakatiga tegishli cheklovlar kiritiladigan joyi yoki harakat yo'nalishi bo yicha oldindagi muayyan joygacha bo'lgan masofani ko rsatadi."
question_73,Qaysi belgi «T» simon chorrahada harakatlanish yo'nalishini ko'rsatadi?,"{""1"",""2"",""3"",""4"",""5""}",1,https://lgacbbewpuzeyxijzfii.supabase.co/storage/v1/object/public/test-images/question-73.jpg,300,,"YHQ 1-ilovasi 1-bolimi: 1.31.3. «Burilishning yo'nalishi». T-simon chorrahada yoki yo'l ayrilishlarida harakatlanish yo nalishini, ta'mirlanayotgan yo'l qismini aylanib o'tish yo'nalishini bildiradi."
question_74,Oldida transport vositasi to xtab turgan tartibga solinmaydigan piyodalar o'tish joyiga yaqinlashib kelmoqdasiz. Siz nima qilishingiz kerak?,"{""Piyodalar o'tish joyidan o'tish"",""Piyodalar o'tish joyidan to'xtamasdan o'tish, lekin alohida ehtiyotkorlik bilan"",""Harakatni davom ettirish, lekin to xtab turgan transport vositasi oldida piyodalar yo'qligiga ishonch hosil qilgan holda"",""Albatta to'xtash, piyodalar paydo bo'lsa, ularni otkazib yuborish""}",2,https://postimg.cc/Dmfk0bYv,300,,"YHQ 17-bobi 110-bandi: Agar tartibga solinmagan piyodalar o tish joyi oldida transport vositasi harakatini sekinlashtirsa yoki to xtasa, qo'shni tasmalarda harakatlanayotgan boshqa haydovchilar bu transport vositasi oldida ртуода (lar) yo qligiga ishonch hosil qilganlaridan so'nggina harakatlanishni davom ettirishlari mumkin."
question_75,Qaysi transport vositalariga harakatlanish ruxsat etiladi?,"{""Yashil, ko'k va qora avtomobillarga"",""Qizil, sariq va yashil avtomobillarga"",""Yashil, kok va qizil""}",2,https://lgacbbewpuzeyxijzfii.supabase.co/storage/v1/object/public/test-images/question-75.jpg,300,,"YHQ 7-bobi 38-bandiga asosan: Tartibga soluvchining ishoralari quyidagi ma'noni bildiradi: O'ng qo li oldinga uzatilganda: chap yonidan tramvayga chapga, relssiz transport vositalariga barcha yo nalishlarda; oldi tomonidan barcha transport vositalariga faqat o'ngga harakatlanishga ruxsat beriladi; orqa tomonidan va o'ng yonidan barcha transport vositalarining harakatlanishi taqiqlanadi; piyodalarga tartibga soluvchining orqa tomonida qatnov qismini kesib o'tishga ruxsat etiladi."
question_76,Transport vositalari chorrahadan quyidagi tartibda otadilar:,"{""Tramvay, avtobus va yengil avtomobil"",""Avtobus, yengil avtomobil, tramvay"",""Yengil avtomobil, tramvay, avtobus""}",0,https://lgacbbewpuzeyxijzfii.supabase.co/storage/v1/object/public/test-images/question-76.jpg,300,,"YHQ 16-bobi 105-bandiga asosan: Teng ahamiyatga ega bo lgan yollar kesishgan chorrahada relssiz transport vositasining haydovchisi o'ngdan kelayotgan transport vositalariga yo'l berishi shart. Bu qoidaga tramvay haydovchilari ham o'zaro amal gilishlari kerak. Bunday chorrahalarda, keyingi harakat yo nalishidan qat'i nazar, tramvay relssiz transport vositalariga nisbatan oldin o'tish huquqiga ega bo ladi."
question_77,Qanday hollarda quvib otish taqiqlanadi?,"{""Tartibga solingan chorrahalarda"",""Ko'priklarda, yo'l o'tkazgichlarda, estakadalarda va ularning ostida"",""Piyodalar o'tish joylarida"",""Sanab o'tilgan barcha hollarda""}",3,https://postimg.cc/Dmfk0bYv,300,,"YHQ 12-bobi 86-bandiga asosan: Quvib o tish quyidagi hollarda taqiqlanadi: tartibga solingan chorrahalarda; tartibga solinmaydigan chorrahalarda asosiy hisoblanmaydigan yo llarda harakatlanishda; ko priklarda, yol o tkazgichlarda, estakadalarda va ularning ostida; piyodalar o'tish joylarida; temir yo'l kesishmalarida va ulargacha 100 metrdan kam masofa qolganda; quvib yoki aylanib o tayotgan transport vositalarini; tepalikning oxirida va yolning ko'rinishi cheklangan joylarida; 3.20 va 3.22 yol belgilari ta'sir oralig ida."
question_78,Kunduzgi vaqtda yaqinni yorituvchi fara chirog'ini yoqish ogohlantirish ishorasi bo'ladimi?,"{""Boladi"",""Bolmaydi""}",0,https://postimg.cc/Dmfk0bYv,300,,"YHQ 8-bobi 44-bandiga asosan, quyidagilar ogohlantiruvchi ishoralar hisoblanadi: burilishni ko'rsatadigan miltillovchi chiroq yoki qo'l bilan beriladigan ishoralar; tovushli ishoralar; chiroqlarning yoqib o'chirilishi; kunduz kuni yaqinni yorituvchi chiroqlarning yoqilishi."
question_79,Agar g'ildiraklardagi tortish kuchi yol bilan tishlashish kuchidan ortiq bolsa: Joydan qo'zg'alayotgan vaqtda katta inersiya kuchi vujudga keladi va uni bartaraf qilish uchun yetaklovchi g'ildiraklarga katta tortish kuchiniqo'shish lozim. Gorizontal yo'lda katta bo'lmagan tezlikda bir tekis harakat paytida qarshilik kuchi katta emas va uni bartaraf qilish uchun kamroq bortish kuchi yetarli. Ko'proq tortilganda boshqaruvchi g'ildiraklar o'rnidan jilmay aylanada.,"{""Yurgizgich o'chib qoladi"",""Ulagich detallarining yemirilishi ortadi"",""Yetakchi g'ildiraklar o'rnidan jilmay aylanadi 3""}",2,https://postimg.cc/Dmfk0bYv,300,,
question_80,Qayd etilgan qaysi hollarda transport vositalarini ekspluatatsiya qilishga ruxsat etiladi?,"{""Qo'shaloq shinalar orasiga xavf-xatar tug diruvchi begona jismlar tigilib qolgan"",""Shina o'lchamlari yoki cheklangan og irlik transport vositasining turiga mos kelmaydi"",""M1; M2, M3 toifali 1 klass avtotransport vositalarining oldingi o'qiga 1 klassda ta mirlangan shinalar qo yilgan"",""Barcha sanab o tilgan hollarda ruxsat etiladi""}",2,https://postimg.cc/Dmfk0bYv,300,,"YHQ 3-ilovasi 5-Bo limining 5.7-bandiga asosan: M1, M2, M3 toifalarni I klassidagi avtotransport vositalarini oldingi o'giga, M3 toifani Il va IlI klassidagi avtotransport vositalarini o'rta va orga o'qlariga ikkinchi ta mirlash klassi bo'yicha qayta tiklangan shinalar o'rnatilgan bo'lsa foydalanish taqiqlanadi."
question_81,Qaysi transport vositalariga korsatilgan yonalishlar bo yicha harakatlanishga ruxsat etiladi?,"{""Avtomobil haydovchisiga"",""Avtomobil va mototsikl haydovchisi"",""Tramvay va avtomobil haydovchisiga""}",2,https://lgacbbewpuzeyxijzfii.supabase.co/storage/v1/object/public/test-images/question-81.jpg,300,,"YHQ 7-bobi 32-bandiga asosan: Yo'naltirgich ko'rinishidagi qizil, sariq va yashil rangli svetofor ishoralari ham doira shaklidagi svetofor ishoralari bilan bir xil ma'noga ega bo ladi. Ular faqat ko'rsatilgan yo nalishga ta'sir etadi. Agar tegishli yol belgisi bilan qayrilib olish taqiqlanmagan bo'lsa, chapga burilishga ruxsat beruvchi yo'naltirgich qayrilib olishga ham ruxsat beradi. Qo'shimcha tarmoqdagi yashil yo naltirgich ham xuddi shu ma'noni bildiradi. Qo'shimcha tarmoqdagi ishora o'chirilgan bo'lsa, shu tarmoq tartibga solayotgan yo nalishda harakatlanish taqiqlanganligini bildiradi."
question_82,Avtomobillarga qaysi yonalishda harakatlanishga ruxsat etiladi?,"{""Qizil avtomobilga - to'g'riga, ko'k avtomobilga - to'g'riga va chapga"",""Qizil va ko'k avtomobilga - to'g'riga"",""Qizil avtomobilga - to'g'riga, ko'kka - chapga va qayrilib olishga""}",2,https://lgacbbewpuzeyxijzfii.supabase.co/storage/v1/object/public/test-images/question-82.jpg,300,,"YHQ 10-bobi 67-bandining uchinchi xatboshisiga asosan: Bir yo'nalishdagi uch va undan ortiq tasmali har ganday yo lda chetki chap gatorni harakat serqatnovligi sababli boshqa bo laklar band bolgan hollarda, shuningdek, quvib o tish, chapga burilish yoki gayrilib olishga, yuk avtomobillariga faqat chapga burilish yoki qayrilib olish uchun chetki chap qatorni egallashga ruxsat etiladi. Boshqa hollarda yuk avtomobillariga yo Ining chetki chap qatorida harakatlanish taqiqlanadi."
question_83,Ushbu holatda quvib otishga ruxsat etiladimi?,"{""Ruxsat etiladi"",""Taqiqlanadi"",""Agar quvib o'tilayotgan transport vositasi 40 km/ soadan kam tezlik bilan harakatlanayotgan bo'lsa, ruxsat etiladi""}",1,https://lgacbbewpuzeyxijzfii.supabase.co/storage/v1/object/public/test-images/question-83.jpg,300,,"YHQ 2-ilovasi 1-bo'limining uchinchi xatboshisiga asosan: 1.1 - qarama-qarshi yo nalishlarda harakatlanayotgan transport oqimlarini ajratadi, yo'Ining xavfli joylaridagi harakatlanish bolagi chegarasini bildiradi; yo Ining kirish taqiqlangan qismi chegarasini belgilaydi; transport vositalarining to'xtab turish joyi chegarasini hamda avtomagistral qatoriga kiritilmagan yo Ining qatnov qismi chegarasini bildiradi. YHQ 2-ilovasi 1-bo'limining o'ttiz to'rtinchi xatboshisiga asosan: 1.1 va 1.3 chiziqlarini bosib o tish taqiqlanadi, qatnov qismining chetini bildirish uchun qo llanilgan 1.1 chizig i bundan"
question_84,Ushbu svetofor qaysi harakatlanishni tartibga solish uchun qollanadi?,"{""Qatnov qismining butun kengligi boyicha"",""Qatnov qismidagi harakatlanish yonalishi qarama qarshi tomonga o'zgaradigan tasmalar boyicha"",""Faqat belgilangan yo nalishdagi transport vositalari uchun moljallangan tasma bo'yicha""}",1,https://lgacbbewpuzeyxijzfii.supabase.co/storage/v1/object/public/test-images/question-84.jpg,300,,"YHQ 7-bobi 35-bandiga asosan: Qatnov qismidagi harakatlanish yo nalishi qarama-qarshi tomonga o zgarishi mumkin bolgan tasmalarida transport vositalarining harakatlanishini tartibga solish uchun X-simon qizil ishorali va pastga yo nalgan ko'rsatkich ko'rinishidagi yashil ishorali reversiv svetoforlar qo llaniladi. Bu ishoralar qaysi tasma ustiga o'rnatilgan bo'lsa, unda harakatlanishni taqiqlaydi yoki harakatlanishga ruxsat beradi. Ikki tomoni 1.9 yo l chizig i bilan belgilangan tasma ustiga o rnatilgan va ishoralari o chirilgan reversiv svetofor shu tasmaga kirishni taqiqlaydi."
question_85,Transport vositalari chorrahadan quyidagi tartibda otadilar:,"{""Qizil avtomobil, tramvay, yashil, ko'k avtomobil"",""Tramvay, qizil, ko'k, yashil avtomobil"",""Tramvay, qizil, yashil, ko'k avtomobil""}",2,https://lgacbbewpuzeyxijzfii.supabase.co/storage/v1/object/public/test-images/question-85.jpg,300,,"YHQ 16-bobi 104-Bandiga asosan: Teng ahamiyatga ega bo lmagan yo llar kesishgan chorrahada, ikkinchi darajali yo'lda harakatlanayotgan transport vositasining haydovchisi asosiy yo ldan yaqinlashayotgan transport vositalariga, ularning keyingi harakat yo'nalishidan qat'i nazar, yo'l berishi kerak. Bunday chorrahalarda tramvay harakatlanish yo nalishidan qat'i nazar, teng ahamiyatga ega bolgan yo Ida bir yo'nalishda yoki qarama-qarshi yo nalishda harakatlanayotgan relssiz transport vositalariga nisbatan imtiyozga ega. YHQ 16-bobi 106-bandiga asosan: Asosiy yo'lning yo'nalishi chorrahada o'zgarganda asosiy yo'lda harakatlanayotgan haydovchilar o'zaro teng ahamiyatli yo'llar chorrahasidan o tish qoidasiga amal qilishlari kerak. Ikkinchi darajali yollarda harakatlanayotgan haydovchilar ham o zaro shu qoidaga amal qilishlari kerak."
question_86,"Ko'rsatilgan avtotsisternalardan qaysi biri burilishda ag'darilib ketish xavfi kamroq, turg'unroq?","{""Suyuqlik bilan 75 foizgacha toldirilgani"",""Suyuqlik bilan to'liq to'ldirilgani""}",1,https://lgacbbewpuzeyxijzfii.supabase.co/storage/v1/object/public/test-images/question-86.jpg,300,,"Yuk avtomobilining muvozanati yo qolishiga mahkamlanmagan yuk sabab bo ladi. Burilishdagi harakat vaqtida mahkamlanmagan yuk, yuk platformasidan ko'chib, bortlariga urilishi va avtomobilning ag darilishiga sabab bo lishi mumkin. Oxshash holat suyuq yuk ortgan sisternali avtomobillari harakatlanishida ham yuzaga keladi. Suyuq yuk ortgan avtomobillarning burilishlarda harakatlanishi jarayonida yukning bir bortdan ikkinchi bortga ko'chishi yuzaga keladi. Suyuq yuk tebranib bortlarga urilishi natijasida avtomobilning muvozanati yo'qolishiga olib keladi."
question_87,"Shunday yol belgisi bolgan yol qismlarida ruxsat etilgan tola vazni 3,5 tonnadan oshmaydigan yuk avtomobillariga qanday eng katta tezlik bilan harakat qilishga ruxsat etiladi?","{""110 km/s"",""70 km/s"",""100 km/s"",""90 km/s"",""60 km/s""}",2,https://lgacbbewpuzeyxijzfii.supabase.co/storage/v1/object/public/test-images/question-87.jpg,300,,"YHQ 11-bobi 79-bandining birinchi xatboshisiga asosan, aholi punktlaridan tashqarida: yengil avtomobillarga va ruxsat etilgan to' la vazni 3,5 tonnadan oshmaydigan yuk avtomobillariga tezlikni soatiga 100 kilometrdan oshirmasdan harakatlanishga ruxsat etiladi."
question_88,To'xtagan transport vositasi bilan yotiq sidirg a chiziq orasidagi masofa qancha bolganida to'xtash taqiqlanadi?,"{""6 m"",""5,5 m"",""4 m"",""3,5 m"",""2,5 m""}",4,https://lgacbbewpuzeyxijzfii.supabase.co/storage/v1/object/public/test-images/question-88.jpg,300,,"YHQ 13-bobi 91-bandining to'rtinchi xatboshisiga asosan, quyidagi joy va holatlarda to xtash taqiqlanadi: to'xtagan transport vositasi bilan sidirg'a chiziq (qatnov qismining chetini belgilovchi chiziqdan tashqari), ajratuvchi mintaqa yoki qatnov qismining qarama-qarshi cheti orasidagi masofa 3 metrdan kam bolgan joylarda."
question_89,"Harakat tezligi ikki marta oshganda, tormozlanish yoli necha marta ortadi?","{""Tormoz yoli harakat tezligiga bogliq emas"",""Uch marta"",""To'rt marta"",""Ikki marta""}",2,https://postimg.cc/Dmfk0bYv,300,,"Tormoz yo'li kattaligini quyidagi formula orqali aniqlash mumkin: 5=ke*va^2/2gp bunda S - tormoz yoli; ke - avtomobilning ushbu yo Ida mumkin qadar haqiqiy sekinlashishi nazariy sekinlashishdan necha barobar kamligini ko'rsatuvchi tormozlanish samaradorligi koeffitsienti; va - avtomobil harakatining boshlang ich tezligi; p - shinaning yo'l bilan tishlashish koeffitsienti. Ushbu formuladan ko'rinadiki, tormoz yo lining kattaligi tormozlanishdan avval harakatlanayotgan avtomobil tezligi kvadratiga nisbatan mutanosibdir. Shu bois harakat tezligi ikki barobar ko'paysa, tormoz yo'li to'rt barobar ko payadi."
question_90,Bir tirkamali avtopoyezdning qanday eng katta uzunligida DYHXX ruxsatisiz harakatlanishga yo'l qo'yiladi?,"{""16 m"",""18 m"",""20 m"",""22 m"",""24 m""}",2,https://postimg.cc/Dmfk0bYv,300,,"YHQ 27-bobi 164-bandining birinchi xatboshisiga asosan: O ta og ir, katta o lchamli va xavfli yuklarni tashishda gabarit o'Ichamlari yukli yoki yuksiz holda eni bo'yicha 2,55 (refrijeratorlar va izotermik kuzovlar uchun - 2,6) metrdan va balandligi bo'yicha yol sathidan 4 metrdan, uzunligi bo'yicha yakka avtotransport vositasi uchun - 12 metrdan, tirkama uchun - 12 metrdan, yarimtirkamali avtopoezd uchun - 20 metrdan, tirkamali avtopoezd uchun - 20 metrdan ortiq bo'lgan yoki yuki transport vositasining oldi va orga nuqtasidan 2 metrdan ortiq chiqib turgan transport vositalarining harakatlanishi belgilangan tartibda DYHXX bilan kelishilgan bolishi kerak."
question_91,Qizil avtomobilning haydovchisi miltillovchi chiroq-mayoqchali va maxsus tovushli ishora yogilgan transport vositasi yaqinlashib kelayotganda nima qilishi kerak?,"{""Harakat bolagini o zgartirmasdan to'xtashi va majburiy to'xtash chiroqlarini yogishi"",""Tezlikni pasaytirishi va boshqa qatorga o tish bilan bog lik keskin manyovrlarga yo'l qoymasdan harakatni davom ettirishi"",""Yo'l berishi""}",2,https://lgacbbewpuzeyxijzfii.supabase.co/storage/v1/object/public/test-images/question-91.jpg,300,,"YHQ 6- bobi 26-bandiga asosan: Haydovchilar tezkor va maxsus xizmatlarning kok yoki gizil yoxud ko'k va qizil rangli yalt-yalt etuvchi mayoqchalar va maxsus tovushli ishorasi yoqilgan holda yaqinlashayotgan transport vositalariga, shuningdek ularning kuzatuvidagi, yaqinni yorituvchi fara chiroqlari yogilgan transport vositasi (transport vositalari) ga yo'l berishlari shart. Mazkur turdagi transport vositalarini quib o'tish taqiqlanadi."
question_92,Mazkur belgi bilan belgilangan hududda qanday cheklovlar ornatilgan?,"{""Harakat tezligini 5 km/s dan oshmasligi kerakligini bildiradi"",""Transport vositalarini boshqarishni o'rgatish"",""Kirib, chiqib ketish harakati taqiqlanadi"",""Yengil avtomobillarni tunda to xtab turishini taqiqlaydi""}",1,https://lgacbbewpuzeyxijzfii.supabase.co/storage/v1/object/public/test-images/question-92.jpg,300,,"YHQ 20-bobi 124-bandining birinchi xatboshisiga asosan, turar joy dahalarida quyidagilar taqiqlanadi: mexanik transport vositalarini boshqarishni orgatish."
question_93,Qaysi belgi teng ahamiyatli yollar kesishish chorrahasiga yaqinlashib kelayotganlik haqida ogohlantiradi?,"{""1"",""2"",""3"",""4"",""5""}",4,https://lgacbbewpuzeyxijzfii.supabase.co/storage/v1/object/public/test-images/question-93.jpg,300,,YHQ 1-ilovasining 1-Bo limining o'n birinchi xatboshisiga asosan: 1.6. «Teng ahamiyatli yo llar kesishuvi».
question_94,Svetoforning taqiqlovchi ishorasida va shlagbaum ochiq bolganda haydovchi nima gillishi kerak?,"{""Yaqinlashib kelayotgan poyezd yo'qligiga shaxsan ishonch hosil qilishi va kesishmadan otishi kerak"",""Shlagbaumning holatiga asoslangan holda kesishmadan o'tishi kerak"",""Shlagbaumgacha 10 metrdan yaqin bo'lmagan masofada to'xtash"",""To'xtash chizig'i oldida, « To'xtamasdan harakatlanish taqiqlangan» belgisi oldida, agar ular yo'q bolsa shlagbaumgacha 5 metrdan yaqin bolmagan masofada to'xtash""}",3,https://postimg.cc/Dmfk0bYv,300,,"YHQ 18-bobi 118-bandining ikkinchi xatboshisiga asosan, temir yo'l kesishmasiga quyidagi hollarda kirish taqiqlanadi: shlagbaum holatidan qati nazar, svetoforning taqiqlovchi ishorasida. YHQ 18-bobi 119-bandiga asosan: Kesishma orqali harakatlanish taqiqlangan hollarda haydovchi to'xtash chizig'i, 2.5 yo'l belgisi yoki svetofor oldida, ular bolmaganda shlagbaumga kamida 5 metr, shlagbaum bo lmaganda esa birinchi temir yo'l iziga kamida 10 metr qolganda t t hi k k"
question_95,Chorrahadan ikkinchi bolib kim o'tadi?,"{""Tramvay"",""Qizil avtomobil"",""Ko'k avtomobil""}",0,https://lgacbbewpuzeyxijzfii.supabase.co/storage/v1/object/public/test-images/question-95.jpg,300,,"YHQ 16-bobi 104-Bandiga asosan: Teng ahamiyatga ega bo'lmagan yo llar kesishgan chorrahada, ikkinchi darajali yo'lda harakatlanayotgan transport vositasining haydovchisi asosiy yo'ldan yaqinlashayotgan transport vositalariga, ularning keyingi harakat yo'nalishidan qat'i nazar, yo'l berishi kerak. Bunday chorrahalarda tramvay harakatlanish yo nalishidan qat'i nazar, teng ahamiyatga ega bo'lgan yo'lda bir yo'nalishda yoki qarama-qarshi yo nalishda harakatlanayotgan relssiz transport vositalariga nisbatan imtiyozga ega. YHQ 16-bobi 106-bandiga asosan: Asosiy yo'Ining yo nalishi chorrahada o'zgarganda asosiy yo lda harakatlanayotgan haydovchilar o'zaro teng ahamiyatli yo'llar chorrahasidan o tish qoidasiga amal qilishlari kerak. Ikkinchi darajali yollarda harakatlanayotgan haydovchilar ham o zaro shu qoidaga amal"
question_96,qilishlari kerak. Qanday hollarda haydovchisi bolmagan transport vositalarini shatakka olish mumkin?,"{""Barcha hollarda"",""Egiluvchan yoki qattiq ulagichda shatakka olishda"",""Qattiq ulagichning tuzilishi shatakka olingan transport vositalarini shatakka olgan transport vositalarining izidan harakatlanishini ta'minlaganda"",""Qattiq ulagichda shatakka olishda""}",2,https://postimg.cc/Dmfk0bYv,300,,"YHQ 24-bobi 142-bandiga asosan: Qattiq yoki egiluvchan ulagich yordamida shatakka olish shatakka olingan transport vositasining rul boshqaruvida haydovchi bo'lgandagina amalga oshirilishi kerak, to'g'ri chiziq bo'ylab harakatlanganda qattiq ulagichning konstruksiyasi shatakka olingan transport vositasini shatakka olgan transport vositasining izidan borishini ta'minlaydigan hollar bundan"
question_97,Bu yerda quvib o'tishga ruxsat etiladimi?,"{""Ruxsat etiladi"",""Taqiqlanadi""}",1,https://lgacbbewpuzeyxijzfii.supabase.co/storage/v1/object/public/test-images/question-97.jpg,300,,"YHQ 12-bobi 86-bandining oltinchi xatboshisiga asosan, quvib o tish quyidagi hollarda taqiqlanadi: tepalikning oxirida va yo Ining ko'rinishi cheklangan joylarida;"
question_98,Qaysi ishoralar ogohlantiruvchi hisoblanadi?,"{""Burilishni korsatadigan miltillovchi chiroq yoki qol bilan beriladigan ishoralar"",""Tovushli ishoralar"",""Fara chiroqlarini yoqib-o chirilishi va kunduzgi vaqtda yaqinni yorituvchi fara chirog'ining yogilishi"",""Sanab otilgan barcha ishoralar""}",3,https://postimg.cc/Dmfk0bYv,300,,"YHQ 8-bobi 44-bandiga asosan, quyidagilar ogohlantiruvchi ishoralar hisoblanadi: burilishni ko'rsatadigan miltillovchi chiroq yoki qo'l bilan beriladigan ishoralar; tovushli ishoralar; chiroqlarning yogib o'chirilishi; kunduz kuni yaqinni yorituvchi chiroqlarning yogilishi."
question_99,Boshqarishni orgatishdagi transport vositasi qanday jihozlangan bolishi kerak?,"{""Qoidalarning talablariga asosan, taniqlik belgilari bilan"",""Ulagich (ssepleniye) va ishchi tormozining qo'shimcha tepkilari bilan"",""O'rgatuvchi uchun orqani korsatuvchi ko'zgu bilan"",""Sanab o'tilgan barcha jihozlar va belgilar bilan""}",3,https://postimg.cc/Dmfk0bYv,300,,"YHQ 25-bobi 150-bandiga asosan: Boshqarishni o'rgatish uchun mo'ljallangan mexanik transport vositalari ""Boshqarishni o'rgatish transport vositasi"" taniqlik belgisi va o'rgatuvchi uchun ulagich (ssepleniye) va tormozning qo'shimcha tepkilari, orqani ko'rsatuvchi ko'zgu hamda ushbu transport vositalarining harakat yo nalishini nazorat qilish imkonini beradigan GPS qurilmalari bilan jihozlanishi kerak."
question_100,Sanab o'tilgan holatlarning qaysilarida transport vositasidan foydalanish taqiqlanadi?,"{""Pnevmatik tormoz yuritmasining manometri ishlamaydi"",""Mototsiklning boshqaruv dempferi nosoz"",""M1 toifasidagi transport vositasining rul boshqarmasi lyuft yig indisi 10 gradusdan ortiq"",""Sanab o'tilgan barcha hollarda""}",3,https://postimg.cc/Dmfk0bYv,300,,"YHQ 3-ilovasi 1-bo limining 1.5-bandiga asosan: Pnevmatik yoki pnevmogidravlik tormoz yuritmasining manometri ishlamasa foydalanish taqiqlanadi. YHQ 3-ilovasi 2-bo limining 2.1 va 2.3-bandlariga asosan: Boshqaruv qurilmasidagi lyuft yig'indisi reglament (qat'iy belgilangan) sharoitlardagi sinovlarda quyidagi korsatkichdan katta bo'lmasligi kerak: Ml - 10% M2, M3, N1 - 20% N2. N3 - 25%."
question_101,Avtomobil qaysi yo'nalishlarda harakatlanishi mumkin?,"{""Faqat o'ngga"",""To'xtash va svetoforning yashil chirog'ini kutish"",""Faqat to'g'riga"",""Barcha yo'nalishlar bo'yicha""}",3,https://lgacbbewpuzeyxijzfii.supabase.co/storage/v1/object/public/test-images/question-101.jpg,300,,"YHQ 7-bobi 38-bandiga asosan, tartibga soluvchining o'ng qo'li oldinga uzatilganda: chap yonidan tramvayga chapga, relssiz transport vositalariga barcha yo nalishlarda; oldi tomonidan barcha transport vositalariga faqat o'ngga harakatlanishga ruxsat beriladi; orqa tomonidan va o'ng yonidan barcha transport vositalarining harakatlanishi taqiqlanadi; piyodalarga tartibga soluvchining orqa tomonidan qatnov qismini kesib o'tishga ruxsat etiladi."
question_102,Bu belgi nimani bildiradi?,"{""Roparadan kelayotgan transport vositalariga nisbatan birinchi o'tish huquqini beradi"",""Haydovchi ro'paradan harakatlanayotgan transport vositalariga yol berishi kerak"",""Bir tomonlama harakatli yo'l qatnov qismi tamom bolganligini bildiradi""}",1,https://lgacbbewpuzeyxijzfii.supabase.co/storage/v1/object/public/test-images/question-102.jpg,300,,YHQ 1-ilovasi 2-bo'limining o'ninchi xatboshisiga asosan: 2.6. «Ro para harakatlanishning ustunligi». Qarama-qarshi harakatlanishni qiyinlashtiradigan hollarda yolning tor qismiga kirish taqiqlanadi. Haydovchi yo Ining tor qismida bolgan yoki ro paradan unga yaqin bolgan transport vositasiga yol berishi kerak.
question_103,"Haydovchiga belgilangan trayektoriya bo'yicha harakatlanib, manyovrlar bajarishga ruxsat berilganmi?","{""«A» boyicha ruxsat etilgan"",""«Б» bo'yicha ruxsat etilgan"",""Ikkovi bo'yicha ham ruxsat etilgan""}",2,https://lgacbbewpuzeyxijzfii.supabase.co/storage/v1/object/public/test-images/question-103.jpg,300,,"YHQ 2-ilovasi 1-bolimining yettinchi, sakkizinchi va o ttiz beshinchi xatboshlariga asosan: 1.5 - ikki yoki uch tasmali yo llarda garama-garshi yo nalishlarda harakatlanayotgan transport vositalari oqimlarini ajratadi; bir yo nalishda harakatlanish uchun moljallangan ikki yoki undan ko proq tasmali yo llarda tasmalarning chegaralarini va bir yo nalishdagi harakatlanish bo lagi bilan velosiped bo lagi chegarasini bildiradi; 1.6 (yaqinlashish chizigi - har bir chiziq uzunligi ular orasidagi masofadan uch barobar katta bolgan uzuq-uzuq chiziq) - qarama-garshi yoki bir yo nalishda harakatlanayotgan transport vositalari oqimlarini ajratuvchi 1.1 yoki 1.11 chizig'iga yaqinlashayotganlik haqida ogohlantiradi; YHQ 2-ilovasi 1-bolimining o'ttiz beshinchi xatboshisiga asosan: 1.2, 1.5 - 1.8 chiziqlarini istalgan tomondan bosib o'tish mumkin."
question_104,Ushbu svetofor qaysi yonalishda harakatlanishni taqiqlaydi?,"{""Faqat chapga"",""To'g'riga va chapga"",""To'g'riga va óngga"",""Faqat o'ngga""}",0,https://lgacbbewpuzeyxijzfii.supabase.co/storage/v1/object/public/test-images/question-104.jpg,300,,"YHQ 7-bobi 36-bandiga asosan: Tramvaylarning hamda maxsus ajratilgan tasma bo ylab harakatlanayotgan boshqa yo nalishli transport vositalarining harakatlanishini tartibga solish uchun ""T"" harfi ko'rinishida joylashgan tortta doirasimon oq rang ishorali svetoforlar qo'llanilishi mumkin. Yuqoridagi bir yoki bir nechta va pastki ishora bir vaqtning o'zida yonganda, harakatlanishga ruxsat etiladi. Ulardan chapdagisi chapga, ongdagisi o'ngga, o'rtadagisi to'g'riga yurishga ruxsat beradi. Pastdagi ishora o'chirilib, yuqoridagi uchta ishora bir vagtda yonsa,"
question_105,Qizil avtomobil:,"{""Ko'k avtomobilga nisbatan ustunlikka ega, chunki asosiy yoldan ketmoqda"",""Ko'k avtomobilga nisbatan ustunlikka ega, chunki aylanma harakatli yoldan ketmoqda"",""Chorrahaga ong tomondan yaqinlashib kelgan kok avtomobilga yol berishi kerak""}",1,https://lgacbbewpuzeyxijzfii.supabase.co/storage/v1/object/public/test-images/question-105.jpg,300,,YHQ 14-bobi 98-bandi: Aylanma harakatlanish chorrahasida harakatlanayotgan transport vositalari aylanaga kirib kelayotgan transport vositalariga nisbatan ustunlikka (imtiyozga) ega.
question_106,Yetarli korinmaslik sharoitida yolning yoritilmagan qismida to'xtagan yoki to'xtab turgan mexanik transport vositasining haydovchisi bajarishi kerak:,"{""Tumanga qarshi faralarni yoki yaqinni yoritish faralarini yoqishi"",""Faralarning uzoqni yoritish chiroqlarini yoqishi"",""Gabarit chiroqlarini yogishi""}",2,https://postimg.cc/Dmfk0bYv,300,,"YHQ 23-bobi 136-bandiga asosan: Qorong'i vaqtda yo lning yoritilmagan qismida, shuningdek yetarlicha ko'rinmaydigan sharoitda to'xtagan yoki to xtab turgan transport vositasida gabarit chiroqlari yoqilgan bolishi kerak."
question_107,Transport vositasi qachon faqat o'ng chetki qatoridan harakatlanishi kerak?,"{""Og ir vaznli va yirik o'lchamli yuklarni tashishda"",""Agar haydovchi o'zini betob his qilsa"",""Agar harakatlanish vaqtida mahkamlangan yuk bo'shashib ketsa"",""Transport vositasi texnikaviy sabablarga kora 40 km/s.dan ortiq tezlikda yura olmasa""}",3,https://postimg.cc/Dmfk0bYv,300,,"YHQ 10-bobi 68-bandiga asosan: Tezligini soatiga 40 kilometrdan oshirishi mumkin bo'lmagan yoki texnik sabablarga ko'ra tezligini bundan oshira olmaydigan transport vositalari aylanib o'tish, quvib o'tish, chapga burilish yoki qayrilib olish uchun qayta tizilishdan yoki ruxsat etilgan hollarda yo Ining chap tomonida to'xtashdan boshqa hollarda faqat chetki o'ng gatorida harakatlanishlari kerak."
question_108,Ogohlantirish ishorasini berish haydovchiga birinchi harakatlanish huquqini beradimi?,"{""Bermaydi"",""Manyovrni tugatish vaqtida beradi"",""Manyovrni boshlash vaqtida beradi"",""Hamma hollarda beradi""}",0,https://postimg.cc/Dmfk0bYv,300,,YHQ 8-bobi 46-bandining uchinchi xatboshisiga asosan: Ogohlantiruvchi ishora berish haydovchiga oldin o tish huquqini bermaydi va uni zaruriy ehtiyot choralarini ko'rish mas'uliyatidan ozod etmaydi.
question_109,Qoidalarga kora shatakka olish vaqtida bir-biriga ulangan transport vositalari tarkibining qanday umumiy uzunligiga yol qo'yiladi?,"{""20 m"",""21 m"",""22 m"",""23 m"",""24 m""}",0,https://postimg.cc/Dmfk0bYv,300,,"YHQ 24 bobi 145-bandning 3-xatboshiga asosan, Shatakka olish quyidagi holatlarda taqiqlanadi: rul boshqaruvi ishlamayotgan transport vositalarini (qisman ortish usuli bilan shatakka olish bundan mustasno); ikki va undan ko'p transport vositalarini; shatakka olingan va shatakka olgan transport vositalarining ulagich bilan birga umumiy uzunligi 20 metrdan ortiq bo lsa."
question_110,Qoidalar boyicha necha yoshdan boshlab yengil avtomobilni boshqarishga ruxsat etiladi?,"{""14 yoshdan"",""16 yoshdan"",""18 yoshdan""}",2,https://postimg.cc/Dmfk0bYv,300,,"YHQ 25-bobi 149-bandiga asosan: O'rganuvchi o'quv muddati yakunida «A» toifadagi avtomototransport vositalarini boshqarish huquqiga ega bo'lishi uchun - 16 yoshga, «V» va «S» toifalari uchun - 18 yoshga, «D» toifasi hamda tramvay va trolleybuslarni boshqarish uchun 21 yoshga to'lgan bo lishi kerak."
question_111,Qaysi hollarda bir yonalishda harakatlanish uchun uchtadan kam tasmasi bolgan yolda to'xtash va to'xtab turish taqiqlanadi?,"{""Ko'priklarda, estakadalarda va yol o'tkazgichda"",""Ko'priklar, estakadalar va yol o'tkazgich ostida"",""Sanab otilgan barcha hollarda""}",2,https://postimg.cc/Dmfk0bYv,300,,"YHQ 13-bobi 91-bandiga asosan: Quyidagilarda to'xtash taqiqlanadi: tramvay yollarida, shuningdek, bevosita ularga yaqinroqda tramvaylar harakatlanishiga xalaqit beradigan hollarda; temir yo'l kesishmalarida; tunnellarda; bir yo'nalishda harakatlanish uchun uchtadan kam tasmaga ega bolgan ko prik, yo'l o tkazgich va estakadalarning ustida; ko prik, yol o tkazgich va estkadalarning ostida berilgan yol qismlari bundan mustasno); (tegishli yol belgilari bilan to'xtab turish ruxsat"
question_112,Haydovchi tormozlanishda boshlangan avtomobilning sirpanib ketishini to'xtatish uchun bajarishi kerak,"{""Boshlangan tormozlashni to'xtatish"",""Uzgichni ajratishi"",""Tormoz tepkisini oxirigacha bosishi"",""Uzgichni ajratishi va to'xtab turish tormozi bilan tormozlashi""}",0,https://postimg.cc/Dmfk0bYv,300,,"Avtomobilning sirpanchiq yo'lda surilish va orqa g'ildiraklarining blokirovkasi sababli tormozlashda vujudga keladi. Bu holda birinchi navbatda surilish sababini bartaraf etish, ya'ni boshlangan tormozlanishni to'xtatish lozim. Keyinchalik rul chambaragini surilish tomon burib, harakat yo nalishini to'g'rilab olish"
question_113,Haydovchiga transport vositalarining to'xtab turish joylari chegarasini bildiradigan uzluksiz chiziqni kesib otishga ruxsat etiladimi?,"{""To'xtash uchun ruxsat etiladi"",""Taqiqlanadi"",""Kirish va chiqish uchun ruxsat etiladi"",""Hamma hollarda ruxsat etiladi, agar to'xtab turish joyida boshqa transport vositalari yo'q bolsa""}",1,https://lgacbbewpuzeyxijzfii.supabase.co/storage/v1/object/public/test-images/question-113.jpg,300,,"YHQ 2-ilovasi 1-bo limining uchinchi va o'ttiz tortinchi xatboshlariga asosan: 1.1- qarama-qarshi yo'nalishlarda harakatlanayotgan transport oqimlarini ajratadi, yo'Ining xavfli joylaridagi harakatlanish bo'lagi chegarasini bildiradi; yo Ining kirish taqiqlangan qismi chegarasini belgilaydi; transport vositalarining to'xtab turish joyi chegarasini hamda avtomagistral qatoriga kiritilmagan yo Ining qatnov qismi chegarasini bildiradi. 1.1 va 1.3 chiziqlarini bosib o'tish taqiqlanadi, qatnov qismining chetini bildirish uchun qo'llanilgan 1.1 chizig'i bundan mustasno."
question_114,Yopiq shlagbaum oldida turgan transport vositalarini aylanib o tishga ruxsat etiladimi?,"{""Ruxsat etiladi, agar roparadan kelayotgan transport vositalari yo'q bolsa"",""Faqat yon kajavasiz mototsikllarga ruxsat etiladi"",""Agar aylanib otayotgan transport vositasining tezligi 8 km/soatdan kam bolsa taqiqlanadi"",""Taqiqlanadi""}",3,https://postimg.cc/Dmfk0bYv,300,,"YHQ 18-bobi 118-bandining yettinchi xatboshisiga asosan, temir yol kesishmasiga quyidagi hollarda kirish taqiqlanadi: kesishma oldida turgan transport vositalarini qarama-qarshi harakatlanish bo'lagiga chiqib"
question_115,Chorrahadan uchinchi bolib qaysi avtomobil o'tadi?,"{""Yashil avtomobil"",""Qizil avtomobil"",""Ko'k avtomobil"",""Sariq avtomobil""}",2,https://lgacbbewpuzeyxijzfii.supabase.co/storage/v1/object/public/test-images/question-115.jpg,300,,"YHQ 16-bobi 104-bandining birinchi xatboshisiga asosan: Teng ahamiyatga ega bo'lmagan yo'llar kesishgan chorrahada, ikkinchi darajali yo'lda harakatlanayotgan transport vositasining haydovchisi asosiy yo'ldan yaqinlashayotgan transport vositalariga, ularning keyingi harakat yo nalishidan qat i nazar, yo'l berishi kerak. YHQ 16-bobi 106-bandiga asosan: Asosiy yo'lning yo'nalishi chorrahada o'zgarganda asosiy yo lda harakatlanayotgan haydovchilar o'zaro teng ahamiyatli yo llar chorrahasidan o tish qoidasiga amal qilishlari kerak. Ikkinchi darajali yo llarda harakatlanayotgan haydovchilar ham o'zaro shu qoidaga amal qilishlari kerak."
question_116,Haydovchi piyodalarga qachon yol berishi kerak?,"{""Hovlidan yolga chiqishda"",""Yoldan hovliga kirishda"",""Yonilg'i shoxobchasidan yolga chiqishda"",""To'xtab turish joyidan yolga chiqishda"",""Sanab o'tilgan barcha hollarda""}",4,https://postimg.cc/Dmfk0bYv,300,,"YHQ 9-bobi 54-bandiga asosan: Yondosh hududlardan yo'lga chiqayotgan haydovchi unda harakatlanayotgan transport vositalari va piyodalarga, shuningdek yo'ldan chiqishda harakat yo nalishini kesib o'tayotgan piyodalar va velosipedchilarga yo'l berishi kerak."
question_117,Korsatilgan holatda yengil avtomobilga to'xtab turishga ruxsat etiladimi?,"{""Ruxsat etiladi"",""Taqiqlanadi""}",1,https://lgacbbewpuzeyxijzfii.supabase.co/storage/v1/object/public/test-images/question-117.jpg,300,,"YHQ 13-bobi 91-bandining o'ninchi xatboshisiga asosan, quyidagi joy va holatlarda to'xtash taqiqlanadi: transport vositasi svetofor ishoralari, yo'l belgilarini boshqa haydovchilardan to'sib qo yadigan, boshqa transport vositalarining harakatlanishiga (kirish va chiqishiga) imkon qoldirmaydigan yoki piyodalarning harakatiga xalaqit beradigan joylarda."
question_118,"Yuk tashish taqiqlanadi, agar:","{""Yuk enining chekka nuqtasi oldingi yoki orqa gabarit chirog'ining tashqi chekkasidan 0,4 metrdan ortiq chiqib tursa"",""Yuk transport vositasining gabaritlaridan 1 metrdan ortiq chiqib tursa"",""Tashilayotgan yuk vazni shu transport vositasi uchun ishlab chiqargan korxona belgilagan kattalikdan ortiq bolsa"",""Barcha aytilgan hollarda""}",2,https://postimg.cc/Dmfk0bYv,300,,YHQ 27-bobi 160-bandiga asosan: Tashilayotgan yukning vazni va o'qlarga tushadigan og irlik miqdorining taqsimlanishi ishlab chigargan korxona tomonidan ushbu transport vositasi uchun belgilangan miqdordan oshmasligi kerak.
question_119,Avtomobilning yon tomonga sirpanib ketishi nima sababdan ro'y berishi mumkin?,"{""Faqat birdaniga keskin burilish sababli"",""Faqat birdaniga keskin tormozlash sababli"",""Birdaniga keskin tezlik olish va keskin tormozlash sababli"",""Hamma sanab o'tilgan hollarda""}",3,https://postimg.cc/Dmfk0bYv,300,,"Avtomobilning yon tomonga sirpanib ketishiga quydagi omillar sababli ro y beradi: avtomobil rulini birdaniga keskin burish, keskin tormozlash hamda avtomobil tezligini keskin oshirish."
question_120,N2; N3 toifadagi avtotransport vositalarining boshqaruv qurilmasida qanday eng katta umumiy lyuft yig'indisiga yol qo'yiladi?,"{""16°"",""20°"",""25°"",""26°"",""30°""}",2,https://postimg.cc/Dmfk0bYv,300,,YHQ 3-ilovasi 2-bo limining 2.1-bandiga asosan: Boshqaruv qurilmasidagi lyuft yig'indisi reglament (qat'iy belgilangan) sharoitlardagi sinovlarda quyidagi ko'rsatkichdan katta bo'lmasligi kerak.
question_121,Chorrahani ikkinchi bolib kesib o'tadi:,"{""Qizil avtomobil"",""Ko'k avtomobil"",""Yashil avtomobil""}",1,https://lgacbbewpuzeyxijzfii.supabase.co/storage/v1/object/public/test-images/question-121.jpg,300,,YHQ 16-bobi 105-bandiga asosan: Teng ahamiyatga ega bolgan yollar kesishgan chorrahada relssiz transport vositasining haydovchisi o'ngdan kelayotgan transport vositalariga yo'l berishi shart.
question_122,Qaysi transport vositalarining haydovchilari qoidani buzib to'xtadi?,"{""Faqat «A»"",""Faqat «Б»"",""Faqat «B»"",""«Б» va «В»"",""«А» va «Б»""}",4,https://lgacbbewpuzeyxijzfii.supabase.co/storage/v1/object/public/test-images/question-122.jpg,300,,"YHQ 13-bobi 88-bandining birinchi va uchinchi xatboshlariga asosan: Transport vositalariga yo lning o'ng tomoni yogasida, u bo Imaganda esa qatnov gismining chetida va ushbu Qoidalarning 89-bandida korsatilgan hollarda trotuarda to tash va to tab turishga ruxsat etiladi. Ruxsat etilgan to' la vazni 3,5 tonnadan ko'p bo'lgan yuk avtomobillari bir tomonlama harakatli yo'llarning chap tomonida fagat yuk ortish va tushirish uchun to xtashlari mumkin. YHQ 13-bobi 89-bandining birinchi xatboshisiga asosan: Transport vositalarini yo Ining qatnov qismida bir qator qilib, qatnov qismi chetiga parallel ravishda kajavasi bo magan ikki g'ildirakli transport vositalarini ikki qator qilib qo yishga ruxsat etiladi."
question_123,Qaysi belgi kesib otgan yollarda harakatlanayotgan transport vositalariga yol berishni yuklaydi?,"{""1"",""2"",""3"",""4"",""5""}",2,https://lgacbbewpuzeyxijzfii.supabase.co/storage/v1/object/public/test-images/question-123.jpg,300,,"YHQ 1-ilovasi 2-Bolimining yettinchi xatboshisiga asosan: 2.4. «Yol bering!». Haydovchi kesib o'tilayotgan yo ldan, harakatlanayotgan transport vositasiga yo'l berishi kerak."
question_124,Temir yol kesishmasida umumiy xatar ishorasi sifatida quyidagi ishoralar turkumi xizmat qiladi:,"{""Ikkita uzun va ikkita qisqa tovush ishoralari"",""Bitta uzun va uchta qisqa tovush ishoralari"",""Uchta uzun va uchta qisqa tovush ishoralari"",""Uchta uzun va bitta qisqa tovush ishorasi""}",1,https://postimg.cc/Dmfk0bYv,300,,"YHQ 18-bobi 120-bandining yettinchi xatboshisiga asosan: Umumiy xatar ishorasi bo lib, berilgan bitta uzun va uchta gisqa tovush seriyasi xizmat qiladi."
question_125,Qaysi javobda chorrahadan o'tish tartibi to'g'ri ko'rsatilgan?,"{""Avtobus, avtomobil, velosiped"",""Avtomobil, avtobus, velosiped"",""Velosiped, avtobus, avtomobil""}",2,https://lgacbbewpuzeyxijzfii.supabase.co/storage/v1/object/public/test-images/question-125.jpg,300,,YHQ 16-bobi 105-bandiga asosan: Teng ahamiyatga ega bolgan yollar kesishgan chorrahada relssiz transport vositasining haydovchisi o ngdan kelayotgan transport vositalariga yo'l berishi shart.
question_126,Haydovchi orqa g'ildiraklari yetakchi bolgan avtomobilning orqa o'qi sirpanib ketishi boshlanganida to'xtatish uchun nima qilishi kerak?,"{""Boshqaruv rulini sirpanishga qarama-qarshi tomonga burish"",""Boshqaruv rulini sirpanish boshlanayotgan tomonga burish"",""Tormoz tepkisini bosish""}",1,https://lgacbbewpuzeyxijzfii.supabase.co/storage/v1/object/public/test-images/question-126.jpg,300,,"Orqa o'qi yetakchi bo'lgan avtomobillarda sirpanchiq yo'lda sirpanish holati rul chambaragini birdan (keskin) burish natijasida kelib chiqadi. Bu holda rul chambaragini tez, biroq ravonlik bilan sirpanish tomon burib, sirpanish tugashini kutmasdan, rul chambaragiga oldinroq ta'sir etgan holda avtomobil yo nalishini to'g'irlab olish lozim."
question_127,Ko'rsatilgan holatda o'zib o'tishga ruxsat etiladimi?,"{""Ruxsat etiladi"",""Taqiqlanadi""}",0,https://lgacbbewpuzeyxijzfii.supabase.co/storage/v1/object/public/test-images/question-127.jpg,300,,"YHQ umumiy qoidalar: O'zib ketish - transport vositasining o tayotgan transport vositasining tezligidan yuqori tezlikda o'zib ketish. YHQ 12-bobi 86-bandining to'rtinchi xatboshisiga asosan, quvib o tish quyidagi hollarda taqiqlanadi: temir yol kesishmalarida va ulargacha 100 metrdan kam masofa qolganda."
question_128,Haydovchi aholi punktlaridan tashqaridagi yolda quvib o'tilayotgan haydovchining e'tiborini jalb etish uchun fara chiroqlarini o'chirib yoqish va tovush ishorasi berishni qo'llab to'g'ri qildimi?,"{""Noto'g'ri"",""To'g'ri""}",1,https://postimg.cc/Dmfk0bYv,300,,"YHQ 8- bobi 48-bandining birinchi xatboshisiga asosan, tovushli ishoralar faqat quyidagi hollarda qo llanilishi mumkin: aholi punktlaridan tashqarida boshqa haydovchilarni quvib o tish haqida ogohlantirish uchun. YHQ 8-bobi 49-bandiga asosan: Quvib o tish haqida tovushli ishora o'rniga yoki u bilan birga chiroqlarni yoqib-o'chirib, ogohlantirish ishorasini ham berish mumkin."
question_129,Shikastlangan kishining o'mrov suyagi singanda nima qilish kerak?,"{""Singan joyga sovuq kompress qo'yish, bint bilan tarangroq boglash"",""Qoltiq sohasiga taxtakach qo'yish va to'g'rilab qo'yilgan qolini gavdasiga qo'shib bint bilan bog'lash"",""Paxta yoki bint o'ramasini qoltiq sohasiga qoyib tirsagidan bukilgan qo'lini gavdasiga qoshib bint bilan boglash""}",2,https://postimg.cc/Dmfk0bYv,300,,"Qon tomirlari o'mrov ostidagi arteriya (ko'ktomir) va nervlarning shikastlanishiga olib kelishi mumkin bo'lgan singan o mrov suyagining siljishiga yo'l qo'ymaslik uchun to g'ri burchak ostida qo'ltiq sohasiga paxta yoki bint o'ramasini qo'yib, tirsagidan bukilgan qo Ini, gavdasiga qo'shib bint bilan bog'lash lozim."
question_130,Yengil avtomobilda tumanga qarshi faralarning nechtasini o'rnatishga ruxsat etiladi?,"{""Ikkita"",""Tortta"",""Haydovchining hohishiga ko'ra""}",0,https://postimg.cc/Dmfk0bYv,300,,"YHQ 3-ilovasi 3-bo limining 3.1-bandiga asosan: Tashqi yoritqichlar soni, turi, joylashuvi va ishlash tartibi transport vositasining konstruksiyasi talabiga mos kelmasa foydalanish taqiqlanadi. Ishlab chiqarilishi to'xtatilgan yengil avtomobillarga boshqa turdagi va rusumdagi transport vositalarining tashqi yoritqichlarini o'rnatishga ruxsat etiladi. Izoh: Mototsikl, mopedlar bitta, boshqa transport vositalari esa ikkita tumanga qarshi faralar bilan jihozlangan bo'lishi mumkin."
question_131,Sonning yumshoq toqimalari lat yeganda birinchi tibbiy yordam qanday ko'rsatiladi?,"{""Lat yegan joyni qattiq bog'lash, 15-20 daqiqaga muz solingan xalta qo'yish, oyoqni yuqori ko'tarish, tinch qo'yish"",""Lat yegan oyoqni tarang qilib (pastdan yuqoriga) bog'lash, singandagi kabi shina qo'yish, bir stakan choyga yarim choy qoshig'ida ichimlik soda solib ichirish, kasalxonaga jonatish"",""Oyoqqa yumshoq predmet qo'yish""}",0,https://postimg.cc/Dmfk0bYv,300,,"Shikastlangan qo'l yoki oyoqni baland holatda saqlamoq va ichki qon quyilishini oldini olish uchun mumkin gadar tarang bog ich bog'lash lozim. Shikastlangan joyga 15-20 daqiqa muz qo'yiladi (sovutish uchun sovuq kompress, muzli xalta, sovuq suv va boshqalar ishlatilishi mumkin). Og'riqni qoldirish uchun shikastlangan organga harakatsizlik sharoiti yaratiladi."
question_132,"Agar yol boshlanishida ushbu belgi turgan bolsa, qatnov qismining chap chetidagi tasmaga o'tish mumkinmi?","{""Chapga burilish uchun mumkin"",""Quvib o tish uchun mumkin, agar ro'paradan harakatlanish bolmasa va tasma qatnov qismining qolgan tasmalaridan uzuq-uzuq chizig'i bilan ajratilgan bolsa"",""Hech qanday holatda mumkin emas""}",2,https://lgacbbewpuzeyxijzfii.supabase.co/storage/v1/object/public/test-images/question-132.jpg,300,,"YHQ 22-bobi 132-bandining birinchi xatboshisiga asosan: Yo'nalishli transport vositalarining harakatlanishi uchun 5.9, 5.10.1 - 5.10.3 yo'l belgilari bilan ajratilgan tasmada boshqa transport vositalarining harakatlanishi va to'xtashi taqiqlanadi. Shuningdek, bunday joylarda yo nalishli transport vositalarining harakatiga xalaqit bermaslik sharti bilan yo lga chiqish, qatnov qismining chetki o'ng tomonida yo lovchilarni chiqarish va tushirish uchun bu bo lakka o tishga ruxsat etiladi."
question_133,Qarama-qarshi yonalishdagi transportlar oqimi ikkita sidirg'a chiziqlar bilan ajratilgan yol nechta harakatlanish tasmaga ega?,"{""Ikkita"",""Ikkita yoki uchta"",""Uchta"",""Tortta va undan ko'p tasmaga""}",3,https://lgacbbewpuzeyxijzfii.supabase.co/storage/v1/object/public/test-images/question-133.jpg,300,,YHQ 2-ilovasi 1-bo limining beshinchi xatboshisiga asosan: 1.3 - to'rt va undan ortiq harakatlanish bo'lagi bo'lgan yollarda qarama-qarshi yo'nalishdagi transport vositalari oqimini ajratadi.
question_134,Qaysi transport vositalariga harakatlanish uchun ruxsat berilgan?,"{""Yengil va yuk avtomobillariga"",""Mototsiklga, yengil va yuk avtomobillariga"",""Yengil avtomobilga va mototsiklga""}",2,https://lgacbbewpuzeyxijzfii.supabase.co/storage/v1/object/public/test-images/question-134.jpg,300,,"YHQ 7-bobi 38-bandiga asosan, tartibga soluvchining o'ng qo'li oldinga uzatilganda: chap yonidan tramvayga chapga, relssiz transport vositalariga barcha yo nalishlarda; oldi tomonidan barcha transport vositalariga faqat o'ngga harakatlanishga ruxsat beriladi; orga tomonidan va o'ng yonidan barcha transport vositalarining harakatlanishi taqiqlanadi; piyodalarga tartibga soluvchining orqa tomonidan qatnov qismini kesib o'tishga ruxsat etiladi."
question_135,Avtomobillar chorrahadan quyidagi tartibda otadilar:,"{""Kok, yashil, qizil"",""Ko'k, yashil bilan bir vaqtda qizil"",""Yashil, qizil, ko'k bilan bir vaqtda""}",2,https://lgacbbewpuzeyxijzfii.supabase.co/storage/v1/object/public/test-images/question-135.jpg,300,,"YHQ 16-bobi 104-bandining birinchi xatboshisiga asosan: Teng ahamiyatga ega bo'lmagan yollar kesishgan chorrahada, ikkinchi darajali yo'lda harakatlanayotgan transport vositasining haydovchisi asosiy yo'ldan yaqinlashayotgan transport vositalariga, ularning keyingi harakat yo nalishidan qat i nazar, yo'l berishi kerak. YHQ 16-bobi 106-bandiga asosan: Asosiy yo'lning yo'nalishi chorrahada o'zgarganda asosiy yo lda harakatlanayotgan haydovchilar o'zaro teng ahamiyatli yo llar chorrahasidan o tish qoidasiga amal qilishlari kerak. Ikkinchi darajali yo llarda harakatlanayotgan haydovchilar ham o'zaro shu qoidaga amal qilishlari kerak."
question_136,Sirpanchiq yolda orqa yetakchi avtomobil uchun tormozlashning qaysi usuli xavfsiz to'xtashni ta'minlaydi?,"{""Ulagichni uzmasdan tormoz tepkisini keskin bosish"",""Ulagichni uzmasdan tormoz tepkisini koplab marta uzuq-uzuq bosish va qo'yib yuborish"",""Ulagichni uzgan holda tormozlash""}",1,https://lgacbbewpuzeyxijzfii.supabase.co/storage/v1/object/public/test-images/question-136.jpg,300,,"Sirpanchiq yo Ida to xtatish tepkisini uzuq-uzuq bosib, uzatma va ilashish mexanizmini ajratmay, dvigatel orqali tormozlanishni qo llab va g'ildiraklarning blokirovkasi (aylanmasdan sirpanishi) ga yo'l qo ymagan holda to xtash lozim"
question_137,Transport vositasining bitta oqiga har xil naqshli shinalarni o'rnatishga ruxsat etiladimi?,"{""Faqat oldingi oqiga ruxsat etiladi"",""Oldingi yetakchi ko'prikli avtomobilning faqat orqa o'qiga ruxsat etiladi"",""Taqiqlanadi""}",2,https://postimg.cc/Dmfk0bYv,300,,"YHQ 3-ilovasi 5-bo limining 5.5-bandiga asosan: Transport vositasining bitta o'qiga har xil d'lchamli va konstruksiyali (dioganal va radial, kamerali va kamerasiz), har xil naqshli, sovuqqa chidamli va chidamsiz, yangi va qayta tiklangan, yangi va protektor naqshi chuqurlashtirilgan shinalar o'rnatilgan bo'lsa taqiqlanadi."
question_138,Quvib o'tishda faralarning uzoqni yorituvchi chiroqlaridan ogohlantiruvchi ishora sifatida foydalanish mumkinmi?,"{""Hamma holda mumkin"",""Mumkin, agar bu boshqa haydovchilarning ko'zini qamashtirmasa, shu jumladan, orqani korish ko'zgusi orgali ham"",""Mumkin emas"",""Aholi punktidan tashqaridagi yollarda mumkin""}",1,https://postimg.cc/Dmfk0bYv,300,,"YHQ 8-bobi 44-bandiga asosan, quyidagilar ogohlantiruvchi ishoralar hisoblanadi: burilishni ko'rsatadigan miltillovchi chiroq yoki qo l bilan beriladigan ishoralar; tovushli ishoralar; chiroqlarning yogib o'chirilishi; kunduz kuni yaqinni yorituvchi chiroqlarning yoqilishi."
question_139,Shatakka olish taqiqlanadi:,"{""Yaxmalakda, qattiq ulagich bilan"",""Yon kajavasi yo'q mototsikllarni"",""Yon kajavasi bor mototsikllarni"",""Ulagich bilan birga transport vositalarining umumiy uzunligi 20 metr bolganda""}",1,https://postimg.cc/Dmfk0bYv,300,,"YHQ 24-bobi 145-bandining beshinchi xatboshisiga asosan, shatakka olish quyidagi holatlarda taqiqlanadi: kajavasiz mototsikllar"
question_140,Quyidagi qaysi belgilar ogohlantiruvchi belgilar jumlasiga kiradi?,"{""Ikkinchidan boshqa barchasi"",""Uchinchidan boshqa barchasi"",""Hammasi""}",2,https://lgacbbewpuzeyxijzfii.supabase.co/storage/v1/object/public/test-images/question-140.jpg,300,,"YHQ 1-ilovasi 1-Bo limidagi 1.7. «Aylanma harakatlanish bilan kesishuv», 1.12.1. «Xavfli burilishlar», 1.31.1. «Burilishning yo'nalishi», 1.18.2. «Yolning torayishi» (o'ngga torayish) hamda 1.11.1. «Xavfli burilish» (o'ngga) belgilari ogohlantiruvchi belgilar jumlasiga kiradi."
question_141,"Chorraha oldida bu belgi ornatilgan bolsa, haydovchi qanday yol tutishi kerak?","{""Kesishadigan yolda transport vositalari bolmasa chorrahadan to'xtamay o'tishi"",""Chorrahadan otishda, ayniqsa, xushyor bo'lishi"",""Kesishadigan yol bo'ylab harakatlanayotgan transport vositalariga yol berish uchun to'xtash chizig'ida to'xtab, u yo'q bo'lsa kesib o'tiladigan qatnov qismi chetida to xtashi""}",2,https://lgacbbewpuzeyxijzfii.supabase.co/storage/v1/object/public/test-images/question-141.jpg,300,,"YHQ 1-ilovasi 2-bo'lim sakkizinchi va to qqizinchi xatboshlariga asosan: 2.5. «To xtamasdan harakatlanish taqiqlangan». To'xtash chizig'i oldida, agar u bo'lmasa, kesib o'tiladigan qatnov qismining chetida to xtamasdan harakatlanish taqiqlanadi. Haydovchi kesib o'tilayotgan yo ldan, asosiy yo ldan harakatlanayotgan transport vositalariga yo'l berishi kerak. Bu belgi temir yo'l kesishmasi yoki karantin maskanidan oldin o'rnatilishi mumkin. Bunday hollarda haydovchi to'xtash chizig'i oldida, u bo'lmasa, belgi oldida to xtashi kerak."
question_142,Qaysi yo nalishda harakatlanish taqiqlanadi?,"{""O'ngga birinchi yolga"",""O'ngga ikkinchi yolga"",""O'ngga birinchi va ikkinchi yollarga""}",1,https://lgacbbewpuzeyxijzfii.supabase.co/storage/v1/object/public/test-images/question-142.jpg,300,,"YHQ 1-ilovasi 3-Bolimining yigirma birinchi va girq ikkinchi xatboshlariga asosan: 3.18.1. «Ongga burilish taqiqlangan» yo l belgisi hisoblanadi. 3.18.1 belgisi qatnov qismlarining qaysi kesishmasi oldiga o'rnatilsa, shu kesishmaga tatbiq etiladi."
question_143,Yotiq chiziqning uzluksiz sariq chizigi nimani bildiradi?,"{""Transport vositalarining toxtashi taqiqlangan joyni"",""Belgilangan yonalishli transport vositalari uchun va taksi to'xtashiga ruxsat berilgan joyni"",""Transport vositalarining to'xtab turishi taqiqlangan joyni""}",0,https://lgacbbewpuzeyxijzfii.supabase.co/storage/v1/object/public/test-images/question-143.jpg,300,,YHQ 2-ilovasi 1-bo'limining oltinchi xatboshisiga asosan: 1.4 - to'xtash taqiqlangan joyni bildiradi. Yakka holda yoki 3.27 «To'xtash taqiqlangan» yo'l belgisi bilan qo llaniladi hamda yo lning qatnov qismi chetiga yoki yo'l chetidagi to'siq ustidan chiziladi.
question_144,Qaysi yo'nalishga harakatlanish ruxsat berilgan?,"{""To'g'riga"",""O'ngga birinchi yolga"",""O'ngga ikkinchi yolga"",""O'ngga birinchi va ikkinchi yollarga""}",1,https://lgacbbewpuzeyxijzfii.supabase.co/storage/v1/object/public/test-images/question-144.jpg,300,,"YHQ 7-bobi 38-bandiga asosan, O'NG QO'LI OLDINGA UZATILGANDA, chap yonidan tramvayga chapga, relssiz transport vositalariga barcha yo'nalishlarda, oldi tomonidan barcha transport vositalariga faqat o'ngga harakatlanishga ruxsat etiladi. Orqa tomonidan va o'ng yonidan barcha transport vositalarining harakatlanishi taqiqlanadi. Piyodalarga tartibga soluvchining orga tomonidan qatnov gismini kesib o tishga ruxsat etiladi."
question_145,Transport vositalari chorrahadan qanday tartibda o'tadilar?,"{""Qizil; ko'k sariq bilan bir vaqtda; yashil"",""Sariq yashil bilan bir vaqtda; qizil; ko'k"",""Qizil; yashil; ko'k sariq bilan bir vaqtda""}",0,https://lgacbbewpuzeyxijzfii.supabase.co/storage/v1/object/public/test-images/question-145.jpg,300,,"YHQ 16-bobi 104-bandiga asosan, teng ahamiyatga ega bo'lmagan yollar kesishgan chorrahada, keyingi harakat yo'nalishidan qat'i nazar, asosiy yo'ldan kelayotgan transport vositasiga ikkinchi darajali yo'ldan kelayotgan transport vositasining haydovchisi yo'l berishi kerak. YHQ 16-bobi 107-bandiga asosan, chapga burilishda yoki qayrilib olishda relssiz transport vositasining haydovchisi teng ahamiyatli yo lda qarama-qarshi yo nalishdan to'g'riga yoki o'ngga harakatlanayotgan, shuningdek, ruxsat etilgan hollarda quvib o'tayotgan transport vositalariga yol berishi shart. Bu qoidaga tramvay haydovchilari ham o'zaro amal gilishlari kerak."
question_146,Haydovchi manyovrni bajarishda burilish ko'rsatkichlari bilan yorug'lik ishorasini har doim ham berishi kerakmi?,"{""Har doim berishi kerak"",""Kerak emas, agar harakatlanishning boshqa qatnashchilarini chalg'itishi mumkin bolsa"",""Kerak, zaruriy ehtiyot choralarini korgan holda""}",1,https://postimg.cc/Dmfk0bYv,300,,YHQ 8-bobi 46-bandining ikkinchi xatboshisiga asosan: Ishoralar boshqa yol harakati ishtirokchilarini chalg itmasligi kerak.
question_147,Suratlarning qaysi birida quvib o'tish korsatilgan?,"{""«А»"",""«Б»"",""«А» ва «Б»""}",0,https://lgacbbewpuzeyxijzfii.supabase.co/storage/v1/object/public/test-images/question-147.jpg,300,,"Quvib o'tish - bir yoki bir nechta transport vositalarini qarama-qarshi yo'nalishda harakatlanish uchun moljallangan tasmaga chiqib, so'ngra ilgari egallagan qatoriga qaytib o'tish bilan bog'liq bo'lgan o'zib ketish."
question_148,"Haydovchi oz joyidan ketishi yoki transport vositasini qoldirishi mumkin, agar:","{""U yurgizgichni o'chirgan va avtomobilning to'xtab turish tormoz tizimini ulagan bolsa"",""U yurgizgichni ochirgan va orqaga siljib ketishga qarshi xavfsizlik buferini ornatgan bolsa"",""U transport vositasining o'z-ozidan harakatlanishi yoki undan haydovchi yo'q vaqtda foydalanishga yol qo'ymaydigan zaruriy choralarni korgan bolsa""}",2,https://postimg.cc/Dmfk0bYv,300,,YHQ 13-bobi 95-bandiga asosan: Transport vositasining o'z-o'zidan harakatlanib ketishini yoki o'zi yo'qligida undan foydalanishni istisno qiladigan zarur ehtiyot choralarini ko'rgandan keyingina haydovchi o'z joyini tashlab ketishi yoki transport vositasini qoldirishi mumkin.
question_149,"Son suyagi uchdan birining pastki qismi singanda, jarohatlangan odamni transportda tashish uchun taxtakach qanday qo'yiladi?","{""Taxtakachni sonning butun uzunligicha tos-sondan tizza bog inigacha qo yib, singan joy bint bilan qattiq bog'lab qo'yiladi"",""Ikkita taxtakach oyoqning ichki va tashqi tomonidan qo'yiladi: bittasini oyoq to pig idan qoltiqosti chuqurigacha, ikkinchisini to piqdan chovgacha"",""Ikkita taxtakach oyoqning ikki tomonidan to'piqdan sonning yugorigi uchdan bir gismigacha (singan joydan 15-20 sm yuqorigacha) qo'yiladi""}",1,https://postimg.cc/Dmfk0bYv,300,,"Son suyagi singan holda ikkita taxtakach: biri - tashqari tarafda oyoq kaftidan to qo'ltiqosti chuqurigacha, boshqasi - ichki tarafda oyoq kaftidan to chovgacha qo yiladi. Son suyagi singan holda immobilizatsiya vositasi bo'lmasa, shikastlangan oyoq sog' oyoqga mahkamlanib qo'yiladi. Mahkamlovchi bog'ich singan suyakni siljitmasligi va jabrlanuvchiga qo'shimcha og'riq yetkazmasligi lozim. Mahkamlovchi bog'ich oyoqning sog' qismiga bog'lanadi."
question_150,"Toxtab turish tormoz tizimi qanchadan kam bolgan qiyaliqda M toifadagi avtotransport vositalarini harakatsiz xolatda ushlab tura olmasa, bu transport vositalaridan foydalanish taqiqlanadi.","{""18%"",""20%"",""24%"",""25%.""}",3,https://postimg.cc/Dmfk0bYv,300,,"YHQ 3-ilovasi 1-bo'limining 1.6-bandiga asosan, to'xtab turish tormoz tizimi transport vositalarini quyidagi joylarda harakatsiz holatda ushlab tura olmasa: M toifa uchun 25 foizdan kam bo'lsa foydalanish taqiqlanadi. Izoh: To'xtab turish tormoz tizimi sinovdan o'tkazilayotgan dvigatel transmissiyadan ajratilgan bolishi kerak."
question_151,Qisman ortish usuli bilan avtomobilni shatakka olishda yolovchilar qayerda bolishlari mumkin?,"{""Har ikki avtomobilning kabinasida"",""Shatakka oluvchi avtomobilning kabinasida"",""Shatakka olingan avtomobilning kabinasida"",""Shatakka oluvchi avtomobilning kuzovida""}",1,https://postimg.cc/Dmfk0bYv,300,,"YHQ 24-bobi 143-bandiga asosan: Qattiq yoki egiluvchan ulagich yordamida shatakka olingan avtobusda, trolleybusda va yuk avtomobili yukxonasida odam tashish, qisman ortish yo li bilan shatakka olishda esa shatakka olingan transport vositasining kabinasida va yukxonasida, shuningdek shatakka olgan transport vositasining yukxonasida odamlar bo lishi taqiqlanadi."
question_152,Qaysi javobda ruxsat berilgan harakat yo nalishi to'g'ri korsatilgan?,"{""Faqat orqaga burilish"",""To'g'riga va orqaga burilish"",""Faqat to'g'riga""}",2,https://lgacbbewpuzeyxijzfii.supabase.co/storage/v1/object/public/test-images/question-152.jpg,300,,YHQ 1-ilovasi 7-bo'limining o'ttiz yettinchi (oxirgi) xatboshisiga asosan: Vaqtinchalik (ko'chma tirgakdagi) va doimiy belgilari ma'no jihatidan bir-biriga zid kelgan hollarda haydovchilar vaqtincha o'rnatilgan belgilarga amal qilishlari kerak.
question_153,«To'xtash taqiqlangan» belgisi bilan birga bordyurning usti boylab uzluksiz sariq chiziq chizilgan joyda yolovchilarni tushirishga ruxsat etiladimi?,"{""Ruxsat etiladi"",""Taqiqlanadi"",""Belgilangan yonalishdagi transport vositalari yo'q bolganda ruxsat etiladi"",""Faqat belgilangan yonalishdagi transport vositalariga ruxsat etiladi""}",3,https://lgacbbewpuzeyxijzfii.supabase.co/storage/v1/object/public/test-images/question-153.jpg,300,,YHQ 2-ilovasi 1-bo limining oltinchi xatboshisiga asosan: 1.4 - to xtash taqiqlangan joyni bildiradi. Yakka holda yoki 3.27 «To'xtash taqiqlangan» yo'l belgisi bilan qo laniladi hamda yo Ining qatnov qismi chetiga yoki yo'l chetidagi to'siq ustidan chiziladi. YHQ 1-ilovasi 3-bo limining o'ttiz sakkizinchi xatboshisiga asosan: 3.27 belgisiga amal gilish yo'nalishli transport vositalariga ta'sir qilmaydi.
question_154,Temir yol izlarini qayerda kesib o'tishga ruxsat etiladi?,"{""Ko'rinish ikkala yo'nalishda 1000 metrdan kam bolmagan joylarda"",""Haydovchining nuqtai nazaricha eng qulay joylarda"",""Kesib o'tish uchun belgilab qo'yilgan joylarda"",""Temir yol bekatiga 1000 metrdan kam bolmagan masofada""}",2,https://postimg.cc/Dmfk0bYv,300,,"YHQ 18-bobi 116-bandiga asosan: Transport vositalarining haydovchilari temir yo llarni faqat temir yo'l kesishmalari orgali poezd (lokomotiv, drezina) larga yol berib kesib o'tishlari mumkin."
question_155,Chorrahadan ikkinchi bolib o'tadi:,"{""Yashil avtomobil sariq bilan bir vaqtda"",""Qizil avtomobil"",""Ko'k avtomobil sariq bilan bir vaqtda""}",2,https://lgacbbewpuzeyxijzfii.supabase.co/storage/v1/object/public/test-images/question-155.jpg,300,,"YHQ 16-bobi 104-bandiga asosan, teng ahamiyatga ega bo'lmagan yo llar kesishgan chorrahada, keyingi harakat yo'nalishidan qati nazar, asosiy yo ldan harakatlanayotgan transport vositasiga ikkinchi darajali yo'ldan kelayotgan transport vositasining haydovchisi yo'l berishi kerak. YHQ 16-bobi 107-bandiga asosan, chapga burilishda yoki qayrilib olishda relssiz transport vositasining haydovchisi teng ahamiyatli yolda qarama-qarshi yo'nalishdan to'g'riga yoki o'ngga harakatlanayotgan, shuningdek, ruxsat etilgan hollarda quvib o'tayotgan transport vositalariga yol berishi shart. Bu qoidaga tramvay haydovchilari ham o'zaro amal gilishlari kerak."
question_156,Qaysi holda avtomobilning ag'anab ketishiga qarshi turg'unligi ortadi?,"{""Og'irlik markazi ongga siljiganda"",""Og'irlik markazi balandda joylashganda"",""Og irlik markazi pastda joylashganda""}",2,https://lgacbbewpuzeyxijzfii.supabase.co/storage/v1/object/public/test-images/question-156.jpg,300,,"Burilishlarda yo lovchisi va yuki bolmagan avtomobillar ko'proq muvozanat saqlab goladi, chunki bunday avtomobilda og irlik markazi eng pastda joylashgan bolib, eng kam ag'darilish jihatiga ega bo'ladi."
question_157,Hamma tasmalar band bolgan serqatnov harakatlanish vaqtida qayrilib olishga ruhsat etiladimi?,"{""Istalgan paytda ruxsat etiladi"",""Faqat harakatlanish uchun tasmalari uchtadan kam bolmagan yollarda ruxsat etiladi"",""Taqiqlanadi"",""Faqat chorrahalarda ruxsat etiladi""}",0,https://postimg.cc/Dmfk0bYv,300,,"YHQ 10-bobi 67-bandining uchinchi xatboshisiga asosan: Bir yo nalishdagi uch va undan ortiq tasmali har qanday yolda chetki chap qatorni harakat serqatnovligi sababli boshqa bolaklar band bo'lgan hollarda, shuningdek, quvib o'tish, chapga burilish yoki qayrilib olishga, yuk avtomobillariga faqat chapga burilish yoki qayrilib olish uchun chetki chap qatorni egallashga ruxsat etiladi."
question_158,Haydovchi qayta tizilishdan va harakatlanish yo'nalishini o'zgartirishdan oldin nima qilishi zarur?,"{""Ushbu manyovr xavfsiz bolishiga va harakatlanishning boshqa qatnashchilariga xalaqit bermasligiga ishonch hosil gilishi"",""Chapga burilish haqida ogohlantirish ishorasi berishi va hech kimga xalaqit bermasligi hagida ishonch hosil gilishi"",""Aholi punktidan tashqarida tovush ishora berishi"",""Korsatilgan barcha harakatlarni bajarishi""}",0,https://postimg.cc/Dmfk0bYv,300,,"YHQ 9-bobi 53-bandiga asosan: Haydovchi harakatlanishni boshlash, yo'nalishni o'zgartirish (qayta tizilish, burilish, qayrilib olish, quvib o'tish va aylanib o'tish) va to'xtashdan oldin bajarilayotgan manyovr xavfsiz ekanligiga va boshga harakat qatnashchilariga xalaqit bermasligiga ishonch hosil gilishi kerak."
question_159,Tos suyaklari singanda birinchi yordam qanday ko'rsatiladi?,"{""Zararlangan joyni qattiq bog'lash, shikastlanganni yarim o'tirgan holatga keltirish"",""Shikastlanganni qattiq yuzaga orqasi bilan yotqizish, zararlangan joylarga qaynoq isitgich qo'yish"",""Shikastlanganni qattiq tekis yuzaga yotqizish, bukilgan va ikki tomonga kerilgan tizzalarining bog'inlari ostiga g'ola shaklida o'ram qo'yish""}",2,https://postimg.cc/Dmfk0bYv,300,,"Tos suyagi singanda jabrlanuvchi tekislikka yotqiziladi, oyoqlarni tizzalarida bukib, tagiga valik (g'ola shakldagi o'ram) qo'yiladi. Shu holatda jabrlanuvchi davolash muassasasiga olib boriladi."
question_160,Sanab otilgan shartlarning qaysi birida transport vositasidan foydalanish taqiqlanadi?,"{""Oyna tozalagichlar belgilangan tartibda ishlamaydi"",""Ishlatilgan gazlarni chiqarish tizimi nosoz"",""Ishlab chiqargan korxona tomonidan ko'zda tutilgan orqa himoya vositasi loyto'sgich va sachratmagichlar bolmasa"",""Sanab otilgan hamma sharoitlarda""}",3,https://postimg.cc/Dmfk0bYv,300,,"YHQ 3-ilovasi 4-Bolimining 4.1-bandiga asosan: Oyna tozalagich belgilangan tartibda ishlamayotgan bolsa taqiqlanadi. YHQ 3-ilovasi 6-Bo'limining 6.3-bandiga asosan: ishlab chiqarilgan gazlarni chiqarib tashlash tizimi buzuq bo lsa taqiqlanadi. YHQ 3-ilovasi 7-Bo'limining 7.7-bandiga asosan: transport vositasi konstruksiyasida ko'zda tutilgan orga himoya vositasi, loy to'sgich va sachratmagichlar bo lmasa."
question_161,Qaysi belgi yol qismida maxsus avtomatlashtirilgan foto va video qayd etish texnika vositalari ornatilganligi xaqida axborot beradi?,"{""1"",""2"",""3"",""4""}",2,https://lgacbbewpuzeyxijzfii.supabase.co/storage/v1/object/public/test-images/question-161.jpg,300,,"YHQ 1-ilovasi 5-bo'limining ellik to' qqizinchi xatboshisiga asosan: 5.41. «Foto- va video qayd etish» belgisi, maxsus avtomatlashtirilgan foto va video qayd etish texnika vositalari o'rnatilgani haqida axorot beradi."
question_162,Qaysi yo nalishlarda harakatlanish taqiqlanadi?,"{""Chapga va ơnga"",""To'g'riga va orqa burilish yo'nalishida"",""Faqat tog'riga"",""Hamma yonalishlarda""}",0,https://lgacbbewpuzeyxijzfii.supabase.co/storage/v1/object/public/test-images/question-162.jpg,300,,"YHQ 1-ilovasining 3-bo limi 3.2 belgi talabiga asosan, «Harakatlanish taqiqlangan» belgisi barcha transport vositalarining harakatlanishi taqiqlanishini bildiradi. YHQ 1-ilovasining 7- bo'limidagi 7.3.1-7.3.3 qo'shimcha axborot belgilariga muvofiq, «Ta'sir yo'nalishlari» chorraha oldida o'rnatilgan belgilarning ta'sir yo nalishini ko'rsatadi."
question_163,Qaysi belgi garbarit uzunligi belgisida korsatilganidan uzunroq bolgan transport vositalarining harakatlanishini taqiqlaydi?,"{""1"",""2"",""3"",""4"",""5""}",1,https://lgacbbewpuzeyxijzfii.supabase.co/storage/v1/object/public/test-images/question-163.jpg,300,,YHQ 1-ilovasi 3-bolimining o'n yettinchi xatboshisiga asosan: 3.15. «Cheklangan uzunlik». Gabarit uzunligi (yuk bilan yoki yuksiz) belgida ko'rsatilganidan ortiq bo'lgan transport vositalari (transport vositalari tarkiblari)ning harakatlanishi taqiqlanishini bildiradi.
question_164,Suratdagi tasvirlangan holatda haydovchi nima qilishi lozim?,"{""Bekatda (yol ortasida) turgan bir xil yonalishdagi tramvayga borayotgan yoki undan kelayotgan piyodalarga yol berish"",""To'xtash va tramvay eshiklari yopilgandan keyin harakatlanishni boshlash"",""Tezlikni zarur bolganda darhol to'xtash imkonini beradigan darajagacha pasaytirib harakatni davom ettirish""}",0,https://lgacbbewpuzeyxijzfii.supabase.co/storage/v1/object/public/test-images/question-164.jpg,300,,"YHQ 17-bobi 114-bandiga asosan: Agar yo lovchilarni tushirish yoki chiqarish qatnov qismida yoki unda joylashgan maydonchada amalga oshirilayotgan bo'lsa, haydovchi bekatda to'xtagan yo'nalishli transport vositasi eshiklari tomon borayotgan yoki undan kelayotgan piyoda (lar) ga yol berishi kerak."
question_165,Chorrahadan ikkinchi bolib qaysi avtomobil otadi?,"{""Oq avtomobil sariq bilan bir vaqtda"",""Qizil avtomobil"",""Yashil avtomobil""}",1,https://lgacbbewpuzeyxijzfii.supabase.co/storage/v1/object/public/test-images/question-165.jpg,300,,"YHQ 16-bobi 104-bandining birinchi xatboshisiga asosan: Teng ahamiyatga ega bo'lmagan yo llar kesishgan chorrahada, ikkinchi darajali yo'lda harakatlanayotgan transport vositasining haydovchisi asosiy yo'ldan yaqinlashayotgan transport vositalariga, ularning keyingi harakat yo'nalishidan qat'i nazar, yo'l berishi kerak. YHQ 16-bobi 107-bandiga asosan, chapga burilishda yoki qayrilib olishda relssiz transport vositasining haydovchisi teng ahamiyatli yolda qarama-qarshi yo nalishdan to'g'riga yoki o'ngga harakatlanayotgan, shuningdek, ruxsat etilgan hollarda quvib o'tayotgan transport vositalariga yol berishi shart. Bu qoidaga tramvay haydovchilari ham o'zaro amal gilishlari kerak."
question_166,Kunning qorong'i vaqtida yolning yoritilgan qismida harakatlanayotgan mexanik transport vositasida qaysi chiroqlar yoqilgan bolishi kerak?,"{""Faralarning yaqinni yorituvchi chiroqlari"",""Faralarning uzoqni yorituvchi chiroqlari yoki gabarit chiroqlar"",""Faralarning yaqinni yorituvchi chiroqlari (tumanga qarshi faralar) yoki gabarit chiroqlar""}",0,https://postimg.cc/Dmfk0bYv,300,,"YHQ 23-bobi 135-bandiga asosan, quyidagi hollarda uzoqni yorituvchi chiroqlar o'rniga yaqinni yorituvchi chiroqlar yoqilishi kerak: aholi yashash joylarida yol yoritilgan bolsa; qarama-qarshi yo'nalishdagi transport vositasiga kamida 150 metr masofa golganda, shuningdek haydovchi transport vositasining chiroqlarini vaqt-vaqti bilan o'chirib bunga zaruriyat borligini bildirgan hollarda undan ham ko'proq masofada; qarama-qarshi va bir yo'nalishdagi transport vositalari havdoychilarinina ko'zini 1amashtirishi mumkin bo'lgan boshqa barcha holatlarda. Ko'zi qamashgan haydovchi avariya ishoralarini yoqishi, harakatlanish bo lagini o'zgartirmasdan tezlikni kamaytirishi va to'xtashi kerak."
question_167,Chorraha qismida kesib o'tgan yolga nisbatan asosiy bolgan yolda transport vositalarini quvib o'tishga ruxsat etiladimi?,"{""Ruxsat etiladi"",""Taqiqlanadi""}",0,https://postimg.cc/Dmfk0bYv,300,,YHQ 12-bobi 86-bandining ikkinchi xatboshisiga asosan: tartibga solinmaydigan chorrahalarda asosiy hisoblanmaydigan yollarda harakatlanishda;
question_168,Qaysi javobda shatakka olingan transport vositasidagi yoritish asboblarini yoqishning to'g'ri holati korsatilgan?,"{""Kunning qorong'i vaqtida yoki tuman bo'lgan sharoitda faralarning yaqinni yoritish chiroqlari"",""Avariya yoruglik ishoralari, u nosoz bolganda yoki bolmagan hollarda uning orqa tomoniga avariya sababli to'xtash belgisi o'rnatilishi kerak"",""Aholi punktlarida gabarit chiroqlari"",""Aholi punktlaridan tashqaridagi yollarda istalgan yoritish chiroqlarini""}",1,https://postimg.cc/Dmfk0bYv,300,,"YHQ 8-bobi 50-bandining ikkinchi xatboshisiga asosan, avariya ishorasi quyidagi hollarda yogilishi kerak: shatakka olishda (shatakka olingan transport vositasida). YHQ 8-bobi 52-bandiga asosan: Shatakka olingan transport vositasida avariya yorug'lik ishoralari bo'lmasa yoki ular ishlamasa uning orqa tomoniga avariya sababli to xtash belgisi o'rnatilishi kerak."
question_169,Quyidagi 3.27 «To'xtash taqiqlangan» belgisining amal qilish chegarasi qayerda tugaydi?,"{""Birinchi chorrahada"",""Aholi yashaydigan joyning oxirida"",""Yolning yotiq sariq chizig'i oxirida""}",2,https://lgacbbewpuzeyxijzfii.supabase.co/storage/v1/object/public/test-images/question-169.jpg,300,,"YHQ 1-ilovasi 3-Bo'limining qirq to qqizinchi xatboshisiga asosan: 3.27 belgisi 1.4 yotiq chizig'i bilan birgalikda, 3.28 belgisi esa 1.10 yotiq chizig'i bilan birgalikda qo llanishi mumkin, bunda belgilarga amal qilish chiziqlar uzunligi bilan aniqlanadi."
question_170,M1 toifadagi transport vositalari shinalari protektori naqshining qoldiq balandligi necha mm.dan kam bolmasligi kerak?,"{""0,8 mm"",""1,0 mm"",""1,6 mm"",""2,0 mm"",""2,5 mm""}",2,https://postimg.cc/Dmfk0bYv,300,,"YHQ 3-ilovasi 5-Bo limi 5.1-bandiga asosan: Shina protektori nagshlarining qoldig balandligi M1, N1, 01, 02 toifadagi avtotransport vositalari uchun - 1,6 mm dan, kam bolsa taqiqlanadi."
question_171,"Agar tuproq yolda bevosita chorraha oldida to'shamali (qoplamali) yol qismi bo'lsa, bu uni kesib otayotgan asosiy yol bilan teng huquali qiladimi?","{""Yơ'q"",""На""}",0,https://postimg.cc/Dmfk0bYv,300,,"YHQ 1-bobi 6-bandining sakkizinchi xatboshisiga asosan: Asosiy yo'l - tuproqli yoki shag'alli yo'lga nisbatan qattiq qoplamali (asfalt va sement-betonli va shunga o'xshashlar yotqizilgan), kesishayotgan yoki tutashgan yo'lga nisbatan 2.1, 2.3.1 - 2.3.3 yoki 5.1 yo'l belgilari bilan belgilangan yoxud yondosh hududdan chiqadigan yo Iga nisbatan har ganday yo l. Ikkinchi darajali yo'Ining bevosita chorrahaga tutash qismining qoplamali bolishi uni asosiy yo'l bilan teng huquqli qilmaydi."
question_172,Taqiqlovchi belgi yolning haydovchi to xtagan qismiga ta'sir qiladimi?,"{""Ta'sir qiladi"",""Ta'sir qilmaydi""}",0,https://lgacbbewpuzeyxijzfii.supabase.co/storage/v1/object/public/test-images/question-172.jpg,300,,"YHQ 1-ilovasi 3-Bo'limining qirq uchinchi xatboshisiga asosan: 3.16, 3.20, 3.22, 3.24, 3.26 - 3.30 belgilarining ta'siri belgi o'rnatilgan joydan keyingi eng yaqin chorrahagacha, ular bo'lmaganda - aholi punktining oxirigacha ta'siri qiladi."
question_173,Aholi punktlaridan tashqarida qaysi belgi takrorlanadi?,"{""1"",""F3 3"",""4"",""5""}",1,https://lgacbbewpuzeyxijzfii.supabase.co/storage/v1/object/public/test-images/question-173.jpg,300,,"YHQ 1-ilovasi 1-bo'limining qirq ikkinchi xatboshisiga asosan: Aholi punktlaridan tashqarida 1.1, 1.2, 1.9, 1.10, 1.21 va 1.23 belgilari takrorlanadi. Ikkinchi belgi yo'lning xavfli qismi boshlanishiga kamida 50 metr qolganda o'rnatiladi."
question_174,Yolning ortasida joylashgan bekatda toxtagan yo'nalishli tramvay yonidan o'tayotganda haydovchi nima qilishi kerak?,"{""To'xtashi kerak va tramvay eshiklarini yopganidan so'ng qo'zg'alishi kerak"",""To'xtab turgan tramvayga ketayotgan yoki undan tushayotgan yo lovchilarga yol berishi kerak""}",1,https://postimg.cc/Dmfk0bYv,300,,"YHQ 17-bobi 114-bandiga asosan: Agar yo lovchilarni tushirish yoki chiqarish gatnov qismida yoki unda joylashgan maydonchada amalga oshirilayotgan bo'lsa, haydovchi bekatda to'xtagan yo'nalishli transport vositasi eshiklari tomon borayotgan yoki undan kelayotgan piyoda (lar)ga yol berishi kerak."
question_175,Chorrahadan oxirgi bolib qaysi avtomobil o'tadi?,"{""Ko'k avtomobil"",""Sariq avtomobil"",""Yashil avtomobil"",""Qizil avtomobil""}",2,https://lgacbbewpuzeyxijzfii.supabase.co/storage/v1/object/public/test-images/question-175.jpg,300,,"YHQ 16-bobi 104-bandining birinchi xatboshisiga asosan: Teng axamiyatga ega bo lmagan yollar kesishgan chorrahada, ikkinchi darajali yolda harakatlanayotgan transport vositasining haydovchisi asosiy yo'ldan yaqinlashayotgan transport vositalariga, ularning keyingi harakat yo'nalishidan qat'i nazar, yo'l berishi kerak. YHQ 16-bobi 107-bandiga asosan: Chapga burilishda yoki qayrilib olishda relssiz transport vositasining haydovchisi teng ahamiyatli yo'ldan qarama-qarshi yo'nalishdan to'g'riga yoki o'ngga harakatlanayotgan, shuningdek ruxsat etilgan hollarda quvib o tayotgan transport vositalariga yol berishi shart."
question_176,Kunning qorong'u vaqtida yolning yoritilmagan qismlarida harakatlanayotganda mexanik transport vositasining qaysi chiroqlari yoqilgan bolishi kerak?,"{""Yaqinni yoki uzoqni yorituvchi faralar"",""Faqat yaqinni yorituvchi faralar"",""Faqat uzoqni yorituvchi faralar""}",0,https://postimg.cc/Dmfk0bYv,300,,"YHQ 23-bobi 134-bandining birinchi va ikkinchi xatboshilariga asosan: Qorong'i vaqtda va yetarlicha ko'rinmaydigan sharoitda, shuningdek yo'lning yoritilganligidan qat i nazar, tunnellarda harakatlanayotgan transport vositalarida quyidagi yoritish asboblari yoqilgan bo lishi kerak: barcha mexanik transport vositalari - uzoqni yoki yaqinni yorituvchi chiroqlar."
question_177,Qayrilib olish taqiqlanadi:,"{""Piyodalar o'tish joylarida"",""Tonellarda"",""Ko'priklarda, osma yollarda, estakadalarda va ularning ostida"",""Temir yol kesishmalarida"",""Hamma sanab otilgan hollarda""}",4,https://postimg.cc/Dmfk0bYv,300,,"YHQ 9-bobi 62-bandiga asosan, quyidagi joylarda qayrilib olish taqiqlanadi: piyodalarning o'tish joylarida; tunnellarda; ko'priklar, yo'l o'tkazgichlar, estakadalar va ularning ostida (tegishli yo'l belgilari bilan bunday manyovrni bajarish ruxsat berilgan yo'l qismlari bundan mustasno); temir yol kesishmalarida; yolning ko'rinishi biror-bir yo nalishda 100 metrdan kam bo lgan joylarda."
question_178,Yashil avtomobil haydovchisi:,"{""Bir xil yo'nalishda to'g'riga harakatlanayotgan ko'k avtomobilga yo'l berishi kerak"",""Kok avtomobilga nisbatan ustunlikka ega, chunki o'zib o'tish uchun moljallangan tasmadan ketmoqda"",""Ustunlikka ega, chunki burilish ishorasini yoqdi""}",0,https://lgacbbewpuzeyxijzfii.supabase.co/storage/v1/object/public/test-images/question-178.jpg,300,,"YHQ 9-bobi 55-bandiga asosan: Haydovchi qayta tizilishda harakatlanish yo'nalishini o'zgartirmasdan harakatlanayotgan yo lakay transport vositalariga yol berishi kerak. Bir yonalishda harakatlanayotgan transport vositalari bir vaqtda qayta tizilayotganda, haydovchi o'ng tomondagi transport vositasiga yol berishi kerak."
question_179,"Qattiq yoki egiluvchan ulagich yordamida shatakka olinganda, yuk avtomobilining yukxonasida odamlarni tashishga ruxsat etiladimi?","{""Shatakka olgan va shatakka olingan avtomobillarning yukxonasida ruxsat etiladi"",""Faqat shatakka olingan avtomobil yukxonasida ruxsat etiladi"",""Faqat shatakka olgan avtomobil yukxonasida ruxsat etiladi""}",2,https://postimg.cc/Dmfk0bYv,300,,"YHQ 24-bobi 143-bandiga asosan: Qattiq yoki egiluvchan ulagich yordamida shatakka olingan avtobusda, trolleybusda va yuk avtomobili yukxonasida odam tashish, qisman ortish yo'li bilan shatakka olishda esa shatakka olingan transport vositasining kabinasida va yukxonasida, shuningdek shatakka olgan transport vositasining yukxonasida odamlar bolishi taqiqlanadi."
question_180,Transport vositalaridan qanday shartlarda foydalanishga ruxsat etiladi?,"{""Shinalarning ayrim joylarida kord ko'rinib qoladigan nuqsonlari bor"",""M1 toifadagi avtotransport vositalarining oldingi o'qiga ikkinchi klassdagi ta'mirlangan shinalar o'rnatilgan"",""N2, N3 toifadagi transport vositalari shinalari protektori naqshining qoldiq balandligi 1,6 mm.ni tashkil qiladi""}",2,https://postimg.cc/Dmfk0bYv,300,,"YHQ 3-ilovasi 5-Bo limi 5.1-bandiga asosan: Shina protektori nagshlarining goldiq balandligi N2, N3, 03, 04 toifadagi avtotransport vositalari uchun - 1,0 mm dan kam bo lsa foydalanish taqiqlanadi. YHQ 3-ilovasi 5-Bo limi 5.2-bandiga asosan: Shinalarda kord ko rinishiga olib kelgan tashqi nuqsonlar (teshilgan kesilgan, yorilgan), handa karkas qatlamlari ajralgan, protektor va yon qismlari ko'chgan bo'lsa foydalanish taqiqlanadi. YHQ 3-ilovasi 5-bo limi 5.7-bandiga asosan: M1, M2, M3 toifalarni I klassidagi avtotransport vositalarini oldingi o'qiga, M3 toifani II va III klassidagi avtotransport vositalarini o'rta va orga o'qlariga ikkinchi ta mirlash klassi bo yicha qayta tiklangan shinalar o'rnatilgan bo'lsa foydalanish taqiqlanadi."
question_181,Yol-transport hodisasiga daxldor bolgan haydovchilar birinchi navbatda bajarishlari shart:,"{""Hodisa sodir bolgan joyda to'xtash, guvohlarning ismi-sharifi va manzilini yozib olish, hodisa haqida militsiyaga xabar berish, shikastlanganlarga shifokor kelguncha tibbiy yordam berish uchun. choralar ko'rish"",""Darhol to xtash va hodisa sodir bolgan joyda qolish, avariya majburiy to'xtash yoritgichini yoqish va avariya sababli to'xtash belgisini o'rnatish"",""To'xtash va hodisaga tegishli izlarni saqlash, ularning atrofini to'sib, hodisa sodir bolgan joyni aylanib o'tishni tashkil etish uchun hamma mumkin bolgan choralarni korish, militsiyaga xabar berish, tibbiy yordam berish""}",1,https://postimg.cc/Dmfk0bYv,300,,"YHQ 3-bobi 13-bandiga asosan, yo'l-transport hodisasi sodir bo'lganda unga daxidor haydovchilar quyidagilarni bajarishlari shart: transport vositasini darhol to'xtatishi, avariya ishoralarini yoqishi va avariya sababli to'xtash belgisini o'rnatishi, transport vositasini va hodisaga daxldor buyumlarni joyidan qo'zg'atmasligi."
question_182,Belgi ostidagi qo'shimcha axborot belgisi nimani bildiradi?,"{""Belgidan birinchi burilishning boshlanishigacha bolgan masofani"",""Birinchi burilishdan ikkinchi burilishning boshlanishigacha bolgan masofani"",""Yolning xavfli burilishlari bolgan qatnov uzunligini""}",2,https://lgacbbewpuzeyxijzfii.supabase.co/storage/v1/object/public/test-images/question-182.jpg,300,,YHQ 1-ilovasi 7-bolimining beshinchi xatboshisiga asosan: 7.2.1. «Ta'sir oralig'i». Ogohlantiruvchi belgilar bilan belgilangan xavfli joyning uzunligini yoki taqiqlovchi va axborot-ko'rsatkich belgilarining ta'sir oralig'ini ko'rsatadi
question_183,Qaysi belgi «To'siqni chapdan chetlab o'tish» deb ataladi?,"{""1"",""F3 3"",""4"",""5""}",1,https://lgacbbewpuzeyxijzfii.supabase.co/storage/v1/object/public/test-images/question-183.jpg,300,,YHQ 1-ilovasi 4-bo'limining on birinchi xatboshisiga asosan: 4.2.2. «To'siqni chapdan chetlab o'tish». To'siqni ko'rsatilgan yo'nalish bo yicha chetlab o'tishga ruxsat etilishini bildiradi.
question_184,Qaysi transport vositasining haydovchisi yol berishi kerak?,"{""Velosiped haydovchisi"",""Avtomobil haydovchisi""}",1,https://lgacbbewpuzeyxijzfii.supabase.co/storage/v1/object/public/test-images/question-184.jpg,300,,"YHQ 16-bobi 107-bandiga asosan: Chapga burilishda yoki qayrilib olishda relssiz transport vositasining haydovchisi teng ahamiyatli yo'ldan qarama-qarshi yo nalishdan to'g'riga yoki ongga harakatlanayotgan, shuningdek ruxsat etilgan hollarda quvib o'tayotgan transport vositalariga yo'l berishi shart."
question_185,Chorrahadan birinchi bolib otadi:,"{""Yashil avtomobil"",""Ko'k avtomobil"",""Qizil avtomobil"",""Sariq avtomobil""}",2,https://lgacbbewpuzeyxijzfii.supabase.co/storage/v1/object/public/test-images/question-185.jpg,300,,"YHQ 16-bobi 104-bandining birinchi xatboshisiga asosan: Teng ahamiyatga ega bo'lmagan yo'llar kesishgan chorrahada, ikkinchi darajali yo'lda harakatlanayotgan transport vositasining haydovchisi asosiy yo'ldan yaqinlashayotgan transport vositalariga, ularning keyingi harakat yo nalishidan qat'i nazar, yo'l berishi kerak. YHQ 16-bobi 107-bandiga asosan: Chapga burilishda yoki qayrilib olishda relssiz transport vositasining haydovchisi teng ahamiyatli yo'ldan qarama-qarshi yo'nalishdan to'g'riga yoki o'ngga harakatlanayotgan, shuningdek ruxsat etilgan hollarda quvib o tayotgan transport vositalariga yol berishi shart."
question_186,Ishchi tormozi to'satdan ishlamay qolganda avtomobilni qanday to xtatish kerak?,"{""Eng past uzatmaga o'tish, to'xtab turish tormozi bilan tormozlash. Zarur bolganda biron-bir to'siqdan foydalanish"",""Ulagichni ajratish va to'xtab turish tormozi bilan keskin tormozlash""}",0,https://lgacbbewpuzeyxijzfii.supabase.co/storage/v1/object/public/test-images/question-186.jpg,300,,"Ishlayotgan tormozning birdan ishdan chiqish holati alomatlari ko'p: avtomobil tezligi, to'xtab turish tormozining ishlash qobiliyati, harakat oqimining zichligi, yo'l kengligi, piyodalar, ko kalamzorlashtirilgan joylar, qurilayotgan imoratlarning zichligi garama-garshi yo nalishda kelayotgan transport vositalarining zichligi va boshqalar. Shuningdek ko'pgina to'xtamlarga kelish mumkin. Tormoz islamay qolganda nima glish kerak? degan savolga barcha holatlarga to'g'ri keladigan javob berib bo'lmaydi. Shunday gilib, xavfli vaziyatda eng asosiy narsa bu: o'ziga ishonish va osoyishtalikni saqlash; kelib chiqgan holatni tezda baholash; inson hayotiga xavf-xatar solmaydigan va ziyon yetkazmaydigan garor qabul gilish va qabul qilingan garorni amalga oshirayotgan vagtda vaziyatning o'zgarishi natijasida taktikani o'zgartirishga tayyor turish."
question_187,Qayrilib olish taqiqlanadi:,"{""Chorrahaga 15 metrdan yaqinroqda"",""Tartibga solinmaydigan chorrahalarda, agar kesib o'tilayotgan yolda bir tomonlama harakatlanish tashkil etilgan bo'lsa"",""Piyodalar o'tish joylarida"",""Hamma sanab o'tilgan hollarda""}",2,https://postimg.cc/Dmfk0bYv,300,,"YHQ 9-bobi 62-bandining birinchi xatboshisiga asosan, quyidagi joylarda qayrilib olish taqiqlanadi: piyodalarning o'tish joylarida."
question_188,Shatakka olingan mexanik transport vositasida qaysi tashqi yoritish chiroqlari yoqilgan bolishi kerak?,"{""Kunning qorong'i vaqtida, gabarit chiroqlarini"",""Yaqinni yorituvchi fara chiroqlari"",""Avariya (xavf-xatar) ishoralarini""}",2,https://postimg.cc/Dmfk0bYv,300,,"YHQ 8-bobi 50-bandining birinchi xatboshisi asosan: Burilishni ko'rsatuvchi barcha yorug'lik ishoralarining bir vagtda miltillashi avariya (xavf-xatar) ishoralari hisoblanadi. YHQ 8-bobi 50-bandining to rtinchi xatboshisiga asosan, avariya ishorasi quyidagi hollarda yoqilishi kerak: shatakka olishda (shatakka olingan transport vositasida)."
question_189,Qon oqishini to'xtatuvchi jgut qol oyoqlarni qayeridan bog'lanadi?,"{""Yaradan 10-15 sm pastga"",""Yaradan 10-15 sm yuqoriga"",""Bevosita yaraning o'ziga""}",1,https://postimg.cc/Dmfk0bYv,300,,"Jgut qo'yilishi deyarli barcha hollarda arterial qon ketishini to'xtatadi. Arterial qon ketishini to'xtatish uchun jgut avtomobilning tibbiy qutichasida ham mavjud. Jgut bo'lmagan hollarda kamar, belbog, podtyajkalar va boshqa shunga o'xshash vositalar qo'llanilishi mumkin. Jgut qo'l yoki oyoqqa qon ketish joyidan yuqoriroq joyga ikki - uch marta aylantirib, faqat kiyim ustidan qo'yiladi yoki uning tagiga bir necha qatlamdan iborat (dast) ro'mol, sochiq yoxud boshqa gazlamadan astar qo'yiladi. Jgut cho'zib mahkamlanadi va qon ketishi to'xtagan vaqtdan so'ng, cho'zishdan to'xtatiladi. Jgutga u qo'yilgan vaqtni korsatuvchi kichik qaydnoma qistirib qo yiladi."
question_190,Mototsikl shinalari naqshining qoldiq chuqurligi qanchadan kam bolmasligi kerak?,"{""0,5 mm"",""0,8 mm"",""1,0 mm"",""1,6 mm"",""2,0 mm""}",1,https://postimg.cc/Dmfk0bYv,300,,"YHQ 3-ilovasi 5-Bo limi 5.1-bandining to'rtinchi xatboshisiga asosan, shina protektori nagshlarining goldiq balandligi mototsikl va mopedlar (skuterlar, kvadrotsikllar) uchun - 0,8 mm dan kam bo'lsa foydalanish taqiqlanadi."
question_191,Qaysi transport vositasining haydovchisi birinchi navbatda harakatlanish ustunligiga ega?,"{""Yol xizmati mashinasining haydovchisi"",""Yengil avtomobil haydovchisi""}",1,https://lgacbbewpuzeyxijzfii.supabase.co/storage/v1/object/public/test-images/question-191.jpg,300,,"YHQ 16-bobi 105-bandiga asosan: Teng ahamiyatga ega bo'lgan yollar kesishgan chorrahada relssiz transport vositasining haydovchisi o'ngdan kelayotgan transport vositalariga yo'l berishi shart. YHQ 6-bobi 29-bandiga asosan: Zarg'aldoq yoki sariq rangli chiroq-mayoqchasi yogilgan transport vositalarining haydovchilari yo'l qurilishi, ta'mirlanishi va tozalanishi jarayonida hamda texnik shikastlangan, nosoz bo lgan, shuningdek qonunda ko'zda tutilgan hollarda boshqa transport vositalarini ortishda yol harakati xavfsizligini ta'minlash sharti bilan ushbu Qoidalarning yol belgilari (2.2, 2.4 - 2.6, 3.11 - 3.14, 3.17.2, 3.20 yo'l belgilaridan tashqari), yo'l chiziqlari hamda 67 - 71 va 121-bandlari talablaridan chetga chiqishlari mumkin."
question_192,Bu belgilarning qaysi biri «Bir tomonlama harakatlanish yo'liga chiqish»ni bildiradi?,"{""Birinchi va beshinchi"",""Uchinchi va beshinchi"",""Ikkinchi va tortinchi""}",0,https://lgacbbewpuzeyxijzfii.supabase.co/storage/v1/object/public/test-images/question-192.jpg,300,,"YHQ 1-ilovasi 5-Bo'limining na sakkizinchi xatboshisiga asosan: 5.7.1, 5.7.2. «Bir tomonlama harakatli yo'lga chiqish». Harakatlanish bir tomonlama bo'lgan yo lga yoki qatnov qismiga chiqishni bildiradi."
question_193,Qaysi yonalishlarda harakatlanishga ruxsat etiladi?,"{""«A» yo'nalishda"",""«Б» yo'nalishda"",""«B» yo'nalishda"",""«А», «Б» va «В» yonalishlarida"",""«Б» va «В» yonalishlarida""}",3,https://lgacbbewpuzeyxijzfii.supabase.co/storage/v1/object/public/test-images/question-193.jpg,300,,"YHQ 2-ilovasi 1-bo'limining o'n uchinchi xatboshisiga asosan: 1.11 - faqat bir tomondan qayta tizilishga ruxsat etilgan yo'l qismlarida, bir yo nalishdagi yoki qarama-qarshi kelayotgan transport oqimlarini ajratadi; qayrilib olish, to'xtash maydonchalari va shunga o'xshashlarga kirish-chiqish joylarida harakatlanish faqat bir yo nalishda ruxsat etilganligini ko'rsatadi; YHQ 2-ilovasi 1-bo'limining o'ttiz sakkizinchi xatboshisiga asosan: 1.11 chizig'ini uzuq-uzuq chiziq tomonidan, sidirg'a chiziq tomonidan esa faqat quvib yoki aylanib o'tishni tugatayotganda bosib o tishga ruxsat etiladi."
question_194,Quyidagi hollarning qaysi birida temir yol kesishmasiga kirish taqiqlanadi?,"{""Svetoforning taqiqlovchi ishorasi yonganda shlagbaum ochiq turgan holatda"",""Qishloq xojaligi mashinasini mexanik transport vositasiga yuklab olib otish holatida"",""Tezligi 8 km/soatdan ko'p bolgan transport vositalari""}",0,https://postimg.cc/Dmfk0bYv,300,,"YHQ 18-bobi 118-bandining ikkinchi xatboshisiga asosan, temir yo'l kesishmasiga quyidagi hollarda kirish taqiqlanadi: shlagbaum holatidan qati nazar, svetoforning taqiqlovchi ishorasida."
question_195,Avtomobillar chorrahadan quyidagi tartibda o'tadi:,"{""Qizil, yashil, ko'k"",""Ko'k, qizil, yashil"",""Uchchalasi bir vaqtda""}",2,https://lgacbbewpuzeyxijzfii.supabase.co/storage/v1/object/public/test-images/question-195.jpg,300,,YHQ 16-bobi 105-bandiga asosan: Teng ahamiyatga ega bolgan yollar kesishgan chorrahada relssiz transport vositasining haydovchisi o'ngdan kelayotgan transport vositalariga yo'l berishi shart.
question_196,Yolovchilarning va mahkamlanmagan yukning shiddat bilan oldinga surilib ketishiga nima sabab bolishi mumkin?,"{""Faqat tezlikni keskin oshirish"",""Faqat keskin tormozlash"",""Tezlikni keskin oshirish va keskin tormozlash""}",1,https://lgacbbewpuzeyxijzfii.supabase.co/storage/v1/object/public/test-images/question-196.jpg,300,,Yo lovchilar va yuklar birdan tormozlash natijasida oldinga garab harakatlanishiga olib keladi. Keskin tezlashuv yo lovchilar va yuklarning orgaga garab harakatlanishiga olib keladi.
question_197,Kunduzgi vaqtda transportning old yoki orqa tomoniga 1 metrdan ortiq chiqib turgan yuk qanday belgilanadi?,"{""Diagonali boyicha qizil va oq almashuvchi chiziqlari bolgan taxtacha yoki bayroqchalar bilan"",""Qizil bayroqchalar bilan"",""Oq bayroqchalar bilan""}",0,https://postimg.cc/Dmfk0bYv,300,,"YHQ 27-bobi 163-bandiga asosan: Transport vositasining gabaritlaridan old yoki orqa tomonga bir metrdan, yon tomonga gabarit chiroqlarining chetki qismidan 0,4 metrdan ortiq chiqib turgan yuk «Katta o'lchamli yuk» taniqlik belgisi bilan belgilanishi, qorong'i vaqtda va yetarlicha ko'rinmaydigan sharoitda esa bunga qo'shimcha ravishda old oq chiroq yoki yorug'lik qaytargich, orqasi esa qizil chiroq yoki yorug lik qaytargich bilan belgilanishi kerak YHQ 29-bobi 176-bandining sakkizinchi xatboshisiga asosan, transport vositalariga quyidagi taniqlik belgilari o'rnatilishi kerak: «Katta o'Ichamli yuk» - ichiga kengligi 50 millimetrli, diagonal bo yicha navbatma-navbat qizil va oq rangli chiziqlar tushirilgan, nur qaytaradigan yuzali, o lchami 400 x 400 millimetrli to'rtburchak shaklidagi belgi."
question_198,Bu yotiq chiziq quyidagi vazifani bajaradi:,"{""Maxsus piyodalar yo'lkasini bildiradi"",""Velosiped yolkasini bildiradi, chiziq yo'naltirgichlari bolaklar boyicha harakat yonalishini ko'rsatadi"",""Piyodalar o'tish joyini bildiradi, chiziq yo'naltirgichlari piyodalar harakatlanish yo'nalishini ko'rsatadi""}",2,https://lgacbbewpuzeyxijzfii.supabase.co/storage/v1/object/public/test-images/question-198.jpg,300,,"YHQ 2-ilovasi 1-bo'limining o'n oltinchi va ơ'n yettinchi xatboshlariga asosan: 1.14.2 (zebra) - tartibga solinmagan va solingan piyodalarning o'tish joyini belgilaydi; 1.14.2 yotiq chiziqning yo""naltirgichlari piyodalarning harakatlanish yo nalishini ko'rsatadi."
question_199,Sirpanchiq yolda karbyuratorning drossel zaslonkasini keskin ochish qanday xavfli oqibatlarga olib kelishi mumkin?,"{""Karbyurator qismlari ishdan chiqishiga"",""Yurgizgich ishlashdan to'xtab qolishiga"",""Avtomobilning yonga sirpanib ketishiga""}",2,https://postimg.cc/Dmfk0bYv,300,,"Sirpanchiq yo'lda surilish hollari avtomobil g'ildiraklarining shataksirashi (joyida aylanishi) natijasida harakatning birdan tezlanishdan kelib chiqadi. Bu holda surilish sabablarini bartaraf qilish, ya'ni yonilg'i o'tishini boshqaruvchi tepkisini (drossel zaslonkasini) bosishni"
question_200,Yuk avtomobilining yukxonasida qancha miqdorda odamlarni tashishga ruxsat etiladi?,"{""20 nafar kishidan ortiq emas"",""Tashilayotgan odamlar soni, otirish uchun jihozlangan orindiqlar miqdoridan ortiq bo'lmasligi kerak"",""Haydovchining xohishiga kora"",""Ma'muriyatning korsatmasiga ko'ra""}",1,https://postimg.cc/Dmfk0bYv,300,,"YHQ 26-bobi 154-bandiga asosan: Yuk avtomobilining yukxonasida, shuningdek shaharlararo, sayyohlik, ekskursiya yoki tog'li yo'nalishlarda va bolalar guruhini tashkiliy tashishda tashilayotgan odamlar soni o'tirish uchun jihozlangan o'rindiqlar sonidan oshmasligi kerak."
question_201,"Yaltirovchi kok mayoqcha va unga qo'shimcha maxsus tovushli ishorasi yoqilgan transport vositasi sizga yaqinlashib kelmoqda. Siz shunday transport vositasiga qarshi harakatlanayotgan bo'lsangiz, nima qilishingiz lozim?","{""Yol yoqasida yoki qatnov kismining chetida to'xtash"",""Mayoqcha ishorasi yoqilgan transport vositasiga halaqit bermasdan yol chetidan harakatlanish""}",1,https://postimg.cc/Dmfk0bYv,300,,"YHQ 6-bobi 26-bandiga asosan: Haydovchilar tezkor va maxsus xizmatlarning ko'k yoki qizil yoxud ko'k va gizil rangli yalt-yalt etuvchi mayoqchalar va maxsus tovushli ishorasi yoqilgan holda yaqinlashayotgan transport vositalariga, shuningdek ularning kuzatuvidagi, yaqinni yorituvchi fara chiroqlari yoqilgan transport vositasi (transport vositalari) ga yo'l berishlari shart. Mazkur turdagi transport vositalarini quvib o'tish taqiqlanadi."
question_202,Ko'rsatilgan belgi ostidagi qo'shimcha axborot belgisi qanday maqsadda o'rnatilgan?,"{""Belgining amal qilish hududida foto va video moslamalardan foydalanish ta'qiqlanadi"",""DYHXX tomonidan harakat jarayoni foto va video kuzatuviga olingan yol qismini bildiradi""}",1,https://lgacbbewpuzeyxijzfii.supabase.co/storage/v1/object/public/test-images/question-202.jpg,300,,"YHQ 1-ilovasi 7-bo limining o ttiz ikkinchi xatboshisiga asosan: 7.19. «Foto va video qayd etish». Yo'l harakati qatnashchilarining harakatlari maxsus avtomatlashtirilgan foto va video qayd etish texnika vositalari orqali qayd etilayotganligini bildiradi. Ogohlantiruvchi, imtiyoz, taqiqlovchi, buyuruvchi va axborot ishora belgilari bilan birgalikda qo'llaniladi."
question_203,Yonaltirgichlar bilan ko'rsatilgan yo'nalishlarning qaysi biridan harakat qilish mumkin?,"{""Faqat to'g'riga"",""Chapga va orqaga"",""To'g'riga, chapga va orqaga""}",0,https://lgacbbewpuzeyxijzfii.supabase.co/storage/v1/object/public/test-images/question-203.jpg,300,,"YHQ 2-ilovasi 1-bo'limining o'ttiz sakkizinchi xatboshisiga asosan: 1.11 chizig'ini uzuq-uzuq chiziq tomonidan, sidirg'a chiziq tomonidan esa faqat quvib yoki aylanib o'tishni tugatayotganda bosib o tishga ruxsat etiladi."
question_204,Transport vositalari chorrahani quyidagi tartibda kesib otadilar:,"{""Mototsikl, avtomobil, tramvay"",""Tramvay, avtomobil, mototsikl"",""Tramvay, mototsikl, avtomobil""}",0,https://lgacbbewpuzeyxijzfii.supabase.co/storage/v1/object/public/test-images/question-204.jpg,300,,"YHQ 16-bobi 104-Bandiga asosan: Teng ahamiyatga ega bo'lmagan yo'llar kesishgan chorrahada, ikkinchi darajali yo'lda harakatlanayotgan transport vositasining haydovchisi asosiy yo'ldan yaqinlashayotgan transport vositalariga, ularning keyingi harakat yo'nalishidan qat'i nazar, yo'l berishi kerak. Bunday chorrahalarda tramvay harakatlanish yo nalishidan qat'i nazar, teng ahamiyatga ega bo'lgan yolda bir yo'nalishda yoki qarama-qarshi yo nalishda harakatlanayotgan relssiz transport vositalariga nisbatan imtiyozga ega. YHQ 16-bobi 106-bandiga asosan: Asosiy yo'lning yo'nalishi chorrahada o'zgarganda asosiy yo lda harakatlanayotgan haydovchilar o'zaro teng ahamiyatli yo llar chorrahasidan o tish qoidasiga amal qilishlari kerak. Ikkinchi darajali yo llarda harakatlanayotgan haydovchilar ham o'zaro shu qoidaga amal qilishlari kerak."
question_205,Chorrahani ikkinchi bolib kesib o'tadi:,"{""Qizil avtomobil"",""Ko'k avtomobil"",""Yashil avtomobil""}",1,https://lgacbbewpuzeyxijzfii.supabase.co/storage/v1/object/public/test-images/question-205.jpg,300,,YHQ 16-bobi 105-bandiga asosan: Teng ahamiyatga ega bolgan yollar kesishgan chorrahada relssiz transport vositasining haydovchisi опддап kelayotgan transport vositalariga yo'l berishi shart.
question_206,Yolning yoritilmagan qismlarida qorong'i vaqtda to'xtaganda gabarit chiroqlari nosoz bo'lsa:,"{""Yaqinni yorituvchi faralarni yoqish"",""O'ngroqqa olish va yaqinni yorituvchi farani yoqish zarur"",""Transport vositasini yoldan tashqariga chiqarish, agar buning iloji bolmasa mazkur qoidalar talablariga binoan uni belgilash lozim""}",2,https://postimg.cc/Dmfk0bYv,300,,"YHQ 23-bobi 136-bandi: Sutkaning qorong'i vaqtida yo'Ining yoritilmagan qismida, shuningdek, yetarlicha ko rinmaydigan sharoitda to'xtagan yoki to xtab turgan transport vositasida gabarit fara chiroqlari yogilgan bolishi kerak."
question_207,Bu joyda to'xtash mumkinmi?,"{""Mumkin"",""Taqiqlangan""}",1,https://lgacbbewpuzeyxijzfii.supabase.co/storage/v1/object/public/test-images/question-207.jpg,300,,"YHQ 13-bobi 88-bandi 2-xatboshiga asosan, aholi punktlarida yo'llarning chap tomonida to xtash va to'xtab turishga har yo nalishda bittadan harakatlanish bo'lagi bo'lgan va o'rtada tramvay izi bo Imagan hamda harakat faqat bir tomonlama bo lgan yo'llarda ruxsat etiladi."
question_208,Harakatlanish mumkin bolgan yo'nalish qaysi rasmda korsatilgan?,"{""Chapdagi rasmda"",""Pastdagi rasmda"",""O'ngdagi rasmda"",""O'rtadagi va o'ngdagi rasmda""}",2,https://lgacbbewpuzeyxijzfii.supabase.co/storage/v1/object/public/test-images/question-208.jpg,300,,YHQ 1-ilovasi 3-bo limining yigirma uchinchi xatboshisiga asosan: 3.19. «Qayrilish taqiqlangan» belgisida faqat qayrilib olish taqiqlanadi.
question_209,Orga tomondagi tumanga qarshi chiroqlar quyidagi hollarda qollanishi mumkin:,"{""Kunning qorong'i vaqtida safda harakatlanishda"",""Tonellarda harakatlanishda"",""Faqat yetarli ko'rinmaydigan sharoitlarda"",""Kunning gorong'i vaqtida yuk tushirishda"",""Sanab o'tilgan barcha hollarda""}",2,https://postimg.cc/Dmfk0bYv,300,,YHQ 23-bobi 140-bandiga asosan: Tumanga qarshi orga chiroqlarni faqat yetarlicha ko rinmaydigan sharoitda go'llash mumkin. Tumanga garshi orga chiroqlarni to tash chiroqlari(stop-signal) ga ulash taqiqlanadi.
question_210,Qoshaloq shinalar orasiga begona jismlar tiqilib qolganda transport vositalaridan foydalanishga ruxsat etiladimi?,"{""Taqiqlanadi"",""Mazkur yo'nalishda ikki va undan ortiq tasma bolganda yolning faqat ong tarafdagi tasmasi bo'ylab harakatlanishga ruxsat etiladi"",""Ko'pi bilan 40 km/soat tezlikda harakat qilishga ruxsat etiladi""}",0,https://postimg.cc/Dmfk0bYv,300,,"YHQ 3-ilovasi 5-bo limi 5.3-bandiga asosan: Qo'shaloq shinalar orasiga xavf-xatar tug diruvchi begona jismlar qisilib, tiqilib qolgan bo'lsa foydalanish taqiqlanadi."
question_211,Sariq avtobusning haydovchisiga chorrahaga chiqishga ruxsat etiladimi?,"{""Ruxsat etiladi"",""Taqiqlanadi"",""Agar avtobus belgilangan yonalish boyicha yursa, tuxsat etiladi""}",1,https://lgacbbewpuzeyxijzfii.supabase.co/storage/v1/object/public/test-images/question-211.jpg,300,,"YHQ 14-bobi 97-bandiga asosan: Haydovchi tirbandlik tufayli majburiy to'xtab, ko'ndalang yo'nalishdagi transport vositalarining harakatlanishiga to'sqinlik tug'diradigan bo'lsa, chorraha yoki qatnov qismlari kesishmasiga kirishi taqiqlanadi."
question_212,Ruxsat etilgan harakatlanish yo'nalishini korsating:,"{""Faqat «A»"",""Faqat «Б»"",""Faqat «B»"",""«А» va «Б»"",""«Б» va «В»""}",3,https://lgacbbewpuzeyxijzfii.supabase.co/storage/v1/object/public/test-images/question-212.jpg,300,,"YHQ 1-ilovasi 4-bo'limining to'qqizinchi xatboshisiga asosan: 4.1.1 belgisi yo Ining qismi boshlanishiga o'rnatilsa, unga yaqin chorrahagacha amal qilinadi. Belgi o'ng tomonda joylashgan hovli va boshqa yondosh hududlarga burilishni taqiqlamaydi."
question_213,Qaysi belgi faqat oyning juft kunlarida to'xtab turishni taqiqlanishini anglatadi?,"{""1"",""2"",""3"",""4"",""5""}",4,https://lgacbbewpuzeyxijzfii.supabase.co/storage/v1/object/public/test-images/question-213.jpg,300,,YHQ 1-ilovasi 3-Bolimining o'ttiz to'rtinchi xatboshisiga asosan: 3.30. «Oyning juft kunlarida to'xtab turish taqiqlangan».
question_214,Bu yol belgisi:,"{""Faqat belgida korsatilgan yoki yuqori tezlikda harakatlanishga ruxsat beradi"",""Belgida korsatilgandan ortiq tezlikdagi harakatni taqiqlaydi"",""Yolning shu qismida tavsiya etilgan harakatlanish tezligini ko'rsatadi""}",0,https://lgacbbewpuzeyxijzfii.supabase.co/storage/v1/object/public/test-images/question-214.jpg,300,,YHQ 1-ilovasi 4-Bolimining yigirma to'rtinchi xatboshisiga asosan: 4.7. «Eng kam tezlik». Faqat belgida ko'rsatilgan yoki undan yuqori tezlikda (km/soat) harakatlanishga ruxsat etilishini bildiradi.
question_215,Chorrahani oxirgi bolib kesib otadi:,"{""Yashil avtomobil"",""Ko'k avtomobil"",""Qizil avtomobil""}",2,https://lgacbbewpuzeyxijzfii.supabase.co/storage/v1/object/public/test-images/question-215.jpg,300,,YHQ 16-bobi 105-bandiga asosan: Teng ahamiyatga ega bolgan yollar kesishgan chorrahada relssiz transport vositasining haydovchisi опддап kelayotgan transport vositalariga yo'l berishi shart.
question_216,Haydovchi ko'zi qamashgan taqdirda quyidagilarni bajarishi shart:,"{""Qatnov qismining iloji boricha ong tomoniga o'tib to'xtashi"",""Avariya (xavf-xatar) ishoralarini yoqishi va harakat bolagini o'zgartirmagan holda tezlikni kamaytirishi va to'xtashi"",""Agar oldinda transport vositalari paydo bo'lsa, tasmani o'zgartirmay tezlikni kamaytirishi yoki to'xtashi"",""Uzoqni yorituvchi chiroqni yoqishi va to'xtashi""}",1,https://postimg.cc/Dmfk0bYv,300,,"YHQ 23-bobi 135-bandining to rtinchi xatboshisiga asosan: Ko'zi qamashgan haydovchi avariya ishoralarini yoqishi, harakatlanish bo lagini o'zgartirmasdan tezlikni kamaytirishi va to'xtashi kerak."
question_217,To'xtash yoli deb nimaga aytiladi?,"{""Xavfning haydovchiga ma'lum bolgan paytidan tormozlash boshlanguncha avtomobilda o'tilgan masofa"",""Avtomobilda xavfning haydovchiga malum bolgan paytidan boshlab tola to'xtashga qadar o'tilgan masofa""}",1,https://postimg.cc/Dmfk0bYv,300,,"To'xtash yo liga haydovchining xavf-xatarsiz sezgan vaqtidan boshlab transport vositasining butunlay to xtagunga qadar yurib o tgan masofasi tushuniladi. To'xtash yo'li doim tormoz yo'lidan ko'proq bo'ladi, chunki tormozlanish boshlanishidan avval transport vositasi haydovchining reaksiya vaqti va tormoz uzatmasining ishlab ketish vaqtiga bogliq bo lgan masofadan o tib oladi"
question_218,Transport vositalarida sun'iy yoritilgan tunnelda harakatlanayotganda qanday yoritish asboblari yoqilishi kerak?,"{""Faqat uzoqni yorituvchi fara chiroqlari"",""Uzoqni yoki yaqinni yorituvchi fara chiroqlari"",""Avariya (xavf-xatar) ishoralari"",""Yoritish chiroqlari yoqilmaydi""}",1,https://postimg.cc/Dmfk0bYv,300,,"YHQ 23-bobi 134-bandining birinchi va ikkinchi xatboshlariga asosan: Qorong'i vaqtda va yetarlicha korinmaydigan sharoitda, shuningdek yo lning yoritilganligidan qat i nazar, tunnellarda harakatlanayotgan transport vositalarida quyidagi yoritish asboblari yoqilgan bo lishi kerak: barcha mexanik transport vositalari - uzoqni yoki yaqinni yorituvchi chiroqlar."
question_219,Avtomobilda tibbiyot qutichasini qayerda saqlash lozim?,"{""Yengil avtomobilning yukxonasida"",""Tayyorlovchi korxona tomonidan belgilangan joylarda berk holatda"",""Avtomobilning kuzovida korinadigan joyda""}",1,https://postimg.cc/Dmfk0bYv,300,,"YHQ 3-ilovasi 7-bo limining 7.10-bandiga asosan, tibbiyot qutichasi, o't o'chirgich transport vositalarini ishlab chigargan korxona tomonidan belgilangan joyda mustahkam ornatiladi. Agar transport vositasining konstruksiyasida bunday joy ko'zda tutilmagan bo'lsa, tibbiyot qutichasi oson olinadigan joyda o'rnatiladi."
question_220,Yuk tirkamasida odam tashishga ruxsat etiladimi?,"{""Taqiqlanadi"",""Ruxsat etiladi"",""Faqat yukni kuzatib boruvchi shaxsga ruxsat etiladi""}",0,https://postimg.cc/Dmfk0bYv,300,,"YHQ 26-bobi 159-bandining uchunchi xatboshisiga asosan, odamlarni tashish quyidagi hollarda taqiqlanadi: Traktorlar va boshqa o'ziyurar uskunalar, yuk tashiladigan tirkamalar, tirkama-uycha, yuk mototsikllari, elektromototsikllar, mopedlar va skuterlar yukxonasida."
question_221,Kim «Yơl harakati qatnashchisi» hisoblanadi?,"{""Yol harakati jarayonida transport vositasining haydovchisi, yo lovchisi yoki piyoda tariqasida bevosita ishtirok etayotgan shaxs"",""Yolda bolgan va unda ish bajarmayotgan har qanday shaxs"",""Biror bir transport vositasini boshqarayotgan shaxs""}",0,https://postimg.cc/Dmfk0bYv,300,,"YHQ 1-bobi 6-bandining qirq to qqizinchi xatboshisiga asosan: Yo'l harakati qatnashchisi - yol harakati jarayonida transport vositasining haydovchisi, yo lovchisi yoki piyoda tariqasida bevosita ishtirok etayotgan shaxs."
question_222,Avtomobil harakatining barcha ruxsat etilgan yo'nalishlari qaysi javobda to'g'ri korsatilgan?,"{""Faqat chapga"",""Faqat to'g'riga"",""Faqat o'ngga"",""Chap va ongga"",""Barcha yo'nalishlarda""}",4,https://lgacbbewpuzeyxijzfii.supabase.co/storage/v1/object/public/test-images/question-222.jpg,300,,YHQ 1-ilovasi 3-bo'limining yettinchi xatboshisiga asosan: 3.5. «Mototsikl va elektromototsikllar harakatlanishi taqiqlangan».
question_223,Rasmda korsatilgan holatda yo lovchilarni tushirish uchun to'xtashga ruxsat etiladimi?,"{""Ruxsat etiladi"",""Taqiqlanadi""}",0,https://lgacbbewpuzeyxijzfii.supabase.co/storage/v1/object/public/test-images/question-223.jpg,300,,"YHQ 22-bobi 132-bandining ikkinchi va uchinchi xatboshlariga asosan: Agar 5.9 yo'l belgisi bilan belgilangan tasma qatnov qismining boshqa tasmalardan uzuq-uzuq chiziq bilan ajratilgan bo'lsa, burilmoqchi bo layotgan transport vositalari bu tasmaga qayta tizilishlari kerak. Shuningdek, bunday joylarda yo nalishli transport vositalarining harakatiga xalaqit bermaslik sharti bilan yo'lga chiqish, qatnov qismining chetki o'ng tomonida yo lovchilarni chiqarish va tushirish uchun bu bo lakka o tishga ruxsat etiladi."
question_224,Haydovchilardan qaysi biri to'xtashga majbur?,"{""Yengil avtomobil haydovchisi"",""Avtobus haydovchisi"",""Har ikki haydovchi""}",0,https://lgacbbewpuzeyxijzfii.supabase.co/storage/v1/object/public/test-images/question-224.jpg,300,,YHQ 17-bobi 109-bandiga asosan: Tartibga solinmagan piyodalar o tish joyiga yaqinlashayotgan transport vositasining haydovchisi qatnov qismini kesib o'tayotgan piyoda (lar) ni o'tkazib yuborish uchun tezligini kamaytirishi yoki to xtashi shart.
question_225,Qaysi avtomobil chorrahadan oxirgi bolib o'tadi?,"{""Kơ'k"",""Qizil"",""Yashil Yashil""}",1,https://lgacbbewpuzeyxijzfii.supabase.co/storage/v1/object/public/test-images/question-225.jpg,300,,"YHQ 16-bobi 104-bandining birinchi xatboshisiga asosan: Teng ahamiyatga ega bo'lmagan yollar kesishgan chorrahada, ikkinchi darajali yo'lda harakatlanayotgan transport vositasining haydovchisi asosiy yo'ldan yaqinlashayotgan transport vositalariga, ularning keyingi harakat yo'nalishidan qat'i nazar, yo'l berishi kerak. YHQ 16-bobi 106-bandiga asosan: Asosiy yo'lning yo nalishi chorrahada o'zgarganda asosiy yo'lda harakatlanayotgan haydovchilar o'zaro teng ahamiyatli yo llar chorrahasidan o tish qoidasiga amal qilishlari kerak. Ikkinchi darajali yo llarda harakatlanayotgan haydovchilar ham o'zaro shu qoidaga amal qilishlari kerak."
question_226,Ko'rsatilgan avtomobillarning qaysi biri ag'darilishga qarshi turg'unroq?,"{""Ichida tik turgan yolovchilar bolgan avtobus"",""Avtokran"",""Bo'sh yuk avtomobili""}",2,https://lgacbbewpuzeyxijzfii.supabase.co/storage/v1/object/public/test-images/question-226.jpg,300,,"Burilishlarda yo lovchisi va yuki bolmagan avtomobillar ko'proq muvozanat saqlab qoladi, chunki bunday avtomobilda og irlik markazi eng past joylashgan bo'lib, eng kam ag'darilish ehtimoliga ega bo ladi."
question_227,Haydovchi quyidagi holatda ong tomondan ozib otishi mumkinmi?,"{""На"",""Yơ'q""}",0,https://lgacbbewpuzeyxijzfii.supabase.co/storage/v1/object/public/test-images/question-227.jpg,300,,"YHQ 12-bobi 83-bandiga asosan: Bir yo nalishda harakatlanayotgan relssiz transport vositalarini har ikki tomonidan o'zib ketishga ruxsat beriladi. Biroq chapga burilish ishorasini berib, burilishga kirishgan transport vositasini o'zib ketish o'ng tomondan amalga oshiriladi."
question_228,Qaysi transport vositasining haydovchisi yol berishi lozim?,"{""Yengil avtomobil haydovchisi"",""Yuk avtomobil haydovchisi""}",0,https://lgacbbewpuzeyxijzfii.supabase.co/storage/v1/object/public/test-images/question-228.jpg,300,,YHQ 9-bobi 55-bandiga asosan: Haydovchi qayta tizilishda harakatlanish yo nalishini o'zgartirmasdan harakatlanayotgan yo lakay transport vositalariga yo'l berishi kerak.
question_229,Boshqaruv qurilmasi nosoz mexanik transport vositasi shatakka olinishi kerak:,"{""Qisman ortish usuli bilan"",""Qattiq ulagich bilan"",""Uni qisman ortish yoki qattiq ulagichda ulash usuli bilan"",""Agar shatakka oluvchining haqiqiy vazni shatakka olinayotganning haqiqiy vaznidan ikki marta ko'p bo'lsa qattiq ulagichda""}",0,https://postimg.cc/Dmfk0bYv,300,,"YHQ 24-bobi 145-bandining birinchi xatboshisiga asosan, shatakka olish quyidagi holatlarda taqiqlanadi: rul boshqaruvi ishlamayotgan transport vositalarini (qisman ortish yo'li bilan shatakka olish bundan mustasno)."
question_230,12 yoshga etmagan bolalarni transport vositasining oldingi o'rindig'ida tashishga ruxsat etiladimi?,"{""Bolalarni ushlab turuvchi maxsus qurilma ornatilgan bolsa ruxsat etiladi"",""Faqat katta yoshdagi yolovchi hamroh bolganida ruxsat etiladi"",""Taqiqlanadi""}",0,https://postimg.cc/Dmfk0bYv,300,,"YHQ 26-bobi 159-bandiga asosan: Odamlarni tashish quyidagi hollarda taqiqlanadi: bolalarni yuk avtomobillarining yukxonasida; transport vositasining kabinasidan tashqarida (odam tashish uchun moljallangan bortli yuk yoki furgon-yuk xonali avtomobillar bundan mustasno); Traktorlar va boshqa o'ziyurar uskunalar, yuk tashiladigan tirkamalar, tirkama-uycha, yuk mototsikllari, elektromototsikllar, mopedlar va skuterlar yukxonasida; Mototsikllar, elektromototsikllar, mopedlar va skuterlarning konstruksiyasida ko'zda tutilgan joylardan tashqarida; 12 yoshga to Imagan bolalarni mototsikl, elektromototsikl, moped va skuterning orqa o'rindigida, shuningdek, bolalarni ushlab turuvchi maxsus qurilma o'rnatilmagan transport vositasining old o rindig ida; odam soni transport vositasining texnik tavsifnomasida ko'zda tutilgan miqdordan ortiq bolganda. Bunda transport vositasining haqiqiy vazni uni ishlab chiqargan korxona belgilagan ruxsat"
question_231,etilgan vazndan oshmasligi kerak. Qaysi rasmda piyodalar qoidani buzmay harakatlanmoqda?,"{""Chapdagi rasmda"",""O'ngdagi rasmda"",""Ikkala rasmda""}",2,https://lgacbbewpuzeyxijzfii.supabase.co/storage/v1/object/public/test-images/question-231.jpg,300,,"YHQ 4-bobi 15-bandining birinchi va uchinchi xatboshilariga asosan: Piyodalar trotuardan yoki piyodalar yo lkasidan, ular bo'lmaganda esa yo 1 yoqasidan yurishlari kerak. Qatnov qismining chetida harakatlanayotgan piyodalar transport vositalarining harakatiga qarama-qarshi yo'nalishda yurishlari kerak"
question_232,Bu belgi nimani bildiradi?,"{""To'siqlarni aylanib o'tishning dastlabki ko'rsatkichi"",""Boshqa qatnov qismiga qayta tizilishning dastlabki korsatkichi"",""Qarama-qarshi yo'nalish bolagiga chiqishning boshlang ich ko'rsatkichi""}",1,https://lgacbbewpuzeyxijzfii.supabase.co/storage/v1/object/public/test-images/question-232.jpg,300,,YHQ 1-ilovasi 2-bolimining o'ninchi xatboshisiga asosan: 2.6. «Ro'para harakatlanishning ustunligi». Qarama-qarshi harakatlanishni qiyinlashtiradigan hollarda yo'Ining tor qismiga kirish taqiqlanadi. Haydovchi yo Ining tor qismida bo lgan yoki ro paradan unga yagin bolgan transport vositasiga yol berishi kerak.
question_233,Qatnov qismidagi bunday yo naltirgichlar nimani bildiradi?,"{""Haydovchini yolning xavfli qismiga yaqinlashayotganligi haqida ogohlantiradi"",""Qatnov qismi torayishiga yaqinlashayotganligi haqida ogohlantiradi"",""Yolning xavfli burilishi yo nalishini ko'rsatadi""}",1,https://lgacbbewpuzeyxijzfii.supabase.co/storage/v1/object/public/test-images/question-233.jpg,300,,YHQ 2-ilovasi 1-Bo limining yigirma uchinchi xatboshisiga asosan: 1.19 - qatnov qismining toraygan (shu yo'nalishdagi harakatlanish tasmalarining soni kamaygan) joyiga yoki qarama-qarshi yo nalishdan kelayotgan transport vositalari oqimlarini ajratuvchi 1.1 yoki 1.11 chizig'iga yaqinlashganlik haqida ogohlantiruvchi chiziq. Birinchi holda 1.18.1 - 1.18.3 belgilari bilan qo llanilishi mumkin.
question_234,Quyidagilar poyezdni to'xtatish ishorasi bolib xizmat qiladi:,"{""Qolni (kunduzi - bir parcha yorqin mato yoki aniq korinadigan bir narsa bilan, tunda - mash'ala yoki chiroq bilan) gir aylantirish"",""Qoldagi tayoqchani yoki qizil bayroqni boshidan yuqori ko'tarib turish"",""Qollarini oldinga uzatib turish"",""Oldinga uzatilgan qollarni yuqoriga va pastga tebratish""}",0,https://postimg.cc/Dmfk0bYv,300,,"YHQ 18-bobi 120-bandining beshinchi xatboshisiga asosan: To'xtash ishorasi qo'Ini (kunduzi yorqin mato parchasi yoki aniq ko'rinadigan biror narsa bilan, tunda esa mash'ala yoki chiroq bilan) gir aylantirish orqali beriladi."
question_235,Transport vositalari chorrahani quyidagi tartibda kesib otadilar:,"{""Ko'k, yashil, qizil avtomobillar"",""Ko'k, qizil avtomobilni o'tkazib yuboradi, song burilishni tugallaydi; yashil avtomobil"",""Qizil, ko'k, yashil avtomobillar"",""Yashil, qizil, ko'k avtomobillar""}",0,https://lgacbbewpuzeyxijzfii.supabase.co/storage/v1/object/public/test-images/question-235.jpg,300,,"YHQ 16-bobi 104-bandining birinchi xatboshisiga asosan: Teng ahamiyatga ega bo'lmagan yo'llar kesishgan chorrahada, ikkinchi darajali yo'lda harakatlanayotgan transport vositasining haydovchisi asosiy yo'ldan yaqinlashayotgan transport vositalariga, ularning keyingi harakat yo nalishidan qat i nazar, yo'l berishi kerak. YHQ 16-bobi 106-bandiga asosan: Asosiy yo'lning yo'nalishi chorrahada o'zgarganda asosiy yo lda harakatlanayotgan haydovchilar o'zaro teng ahamiyatli yo llar chorrahasidan o tish qoidasiga amal qilishlari kerak. Ikkinchi darajali yo llarda harakatlanayotgan haydovchilar ham o'zaro shu qoidaga amal"
question_236,Harakatda imtiyozga ega boladi:,"{""Ko'k avtomobil, chunki qizil harakatlanish yonalishini chapga o'zgartiradi"",""Qizil avtomobil, chunki o'zaro qayta tizilishda u ong tomonda bolgani uchun"",""Ko'k avtomobil, chunki o'zaro qayta tizilishda u chap tomonda bo'ladi""}",1,https://lgacbbewpuzeyxijzfii.supabase.co/storage/v1/object/public/test-images/question-236.jpg,300,,YHQ 9-bobi 55-bandiga asosan: Haydovchi qayta tizilishda harakatlanish yo'nalishini o'zgartirmasdan harakatlanayotgan yo lakay transport vositalariga yol berishi kerak. Bir yo nalishda harakatlanayotgan transport vositalari bir vagtda qayta tizilayotganlarida haydovchi o'ng tomondagi transport vositasiga yo'l berishi kerak.
question_237,Birinchi bolib chorrahani kesib otadi:,"{""Qizil avtomobil"",""Yashil avtomobil"",""Ko'k avtomobil""}",2,https://lgacbbewpuzeyxijzfii.supabase.co/storage/v1/object/public/test-images/question-237.jpg,300,,YHQ 16-bobi 105-bandiga asosan: Teng ahamiyatga ega bolgan yollar kesishgan chorrahada relssiz transport vositasining haydovchisi опддап kelayotgan transport vositalariga yo'l berishi shart.
question_238,"Belgilangan yo'nalishdagi transport vositalari yoki taksilarning to xtab turish maydonchalaridan, ular bo'lmagan hollarda, to'xtash korsatkichlaridan qanday masofada toxtash va toxtab turish taqiqlanadi?","{""5 m"",""10 m"",""15 m"",""20 m"",""25 m""}",2,https://postimg.cc/Dmfk0bYv,300,,"YHQ 13-bobi 91-bandining to qqizinchi xatboshisiga asosan, quyidagi joy va holatlarda to'xtash taqiqlanadi: bekat maydonchalarida, yo'nalishli transport vositalari to'xtash joylarida, jumladan, 1.17 chizig'i bilan belgilangan, ular bo'lmaganda esa yo'nalishli transport vositalari to'xtash joyi belgilari va bekatdan harakatlanish yo'nalishi bo'ylab (yetmasdan va o'tib ketib) 15 metrdan kam masofada. (yo'nalishli transport vositalari harakatiga xalaqit bermasa yo lovchilarni chiqarish yoki tushirish uchun to'xtash bundan mustasno)."
question_239,Toliqish haydovchining diqqati va e'tiboriga qanday ta'sir qiladi?,"{""Haydovchining diqqat va e'tiboriga ta'sir qilmaydi"",""Haydovchining diqqat va e'tibori pasayadi"",""Haydovchining diqqat va e'tibori oshadi""}",1,https://postimg.cc/Dmfk0bYv,300,,"Toliqish haydovchining diqqati va e tiboriga qanday ta'sir qiladi? Haydovchining diqqat va e'tiboriga ta'sir qilmaydi Toliqishning fiziologik mohiyati organizmning ish intensivligini kamaytirish yoki to'xtatish zarurligi hamda xabar berishdan iborat bo lib, u charchash hissiyoti tarzida seziladi. Toliqish natijasida haydovchi favqulodda harakatlarga tayyorligini yo'qotadi, ya'ni yo'l transport hodisasi ehtimolini ko payishiga olib keluvchi hushyorlik kamayishi yuzaga keladi. Psixologik nuqtai nazardan hushyorlik-bu markaziy nerv tizimining doimiy o'zgaruvchan yol - transport holatlariga nisbatan zarur, 02 vaqtida hamda to'g'ri harakatlarni kechiktirmay amalga oshirish uchun tayyorlik darajasidir."
question_240,Velosiped yolkasi yol bilan kesishgan joylarda velosiped va moped haydovchilari qanday hollarda transport vositalariga yol berishlari kerak?,"{""Chorrahadan tashqarida tartibga solinmagan kesishmada barcha hollarda"",""Transport vositasi ongdan yaqinlashib kelganda"",""Korsatilgan joyda velosiped va moped haydovchilari imtiyozga egadirlar""}",0,https://postimg.cc/Dmfk0bYv,300,,YHQ 28-bobi 169-bandiga asosan: Chorrahadan tashqaridagi tartibga solinmagan velosiped yo lkasi bilan yol kesishmasida velosiped va individual harakatlanish vositalari yo Ida harakatlanayotgan boshga transport vositalariga yo'l berishlari kerak.
question_241,Jihozlangan bekatlari bolmagan tramvay to'xtash joylarida unga chiqish uchun qachon qatnov qismiga chiqishga ruxsat etiladi?,"{""Tramvay yaqinlashib kelganda"",""Tramvay tola to'xtagandan song"",""Har qanday holda"",""Agar qatnov qismida transport vositalari yo'q bo'lsa, tramvay yaqinlashib kelganda""}",1,https://postimg.cc/Dmfk0bYv,300,,"YHQ 4-bobi 22-bandining birinchi xatboshisiga asosan: Yo'nalishli transport vositalarini faqat qatnov qismidan baland joylashgan kutish maydonchalarida, ular bo'lmaganda esa, trotuar yoki yol yoqasida kutishlari kerak. Qatnov qismidan baland joylashgan maydonchalar bilan jihozlanmagan bekatlarda yo'nalishli transport vositalari to'la to'xtagandan so'ng unga chiqish uchun qatnov qismiga chiqishga ruxsat etiladi. Undan tushgandan keyin ushlanib qolmasdan qatnov qismini bo'shatishlari shart."
question_242,Bu belgi avtomobilning harakatlanishiga ruxsat etadi:,"{""Barcha yonalishlarga"",""«Б» va «В»"",""«A» va «В»""}",2,https://lgacbbewpuzeyxijzfii.supabase.co/storage/v1/object/public/test-images/question-242.jpg,300,,YHQ 1-ilovasi 5-bolimining yigirma beshinchi xatboshisiga asosan: 5.11.1. «Qayrilib olish joyi». Chapga burilish taqiqlanadi.
question_243,Bu yotiq chiziqlardan qaysi biri belgilangan yonalishdagi transport vositalarining to'xtash joyini bildiradi?,"{""«А»"",""«Б»"",""«В»"",""«А» va «Б»"",""«Б» va «B»""}",1,https://lgacbbewpuzeyxijzfii.supabase.co/storage/v1/object/public/test-images/question-243.jpg,300,,YHQ 2-ilovasi 1-bolimining yigirma birinchi xatboshisiga asosan: 1.17 - yo nalishli transport vositalarining bekatlari hamda taksilarning to'xtab turish joylarini bildiradi.
question_244,Qaysi transport vositasining haydovchisi yol berishi kerak?,"{""Avtobus haydovchisi"",""Mototsikl haydovchisi""}",0,https://lgacbbewpuzeyxijzfii.supabase.co/storage/v1/object/public/test-images/question-244.jpg,300,,YHQ 16-bobi 105-bandiga asosan: Teng ahamiyatga ega bolgan yollar kesishgan chorrahada relssiz transport vositasining haydovchisi ongdan yaqinlashayotgan transport vositalariga yol berishi shart. Bu qoidaga tramvay haydovchilari ham o'zaro amal qilishlari kerak.
question_245,Chorrahani ikkinchi bolib kesib o'tadi:,"{""Qizil avtomobil"",""Yashil avtomobil"",""Ko'k avtomobil""}",1,https://lgacbbewpuzeyxijzfii.supabase.co/storage/v1/object/public/test-images/question-245.jpg,300,,"YHQ 16-bobi 104-bandining birinchi xatboshisiga asosan: Teng ahamiyatga ega bo'lmagan yo'llar kesishgan chorrahada, ikkinchi darajali yo'lda harakatlanayotgan transport vositasining haydovchisi asosiy yoldan yaqinlashayotgan transport vositalariga, ularning keyingi harakat yo'nalishidan qat'i nazar, yo'l berishi kerak. YHQ 16-bobi 106-bandiga asosan: Asosiy yo'lning yo nalishi chorrahada o'zgarganda asosiy yo'lda harakatlanayotgan haydovchilar o'zaro teng ahamiyatli yo llar chorrahasidan o tish qoidasiga amal qilishlari kerak. Ikkinchi darajali yo llarda harakatlanayotgan haydovchilar ham o'zaro shu qoidaga amal qilishlari kerak."
question_246,Tumanga qarshi faralardan qaysi hollarda foydalanish mumkin?,"{""Yetarli korinmaydigan sharoitlarda"",""Mexanik transport vositasini shatakka olganda"",""Sanab otilgan barcha hollarda""}",2,https://postimg.cc/Dmfk0bYv,300,,"YHQ 23-bobi 137-bandiga asosan, quyidagi hollarda tumanga qarshi chiroqlarni qo'llash mumkin: yetarlicha ko'rinmaydigan sharoitda alohida, shuningdek uzoqni yorituvchi yoki yaqinni yorituvchi chiroqlar bilan; qorong'i vaqtda yo Ining yoritilmagan qismlarida uzoqni yoki yaqinni yorituvchi chiroqlar bilan birga; mexanik transport vositalarini shatakka olishda (shatakka olib ketayotgan transport vositasida); ushbu Qoidalarning 138-bandida ko'zda tutilgan holatlarda yaqinni yorituvchi chiroqlar o rniga."
question_247,Yuk avtomobil haydovchisiga bu joyda to'xtashga ruxsat etiladimi?,"{""Ruxsat etiladi"",""Taqiqlanadi""}",1,https://lgacbbewpuzeyxijzfii.supabase.co/storage/v1/object/public/test-images/question-247.jpg,300,,"YHQ 13-bobi 91-bandining o'ninchi xatboshisiga asosan, quyidagi joy va holatlarda to'xtash taqiqlanadi: transport vositasi svetofor ishoralari, yo'l belgilarini boshqa haydovchilardan to'sib qo yadigan, boshqa transport vositalarining harakatlanishiga (kirish va chiqishiga) imkon qoldirmaydigan yoki piyodalarning harakatiga xalaqit beradigan joylarda."
question_248,Korsatilgan vaziyatda yengil avtomobil haydovchisiga quvib o'tish ruxsat etiladimi?,"{""Ruxsat etilgan"",""Ruxsat etilgan, agar mototsiklning tezligi 40 km/ soatdan kam bolsa"",""Taqiqlangan""}",2,https://lgacbbewpuzeyxijzfii.supabase.co/storage/v1/object/public/test-images/question-248.jpg,300,,"YHQ 10-bobi 66-bandiga asosan: Harakat ikki tomonlama bo'lgan va chiziqlar bilan belgilangan (1.9 chizig'i bilan belgilanganidan tashqari) uchta tasmali yo'llarda, ikki yo'nalishda harakatlanish uchun moljallangan o'rta qatorga faqat quvib o'tish, aylanib o'tish, chapga burilish va qayrilib olish uchungina chiqishga ruxsat etiladi. Qarama-qarshi yo'nalishda harakatlanish uchun moljallangan chetki chap qatorni egallash taqiqlanadi."
question_249,"Yol quruq bolganda g'ildirak aylanmay, sirpanib tormozlanish tormoz yoliga qanday ta'sir etadi?","{""Tormoz yoli qisqaradi"",""Tormoz yoli o'zgarmaydi"",""Tormoz yoli ortadi""}",2,https://postimg.cc/Dmfk0bYv,300,,"Tormoz yo lining kamayishiga blokirovka chegarasida erishiladi, chunki blokirovka qilingan g'ildiraklar aylanmay (sirpanib to'xtash) yolda sirpanadi va tormoz yo'lini uzaytiradi."
question_250,"Yonilg'i tizimi zich (germetik) emasligi ma'lum bolganda, haydovchi nimalarni bajarishi shart?","{""Bundan keyingi harakatni to'xtatish"",""Nosozlikni bartaraf etish tadbirlarini korishi, agar buning imkoni bo'lmasa, zarur ehtiyot choralariga rioya qilgan holda to'xtab turish yoki ta'mirlash joyiga olib borish"",""Belgilangan safarni davom ettirish""}",1,https://postimg.cc/Dmfk0bYv,300,,YHQ 3-ilovasi 6-bolimining 6.2-bandiga asosan: Yonilg'i uzatish tizimi zich bo lmasa foydalanish taqiqlanadi.
question_251,Yaxmalak bolganda shatakka olishga ruxsat etiladimi?,"{""Taqiqlanadi"",""Sirpanishga qarshi vositalarni qollab egiluvchan ulagichda faqat bitta transportni shatakka olish ruxsat etiladi"",""Faqat qattiq ulagichda ruxsat etiladi""}",2,https://postimg.cc/Dmfk0bYv,300,,"YHQ 24-bobi 145-bandining oltinchi xatboshisiga asosan, shatakka olish quyidagi holatlarda taqiqlanadi: yo'l yaxmalak, sirpanchiq bo'lgan hollarda egiluvchan ulagichda."
question_252,Ushbu belgi amal qilgan hududda avtobus haydovchisi quvib o'tishi mumkinmi?,"{""Quvib o'tish qoidalariga rioya qilib barcha hollarda mumkin"",""Mumkin emas"",""Agar quvib otilayotgan transport vositalari soatiga 40 km.dan kam tezlikda harakat qilayotgan bolsagina mumkin""}",0,https://lgacbbewpuzeyxijzfii.supabase.co/storage/v1/object/public/test-images/question-252.jpg,300,,"YHQ 1-ilovasi 3-bolimining yigirma oltinchi xatboshisiga asosan: 3.22. «Yuk avtomobillarida quvib o tish taqiqlangan». To' la vazni 3,5 tonnadan ortiq bo'lgan yuk avtomobillarida barcha transport vositalarini quvib o'tish taqiqlanishini bildiradi. (soatiga 40 km dan kam tezlikda harakatlanayotgan transport vositasi, traktor, ot-arava, velosiped bundan mustasno)."
question_253,Reversiv harakatlanish amalga oshiriladigan harakat bolaklari chegaralarini belgilash uchun bu yotiq chiziqlarning qay biridan foydalaniladi?,"{""1-chiziq"",""2-chiziq"",""3-chiziq"",""2- va 3-chiziq"",""3- va 4-chiziq""}",1,https://lgacbbewpuzeyxijzfii.supabase.co/storage/v1/object/public/test-images/question-253.jpg,300,,YHQ 2-ilovasi 1-bo'limining o'n birinchi xatboshisiga asosan: 1.9 - reversiv harakat tashkil etilgan bo'laklarning chegarasini belgilaydi; reversiv harakatlanish amalga oshirilgan yollarda (reversiv svetofori o'chirilgan holatda) qarama-qarshi yo'nalishdagi transport oqimini ajratadi.
question_254,Xizmat vazifasini bajarayotganda shlagbaumni o'zboshimchalik bilan ochishga yoki uni aylanib o'tishga ruxsat etiladimi?,"{""Taqiqlanadi"",""Ruxsat etiladi"",""Agar yaqinlashib kelayotgan poyezd yo'q bo'lsa, haydovchining ixtiyoriga qarab ruxsat etiladi"",""Temir yol kesishmasi navbatchisi bolmagan holdagina ruxsat etiladi""}",0,https://postimg.cc/Dmfk0bYv,300,,"YHQ 18-bobi 118-bandining yettinchi va sakkizinchi xatboshlariga asosan, temir yo'l kesishmasiga quyidagi hollarda kirish taqiqlanadi: kesishma oldida turgan transport vositalarini qarama-qarshi harakatlanish bolagiga chiqib aylanib o'tish; shlagbaumni o'zboshimchalik bilan ochish."
question_255,Chorrahani ikkinchi bolib kesib o'tadi:,"{""Ko'k avtomobil"",""Yashil avtomobil"",""Qizil avtomobil""}",0,https://lgacbbewpuzeyxijzfii.supabase.co/storage/v1/object/public/test-images/question-255.jpg,300,,YHQ 16-bobi 105-bandiga asosan: Teng ahamiyatga ega bolgan yollar kesishgan chorrahada relssiz transport vositasining haydovchisi опддап kelayotgan transport vositalariga yo'l berishi shart.
question_256,"Oraliq masofa, deb nimaga aytiladi?","{""«A» masofa"",""«Б» masofa"",""«A» va «Б» masofa""}",0,https://lgacbbewpuzeyxijzfii.supabase.co/storage/v1/object/public/test-images/question-256.jpg,300,,"YHQ 10-bobi 73-bandiga asosan: Haydovchi o zidan oldinda harakatlanayotgan transport vositasi keskin tormoz berganida to'qnashib ketmaslik kafolatini beradigan darajadagi oraliq masofani, shuningdek yol harakati xavfsizligini ta'minlaydigan yonlama oraliq masofani saqlashi kerak."
question_257,Quvib o'tishni boshlashdan oldin haydovchi shunga ishonch hosil qilishi kerakki:,"{""Shu tasmada orqada harakatlanayotgan transport vositasi quvib o'tishni boshlamaganligiga"",""Oldinda harakatlanayotgan transport vositasi quvib otish, chapga burilish (qayta tizilish) ishora bermayotganligiga"",""Quvib o'tishni tugatilyotganda, quvib otilayotgan transport vositasiga xalaqit bermasdan ilgari egallagan qatorga qaytib o'ta olishiga ishonch hosil qilishi shart"",""Barcha korsatilgan harakatlarni bajara olishiga""}",3,https://postimg.cc/Dmfk0bYv,300,,"YHQ 12-bobi 82-bandiga asosan, haydovchi quvib o'tishni boshlashdan oldin: o'zi o'tmoqchi bolgan harakatlanish bo lagi quvib o'tish uchun yetarlicha masofada bo'sh ekanligiga, quvib o'tish jarayonida harakatlanishga xavf tug'dirmasligiga va boshqa harakat qatnashchilariga xalaqit bermasligiga; shu tasmada orgada harakatlanayotgan transport vositasi quvib o tishni boshlamaganligiga; oldinda harakatlanayotgan transport vositasi quvib o'tish, chapga burilish (qayta tizilish) ishorasini bermayotganligiga; quvib o'tishni tugallayotganda quvib o'tilayotgan transport vositasiga xalaqit bermasdan ilgari egallagan qatorga qaytib o'ta olishiga ishonch hosil gilishi shart."
question_258,Majburiy to'xtagan haydovchi qanday choralar korishi kerak?,"{""Yaqinni yorituvchi faralar yoki tumanga qarshi faralarni yogishi kerak"",""Yurgizgich kapotini ko'tarib qo'yishi kerak"",""Avariya yorug lik ishoralarini yoqish, agar u ishlamasa, avariya sababli to'xtash belgisini aholi punktlarida transport vositasidan 15 metrdan, ulardan tashqarida esa, 30 metrdan kam bo'lmagan masofada ornatishi kerak""}",2,https://postimg.cc/Dmfk0bYv,300,,"YHQ 8-bobi 51-bandiga asosan: Transport vositasi to satdan to xtab qolganda, zudlik bilan avariya yorug lik ishorasini yoqish, agar u ishlamasa, avariya sababli to'xtash belgisini darhol o'rnatish kerak. Avariya sababli to'xtash belgisi quyidagi hollarda qo'llaniladi: yo'l-transport hodisasi sodir bo'lganda; to'xtash taqiqlangan joylarda va ko'rinishi cheklangan joylarda majburiy to xtaganda; Ushbu belgi boshqa haydovchilarni xavfli vaziyat haqida o'z vaqtida ogohlantirish imkonini beradigan masofada o'rnatilishi kerak. Bu masofa aholi punktlarida transport vositasidan 15 metr, aholi punktlaridan tashqaridagi joylarda esa 30 metrdan kam bo Imasligi kerak."
question_259,Avtomobilning qaysi g'ildiraklari «sirpanib» tormozlanishga ko'proq moyil bo'ladi?,"{""Orqa g'ildiraklar"",""Oldingi g'ildiraklar""}",0,https://postimg.cc/Dmfk0bYv,300,,"Inersiya kuchi ta'siri ostida avtomobilni tormozlash vaqtida o' qlarga tushadigan inersiya kuchi miqdorining taqsimlanishi o'zgaradi. Natijada old o'qqa ogirlik ko payadi, orga o'qga nisbatan kamayadi. Tormozlash intensivligi qanchalik baland bolsa, o'qlarga tushadigan og irlik miqdorining taqsimlanishi sezilarliroq bo'ladi. Orga o'qda ogirlik kamayishi bilan g'ildirakni yo lga bosish kuchi kamayadi: shunday ekan g'ildirakning sirpanish (aylanmasdan siljish) va avtomobilning sirilib ketishi ehtimoli yuzaga keladi. Old o'qda og'irlik ko'payishi g'ildirakni yo lga bosish kuchini ko paytiradi, shunda sirpanish ehtimoli kamayadi."
question_260,Sanab o'tilgan qaysi xollarda transport vositasidan foydalanish mumkin?,"{""Faralar nurining yonalishi buzilgan"",""Ishlab chiqarilishi to'xtatilgan yengil avtomobillarga boshqa turdagi va rusmdagi transport vositalarining tashqi yoritgichlari o'rnatilgan"",""Tashqi yoritgichlar va nur qaytargichlar belgilangan tartibda ishlamaydi yoki ifloslangan""}",1,https://postimg.cc/Dmfk0bYv,300,,"YHQ 3-ilovasi 3-bo'limining 3.1-bandiga asosan: Tashqi yoritqichlar soni, turi, joylashuvi va ishlash tartibi transport vositasining konstruksiyasi talabiga mos kelmasa. Ishlab chiqarilishi to'xtatilgan yengil avtomobillarga boshqa turdagi va rusumdagi transport vositalarining tashqi yoritqichlarini o'rnatishga ruxsat etiladi."
question_261,Transport vositalari ixtiyoriga berilgan vakolatnomasi bolgan shaxs o'zining ishtirokida transport vositasini boshqa shaxsga boshqarishni topshirishi mumkinmi?,"{""Mumkin"",""Mumkin emas"",""Bu shaxsda mazkur toifali transport vositasini boshqarishga ruxsat beruvchi haydovchilik guvohnomasi bo'lgan taqdirda transport vositalari egalarining fugarolik javobgarligini majburiy sug urta qilish boyicha sug'urta polisida ismi sharifi ko'rsatilgan bolsa yoki majburiy sug urta gilish bo yicha shartnoma ushbu transport vositasidan cheklanmagan shaxslarning foydalanishini hisobga olgan holda tuzilgan bolsa""}",2,https://postimg.cc/Dmfk0bYv,300,,"YHQ 2-bobi 8-bandiga asosan: Tegishli toifadagi transport vositasini boshqarish huquqini beruvchi haydovchilik guvohnomasiga, uning taloniga, vaqtinchalik ruxsatnomaga ega bolgan shaxs, o'ziga tegishli bo'lmagan transport vositasini, uning egasi yonida bo'lganida yoxud tasarruf etish huquqini beruvchi yoki egalik qilishga, foydalanishga berilganligini tasdiqlovchi hujjatlari bolgan shaxs ishtirokidagina (ularning roziligi bilan) boshqarishi mumkin, agar transport vositalari egalarining fuqarolik javobgarligini majburiy sug'urta qilish bo yicha shartnoma ushbu transport vositasidan cheklanmagan shaxslarning foydalanilishini hisobga olgan holda tuzilgan yoki transport vositasini boshqarayotgan shaxs sug urta polisida ko'rsatilgan bo lsa."
question_262,"Agar yolda bu belgi ornatilgan bolsa, avtomobilni shatakka olishga ruxsat etiladimi?","{""Faqat yengil avtomobillarga ruxsat etiladi"",""Qattiq ulagichda ruxsat etiladi"",""Taqiqlanadi"",""Har qanday ulagichda ruxsat etiladi""}",2,https://lgacbbewpuzeyxijzfii.supabase.co/storage/v1/object/public/test-images/question-262.jpg,300,,"YHQ 1-ilovasi 3-bo limining to'qqizinchi xatboshisiga asosan: 3.7. «Tirkama bilan harakatlanish taqiqlanadi». Yuk tashuvchi transport vositalari, traktorlarning barcha turdagi tirkamalar bilan harakatlanishi, shuningdek mexanik transport vositalarini har qanday usulda shatakka olish taqiqlanishini bildiradi."
question_263,Bu «To'xtash» yotiq chizigi qaysi yol belgisi bilan qo'llaniladi?,"{""«Yo'l bering» belgisi bilan"",""«To'xtamasdan harakatlanish taqiqlangan» belgisi bilan"",""«Yol bering» belgisi va «To'xtamasdan harakatlanish taqiqlangan» belgisi bilan""}",1,https://lgacbbewpuzeyxijzfii.supabase.co/storage/v1/object/public/test-images/question-263.jpg,300,,YHQ 2-ilovasi 1-bo'limining o'n tortinchi xatboshisiga asosan: 1.12 (to'xtash chizigi) - 2.5 «To'xtamasdan harakatlanish taqiqlangan» belgisi yoki svetoforning (tartibga soluvchining) taqiqlovchi ishorasida haydovchi to'xtash kerak bolgan joyni ko'rsatadi.
question_264,Avtomobil haydovchisi harakatining tartibi qaysi javobda to'g'ri ko'rsatilgan?,"{""Mototsiklni o'tkazib yubordi va chorrahada qayrilib oldi"",""Tramvayni o'tkazib yubordi va chorrahada qayrilib oldi"",""Tramvay va mototsikini o'tkazib chorrahadan qayrilib oldi""}",2,https://lgacbbewpuzeyxijzfii.supabase.co/storage/v1/object/public/test-images/question-264.jpg,300,,"YHQ 16-bobi 105-bandiga asosan: Teng ahamiyatga ega bolgan yollar kesishgan chorrahada relssiz transport vositasining haydovchisi o'ngdan kelayotgan transport vositalariga yo'l berishi shart. Bu qoidaga tramvay haydovchilari ham o'zaro amal qilishlari kerak. Bunday chorrahalarda, keyingi harakat yo nalishidan qat'i nazar, tramvay relssiz transport vositalariga nisbatan oldin o'tish huquqiga ega bo ladi. YHQ 16-bobi 107-bandiga asosan: Chapga burilishda yoki qayrilib olishda relssiz transport vositasining haydovchisi teng ahamiyatli yo'ldan qarama-qarshi yo'nalishdan to'g'riga yoki o'ngga harakatlanayotgan, shuningdek ruxsat etilgan hollarda quvib o'tayotgan transport vositalariga yol berishi shart. Bu qoidaga tramvay haydovchilari ham o'zaro amal gilishlari kerak."
question_265,Avtomobillar chorrahani quyidagi tartibda kesib otadilar:,"{""Sariq avtomobil chorrahaga kirib keladi va kokni otkazib yuborish uchun to'xtaydi; yashil; ko'k qizil bilan bir vaqtda; sariq"",""Ko'k ayni vaqtda qizil bilan; yashil; sariq"",""Yashil; ko'k ayni vaqtda qizil bilan; sariq""}",0,https://lgacbbewpuzeyxijzfii.supabase.co/storage/v1/object/public/test-images/question-265.jpg,300,,"YHQ 16-bobi 105-bandiga asosan: Teng ahamiyatga ega bolgan yollar kesishgan chorrahada relssiz transport vositasining haydovchisi o'ngdan kelayotgan transport vositalariga yol berishi shart. YHQ 16-bobi 107-bandiga asosan: Chapga burilishda yoki qayrilib olishda relssiz transport vositasining haydovchisi teng ahamiyatli yo'ldan qarama-qarshi yo'nalishdan to'g'riga yoki o'ngga harakatlanayotgan, shuningdek ruxsat etilgan hollarda quvib o tayotgan transport"
question_266,Haydovchi boshqa haydovchilarning kozini qamashtirishi mumkin bo'lgan uzoqni yorituvchi chiroqni yaqinni yorituvchiga qachon almashtirishi kerak?,"{""Roparadagi transport vositasiga 100 m. qolganda"",""Roparadagi transport vositasiga 150 m. qolganda, shuningdek, ko'proq masofada ham, agar ro paradagi transport vositasining haydovchisi faralar chirog'ini o'chirib yoqib shuni zarur deb korsatsa"",""Roparadagi transport vositasiga 250 m. qolganda"",""Roparadagi transport vositasiga 300 m. qolganda""}",1,https://postimg.cc/Dmfk0bYv,300,,"YHQ 23-bobi 135-bandining ikkinchi va uchinchi xatboshlariga asosan, quyidagi hollarda uzoqni yorituvchi chiroqlar o'rniga yaqinni yorituvchi chiroqlar yoqilishi kerak: qarama-qarshi yo'nalishdagi transport vositasiga kamida 150 metr masofa qolganda, shuningdek haydovchi transport vositasining chiroqlarini vaqt-vaqti bilan o'chirib bunga zaruriyat borligini bildirgan hollarda undan ham ko'proq masofada; qarama-qarshi va bir yo'nalishdagi transport vositalari haydovchilarining ko'zini qamashtirishi mumkin bo lgan boshqa barcha holatlarda."
question_267,Aholi punktidan tashqarida tirkamali yengil avtomobil haydovchisiga eng katta tezlikni soatiga necha kilometrdan oshirmasdan harakatlanishga ruxsat etiladi?,"{""50 km/s"",""70 km/s"",""80 km/s"",""90 km/s"",""100 km/s""}",2,https://postimg.cc/Dmfk0bYv,300,,"YHQ 11-bobi 79-bandining uchinchi xatboshisiga asosan, aholi punktlaridan tashqarida: boshqa avtobuslar, tirkamali yengil avtomobillar, mototsikllar, elektromototsikllar ruxsat etilgan to'la vazni 3,5 tonnadan ortiq bo'lgan yuk avtomobillariga tezlikni soatiga 80 kilometrdan oshirmasdan."
question_268,Ushbu joyda avtomobilning to'xtab turishiga ruxsat etiladimi?,"{""Ruxsat etiladi"",""Taqiqlanadi""}",0,https://lgacbbewpuzeyxijzfii.supabase.co/storage/v1/object/public/test-images/question-268.jpg,300,,"YHQ 13-bobi 88-bandining ikkinchi xatboshisiga asosan: Aholi punktlarida o'rtada tramvay yo'li bo'lmagan, har yo nalishda bittadan tasmasi bolgan, shuningdek bir tomonlama harakat tashkil etilgan yo llarda yo Ining chap tomonida to xtash va to xtab turishga ruxsat etiladi. YHQ 13-bobi 91-bandiga asosan: Quyidagilarda to'xtash taqiqlanadi: qatnov qismi kesishmalarida va kesishayotgan qatnov qismi chetiga 30 metrdan kam masofada (uch tomonlama kesishadigan chorrahalarda yondan tutashgan yo ning sidirg'a chizia yoki ajratuvchi mintaga bilan ajratilgan qarama-garshi tomoni bundan mustasno);"
question_269,Avtotransport vositasida bolgan tibbiyot qutichasiga kiruvchi 5% li yod eritmasi (yod nastoykasi) nima uchun qo'llanildi?,"{""Yara atrofidagi terini ishlash uchun"",""Yara qattiq chirk olganda yaraning butun yuzasiga surtish uchun"",""Kuchli ishkor keltirib chiqaruvchi birinchi darajali kimyoviy kuyishda teriga surtish uchun""}",0,https://postimg.cc/Dmfk0bYv,300,,"Yod nastoykasi jarohat ichida to'qimaning kimyoviy shikastlanishiga olib keladi. Ushbu qorishma surilganda terining tashqi qatlami shikastlanmaydi, balki foydali ravishda dezinfeksiya qilinadi va bu jarayonni bog'lashdan avval amalga oshirish kerak."
question_270,Bolalarni tashkiliy tashishda qanday talablar qo'yiladi?,"{""Bolalar guruhini tashkiliy tashishda transport vositasida katta yoshli kuzatib boruvchi bolishi shart"",""Bolalar guruhini tashkiliy tashish uchun moljallangan transport vositasining oldi va orqa tomoniga «Bolalar guruhini tashish» taniqlik belgisi ornatilishi shart"",""Barcha sanab otilgan talablar""}",2,https://postimg.cc/Dmfk0bYv,300,,"YHQ 16-bobi 156-bandiga asosan: Bolalar guruhini tashkiliy tashishda avtobus (mikroavtobus) da katta yoshli kuzatib boruvchi (lar) bo'lishi shart. Bunday avtobus (mikroavtobus)larning oldi va orqa tomoniga ""Bolalar guruhini tashish"" taniqlik belgisi o'rnatilishi kerak."
question_271,Ko'k avtomobil chorrahani kesib otadi:,"{""Birinchi bo'lib"",""Ikkinchi bolib"",""Uchinchi bolib"",""Oxirgi bolib""}",2,https://lgacbbewpuzeyxijzfii.supabase.co/storage/v1/object/public/test-images/question-271.jpg,300,,"YHQ 6-bobi 25-bandiga asosan, ko'k yoki ko'k va qizil rangli yalt-yalt etuvchi chiroq- mayoqchasi va (yoki) maxsus tovushli ishorasi yoqilgan tezkor va maxsus xizmat transport vositalarining haydovchilari kechiktirib bo lmaydigan xizmat vazifalarini bajarayotib, yol harakati xavfsizligini ta'minlash sharti bilan Qoidalarning 7-bob (38-bandidan tashqari), 9-16, 19-20 boblari, Qoidalarning 1 va 2-ilovalari talablaridan chetga chiqishlari mumkin. YHQ 16-bobi 104, 106-bandiga asosan, teng ahamiyatga ega bolmagan yollar kesishgan chorrahada, keyingi harakat yo nalishidan qat'i nazar, asosiy yo'ldan kelayotgan transport vositasiga ikkinchi darajali yoldan kelayotgan transport vositasining haydovchisi yol berishi kerak. Asosiy yolning yo'nalishi chorrahada o'zgarganda, asosiy yolda harakatlanayotgan haydovchilar o'zaro teng ahamiyatli yollar kesishgan chorrahasidan o'tish qoidasiga amal qilishlari kerak. Ikkinchi darajali yo llarda harakatlanayotgan haydovchilar ham o'zaro shu qoidaga amal qilishlari lozim."
question_272,Qaysi belgi «Velosiped yolkasi bilan kesishuv»ni bildiradi?,"{""1"",""2"",""3"",""4"",""5""}",1,https://lgacbbewpuzeyxijzfii.supabase.co/storage/v1/object/public/test-images/question-272.jpg,300,,YHQ 1-ilovasi 1-bo'limining yigirma yettinchi xatboshisiga asosan: 1.22. «Velosiped yo lkasi bilan kesishuv».
question_273,Bu chiziq qaysi yo'l belgisi bilan qo'llaniladi?,"{""«Yol bering» belgisi bilan"",""« To'xtamasdan harakatlanish taqiqlangan» belgisi bilan"",""Ogohlantiruvchi «Teng ahamiyatli yollar kesishuvi» belgisi bilan"",""Barcha sanab otilgan belgilar bilan""}",0,https://lgacbbewpuzeyxijzfii.supabase.co/storage/v1/object/public/test-images/question-273.jpg,300,,"YHQ 2-ilovasi 1-bo'limining o'n beshinchi xatboshisiga asosan: 1.13 - kesishayotgan yo'lda harakatlanayotgan transport vositasiga yo'l berish uchun to'xtash zarur bo'lganda, haydovchiga transport vositasini to'xtatish joyini ko'rsatadi."
question_274,Avtomobillar chorrahani quyidagi tartibda kesib otadilar:,"{""Ko'k, sariq yashil bilan"",""Sariq, yashil, ko'k"",""Ko'k yashil bilan, sariq""}",2,https://lgacbbewpuzeyxijzfii.supabase.co/storage/v1/object/public/test-images/question-274.jpg,300,,"YHQ 16-bobi 105-bandiga asosan, teng ahamiyatga ega bo'lgan yo'llar kesishgan chorrahada relssiz transport vositasining haydovchisi o'ng tomondan yaqinlashib kelayotgan transport vositalariga yol berishi shart. Bu qoidaga tramvay haydovchilari ham o'zaro amal gilishlari kerak. Bunday chorrahalarda, keyingi harakat yo'nalishidan qati nazar, tramvay relssiz transport vositalariga nisbatan oldin o'tish huquqiga ega boladi."
question_275,Avtomobillar chorrahani quyidagi tartibda kesib otadilar:,"{""Sariq chorrahaga kiradi va yashilni o'tkazib yuborish uchun to'xtaydi; ko'k qizil bilan bir vaqtda"",""Ko'k ayni vaqtda qizil bilan; yashil, sariq"",""Yashil, ko'k ayni vaqtda qizil bilan, sariq""}",2,https://lgacbbewpuzeyxijzfii.supabase.co/storage/v1/object/public/test-images/question-275.jpg,300,,"YHQ 16-bobi 105-bandiga asosan, teng ahamiyatga ega bo'lgan yo'llar kesishgan chorrahada relssiz transport vositasining haydovchisi o'ng tomondan yaqinlashib kelayotgan transport vositalariga yol berishi shart. Bu qoidaga tramvay haydovchilari ham o'zaro amal gilishlari kerak. Bunday chorrahalarda, keyingi harakat yo'nalishidan qati nazar, tramvay relssiz transport vositalariga nisbatan oldin o'tish huquqiga ega boladi."
question_276,Haydovchi yaqinlashib kelayotgan poyezdni o'tkazib yuborishi uchun «To'xtash» yotiq chizig'i yoki «To'xtamasdan harakatlanish taqiqlangan» belgisidan qanday masofada to'xtashi kerak?,"{""1,5 m"",""2,5 m"",""5 m"",""1,0 m"",""Bevosita «To'xtash» yotiq chizig'i yoki belgi oldida""}",2,https://postimg.cc/Dmfk0bYv,300,,"YHQ 18-bobi 119-bandiga asosan: Kesishma orgali harakatlanish taqiqlangan hollarda haydovchi to'xtash chizig'i, 2.5 yo'l belgisi yoki svetofor oldida, ular bolmaganda shlagbaumga kamida 5 metr, shlagbaum bo'lmaganda esa birinchi temir yo l iziga kamida 10 metr qolganda to'xtashi kerak."
question_277,Mototsikl haydovchisi Qoidalarni buzyaptimi?,"{""Ha"",""Yơ'q""}",0,https://lgacbbewpuzeyxijzfii.supabase.co/storage/v1/object/public/test-images/question-277.jpg,300,,"YHQ 12-bobi 86-bandining oltinchi xatboshisiga asosan, quib o'tish quyidagi hollarda taqiqlanadi: tepalikning oxirida va yo Ining ko'rinishi cheklangan joylarida;"
question_278,"Yengil avtomobil haydovchisi, aholi yashash punktlaridan tashqaridagi yollarda haratlanishda, belgilangan tezlikni oshirish, qaysi vaziyatlarda taqiqlanadi?","{""Faqat yolda tezlik cheklangan belgilar ornatilgan bolsa"",""Faqat harakatlanayotgan tirkamali yengil avtomobillarga"",""Agar u boshqa transport vositasini shatakka olgan bolsa"",""Sanab otilgan barcha hollarda""}",3,https://postimg.cc/Dmfk0bYv,300,,"YHQ 1-ilovasi 3-bo'limining yigirma sakkizinchi xatboshisiga asosan: 3.24. «Yuqori tezlik cheklangan». Belgida korsatilganidan ortiq tezlikda (km/s) harakatlanish taqiqlanishini bildiradi. YHQ 11-bobi 79-bandiga uchinchi xatboshisiga asosan, aholi punktlaridan tashqarida: boshqa avtobuslar, tirkamali yengil avtomobillar, mototsikllar, elektromototsikllar ruxsat etilgan to'la vazni 3,5 tonnadan ortiq bo'lgan yuk avtomobillariga tezlikni soatiga 80 kilometrdan oshirmasdan; YHQ 11-bobi 80-bandiga uchinchi xatboshisiga asosan, har qanday yo llarda: mexanik transport vositalarini shatakka olgan transport vositalariga tezlikni soatiga 50 kilometrdan oshirmasdan harakatlanishi taqiqlanadi."
question_279,Egiluvchan yoki qattiq ulagichda shatakka olingan mexanik transport vositasida odamlar tashishga ruxsat etiladimi?,"{""Avtobus va trolleybusda ruxsat etiladi"",""Taqiqlanadi"",""Yuk va yengil avtomobillarda ruxsat etiladi"",""Yuk avtomobili kabinasida va yengil avtomobilda ruxsat etiladi""}",3,https://postimg.cc/Dmfk0bYv,300,,"YHQ 24-bobi 143-bandiga asosan: Qattiq yoki egiluvchan ulagich yordamida shatakka olingan avtobusda, trolleybusda va yuk avtomobili yukxonasida odam tashish, qisman ortish yo'li bilan shatakka olishda esa shatakka olingan transport vositasining kabinasida va yukxonasida, shuningdek shatakka olgan transport vositasining yukxonasida odamlar bo lishi taqiqlanadi."
question_280,"Agar transport vositasining tuzilishida ko'zda tutilgan orqani korsatadigan kozgular bolmasa, avtomobildan foydalanishga ruxsat etiladimi?","{""Agar orqa oyna pardalar bilan berkitilmagan bolsa ruxsat etiladi"",""Taqiqlanadi"",""Loaqal bitta kozgu bo'lsa ruxsat etiladi""}",1,https://postimg.cc/Dmfk0bYv,300,,"YHQ 3-ilovasi 7-bo limining 7.1-bandiga asosan: Orqa tomonni ko'rsatuvchi ko'zgular soni, joylashuvi va turi belgilangan talablarga mos kelmasa, transport vositasining konstruksiyasida ko'zda tutilgan oynalari bo'lmasa foydalanish"
question_281,Piyodalar o'tish joyi bo'lmaganda piyodalarga yo'l qatnov qismining qaysi joyidan kesib o'tishga ruxsat etiladi?,"{""Chorrahalarda trotuar chiziqlari yoki yol yoqasi bo'ylab"",""Ajratuvchi mintaqasiz va tosiqsiz yo'llardan yolning ikki tomoni yaxshi korinadigan joyidan, qatnov qismining chetiga nisbatan togri burchak ostida"",""Barcha sanab otilgan joylardan""}",2,https://postimg.cc/Dmfk0bYv,300,,"YHQ 4-bobi 17-bandiga asosan: Piyodalar yo'Ining qatnov qismini piyodalar o tish joylaridan, shuningdek yer osti va yer usti o'tish joylaridan, ular bo lmaganda esa chorrahalarda trotuar chiziqlari yoki yo'l yoqasi bo'ylab kesib o'tishlari kerak. Piyodalarga ko rinadigan oraliqda o tish joyi yoki chorraha bo'lmasa, ajratuvchi mintaqasiz va to'siqsiz yo'llardan yo'lning ikki tomoni yaxshi ko'rinadigan joyidan, qatnov qismining chetiga nisbatan to'g'ri burchak ostida kesib o tishlariga ruxsat etiladi."
question_282,Qaysi belgi 50 km/soatdan kam tezlikda harakatlanishni taqiqlaydi?,"{""1"",""2"",""3"",""4"",""5""}",2,https://lgacbbewpuzeyxijzfii.supabase.co/storage/v1/object/public/test-images/question-282.jpg,300,,YHQ 1-ilovasi 4-bolimining yigirma to'rtinchi xatboshisiga asosan: 4.7. «Eng kam tezlik». Faqat belgida ko'rsatilgan yoki undan yuqori tezlikda (km/soat) harakatlanishga ruxsat etilishini bildiradi.
question_283,To'xtashni taqiqlovchi joylarni bildiruvchi sidirg'a sariq chiziq qayerda chiziladi?,"{""Harakatlanish qismida"",""Harakatlanish qatnov qismi chetida"",""Harakatlanish qatnov qismi chetida yoki bordyur ustidan chiziladi"",""Faqat to'siq (bordyur) ustida""}",2,https://lgacbbewpuzeyxijzfii.supabase.co/storage/v1/object/public/test-images/question-283.jpg,300,,YHQ 2-ilovasi 1-bo'limining oltinchi xatboshisiga asosan: 1.4 - to'xtash taqiqlangan joyni bildiradi. Yakka holda yoki 3.27 «To'xtash taqiqlangan» yo'l belgisi bilan qo llaniladi hamda yo lning qatnov qismi chetiga yoki yo'l chetidagi to'siq ustidan chiziladi.
question_284,Avtomagistrallarda to'xtashga ruxsat etiladimi?,"{""Taqiqlanadi"",""Avtomagistral yaxshi ko'rinadigan joylarda ruxsat etiladi"",""Agar bir yonalishda harakatlanish uchun uchta tasma bolsa, ruxsat etiladi"",""To'xtash «To'xtash joyi» yoki «Dam olish joyi» belgisi qo'yilgan maxsus maydonchalarda ruxsat etiladi""}",3,https://postimg.cc/Dmfk0bYv,300,,"YHQ 19-bobi 121-bandining uchinchi xatboshisiga asosan, avtomagistrallarda quyidagilar taqiqlanadi: 5.15 yoki 6.11 yo'l belgilari bilan belgilangan maxsus to'xtab turish maydonchalaridan boshqa joylarda to'xtash."
question_285,Transport vositalari chorrahani qanday tartibda kesib otadilar?,"{""2-tramvay ayni vaqtda 1- tramvay bilan; ko'k avtomobil ayni vaqtda qizil bilan"",""2-tramvay; ko'k avtomobil; 1- tramvay; qizil avtomobil""}",1,https://lgacbbewpuzeyxijzfii.supabase.co/storage/v1/object/public/test-images/question-285.jpg,300,,"YHQ 16-bobi 104-bandiga asosan: Teng ahamiyatga ega bo'lmagan yollar kesishgan chorrahada, ikkinchi darajali yo'lda harakatlanayotgan transport vositasining haydovchisi asosiy yo ldan yaqinlashayotgan transport vositalariga, ularning keyingi harakat yo'nalishidan qat'i nazar, yol berishi kerak. Bunday chorrahalarda tramvay harakatlanish yo nalishidan qat'i nazar, teng ahamiyatga ega bolgan yolda bir yo nalishda yoki qarama-qarshi yo nalishda harakatlanayotgan relssiz transport vositalariga nisbatan imtiyozga ega. YHQ 16-bobi 106-bandiga asosan: Asosiy yo Ining yo nalishi chorrahada o'zgarganda asosiy yo'lda harakatlanayotgan haydovchilar o'zaro teng ahamiyatli yo llar chorrahasidan o tish qoidasiga amal qilishlari kerak. Ikkinchi darajali yo llarda harakatlanayotgan haydovchilar ham o'zaro shu qoidaga amal gilishlari kerak."
question_286,Projektor-faradan foydalanishga ruxsat etiladi:,"{""Faqat aholi punktlaridan tashqarida roparadan kelayotgan transport vositalari bolmaganda"",""Faqat yetarli korinmaydigan sharoitda"",""Agar bunga zaruriyat tug'ilsa, barcha joylarda"",""Kunning qorong i vaqtida yolning barcha qismlarida""}",0,https://postimg.cc/Dmfk0bYv,300,,"YHQ 23-bobi 139-bandining birinchi xatboshisiga asosan: Projektor chiroq va izlovchi chiroqlardan fagat aholi yashash joylaridan tashqarida, qarama-qarshi yonalishdan kelayotgan transport vositalari bo'lmaganda foydalanish mumkin"
question_287,"Agar Siz oldinda harakatlanayotgan avtomobilni quvib o'tishga chiqsangiz, korsatilgan hollarning qaysi birida tovush ishorasi berish maqsadga muvofiq?","{""Quvib o'tish qorong'i vaqtda bajarilganda"",""Quvib otilayotgan avtomobil haydovchisi tormoz berishni boshlaganda"",""Quvib o'tilayotgan avtomobil haydovchisi chapga burilish korsatkichini yoqqanda"",""Quvib o'tilayotgan avtomobil haydovchisi ongga burilish korsatkichini yoqqanda""}",2,https://postimg.cc/Dmfk0bYv,300,,"YHQ 8- bobi 48-bandiga asosan, tovushli ishoralar faqat quyidagi hollarda qo'llanilishi mumkin: aholi punktlaridan tashqarida boshqa haydovchilarni quvib o'tish haqida ogohlantirish uchun; zarur bo'lgan hollarda yo'l-transport hodisasining oldini olish uchun."
question_288,Korsatilgan joyda to'xtashga ruxsat etiladimi?,"{""Ruxsat etiladi"",""Taqiqlanadi""}",0,https://lgacbbewpuzeyxijzfii.supabase.co/storage/v1/object/public/test-images/question-288.jpg,300,,"YHQ 13-bobi 88-bandining birinchi xatboshisiga asosan: Transport vositalariga yolning ơ'ng tomoni yogasida, u bo'lmaganda esa qatnov qismining chetida va ushbu Qoidalarning 89-bandida ko rsatilgan hollarda trotuarda to'xtash va to'xtab turishga ruxsat etiladi. Aholi punktlarida o'rtada tramvay yo'li bo'lmagan, har yo nalishda bittadan tasmasi bolgan, shuningdek bir tomonlama harakat tashkil etilgan yo llarda yo Ining chap tomonida to'xtash va to'xtab turishga ruxsat etiladi."
question_289,Yengil avtomobil haydovchisi yo'l berishi kerakmi?,"{""На"",""Yơ'q""}",0,https://lgacbbewpuzeyxijzfii.supabase.co/storage/v1/object/public/test-images/question-289.jpg,300,,YHQ 20-bobi 126-bandiga asosan: Turar joy dahalaridan chiqishda haydovchilar boshqa harakat qatnashchilariga yo'l berishlari kerak.
question_290,Odamlarni tashishga moslashtirilmagan yuk avtomobili yukxonasida odam tashishga ruxsat etiladimi?,"{""Taqiqlanadi"",""Avtomagistrallarga tegishli bolmagan yollarda ruxsat etiladi"",""Faqat yukni olish uchun borayotgan yoki kuzatib boruvchi shaxslarga shu shart bilanki, ular bortlaridan pastda joylashgan o'tiradigan joy bilan taminlangan bolsalar ruxsat etiladi""}",2,https://postimg.cc/Dmfk0bYv,300,,"YHQ 26-bobi 154-bandiga asosan: Odam tashishga moslashtirilmagan yuk avtomobillarining yukxonasida faqat yukni olish uchun borayotgan yoki uni kuzatib borayotgan shaxslarning bolishiga yo'l qo'yiladi, bunda ular bortlardan pastda joylashgan o'rindiqlar bilan ta'minlanishlari kerak."
question_291,Qaysi transport vositasining haydovchisi yol berishi kerak?,"{""Tez yordam avtomobilining haydovchisi"",""Yengil avtomobilning haydovchisi""}",1,https://lgacbbewpuzeyxijzfii.supabase.co/storage/v1/object/public/test-images/question-291.jpg,300,,"YHQ 6-bobi 25-bandining birinchi xatboshisiga asosan: Ko'k yoki kok va qizil rangli yalt-yalt etuvchi chiroq-mayoqchasi yoqilgan transport vositalarining haydovchilari kechiktirib bo'lmaydigan xizmat vazifalarini bajarayotib, yol harakati xavfsizligini ta minlash sharti bilan ushbu Qoidalarning 7 bob (38-bandidan tashqari), 9-16, 19-20 boblari, 1 va 2-ilovalari talablaridan chetga chiqishlari mumkin. Yo'l harakatining boshqa ishtirokchilariga nisbatan imtiyozga ega bolishi uchun tezkor va maxsus xizmatlarning transport vositalarida, tezkor va maxsus xizmatlarning ko'k yoki qizil yoxud ko'k va qizil rangli yalt-yalt etuvchi mayoqchalar va maxsus tovushli ishora yoqilgan bo'lishi shart. Ular o'zlariga yo'l berilayotganligiga ishonch hosil qilganlaridan songgina imtiyozdan foydalanishlari mumkin."
question_292,Ushbu belgi qaysi transport vositalarini quvib o'tishni taqiqlaydi?,"{""Hammasini"",""Hammasini, 40 km/soatdan kam tezlikda yakka harakat qilayotganlardan tashqari"",""Yengil avtomobillar, mototsikllar va to'la vazni 3,5 tonnadan kam bolgan yuk avtomobillarni"",""Tola vazni 3,5 tonnadan ko'p bolgan yuk avtomobillarni""}",1,https://lgacbbewpuzeyxijzfii.supabase.co/storage/v1/object/public/test-images/question-292.jpg,300,,YHQ 1-ilovasi 3-bo limining yigirma to'rtinchi xatboshisiga asosan: 3.20. «Quvib o'tish taqiqlangan». Soatiga 40 km dan kam tezlikda harakatlanayotgan yakka transport vositasidan boshqa transport vositalarini quvib o'tish taqiqlanishini bildiradi.
question_293,Bu yo'l chizig'i nimani bildiradi?,"{""Yakka 40 km/soatdan kam tezlik bilan harakat qiluvchi ikki g'ildirakli mototsikllar, velosipedchilardan tashqari barcha transport vositalarini quvib o'tishni taqiqlovchi hududni"",""Qatnov qismining torayishiga yoki qarama-qarshi yo nalishdan kelayotgan transport oqimini ajratuvchi 1.1 yoki 1.11 chizig'iga yaqinlashayotganini"",""Faqat belgilangan yonalishdagi transport vositalari harakati uchun moljallangan qatnov gismining bolagini""}",1,https://lgacbbewpuzeyxijzfii.supabase.co/storage/v1/object/public/test-images/question-293.jpg,300,,YHQ 2-ilovasi 1-bolimining yigirma uchinchi xatboshisiga asosan: 1.19 - qatnov qismining toraygan (shu yo'nalishdagi harakatlanish tasmalarining soni kamaygan) joyiga yoki qarama-qarshi yonalishdan kelayotgan transport vositalari oqimlarini ajratuvchi 1.1 yoki 1.11 chizig'iga yaqinlashganlik haqida ogohlantiruvchi chiziq. Birinchi holda 1.18.1 - 1.18.3 belgilari bilan qo llanilishi mumkin.
question_294,Chorrahani uchinchi bolib kesib o'tadi:,"{""Ko'k avtomobil"",""Sariq avtomobil"",""Yashil avtomobil""}",2,https://lgacbbewpuzeyxijzfii.supabase.co/storage/v1/object/public/test-images/question-294.jpg,300,,"YHQ 16-bobi 104-bandining birinchi xatboshisiga asosan: Teng ahamiyatga ega bo'lmagan yo'llar kesishgan chorrahada, ikkinchi darajali yo'lda harakatlanayotgan transport vositasining haydovchisi asosiy yo Idan yaqinlashayotgan transport vositalariga, ularning keyingi harakat yo nalishidan qat'i nazar, yo'l berishi kerak. YHQ 16-bobi 107-bandiga asosan: Chapga burilishda yoki qayrilib olishda relssiz transport vositasining haydovchisi teng ahamiyatli yo'ldan qarama-qarshi yo'nalishdan to'g'riga yoki o'ngga harakatlanayotgan, shuningdek ruxsat etilgan hollarda quvib o'tayotgan transport vositalariga yol berishi shart."
question_295,Korsatilgan yo nalishlar boyicha qaysi transport vositalariga harakatlanishga ruxsat etiladi?,"{""Avtomobil haydovchisiga"",""Avtomobil va mototsikl haydovchisiga"",""Tramvay va avtomobil haydovchisiga""}",2,https://lgacbbewpuzeyxijzfii.supabase.co/storage/v1/object/public/test-images/question-295.jpg,300,,"YHQ 7-bobi 32-bandiga asosan: Yo naltirgich ko'rinishidagi qizil, sariq va yashil rangli svetofor ishoralari ham doirasimon shaklidagi svetofor ishoralari bilan bir xil ma'noga ega bo ladi. Ular faqat ko'rsatilgan yo nalishga ta'sir etadi. Agar tegishli yo'l belgisi bilan qayrilib olish taqiqlanmagan bolsa, chapga burilishga ruxsat beruvchi yo naltirgich qayrilib olishga ham ruxsat beradi. Qo'shimcha tarmoqdagi yashil yo'naltirgich ham xuddi shu ma'noni bildiradi. Svetoforning qo'shimcha tarmoqdagi ishora o'chirilgan bo'lsa, shu tarmoq tartibga solayotgan yo nalishda harakatlanish taqiqlanganligini bildiradi"
question_296,Qanday holda markazdan qochirma kuch burilishda kamayadi?,"{""Boshqaruv rulini burilish tomonga keskin burganda"",""Harakat tezligi pasayganda"",""Burilish radiusi kamayganda""}",1,https://lgacbbewpuzeyxijzfii.supabase.co/storage/v1/object/public/test-images/question-296.jpg,300,,"Burilishda o'tayotgan vaqtda haydovchi shuni inobatga olishi lozimki, avtomobil harakati tezligi kattalashganida markazdan qochirma kuch ortadi va transport vositasini ag'darilishiga olib kelishi mumkin."
question_297,Kim yol berishi kerak?,"{""Yuk avtomobil haydovchisi"",""Yengil avtomobil haydovchisi""}",0,https://lgacbbewpuzeyxijzfii.supabase.co/storage/v1/object/public/test-images/question-297.jpg,300,,"YHQ 21-bobi 128-bandga asosan: YoIning 1.13 va 1.14 yo'l belgilari bilan belgilangan qiyaliklarida, qarama-qarshi yo nalishlarda harakatlanishni qiyinlashtiradigan biron-bir to'siq bo'lsa, nishablikka harakatlanayotgan transport vositasining haydovchisi yo'l berishi kerak."
question_298,Ushbu joyda yengil avtomobilning to'xtab turishiga ruxsat etilganmi?,"{""Berilgan"",""Taqiqlangan""}",1,https://lgacbbewpuzeyxijzfii.supabase.co/storage/v1/object/public/test-images/question-298.jpg,300,,YHQ 1-ilovasi 3-bo'limining o'ttiz ikkinchi xatboshisiga asosan: 3.28. «To xtab turish taqiqlangan». Transport vositalarining to'xtab turishi taqiqlanishini bildiradi
question_299,Burilishda harakat qilganda avtopoyezdning tirkamasi siljiydimi?,"{""Burilish markazidan boshqa tomonga siljiydi"",""Siljimaydi"",""Burilish markaziga siljiydi""}",2,https://postimg.cc/Dmfk0bYv,300,,"Avtopoezd bilan bir vaqtda burilishni o'tayotganda ushbu transport vositasigacha bo'lgan yon oraliq masofasini ko paytirishingiz lozim, chunki avtopoezd (tirkama) ning orqa g'ildiraklari burilish markazi tomon siljiydi va avtopoezd harakat bo lagi kattalashadi."
question_300,Ta'qiqlovchi belgi tagiga ornatilgan qo'shimcha axborot belgisi nima maqsadda qo'yilgan?,"{""Belgidan uning amal qilish hududigacha bolgan oraliqni aniqlash uchun"",""Taqiqlovchi belgi amal qilish hududini aniqlash uchun""}",0,https://lgacbbewpuzeyxijzfii.supabase.co/storage/v1/object/public/test-images/question-300.jpg,300,,"YHQ 1-ilovasi 7-bo limining ikkinchi xatboshisiga asosan: 7.1.1. «Ob'ektgacha bo'lgan masofa». Belgidan yo Ining xavfli joyi, yo'l harakatiga tegishli cheklovlar kiritiladigan joyi yoki harakat yo nalishi bo'yicha oldindagi muayyan joygacha bo'lgan masofani korsatadi."
question_301,Ushbu belgilar amal qiladigan hududda «Nogiron» taniqlik belgisi bilan belgilangan avtomobilga to xtashga ruxsat etiladimi?,"{""Ruxsat etiladi"",""Taqiqlanadi""}",0,https://lgacbbewpuzeyxijzfii.supabase.co/storage/v1/object/public/test-images/question-301.jpg,300,,YHQ 1-ilovasi 7-bo'limining o'ttiz birinchi xatboshisiga asosan: 7.18. «Nogironlar mustasno». Belgilarning ta'siri ushbu Qoidalarning 175-bandiga muvofiq «Nogiron» taniqlik belgisi o'rnatilgan transport vositalariga joriy etilmaydi.
question_302,Qaysi belgi yolning xavfli burilishiga yaqinlashayotganlik haqida ogohlantiradi?,"{""1"",""2"",""3"",""4"",""5""}",1,https://lgacbbewpuzeyxijzfii.supabase.co/storage/v1/object/public/test-images/question-302.jpg,300,,YHQ 1-ilovasi 1-bo'limining o'n oltinchi xatboshisiga asosan: 1.11.2. «Xavfli burilish». 1.11.2 - chapga yol belgisi yo Ining kichik radiusli yoki ko rinishi cheklangan burilish joyini bildiradi.
question_303,Qaysi yollardan harakatlanishga ruxsat etilgan?,"{""«А»"",""«В»"",""«А» va «В»""}",2,https://lgacbbewpuzeyxijzfii.supabase.co/storage/v1/object/public/test-images/question-303.jpg,300,,"YHQ 1-ilovasi 1-bolimining o'ttiz yettinchi xatboshisiga asosan: 1.31.2. «Burilishning yo'nalishi». Kichik radiusli, ko'rinishi cheklangan yo lda harakatlanish yo'nalishini va yo'Ining ta mirlanayotgan qismini aylanib o'tish yo'nalishini bildiradi."
question_304,Avtomagistralda boshqarishni organish:,"{""70 km/soatdan oshmagan tezlik bilan ruxsat berilgan"",""Boshqarishni orgatuvchi yoriqchi bilan organuvchida yetarli boshqarish malakasi bolganda 60 km/soatdan ortiq bolmagan tezlikda ruxsat etilgan"",""Taqiqlangan"",""Agar organilayotgan mexanik transport vositasida taniqlik belgilari qayd etilgan bolsa, ruxsat etilgan""}",2,https://postimg.cc/Dmfk0bYv,300,,"YHQ 19- bobi 121-bandining oltinchi xatboshisiga asosan, avtomagistrallarda quyidagilar taqiqlanadi: transport vositasini organish uchun boshqarish."
question_305,Avtomobillar chorrahani quyidagi tartibda kesib otadilar:,"{""Yashil; kok; qizil"",""Ko'k; qizil; yashil"",""Ko'k bilan yashil bir vaqtda; qizil""}",1,https://lgacbbewpuzeyxijzfii.supabase.co/storage/v1/object/public/test-images/question-305.jpg,300,,YHQ 16-bobi 105-bandiga asosan: Teng ahamiyatga ega bolgan yollar kesishgan chorrahada relssiz transport vositasining haydovchisi o ngdan kelayotgan transport vositalariga yo'l berishi shart.
question_306,Mazkur shartda shatakka olishni amalga oshirishning yol qo'yilgan eng yugori tezligi qanday?,"{""30 km/s"",""50 km/s"",""70 km/s"",""80 km/s""}",1,https://lgacbbewpuzeyxijzfii.supabase.co/storage/v1/object/public/test-images/question-306.jpg,300,,"YHQ 11-bobi 80-bandining uchinchi xatboshisiga asosan, har qanday yollarda: mexanik transport vositalarini shatakka olgan transport vositalariga tezlikni soatiga 50 kilometrdan oshirmasdan harakatlanishga ruxsat etiladi."
question_307,Yol yoqasi mavjud bolganda haydovchi transport vositasini qayerda to'xtatishi kerak?,"{""Qatnav qismining ong tasmasida"",""Yol chekkasida, yo'l yoqasidan 0,5 metr masofada"",""Yol yoqasi ustida"",""Yo'l yoqasi ustida""}",3,https://postimg.cc/Dmfk0bYv,300,,"YHQ 13-bobi 88-bandining birinchi xatboshisiga asosan: Transport vositalariga yoIning o'ng tomoni yogasida, u bolmaganda esa qatnov qismining chetida va ushbu Qoidalarning 89-bandida ko'rsatilgan hollarda trotuarda to'xtash va to'xtab turishga ruxsat etiladi."
question_308,Yengil avtomobil haydovchisi qanday qoidalarni buzdi?,"{""Faqat to'xtash qoidalarini"",""To'xtash va to'xtab turish qoidalarini""}",1,https://lgacbbewpuzeyxijzfii.supabase.co/storage/v1/object/public/test-images/question-308.jpg,300,,"YHQ 13-bobi 90-bandiga asosan: Aholi punktlaridan tashqarida tunab qolish, dam olish yoki boshqa maqsadlarda uzoq vaqt to'xtab turishga Faqat buning uchun kozda tutilgan maydonchalarda yoki yo'ldan tashqarida ruxsat etiladi. YHQ 13-bobi 91-bandining yettinchi xatboshisiga asosan, quyidagi joy va holatlarda to xtash taqiqlanadi: loaqal bir yo nalishdagi ko'rinish masofasi 100 metrdan kam bo'lgan yo'l do'ngliklari yaqinida."
question_309,N2; N3; 03; 04 toifadagi avtotransport vositalari shina protektori naqshlarining qoldiq balandligi eng kamida qancha bolishi kerak?,"{""0,5 mm"",""1 mm"",""1,6 mm"",""2 mm"",""3 mm""}",1,https://postimg.cc/Dmfk0bYv,300,,"YHQ 3-ilovasi 5-bo limi 5.1-bandiga asosan: Shina protektori naqshlarining qoldiq balandligi N2; N3; 03; 04 toifadagi avtotransport vositalari uchun - 1,0 mm dan kam bolsa foydalanish taqiqlanadi."
question_310,"Mexanik transport vositalari va uning tirkamalarining egalari texnik holatidan qati nazar, xarid qilgan (olgan) paytdan boshlab qancha muddat mobaynida DYHX xizmatida ro'yxatdan o'tkazishlari kerak?","{""2 kun"",""10 kun"",""5 kun"",""15 kun"",""30 kun""}",1,https://postimg.cc/Dmfk0bYv,300,,"YHQ 29-bobi 174-bandining ikkinchi xatboshisiga asosan: Mexanik transport vositalari va tirkamalar «Tranzit» ro yxatlash belgisining amal qilish vaqti ichida yoki xarid qilingan, shuningdek bojxonada rasmiylashtirilgan vagtdan boshlab 10 kun mobaynida DYHXXda ro yxatdan o'tkazilishi kerak."
question_311,Quruq yolda darhol to'xtash uchun nima qilish lozim?,"{""Ulagichni ajratish, shundan keyin darhol tormoz pedalini bosish"",""Uzatmani almashtirish va tormoz pedalini keskin bosish"",""Tormoz pedalini ulagichni ajratmasdan bosish""}",2,https://postimg.cc/Dmfk0bYv,300,,"Keskin tormoz berish - bu birdan paydo bo'lgan yoki kech ko'rib qolingan to'siqqa kelib urilishining oldini olish uchun katta intensivlik (jadallik) bilan tormoz berish tushuniladi. Shu bois, masalan yosh bolaning yo'lda birdan paydo bo lish ehtimolini inobatga olgan holda haydovchi keskin tormoz berish vaqtida o'zini qanday tuta olishini bilishi lozim. Bunda quyidagi usullar mavjud: rul chambaragini ikki qo lingiz bilan mahkam ushlang, avtomobil g'ildiraklarini blokirovka qilman chunki g'ildiraklarning uzunasiga sirpanishi tormoz vo'lini gisqartirmaydi;"
question_312,Bu belgi nimani bildiradi?,"{""Tola vazni 3,5 tonnadan ortiq bolgan yuk avtomobilining majburiy harakat yonalishini"",""Faqat yuk avtomobillari uchun harakat yonalishini"",""Yuk avtomobillari, traktorlar, oziyurar mashinalar uchun, agar chorrahada yonalishlardan birida harakatlanish taqiqlangan bolsa, tavsiya etiladigan harakat yo'nalishini"",""Shaharlararo yuk tashuvchi yuk avtomobillarining harakat yo'nalishini""}",2,https://lgacbbewpuzeyxijzfii.supabase.co/storage/v1/object/public/test-images/question-312.jpg,300,,"YHQ 1-ilovasining 5-bo'limidagi 5.30.2 «Yuk avtomobillari uchun harakatlanish yo'nalishi» belgisiga asosan, yuk avtomobillari haydovchilariga eng qulay yolni ko'rsatadi va shu yol bo yicha harakatlanishni tavsiya etadi."
question_313,Ushbu yol belgisi oldinda nima borligidan ogohlantiradi:,"{""Ko'prik yoki solda kechimi bo'lmagan suv to'siqli yol qismi borligidan"",""Suv to'siqli yol qismida ko'tarma ko'prik borligidan"",""Yol anhor yoqasiga yoki biror-bir suv havzasining qirg'og'iga chiqiladigan joyi borligidan""}",2,https://lgacbbewpuzeyxijzfii.supabase.co/storage/v1/object/public/test-images/question-313.jpg,300,,"YHQ 1-ilovasi 1-bo""limining o'n beshinchi xatboshisiga asosan: 1.10. «Sohilga chiqish». Daryo yoki suv havzasi girg'og'iga chiqishni bildi di"
question_314,Avtomobillar chorrahani quyidagi tartibda kesib otadilar:,"{""Qizil chorrahaga kiradi va ko k avtomobilni o'tkazib yuborish uchun to'xtaydi va ayni vaqtda yashil avtomobil chorrahani kesib o'tadi; ko'k; qizil burilishni tugallaydi"",""Qizil, ko'k, yashil"",""Ko'k, yashil, qizil""}",0,https://lgacbbewpuzeyxijzfii.supabase.co/storage/v1/object/public/test-images/question-314.jpg,300,,"YHQ 16-bobi 105-bandiga asosan: Teng ahamiyatga ega bolgan yollar kesishgan chorrahada relssiz transport vositasining haydovchisi o'ngdan yaqinlashayotgan transport vositalariga yo'l berishi shart. Bu qoidaga tramvay haydovchilari ham o'zaro amal qilishlari kerak. Bunday chorrahalarda keyingi harakat yo nalishidan qat'iy nazar, tramvay relssiz transport vositalariga nisbatan oldin o tish huquqiga ega bo ladi."
question_315,Chorrahadan uchinchi bolib kim o'tadi?,"{""Yashil avtomobil"",""Ko'k avtomobil"",""Qizil avtomobil""}",1,https://lgacbbewpuzeyxijzfii.supabase.co/storage/v1/object/public/test-images/question-315.jpg,300,,"YHQ 16-bobi 105-bandiga asosan: Teng ahamiyatga ega bolgan yollar kesishgan chorrahada relssiz transport vositasining haydovchisi o'ngdan yaqinlashayotgan transport vositalariga yo'l berishi shart. Bu qoidaga tramvay haydovchilari ham o'zaro amal qilishlari kerak. Bunday chorrahalarda keyingi harakat yo nalishidan qat'iy nazar, tramvay relssiz transport vositalariga nisbatan oldin o tish huquqiga ega bo ladi."
question_316,Yengil avtomobil haydovchilarining qaysi biri aholi punktlarida harakatlanish qoidalarini buzmoqda?,"{""Faqat «Б» avtomobil haydovchisi"",""Ikkalasi ham buzmoqda"",""Ikkalasi ham buzmayapti""}",2,https://lgacbbewpuzeyxijzfii.supabase.co/storage/v1/object/public/test-images/question-316.jpg,300,,"YHQ 10-bobi 67-bandi 2-xatboshiga asosan, aholi punktlarida Qoidalarning 69, 123, 161 bandlaridagi talablarni hisobga olgan holda haydovchilar o'zlariga qulay bolgan harakatlanish bo lagidan foydalanishlari mumkin. Biroq, bir yo nalishdagi uch va undan ortiq tasmali har ganday yolda chetki chap qatorni harakat serqatnovligi sababli boshqa bo laklar band bolgan hollarda, shuningdek, quvib otish, chapga burilish yoki qayrilib olishga, yuk avtomobillariga faqat chapga burilish yoki qayrilib olish uchun chetki chap gatorni egallashga ruxsat etiladi."
question_317,Haydovchi harakat tezligini tanlashda nimani hisobga olishi kerak?,"{""Harakatning serqatnovligini, transport vositasi va yukning xususiyati va holatini"",""Yol va ob-havo sharoitini"",""Barcha sanab o'tilgan omillarni""}",2,https://postimg.cc/Dmfk0bYv,300,,"YHQ 11-bobi 77-bandining birinchi xatboshisiga asosan: Haydovchi harakatning serqatnovligini, transport vositasi va yukning xususiyati hamda holatini, yo'l va ob-havo sharoitini, shuningdek harakatlanish yo nalishidagi ko'rinishni hisobga olgan holda transport vositasi tezligini belgilangandan oshirmasdan boshqarishi kerak."
question_318,Ushbu joyda to'xtab turishga ruxsat etiladimi?,"{""Ruxsat etiladi"",""Taqiqlanadi""}",1,https://lgacbbewpuzeyxijzfii.supabase.co/storage/v1/object/public/test-images/question-318.jpg,300,,"YHQ 1-ilovasi 3-Bo limining qirq uchinchi xatboshisiga asosan: 3.16, 3.20, 3.22, 3.24, 3.26 - 3.30 belgilarining ta'siri belgi o'rnatilgan joydan keyingi eng yaqin chorrahagacha, ular bo'lmaganda - aholi punktining oxirigacha ta'siri qiladi. Yondosh hududlardan yolga chiqish joylarida yoki yo Ining dala, o'rmon yo llari va boshqa doimiy harakatlanish, o tib ketish uchun moljallanmagan yo llar bilan kesishgan (tutashgan) joylarida, ularning oldida tegishli belgilar o'rnatilmagan bo'lsa, bu belgilarning ta'siri yo qolmaydi."
question_319,Haydovchi avtopoyezd harakatining eng keng bolagini aniqlashda nimani hisobga olishi kerak?,"{""Faqat kengligi boyicha avtopoyezdning o'lchamlarini"",""Kengligi bo yicha transport vositasining o'lchamlarini, shuningdek, tirkamaning chayqalishini hamda uning burilish markaziga siljishini""}",1,https://postimg.cc/Dmfk0bYv,300,,"Yakka avtomobil boshqarishning barcha uslublari avtopoezd uchun qo llanilishi mumkin, biroq uning katta vazni va gabaritlari (tashqi o'lchami) bois bir qator xossalar bor. Avtopoezd - bu bitta yarim tirkama yoxud bir yoki bir necha tirkamali shatakchi transport vositasidir. Harakat vaqtida tirkama doim shatakchi avtomobilning harakat yo lidan chetga siljib turadi va quvib o'tish hamda qarama-qarshi yo nalishdagi harakat uchun xavf-xatar tug'diradi. Avtopoezdning manyovr qilishi yakka avtomobilga nisbatan yomonroq. Burilish vaqtida avtopoezd burilish markazi tomon siljiyda va avtopoez harakat bo'lagi kengayishini haydovchi inobatga olishi lozim."
question_320,Yengil avtomobillarning oldingi orindig ida bolalarni tashishga ruxsat etiladimi?,"{""7 yoshdan kichiq bo'lmagan bolalarni tashishga ruxsat etiladi"",""12 yosh va undan katta bolgan bolalarni tashishga ruxsat etiladi"",""Katta yoshli yo lovchi bolganda yoshidan qat'i nazar ruxsat etiladi""}",1,https://postimg.cc/Dmfk0bYv,300,,"YHQ 26-bobi 159-bandining beshinchi xatboshisiga asosan, odamlarni tashish quyidagi hollarda taqiqlanadi: 12 yoshga to'lmagan bolalarni mototsikl, elektromototsikl, moped va skuterning orqa o'rindig'ida, shuningdek, bolalarni ushlab turuvchi maxsus qurilma o'rnatilmagan transport vositasining old o'rindig'ida;"
question_321,"Yolovchilarga haydovchi transport vositasini boshqarayotganda, uni chalg'itishga ruxsat etiladimi?","{""Ruxsat etiladi"",""Belgilangan yonalishdagi transport vositalarida faqat bir martalik chiptalar sotib olish uchun ruxsat etiladi"",""Taqiqlanadi""}",2,https://postimg.cc/Dmfk0bYv,300,,"YHQ 5-bobi 24-bandining birinchi xatboshisiga asosan, yo'lovchilarga quyidagilar taqiqlanadi: transport vositasi harakatlanayotgan vaqtda haydovchini boshqarishdan chalg'itish va unga xalaqit berish."
question_322,Qaysi transport vositalariga ushbu belgining amal qilishi taaluqli emas,"{""Yo'nalishli taksilarga"",""Taksometri ishlab turgan taksilarga"",""«Nogiron» taniqlik belgisi ornatilgan nogiron boshqarayotgan avtomobilga"",""Belgilangan yo'nalishdagi transport vositalariga"",""F2 va F3 javoblarda korsatilgan transport vositalariga""}",4,https://lgacbbewpuzeyxijzfii.supabase.co/storage/v1/object/public/test-images/question-322.jpg,300,,"YHQ 1-ilovasi 3-bo'limining o'ttiz ikkinchi, girqinchi va girq birinchi xatboshlariga asosan: 3.28. «To'xtab turish taqiqlangan». Transport vositalarining to'xtab turishi taqiqlanishini bildiradi. Ushbu Qoidalarning 176-bandiga binoan ""Nogiron"" tanish belgisi bilan belgilangan avtomobillar, mototsikllar, elektromototsikllar, mopedlar va skuterlarni boshqarayotgan nogiron haydovchilar 3.2, 3.3 va 3.28 belgilari talablaridan chetga chiqishlari mumkin. 7.18 belgi bolganda 3.27 belgisining ta'sir doirasida to'xtashga ruxsat etiladi."
question_323,Haydovchilardan qay biri yolovchilarni tushirish uchun to'g'ri to'xtadi?,"{""Kok va qizil avtomobillarning haydovchilari"",""Mototsikl va ko'k avtomobil haydovchilari"",""Faqat ko'k avtomobil haydovchisi"",""Barcha haydovchilar""}",1,https://lgacbbewpuzeyxijzfii.supabase.co/storage/v1/object/public/test-images/question-323.jpg,300,,"YHQ 2-ilovasi 1-bo'limining oltinchi, o'n ikkinchi va yigirma birinchi xatboshlariga asosan: 1.4 - to'xtash taqiqlangan joyni bildiradi. Yakka holda yoki 3.27 «To xtash taqiqlangan» yo'l belgisi bilan qo'llaniladi hamda yo Ining qatnov qismi chetiga yoki yo'l chetidagi to'siq ustidan chiziladi; 1.10 - to xtab turish taqiqlangan joyni bildiradi; yakka holda yoki 3.28 yol belgisi bilan qo'llaniladi va yolning qatnov qismi chetiga yoki yo'l chetidagi to'siq ustidan chiziladi; 1.17 - yo nalishli transport vositalarining bekatlari hamda taksilarning to'xtab turish joylarini bildiradi; YHQ 13-bobi 91-bandining to'qqizinchi xatboshisiga asosan, quyidagi joy va holatlarda to'xtash taqiqlanadi: bekat maydonchalarida, yo'nalishli transport vositalari to'xtash joylarida, jumladan, 1.17 chizig'i bilan belgilangan, ular bo'lmaganda esa yo nalishli transport vositalari to'xtash joyi belgilari va bekatdan harakatlanish yo'nalishi bo'ylab (yetmasdan va o'tib ketib) 15 metrdan kam masofada."
question_324,Enli uzuq-uzuq chiziq korinishidagi yotiq chiziq nimani bildiradi?,"{""Qatnov qismi bilan yol yoqasi o'rtasidagi chegarani"",""Tezlashish yoki sekinlashish bolagi bilan qatnov qismi asosiy bo'lagi ortasidagi chegarani"",""Transport vositalarining to'xtashi va to'xtab turishi uchun belgilangan maydonchalarni""}",1,https://lgacbbewpuzeyxijzfii.supabase.co/storage/v1/object/public/test-images/question-324.jpg,300,,YHQ 2-ilovasi 1-bo'limining o'ninchi xatboshisiga asosan: 1.8 (enli uzuq-uzuq chiziq) - tezlashish yoki sekinlashish bo lagi bilan yo lning qatnov qismidagi asosiy bo'lagi o'rtasidagi chegarani
question_325,Qaysi transport vositasining haydovchisi birinchi navbatda harakatlanish huquqiga ega?l,"{""Avtomobil haydovchisi"",""Mototsikl haydovchisi""}",1,https://lgacbbewpuzeyxijzfii.supabase.co/storage/v1/object/public/test-images/question-325.jpg,300,,"YHQ 16-bobi 105-bandiga asosan: Teng ahamiyatga ega bolgan yollar kesishgan chorrahada relssiz transport vositasining haydovchisi o'ngdan yaqinlashayotgan transport vositalariga yo l berishi shart. Bu qoidaga tramvay haydovchilari ham o'zaro amal qilishlari kerak. Bunday chorrahalarda keyingi harakat yo nalishidan qat'iy nazar, tramvay relssiz transport vositalariga nisbatan oldin o'tish huquqiga ega boladi."
question_326,Bunday vaziyatda qizil avtomobilning haydovchisiga quvib o'tish ruxsat etiladimi?,"{""Ruxsat etiladi"",""Taqiqlandi"",""Faqat roparadan kelayotgan transport vositalari yo'qligida ro'xsat etiladi""}",1,https://lgacbbewpuzeyxijzfii.supabase.co/storage/v1/object/public/test-images/question-326.jpg,300,,"YHQ 10-bobi 66-bandiga asosan: Harakat ikki tomonlama bo'lgan va chiziqlar bilan belgilangan (1.9 yol chizig'i bilan belgilanganidan tashqari) uchta tasmali yollarda, ikki yo'nalishda harakatlanish uchun mo'ljallangan o'rta qatorga faqat quvib o'tish, aylanib o'tish, chapga burilish va qayrilib olish uchungina chiqishga ruxsat etiladi. Qarama-qarshi yonalishda harakatlanish uchun moljallangan chetki chap qatorni egallash taqiqlanadi."
question_327,Siz reversiv harakatli yolga burilmoqchisiz. Burilishdan keyin Siz qaysi tasma bo'ylab harakatlanish huquqiga egasiz?,"{""Aholi punktlarida istalgan tasma bo'ylab harakatlanishga ruxsat etiladi"",""Chetki ong tasma boylab faqat reversiv svetofor yoki boshqa tasmalar bo'yicha ham harakatlanishga ruxsat etadigan «Tasmalar bo yicha harakatlanish yonalishi» belgisidan o'tgandan song qayta tizilishga ruxsat etiladi"",""Aholi punktidan tashqarida qatnov qismining iloji boricha ong chetiga yaqinroqda""}",1,https://postimg.cc/Dmfk0bYv,300,,"YHQ 10-bobi 71-bandiga asosan: Reversiv harakatlanishli yo Iga burilishda haydovchi transport vositasini shunday boshqarishi kerakki, bunda transport vositasi qatnov qismlari kesishmasidan chiqishda chetki o'ng qatorni egallashi kerak. Shu yo'nalishdagi boshga tasmalardan ham harakatlanish ruxsat etilganiga ishonch hosil qilingandan keyingina haydovchiga qayta tizilishga ruxsat etiladi."
question_328,Qanday hollarda to'xtab turish taqiqlanadi?,"{""Qatnov qismi kesishmasining chekkasiga 30 metrdan kop masofa qolganda"",""Piyodalarning o'tish joyi oldiga 10 metrdan ko'p masofa qolganda"",""Piyodalar o'tish joyidan o'tgandan keyin bir metr masofa uzoqlikda"",""Transport vositalarining harakatlanishiga imkon qoldirmaydigan kirishga yoki chiqishga va piyodalarning harakatiga xalaqit beradigan joylarda"",""Sanab otilgan hollarda""}",2,https://postimg.cc/Dmfk0bYv,300,,"YHQ 13-bobi 91-bandiga asosan: Quyidagi joy va holatlarda to'xtash taqiqlanadi: piyodalar o tish joylarida va ulardan oldin 10 metrdan kam masofa qolganda; qatnov qismi kesishmalarida va kesishayotgan qatnov qismi chetiga 30 metrdan kam masofada (uch tomonlama kesishadigan chorrahalarda yondan tutashgan yo Ining sidirg'a chiziq yoki ajratuvchi mintaqa bilan ajratilgan garama-qarshi tomoni bundan mustasno); transport vositasi svetofor ishoralari, yo'l belgilarini boshqa haydovchilardan to'sib qo'yadigan, boshqa transport vositalarining harakatlanishiga (kirish va chiqishiga) imkon"
question_329,Haydovchi avtopoyezdni tormozlashning qaysi qoidalariga rioya qilishi kerak?,"{""Tormoz tepksini keskin kuchli bosish - ulagichni ajratgan holda"",""Oldindan tezlikni kamaytirib, ulagichni ajratmay, bir tekis tormozlash""}",1,https://postimg.cc/Dmfk0bYv,300,,"Tormoz tizimi mavjud bolmagan tirkamani ulash vaqtida ulangan transport vositalarining umumiy vazni kattalashgani bois avtomobilning tormoz yo li ortadi. Avtopoezdni faqat yo Ining to'g'ri uchastkalarda to'xtatish mumkin, bunda uning to liq vazni bir chiziqda bo lishi kerak. Aylana yo'lda shatakchi avtomobilning ag'darilishi, yo'l chetiga chiqib ketishi yoki shatakchi moslamaning ishdan chiqishiga olib keluvchi tirkamaning surilib ketishi yoki avtopoezdning buklanishi yuzaga kelishi mumkin."
question_330,Yon kajavasi bo'lmagan mototsiklda bolalarni tashishga ruxsat etiladimi?,"{""Ruxsat etiladi"",""12 yoshdan katta bolalarga ruxsat etiladi"",""Katta yoshdagi yolovchi bolganda ruxsat etiladi"",""Taqiqlanadi""}",1,https://postimg.cc/Dmfk0bYv,300,,"YHQ 26-bobi 159-bandining to'rtinchi va beshinchi xatboshilariga asosan, odamlarni tashish quyidagi hollarda taqiqlanadi: Mototsikllar, elektromototsikllar, mopedlar va skuterlarning konstruksiyasida ko zda tutilgan joylardan tashqarida; 12 yoshga to lmagan bolalarni mototsikl, elektromototsikl, moped va skuterning orqa o'rindig'ida, shuningdek, bolalarni ushlab turuvchi maxsus qurilma o rnatilmagan transport vositasining old o rindig ida."
question_331,Ushbu yotiq chiziq nimani anglatadi?,"{""Transport vositalari oqimi qo'shiladigan joylardagi yo'naltiruvchi orolchani"",""Qatnov qismidagi xavfli joylarda piyodalar uchun orolchani"",""Transport vositalari to'xtab turish qatnov chegarasini"",""Transport vositalari oqimi ajraladigan joydagi yo'naltiruvchi orolchani""}",0,https://lgacbbewpuzeyxijzfii.supabase.co/storage/v1/object/public/test-images/question-331.jpg,300,,"YHQ 2-ilovasi 1-bo limining yigirmanchi xatboshisiga asosan: 1.16.3 - transport vositalari oqimi qo'shiladigan joylardagi yo""naltiruvchi orolchani bildiradi."
question_332,Chorrahada qaysi yonalishlarda harakat qilish ruxsat etiladi?,"{""Faqat «Г» va «E»"",""«А», «Б», «Г», «Д»"",""«Б», «В», «Г», «Д»""}",0,https://lgacbbewpuzeyxijzfii.supabase.co/storage/v1/object/public/test-images/question-332.jpg,300,,"YHQ 1-ilovasi 1-bo limining to'qqizinchi, o'n birinchi va o'n ikkinchi xatboshlariga asosan: 5.8.1. ""Tasmalar bo'yicha harakat yo'nalishi"". Tasmalar soni va har biri bo yicha ruxsat etilgan harakatlanish yo'nalishlari. Boshqa yo'nalishlar bo'yicha harakatlanish taqiqlanadi. 5.8.2. ""Tasma bo'yicha harakatlanish yo nalishi"". Tasma bo yicha ruxsat etilgan harakatlanish yo'nalishi. Boshqa yo nalishlar bo'yicha harakatlanish taqiqlanadi. Yolning chetki chap bolagidan chapga burilishga ruxsat beruvchi 5.8.1 va 5.8.2 belgilari shu tasmadan qayrilishga ham ruxsat beradi. Chorrahadan oldin o'rnatilgan 5.8.1 va 5.8.2 belgilarining ta'siri, agar shu turkumdagi boshqa belgilar o'rnatilmagan bo'lsa, butun chorrahaga tatbiq etiladi."
question_333,Qatnov qismi o'ng bolagi bo'ylab harakatlanishga qaysi transport vositasiga ruxsat etilgan?,"{""Barcha mexanik transport vositalariga"",""Belgilangan yonalishdagi transport vositalariga va taksilarga"",""Faqat velosipedlarga"",""Faqat belgilangan yo'nalishdagi transport vositalariga""}",3,https://lgacbbewpuzeyxijzfii.supabase.co/storage/v1/object/public/test-images/question-333.jpg,300,,YHQ 2-ilovasi 1-bo'limining yigirma yettinchi xatboshisiga asosan: 1.23 - yo'Ining faqat yo nalishli transport vositalari uchun mo'ljallangan bo'lagini bildiradi.
question_334,Transport vositalari chorrahani quyidagi tartibda kesib otadilar:,"{""Tramvay, sariq, yashil avtomobillar"",""Tramvay va yashil avtomobil, sariq avtomobil"",""Yashil, sariq avtomobillar, tramvay""}",1,https://lgacbbewpuzeyxijzfii.supabase.co/storage/v1/object/public/test-images/question-334.jpg,300,,"YHQ 16-bobi 105-bandiga asosan: Teng ahamiyatga ega bolgan yollar kesishgan chorrahada relssiz transport vositasining haydovchisi o'ngdan kelayotgan transport vositalariga yol berishi shart. Bu qoidaga tramvay haydovchilari ham o'zaro amal gilishlari kerak. Bunday chorrahalarda, keyingi harakat yo'nalishidan qat'i nazar, tramvay relssiz transport vositalariga nisbatan oldin o'tish huquqiga ega bo ladi"
question_335,Qaysi transport vositasining haydovchisiga belgida korsatilgan tezlik bilan harakatlanishga ruxsat berilgan?,"{""Har ikki haydovchiga"",""Faqat mikroavtobus haydovchisiga"",""Har ikkisiga taqiqlangan""}",1,https://lgacbbewpuzeyxijzfii.supabase.co/storage/v1/object/public/test-images/question-335.jpg,300,,"YHQ 11-bobi 79-bandining ikkinchi xatboshisiga asosan, aholi punktlaridan tashqarida: shaharlararo qatnaydigan avtobuslarga va mikroavtobuslarga tezlikni soatiga 90 kilometrdan oshirmasdan; YHQ 11-bobi 80-bandining birinchi xatboshisiga asosan, har qanday yo'llarda: yukxonasida odam tashiyotgan yuk avtomobillariga tezlikni soatiga 60 kilometrdan oshirmasdan."
question_336,"Boshqaruvda organuvchi bolsa, ushbu transport vositasiga qaysi tomonga harakatlanishga ruxsat beriladi?","{""Hamma tomonga"",""Faqat o'ngga"",""O'ngga, chapga va qayrilib olishga""}",2,https://lgacbbewpuzeyxijzfii.supabase.co/storage/v1/object/public/test-images/question-336.jpg,300,,"YHQ 20-bobi 124-bandining birinchi xatboshisiga asosan, turar joy dahalarida quyidagilar taqiqlanadi: mexanik transport vositalarini boshqarishni o'rgatish."
question_337,Chorrahani kesib o'tishda tramvay yoli boylab harakatlanishga ruxsat etiladimi?,"{""Taqiqlanadi"",""Agar qarama-qarshi yo'nalishdagi tramvayga to'sqinlik qilmasa, ruxsat etiladi"",""Qarama-qarshi yonalishdagi tramvay yollari boylab ruxsat etiladi"",""Boshqa tasmalar band bolganda, aylanib o'tishga, chapga burilish va qayrilib olishga, bir yo'nalishdagi tramvay yo'llari bo'ylab xarakatlanishga ruxsat etiladi. (agar chorraxadan oldin 5.8.1 yoki 5.8.2 yo'l belgilari o'rnatilmagan bolsa) Bunda tramvayga xalaqit bermaslik kerak""}",3,https://postimg.cc/Dmfk0bYv,300,,"YHQ 10-bobi 69-bandining birinchi xatboshisiga asosan: Bir yo'nalishdagi qatnov qismining chap tomonida u bilan bir sathda joylashgan tramvay yo'lidan, shu yo nalishdagi boshqa tasmalar band bo lganda harakatlanishga, shuningdek, aylanib o tishga, chapga burilish va qayrilib olishga ushbu Qoidalarning 56-bandini hisobga olgan holda ruxsat etiladi. Biroq bu tramvayga xalaqit bermasligi kerak. Qarama-qarshi yo'nalishdagi tramvay yolidan harakatlanish taqiqlanadi. Agar chorrahadan oldin 5.8.1 yoki 5.8.2 yo'l belgilari o'rnatilgan bo'lsa, chorrahadan o'tishda tramvay yollaridan harakatlanish taqiqlanadi."
question_338,Yuk avtomobillari avtomagistralda chetki chap qatorida harakatlanishga ruxsat etiladimi?,"{""Ruxsat etiladi"",""Taqiqlanadi""}",1,https://postimg.cc/Dmfk0bYv,300,,"YHQ 19- bobi 121-bandining ikkinchi xatboshisiga asosan, avtomagistrallarda quyidagilar taqiqlanadi: yuk avtomobillariga yo Ining chetki chap gatorida harakatlanishi."
question_339,Qattiq charchoq boshlanishining asosiy tashqi alomatlari qanday?,"{""Ko'z sanchib og'riydi, yuz terisi oqaradi, uyqu bosadi"",""Yuz qizil tusga kiradi, qol-oyoqlar soviydi, ongi xiralashadi"",""Mushaklarda horg inlik seziladi, quloqlarda shovgin, bosh aylanadi, muzdek yopishqoq ter chiqadi""}",0,https://postimg.cc/Dmfk0bYv,300,,"Haydovchi toliqishning o'ziga xos alomatlariga - uyqu kelishi, lanjlik va diqqatning pasayishi kiradi. Bu holatda transport vositasini boshqarish xavfli bo'lganligi bois, taqiqlangan."
question_340,Tashilayotgan yuk DYHX xizmatining ruxsatisiz transport vositasi olchamlarining orqa nuqtasidan eng katta miqdorda qanday chiqib turishi mumkin?,"{""1,0 m"",""1,5 m"",""2,0 m"",""2,5 m"",""4,0 m""}",2,https://postimg.cc/Dmfk0bYv,300,,"YHQ 27-bobi 164-bandining birinchi xatboshisiga asosan: O'ta og'ir, katta o'lchamli va xavfli yuklarni tashishda gabarit o'Ichamlari yukli yoki yuksiz holda eni bo yicha 2,55 (refrijeratorlar va izotermik kuzovlar uchun - 2,6) metrdan va balandligi bo'yicha yol sathidan 4 metrdan, uzunligi bo'yicha yakka avtotransport vositasi uchun - 12 metrdan, tirkama uchun - 12 metrdan, yarimtirkamali avtopoezd uchun - 20 metrdan, tirkamali avtopoezd uchun - 20 metrdan ortiq bo'lgan yoki yuki transport vositasining oldi va orqa nuqtasidan 2 metrdan ortiq chiqib turgan transport vositalarining harakatlanishi belgilangan tartibda DYHXX bilan"
question_341,kelishilgan bolishi kerak. Transport vositalaridan foydalanish va texnik holatiga javobgar mansabdor shaxslarning majburiyatlari:,"{""Belgilangan muddatda tibbiyot korigidan o'tmagan shaxslarni transport vositalarini boshqarishiga yol qo'ymaslik"",""Texnik holati va jihozlari Qoida talablariga mos kelmaydigan transport vositalarini yolga chiqarmaslik"",""Belgilangan tartibda ro yxatdan o'tkazilmagan transport vositalarini yolga chiqarmaslik"",""Barcha sanab otilganlarni bajarishga""}",3,https://postimg.cc/Dmfk0bYv,300,,"YHQ 29-bobi 180-bandining birinchi va ikkinchi xatboshlariga asosan, transport vositalarining texnik holatiga va ulardan foydalanishga javobgar bo lgan mansabdor va boshqa shaxslarga quyidagilar taqiqlanadi: texnik nosoz, tegishli ruxsatsiz qayta jihozlangan, belgilangan tartibda ro'yxatdan o'tkazilmagan yoki davriy davlat texnik ko'rigidan o'tkazilmaganligi tufayli yo'lga chiqarish; mastlik (giyohvandlik moddalar, alkogol va boshqalar) holatida yoki sezgirlik va e'tiborni susaytiradigan dori-darmonlar ta'sirida, yo'l harakati xavfsizligiga tahdid soladigan charchoqlik yoki betoblik holatida, shuningdek tegishli toifadagi transport vositalarini boshqarish huquqi bo lmagan, belgilangan muddatda tibbiy ko'rikdan o'tmagan, transport vositalari egalarining Fuqarolik javobgarligini majburiy sug'urta qilish bo'yicha sug'urta polisi bo lmagan shaxslarni transport vositasini boshqarishga qo yish."
question_342,Belgi va uning ostidagi qoshimcha axborot belgisi nima haqida ogohlantiradi?,"{""Olib borilayotgan ishlar munosabati bilan yo'l chetida to'xtash taqiqlanadi"",""Yol yoqasida ta'mirlash ishlari olib borilayotganligi munosabati bilan unga yaqin kelish xavfli"",""Yolda ta'mirlash ishlari olib borilayotganda yol chetida to'xtab turish taqiqlanadi""}",1,https://lgacbbewpuzeyxijzfii.supabase.co/storage/v1/object/public/test-images/question-342.jpg,300,,YHQ 1-ilovasi 1-bo limining yigirma sakkizinchi xatboshisiga asosan: 1.23. «Ta'mirlash ishlari». YHQ 1-ilovasi 7-bo limining yigirma beshinchi xatboshisiga asosan: 7.12. «Xavfli yo'l yoqasi». Yol ishlari bajarilayotgani sababli yo'! yogasiga chiqish xavfli ekanligi haqida ogohlantiradi. 1.23 belgisi bilan qo llaniladi.
question_343,Har bir chiziq uzunligi ular orasidagi masofadan uch barobar katta bolgan uzuq-uzuq chiziq nimani bildiradi?,"{""Tezlashish yoki sekinlashish bolagi bilan yolning qatnov qismidagi asosiy bolagi ortasidagi chegarani"",""Avtomagistrallarda qatnov qismi chetlarini"",""Qarama-qarshi yoki bir yonalishda harakatlanayotgan transport vositalari oqimlarini ajratuvchi 1.1 yoki 1.11 chizig'iga yaqinlashayotganlik haqida ogohlantiradi""}",2,https://lgacbbewpuzeyxijzfii.supabase.co/storage/v1/object/public/test-images/question-343.jpg,300,,YHQ 2-ilovasi 1-bo'limining sakkizinchi xatboshisiga asosan: 1.6 (yaqinlashish chizigi - har bir chiziq uzunligi ular orasidagi masofadan uch barobar katta bo lgan uzuq-uzuq chiziq) - qarama-qarshi yoki bir yo'nalishda harakatlanayotgan transport vositalari oqimlarini ajratuvchi 1.1 yoki 1.11 chizig'iga yaqinlashayotganlik haqida ogohlantiradi.
question_344,Yol ortasidagi to xtash joyida to'xtagan shu yo'nalishdagi tramvayga yaqinlashib qolgan haydovchi nima qilishi kerak?,"{""To'xtashi, tramvay eshiklari yopilgandan keyin harakatni davom ettirishi"",""Yol ortasidagi to xtash joyida turgan shu yonalishdagi tramvayga kelayotgan yoki undan uzoqlashayotgan piyodalarga yol berishi"",""Toxtashi, song tramvay harakatlanganidan keyin harakatni davom ettirishi"",""Tramvay to'xtash joyidan nihoyatda ehtiyotkorlik bilan o'tishi""}",1,https://postimg.cc/Dmfk0bYv,300,,"YHQ 17-bobi 114-bandiga asosan: Agar yo lovchilarni tushirish yoki chiqarish qatnov qismida yoki unda joylashgan maydonchada amalga oshirilayotgan bo'lsa, haydovchi bekatda to xtagan yo'nalishli transport vositasi eshiklari tomon borayotgan yoki undan"
question_345,Qaysi transport vositasining haydovchisi harakatlanishda imtiyozga ega?,"{""Avtomobil haydovchisi"",""Tramvay haydovchisi""}",1,https://lgacbbewpuzeyxijzfii.supabase.co/storage/v1/object/public/test-images/question-345.jpg,300,,"YHQ 15-bobi 101-bandining birinchi xatboshisiga asosan: Agar svetofor yoki tartibga soluvchining ishoralari tramvay va relssiz transport vositalariga bir vagtda harakatlanishga ruxsat bersa, harakatlanish yo'nalishidan qati nazar, tramvay oldin o tish huquqiga ega bo ladi."
question_346,"Transport vositasining haydovchisi, agar svetoforning ruxsat etuvchi chirog'i yoqilsa-yu, harakat yo nalishining qatnov qismidan o'tishga ulgurmagan piyodalar bolsa, nima gilishi kerak?","{""Tezlikni kamaytirishi, tovush ishorasini berishi va eng kam tezlik bilan piyodalarning o'tish joyidan o'tishi"",""Tovush ishorasini berishi va tezlikni kamaytirmay piyodalarning o'tish joyidan o'tishi"",""Mazkur yonalishning qatnov gismidan piyodalarning o'tib olishiga imkon berishi"",""Ehtiyotkorlik choralariga rioya etgan holda piyodalarning o'tish joyidan o'tishi""}",2,https://postimg.cc/Dmfk0bYv,300,,YHQ 15-bobi 103-bandiga asosan: Svetoforning ruxsat etuvchi ishorasi yonganda haydovchi chorraha orgali harakatlanishni tugallayotgan transport vositalari va qatnov gismidan tegishli yo'nalishda o'tishni tugallayotgan ртуода (Гаг)да yo l berishi shart.
question_347,Aholi punktlarida yuk avtomobillarning harakatlanishiga qaysi tasmadan ruxsat etiladi?,"{""Qatnov qismining o'ng chetiga yaqin tasmadan"",""Boshqa tasmalarda qatnov kop bolganda istalgan tasmadan"",""Istalgan tasmadan, biroq, agar relssiz transport vositalarining harakati uchun bir yo'nalishda uchta va undan ortiq tasma bolsa, u holda chetki chap tasmaga faqat chapga burilish, orqaga qayrilish uchun o'tishga va tushirish yoki ortish uchun bir tomonlama harakatga ruxsat etilgan ko'chalarda to'xtashga""}",0,https://postimg.cc/Dmfk0bYv,300,,"YHQ: v) yuk avtomobillari, Yo'l harakati qoidalarida belgilangan ayrim istisnolardan tashqari barcha holatlarda, yoIning faqat o'ng qatnov qismidan harakatlanishi shart."
question_348,"Agar barcha transport vositalari 80 km/soat tezlik bilan harakat qilsa, haydovchilardan qay biri qoidalar talablarini buzadi?","{""Mototsikl va yuk avtomobilining haydovchilari"",""Mototsikl va yengil avtomobilning haydovchilari"",""Hamma haydovchilar"",""Mototsikl haydovchisi"",""Hech kim buzmadi""}",4,https://lgacbbewpuzeyxijzfii.supabase.co/storage/v1/object/public/test-images/question-348.jpg,300,,"YHQ 1-ilovasi 3-bo'limi 3.24 belgi talabiga asosan, «Yuqori tezlik cheklangan» belgisi transport vositalarining yuqori tezligini cheklaydi."
question_349,Tormoz yoli deganda nima tushuniladi?,"{""Haydovchiga xavf malum bolgan vaqtdan boshlab avtomobilning toliq to'xtagungacha bosib o'tgan masofasi"",""Tormoz tepkisi bosilgan vaqtdan boshlab avtomobilning toliq to'xtagungacha bosib o'tgan masofa o'tgan masofa""}",1,https://postimg.cc/Dmfk0bYv,300,,"Haydovchi tormoz pedalini bosgandan boshlab avtomobilni to xtaguncha bosib o'tgan yoliga - ""tormoz yoli"" deyiladi."
question_350,Davlat YHX xizmatining ruxsatisiz transport vositasining yuk bilan yoki yuksiz qanday yuqori o'lchamdagi balandlik bilan harakatlanishiga yo'l qo'yiladi?,"{""5,0 m"",""4,5 m"",""4,0 m"",""2,5 m"",""3,8 m""}",2,https://postimg.cc/Dmfk0bYv,300,,"YHQ 27-bobi 164-bandining birinchi xatboshisiga asosan: O ta og ir, katta o' lchamli va xavfli yuklarni tashishda gabarit o'Ichamlari yukli yoki yuksiz holda eni bo yicha 2,55 (refrijeratorlar va izotermik kuzovlar uchun - 2,6) metrdan va balandligi bo yicha yol sathidan 4 metrdan, uzunligi bo'yicha yakka avtotransport vositasi uchun - 12 metrdan, tirkama uchun - 12 metrdan, yarimtirkamali avtopoezd uchun - 20 metrdan, tirkamali avtopoezd uchun - 20 metrdan ortiq bo'lgan yoki yuki transport vositasining oldi va orqa nuqtasidan 2 metrdan ortiq chiqib turgan transport vositalarining harakatlanishi belgilangan tartibda DYHXX bilan kelishilgan bolishi kerak."
