question,question_cyrl,answers,answers_cyrl,correct_answer,image_url,category,time_limit,audio_url,audio_url_cyrl,explanation_text,explanation_text_cyrl
Qaysi shartlarda transport vositalaridan foydalanish taqiqlanadi?,Қайси шартларда транспорт воситаларидан фойдаланиш тақиқланади?,"{""Gidravlik tormoz tizimidan suyuqlik oqayotgan bo'lsa"",""Ishchi tormoz tizimi samaradorligi talabga javob bermaydi"",""Kompressor pnevmatik tormoz tizimida o'rnatilgan bosimni taminlay olmagan holatda"",""Ko'rsatilgan barcha holatlarda""}","{""Гидравлик тормоз тизимидан суюқлик оқаётган бўлса"",""Ишчи тормоз тизими самарадорлиги талабга жавоб бермайди"",""Компрессор пневматик тормоз тизимида ўрнатилган босимни таминлай олмаган ҳолатда"",""Кўрсатилган барча ҳолатларда""}",3,https://postimg.cc/Dmfk0bYv,1-BILET,300,,,,
Avtomobilda yoqilgan sarg'ish rangli miltillovchi chiroq yoqilgan holatda harakatlanish uchun imtiyoz beradimi?,Автомобилда ёқилган сарғиш рангли милтилловчи чироқ ёқилган ҳолатда ҳаракатланиш учун имтиёз берадими?,"{""Ha"",""Yo'q""}","{""Ҳа"",""Ёқ""}",1,https://postimg.cc/Dmfk0bYv,1-BILET,300,,,,
Yo'lning qarama-qarshi harakat yo'nalishi tomoniga chiqish qachon taqiqlanadi?,Ёлнинг қарама-қарши ҳаракат ёналиши томонига чиқиш қачон тақиқланади?,"{""Ikki tomonlama harakatli, 4ta yoki undan ko'p bo'lakli yo'llarda"",""Ikki tomonlama harakatli, qarama-qarshi yo'nalishdagi transport vositalari oqimlari ikkita uzluksiz chiziqlar bilan ajratilgan, 4ta bo'lakli yo'llarda"",""Yuqoridagi barcha hollarda""}","{""Икки томонлама ҳаракатли, 4та ёки ундан кўп бўлакли ёлларда"",""Икки томонлама ҳаракатли, қарама-қарши ёналишдаги транспорт воситалари оқимлари иккита узлуксиз чизиқлар билан ажратилган, 4та бўлакли ёлларда"",""Юқоридаги барча ҳолларда""}",2,https://postimg.cc/Dmfk0bYv,1-BILET,300,,,,
Yo'naltirgichlarning qaysilari bo'ylab harakatlanishga ruxsat etiladi?,Ёналтиргичларнинг қайсилари бўйлаб ҳаракатланишга рухсат етилади?,"{""Faqat \"" ? \"" yo'nalish bo'ylab"",""Faqat \"" ? \"" yo'nalish bo'ylab"",""Faqat \"" ? \"" yo'nalish bo'ylab"",""Faqat \"" ? \"" va \"" ? \"" yo'nalishlari bo'ylab"",""Faqat \"" ? \"" yo'nalish bo'ylab""}","{""Фақат \"" ? \"" ёналиш бўйлаб"",""Фақат \"" ? \"" ёналиш бўйлаб"",""Фақат \"" ? \"" ёналиш бўйлаб"",""Фақат \"" ? \"" ва \"" ? \"" ёналишлари бўйлаб"",""Фақат \"" ? \"" ёналиш бўйлаб""}",3,https://ptest.uz/images/ccff763f-0a97-4958-8ac7-72f5e3649d57.webp,1-BILET,300,,,,
Bunday taniqlik belgisi bilan belgilanadigan transport vositasi:,Бундай таниқлик белгиси билан белгиланадиган транспорт воситаси:,"{""Og'ir vaznli va yirik o'lchamli yuklarni tashuvchi"",""Uzunligi yuk bilan yoki yuksiz 20 metrdan ortiq bo'lgan transport vositasi"",""Furgon yukxonasida odamlarni tashuvchi""}","{""Оғир вазнли ва йирик ўлчамли юкларни ташувчи"",""Узунлиги юк билан ёки юксиз 20 метрдан ортиқ бўлган транспорт воситаси"",""Фургон юкхонасида одамларни ташувчи""}",1,https://ptest.uz/images/173d29b3-0a47-4ef2-a5a5-4cc1c5c2a405.webp,1-BILET,300,,,,
Haydovchi harakatlanishni boshlashidan oldin qanday amallarni bajarishi kerak?,Ҳайдовчи ҳаракатланишни бошлашидан олдин қандай амалларни бажариши керак?,"{""Transport vositasining sozligini va to'la jixozlanganligini tekshirishi"",""Harakatlanish boshlanishi havfsiz bo'lishiga va harakatning boshqa ishtirokchilariga halaqit bermasligiga ishonch hosil qilishi kerak"",""Tegishli yo'nalishdagi burilishning yorug'lik ko'rsatkichi bilan ishora berishi"",""Sanab o'tilgan hamma harakatlarni bajarishi""}","{""Транспорт воситасининг созлигини ва тўла жихозланганлигини текшириши"",""Ҳаракатланиш бошланиши ҳавфсиз бўлишига ва ҳаракатнинг бошқа иштирокчиларига ҳалақит бермаслигига ишонч ҳосил қилиши керак"",""Тегишли ёналишдаги бурилишнинг ёруғлик кўрсаткичи билан ишора бериши"",""Санаб ўтилган ҳамма ҳаракатларни бажариши""}",1,https://postimg.cc/Dmfk0bYv,1-BILET,300,,,,
Shu joyda to'xtab turishga ruxsat etiladimi?,Шу жойда тўхтаб туришга рухсат етиладими?,"{""Ruxsat etiladi"",""Taqiqlanadi""}","{""Рухсат етилади"",""Тақиқланади""}",0,https://ptest.uz/images/18fb64f5-6cd2-4fea-bb62-3d109f527e66.webp,1-BILET,300,,,,
Umurtqasining ko'krak qismi shikastlangan kishi transportda qanday tashiladi?,Умуртқасининг кўкрак қисми шикастланган киши транспортда қандай ташилади?,"{""Qattiq taxtada orqasi bilan yotgan holda"",""Yumshoq tushamada orqasi bilan yotgan holda"",""Qattiq taxtada yoni bilan yotgan holda""}","{""Қаттиқ тахтада орқаси билан ётган ҳолда"",""Юмшоқ тушамада орқаси билан ётган ҳолда"",""Қаттиқ тахтада ёни билан ётган ҳолда""}",0,https://postimg.cc/Dmfk0bYv,1-BILET,300,,,,
Qaysi transport vositasining haydovchisi yo'l berishi kerak?,Қайси транспорт воситасининг ҳайдовчиси ёл бериши керак?,"{""Avtomobil haydovchisi"",""Tramvay haydovchisi""}","{""Автомобил ҳайдовчиси"",""Трамвай ҳайдовчиси""}",1,https://ptest.uz/images/52e4a87d-cc40-4595-866d-2a045fbab594.webp,1-BILET,300,,,,
Transport vositasini orqaga harakatlantirish paytida haydovchi qanday talablarni bajarishi kerak?,Транспорт воситасини орқага ҳаракатлантириш пайтида ҳайдовчи қандай талабларни бажариши керак?,"{""Harakatning  boshqa ishtirokchilariga halaqit bermaslik. Harakat havfsizligini taminlash uchun zarur bo'lsa, boshqa shaxslar yordamidan foydalanish"",""Boshqa shaxslar yordamidan foydalanish"",""Transport vositasida tumanga qarshi chiroqlar bo'lsa, ularni yoqish"",""Gabarit chiroqlarini yoqish""}","{""Ҳаракатнинг  бошқа иштирокчиларига ҳалақит бермаслик. Ҳаракат ҳавфсизлигини таминлаш учун зарур бўлса, бошқа шахслар ёрдамидан фойдаланиш"",""Бошқа шахслар ёрдамидан фойдаланиш"",""Транспорт воситасида туманга қарши чироқлар бўлса, уларни ёқиш"",""Габарит чироқларини ёқиш""}",0,https://postimg.cc/Dmfk0bYv,1-BILET,300,,,,
Chorrahadan birinchi bo'lib o'tadi:,Чорраҳадан биринчи бўлиб ўтади:,"{""Qizil avtomobil"",""Ko'k avtomobil"",""Sariq avtomobil"",""Yashil avtomobil""}","{""Қизил автомобил"",""Кўк автомобил"",""Сариқ автомобил"",""Яшил автомобил""}",3,https://ptest.uz/images/15c7fb23-fa83-4b18-ab47-2c53892866d7.webp,1-BILET,300,,,,
Qaysi transport vositasining haydovchisi chorrahadan birinchi bo'lib o'tadi?,Қайси транспорт воситасининг ҳайдовчиси чорраҳадан биринчи бўлиб ўтади?,"{""Avtomobil va avtobus haydovchisi"",""Tramvay haydovchisi""}","{""Автомобил ва автобус ҳайдовчиси"",""Трамвай ҳайдовчиси""}",0,https://ptest.uz/images/24a767f8-eafb-4610-ab46-3d79e780da8e.webp,1-BILET,300,,,,
Qaysi holatda egri yo'lda harakatlanayotgan avtomobil turg'unligi taminlangan?,Қайси ҳолатда егри ёлда ҳаракатланаётган автомобил турғунлиги таминланган?,"{""Uzatma ulangan holatda"",""Uzatma ajratilgan holatda"",""Tezlik oshirilganda""}","{""Узатма уланган ҳолатда"",""Узатма ажратилган ҳолатда"",""Тезлик оширилганда""}",0,https://postimg.cc/Dmfk0bYv,1-BILET,300,,,,
Qaysi transport vositasi haydovchisi to'g'riga harakatlanish huquqiga ega?,Қайси транспорт воситаси ҳайдовчиси тўғрига ҳаракатланиш ҳуқуқига ега?,"{""Avtobus va motosikl haydovchilari"",""Engil va yuk avtomobillari haydovchilari"",""Engil avtomobil haydovchisi""}","{""Автобус ва мотосикл ҳайдовчилари"",""Енгил ва юк автомобиллари ҳайдовчилари"",""Енгил автомобил ҳайдовчиси""}",2,https://ptest.uz/images/3b8200ab-5ee9-4283-bcaa-71e042063ec1.webp,1-BILET,300,,,,
Qo'yidagi belgilar qaysi yo'nalishda harakatlanishga ruxsat beradi?,Қўйидаги белгилар қайси ёналишда ҳаракатланишга рухсат беради?,"{""Faqat chapga"",""Faqat to'g'riga"",""Faqat o'ngga"",""To'g'riga, o'ngga va qayrilishga""}","{""Фақат чапга"",""Фақат тўғрига"",""Фақат ўнгга"",""Тўғрига, ўнгга ва қайрилишга""}",3,https://ptest.uz/images/fa368d84-adce-4bed-b0d1-b1b612e653f4.webp,1-BILET,300,,,,
Bu belgilarning tasir oralig'ida qaysi avtomobil uchun to'xtashga ruxsat beriladi?,Бу белгиларнинг тасир оралиғида қайси автомобил учун тўхташга рухсат берилади?,"{""Qizilga"",""Ikkala avtomobilga"",""Hech qaysi biriga"",""Sariq avtomobilga""}","{""Қизилга"",""Иккала автомобилга"",""Ҳеч қайси бирига"",""Сариқ автомобилга""}",3,https://ptest.uz/images/ea41338a-b202-47ab-b2bf-1de5b26be4f3.webp,1-BILET,300,,,,
Avtomagistralda quyidagilar taqiqlanadi:,Автомагистралда қуйидагилар тақиқланади:,"{""Qayrilib olish va ajratuvchi bo'lakning texnologik o'zilish joylariga kirish"",""Orqaga harakatlanish"",""\""?????? ????? ????\"" yoki \""??? ???? ????\"" belgilari bo'lgan maxsus maydonchalardan tashqari joyda to'xtash"",""Yuqoridagi barcha holatlar""}","{""Қайрилиб олиш ва ажратувчи бўлакнинг технологик ўзилиш жойларига кириш"",""Орқага ҳаракатланиш"",""\""?????? ????? ????\"" ёки \""??? ???? ????\"" белгилари бўлган махсус майдончалардан ташқари жойда тўхташ"",""Юқоридаги барча ҳолатлар""}",3,https://postimg.cc/Dmfk0bYv,1-BILET,300,,,,
Tibbiyot qutichasi va o't o'chirgich bo'lmagan qanday trasnport vositalaridan foynadalanish taqiqlanadi?,Тиббиёт қутичаси ва ўт ўчиргич бўлмаган қандай траснпорт воситаларидан фойнадаланиш тақиқланади?,"{""Faqat \"" M1 \"" toifali trasnport vositasi"",""Faqat \"" M2; M3; N1 \"" toifali trasnport vositasi"",""Faqat \"" N2; N3 \"" toifali trasnport vositasi"",""Hamma sanab o'tilgan transport vositalaridan""}","{""Фақат \"" М1 \"" тоифали траснпорт воситаси"",""Фақат \"" М2; М3; Н1 \"" тоифали траснпорт воситаси"",""Фақат \"" Н2; Н3 \"" тоифали траснпорт воситаси"",""Ҳамма санаб ўтилган транспорт воситаларидан""}",3,https://postimg.cc/Dmfk0bYv,1-BILET,300,,,,
Harakatlanish taqiqlanadi:,Ҳаракатланиш тақиқланади:,"{""Qizil va oq avtomobillarga"",""Ko'k, yashil va oq avtomobillarga"",""Oq, ko'k va sariq avtomobillarga""}","{""Қизил ва оқ автомобилларга"",""Кўк, яшил ва оқ автомобилларга"",""Оқ, кўк ва сариқ автомобилларга""}",1,https://ptest.uz/images/3b6b1f1d-3fc9-44b9-a1a4-18e3eb3f0d7e.webp,1-BILET,300,,,,
Mazkur chiziq nima haqida ogohlantiradi?,Мазкур чизиқ нима ҳақида огоҳлантиради?,"{""Transport vositalarining majburiy to'xtash joyiga yaqinlashayotgani"",""\""??????????? ???????????? ???????????\"" belgisi bilan birga qo'llanilganda haydovchini \""??????\"" chizig'iga yaqinlashayotganligini"",""Transport vositasi piyodalarga yo'l berishi kerak bo'lgan joyni ko'rsatadi""}","{""Транспорт воситаларининг мажбурий тўхташ жойига яқинлашаётгани"",""\""??????????? ???????????? ???????????\"" белгиси билан бирга қўлланилганда ҳайдовчини \""??????\"" чизиғига яқинлашаётганлигини"",""Транспорт воситаси пиёдаларга ёл бериши керак бўлган жойни кўрсатади""}",1,https://ptest.uz/images/842cbeae-9f28-4115-a918-70c63c1cab48.webp,1-BILET,300,,,,
Qaysi belgi Qoidalarning aholi punktlarida harakatlanish tartibini belgilaydigan talablarning bekor kilinishini ko'rsatadi?,Қайси белги Қоидаларнинг аҳоли пунктларида ҳаракатланиш тартибини белгилайдиган талабларнинг бекор килинишини кўрсатади?,"{""1"",""2"",""3"",""4"",""5""}","{""1"",""2"",""3"",""4"",""5""}",3,https://postimg.cc/Dmfk0bYv,2-BILET,300,,,,
O'ngga burilganda shu belgi bilan belgilangan bo'lakka o'tishga ruxsat etiladimi?,Ўнгга бурилганда шу белги билан белгиланган бўлакка ўтишга рухсат етиладими?,"{""Ruxsat etiladi"",""Taqiqlanadi"",""Agar bo'lak qolgan harakat qismidan yotiq uzluksiz chiziq bilan ajratilmagan bo'lsa, ruxsat etiladi""}","{""Рухсат етилади"",""Тақиқланади"",""Агар бўлак қолган ҳаракат қисмидан ётиқ узлуксиз чизиқ билан ажратилмаган бўлса, рухсат етилади""}",2,https://ptest.uz/images/1413b3b6-6477-45ab-a91a-05b8a49f6953.webp,2-BILET,300,,,,
"Yuk transport vositasiga shunday joylashtirilishi kerakki, u:","Юк транспорт воситасига шундай жойлаштирилиши керакки, у:","{""Yukxona devorlaridan baland chiqmasligi kerak"",""Shovqin hosil qilmasligi, chang ko'tarmasligi va atrof-muxitni iflos qilmasligi kerak"",""Transport vositasining orqa o'lchamidan 0,8 m. dan ortiq chiqib turmasligi kerak""}","{""Юкхона деворларидан баланд чиқмаслиги керак"",""Шовқин ҳосил қилмаслиги, чанг кўтармаслиги ва атроф-мухитни ифлос қилмаслиги керак"",""Транспорт воситасининг орқа ўлчамидан 0,8 м. дан ортиқ чиқиб турмаслиги керак""}",1,https://postimg.cc/Dmfk0bYv,2-BILET,300,,,,
Qaysi belgi qarama-qarshi harakatlanishning ustunligini bildiradi?,Қайси белги қарама-қарши ҳаракатланишнинг устунлигини билдиради?,"{""1"",""2"",""3"",""4"",""5""}","{""1"",""2"",""3"",""4"",""5""}",1,https://ptest.uz/images/78efcb70-7a04-4239-85d7-8d54f1decaa6.webp,2-BILET,300,,,,
Mazkur yo'l belgisi nimani bildiradi?,Мазкур ёл белгиси нимани билдиради?,"{""Yo'lning trotuar yoki piyodalar yo'lkasi bo'lgan qismini"",""Yo'lning piyodalar o'tish joyi bo'lgan qismini""}","{""Ёлнинг тротуар ёки пиёдалар ёлкаси бўлган қисмини"",""Ёлнинг пиёдалар ўтиш жойи бўлган қисмини""}",1,https://ptest.uz/images/38418c80-7bc3-4887-80a2-d1b6665e1cdb.webp,2-BILET,300,,,,
Qaysi transport vositasiga harakatlanish ruxsat etiladi?,Қайси транспорт воситасига ҳаракатланиш рухсат етилади?,"{""Motosiklga"",""Yuk avtomobiliga"",""Avtobusga"",""Engil avtomobilga"",""Engil va yuk avtomobillariga""}","{""Мотосиклга"",""Юк автомобилига"",""Автобусга"",""Енгил автомобилга"",""Енгил ва юк автомобилларига""}",3,https://ptest.uz/images/cfd914aa-e047-4f45-831c-e2c7354890fe.webp,2-BILET,300,,,,
Qaysi transport vositalarini qatnov qismning chetida ikki qator qo'yish mumkin?,Қайси транспорт воситаларини қатнов қисмнинг четида икки қатор қўйиш мумкин?,"{""Kajavasiz motosikllar, mopedlar va velosipedlar"",""Kajavali motosikllar"",""\""???????\"" taniqli belgisi bo'lgan engil avtomobillar"",""Ruxsat etilgan to'la vazni 3,5 t. dan kam bo'lgan, bevosita trotuarlar bo'ylab joylashgan savdo va boshqa korxonalarga xizmat qiluvchi yuk avtomobillari""}","{""Кажавасиз мотосикллар, мопедлар ва велосипедлар"",""Кажавали мотосикллар"",""\""???????\"" таниқли белгиси бўлган енгил автомобиллар"",""Рухсат етилган тўла вазни 3,5 т. дан кам бўлган, бевосита тротуарлар бўйлаб жойлашган савдо ва бошқа корхоналарга хизмат қилувчи юк автомобиллари""}",0,https://postimg.cc/Dmfk0bYv,2-BILET,300,,,,
Qaysi joylarda transport vositalariga qatnov qismining chetiga burchak ostida to'xtab turishga ruxsat etiladi?,Қайси жойларда транспорт воситаларига қатнов қисмининг четига бурчак остида тўхтаб туришга рухсат етилади?,"{""Har bir yo'nalishda ikkitadan bo'lagi bo'lgan yo'llarda"",""Har bir yo'nalishda uchta va undan ko'p bo'lagi bo'lgan yo'llarda"",""Faqat bir tomonlama harakatli yo'llarda"",""Yo'lning qatnov qismi kengaygan joylarda boshqa yo'l harakati qatnashchilariga halaqit bermaslik sharti bilan""}","{""Ҳар бир ёналишда иккитадан бўлаги бўлган ёлларда"",""Ҳар бир ёналишда учта ва ундан кўп бўлаги бўлган ёлларда"",""Фақат бир томонлама ҳаракатли ёлларда"",""Ёлнинг қатнов қисми кенгайган жойларда бошқа ёл ҳаракати қатнашчиларига ҳалақит бермаслик шарти билан""}",3,https://postimg.cc/Dmfk0bYv,2-BILET,300,,,,
Suyak singanda qotirib bog'lash uchun nimadan shina sifatida foydalanish eng qo'lay?,Суяк синганда қотириб боғлаш учун нимадан шина сифатида фойдаланиш енг қўлай?,"{""Bint"",""Gazmol"",""Taxta bo'lagi""}","{""Бинт"",""Газмол"",""Тахта бўлаги""}",2,https://postimg.cc/Dmfk0bYv,2-BILET,300,,,,
Haydovchi o'z harakati yo'nalishidan qatiy nazar kimga transport vositasini taqdim etishi kerak?,Ҳайдовчи ўз ҳаракати ёналишидан қатий назар кимга транспорт воситасини тақдим етиши керак?,"{""Yo'l xizmati xodimlariga"",""Tibbiyot xodimlariga zudlik bilan tibbiy yordamga muxtoj bo'lgan fukarolarni davolash-profilaktika muassasasiga olib borish uchun""}","{""Ёл хизмати ходимларига"",""Тиббиёт ходимларига зудлик билан тиббий ёрдамга мухтож бўлган фукароларни даволаш-профилактика муассасасига олиб бориш учун""}",1,https://postimg.cc/Dmfk0bYv,2-BILET,300,,,,
Yashil avtomobil chorrahadan nechanchi bo'lib o'tadi?,Яшил автомобил чорраҳадан нечанчи бўлиб ўтади?,"{""Ikkinchi"",""Birinchi""}","{""Иккинчи"",""Биринчи""}",0,https://ptest.uz/images/c715cbf8-7bda-4058-bc47-ab46828360f6.webp,2-BILET,300,,,,
Transport vositalari chorrahadan quyidagi tartibda o'tadilar:,Транспорт воситалари чорраҳадан қуйидаги тартибда ўтадилар:,"{""Tramvay va avtobus, engil avtomobil"",""Tramvay, engil avtomobil, avtobus"",""Engil avtomobil, tramvay va avtobus""}","{""Трамвай ва автобус, енгил автомобил"",""Трамвай, енгил автомобил, автобус"",""Енгил автомобил, трамвай ва автобус""}",2,https://ptest.uz/images/e62b76ba-e0b1-4f14-9010-cf807fed675d.webp,2-BILET,300,,,,
Qaysi transport vositasining haydovchisi yo'l berishi kerak?,Қайси транспорт воситасининг ҳайдовчиси ёл бериши керак?,"{""Motosikl haydovchisi"",""Avtomobil haydovchisi""}","{""Мотосикл ҳайдовчиси"",""Автомобил ҳайдовчиси""}",1,https://ptest.uz/images/7b4d2c97-9167-45b4-997e-d453c2a17718.webp,2-BILET,300,,,,
Qaysi yo'nalishlarda harakatlanishga ruxsat etilgan?,Қайси ёналишларда ҳаракатланишга рухсат етилган?,"{""Faqat \"" ? \"""",""Faqat \"" ? \"""",""\"" ? \"" va \"" ? \"""",""\"" ? \"", \"" ? \"", \"" ? \"" va \"" ? \"""",""\"" ? \"", \"" ? \"" va \"" ? \""""}","{""Фақат \"" ? \"""",""Фақат \"" ? \"""",""\"" ? \"" ва \"" ? \"""",""\"" ? \"", \"" ? \"", \"" ? \"" ва \"" ? \"""",""\"" ? \"", \"" ? \"" ва \"" ? \""""}",2,https://ptest.uz/images/2d83c9c9-c652-45d7-9d0d-ad23ba915b78.webp,2-BILET,300,,,,
"Avtomobilning qaysi gildiragi ""sirpanib"" tormozlanishga ko'proq moyil?","Автомобилнинг қайси гилдираги ""сирпаниб"" тормозланишга кўпроқ мойил?","{""Orqa g'ildiraklar"",""Oldingi g'ildiraklar""}","{""Орқа ғилдираклар"",""Олдинги ғилдираклар""}",0,https://postimg.cc/Dmfk0bYv,2-BILET,300,,,,
Ushbu yo'l belgisi nima haqida ogohlantiradi?,Ушбу ёл белгиси нима ҳақида огоҳлантиради?,"{""Bir izli temir yo'l kesishmasiga yaqinlashayotganligi haqida"",""Shlagbaum bilan jixozlanmagan bir izli temir yo'l kesishmasi borligidan"",""Shlagbaum bilan jixozlanmagan ikki izli temir yo'l kesishmasi borligidan""}","{""Бир изли темир ёл кесишмасига яқинлашаётганлиги ҳақида"",""Шлагбаум билан жихозланмаган бир изли темир ёл кесишмаси борлигидан"",""Шлагбаум билан жихозланмаган икки изли темир ёл кесишмаси борлигидан""}",1,https://ptest.uz/images/bc2af0c7-1f98-4b12-9aa8-3bec41b1103a.webp,2-BILET,300,,,,
Qaysi transport vositalariga to'xtab turishga ruxsat etilgan?,Қайси транспорт воситаларига тўхтаб туришга рухсат етилган?,"{""Faqat motosiklga"",""Faqat yuk avtomobiliga"",""Faqat engil avtomobilga"",""Engil avtomobil va motosiklga"",""Barcha transport vositalariga""}","{""Фақат мотосиклга"",""Фақат юк автомобилига"",""Фақат енгил автомобилга"",""Енгил автомобил ва мотосиклга"",""Барча транспорт воситаларига""}",3,https://ptest.uz/images/19ddca49-8e32-4f56-8ca4-1a40cfc1ee21.webp,2-BILET,300,,,,
Kunning qorong'i vaqtida suniy yoritilmagan yo'llarda yoki etarli ko'rinmaslik sharoitida yonmaydigan orqa gabarit chiroqlari bilan to'xtab turish yoki tamirlash joyiga borishga ruxsat beriladimi?,Куннинг қоронги вақтида суний ёритилмаган ёлларда ёки етарли кўринмаслик шароитида ёнмайдиган орқа габарит чироқлари билан тўхтаб туриш ёки тамирлаш жойига боришга рухсат бериладими?,"{""Alohida ehtiyotkorlik bilan borishga ruxsat beriladi"",""Taqiqlanadi""}","{""Алоҳида еҳтиёткорлик билан боришга рухсат берилади"",""Тақиқланади""}",1,https://postimg.cc/Dmfk0bYv,2-BILET,300,,,,
"Harakat ikki tomonlama bo'lgan, uch bo'lakli yo'lda siz o'ngga burilishingiz zarur. Ushbu harakatni qaysi bo'lakdan amalga oshirasiz?","Ҳаракат икки томонлама бўлган, уч бўлакли ёлда сиз ўнгга бурилишингиз зарур. Ушбу ҳаракатни қайси бўлакдан амалга оширасиз?","{""O'ng bo'lakdan"",""O'rta bo'lakdan"",""O'ng yoki o'rta bo'lakdan"",""O'rta bo'lakdan, lekin faqat o'ng bo'lak band bo'lganda""}","{""Ўнг бўлакдан"",""Ўрта бўлакдан"",""Ўнг ёки ўрта бўлакдан"",""Ўрта бўлакдан, лекин фақат ўнг бўлак банд бўлганда""}",0,https://postimg.cc/Dmfk0bYv,2-BILET,300,,,,
Qo'l jarohatlanganda kiyim qanday tartibda kiygiziladi?,Қўл жароҳатланганда кийим қандай тартибда кийгизилади?,"{""Kiyim avval jarohatlangan qo'lga, so'ngra sog'iga kiydiriladi"",""Kiyim ikkala qo'lga baravar kiydiriladi"",""Kiyim avval sog' qo'lga, so'ngra jarohatlangan qo'lga kiydiriladi""}","{""Кийим аввал жароҳатланган қўлга, сўнгра соғига кийдирилади"",""Кийим иккала қўлга баравар кийдирилади"",""Кийим аввал соғ қўлга, сўнгра жароҳатланган қўлга кийдирилади""}",0,https://postimg.cc/Dmfk0bYv,2-BILET,300,,,,
Qaysi belgi Qoidalarning aholi punktlarida harakatlanish tartibini belgilaydigan talablarning bekor kilinishini ko'rsatadi?,Қайси белги Қоидаларнинг аҳоли пунктларида ҳаракатланиш тартибини белгилайдиган талабларнинг бекор килинишини кўрсатади?,"{""1"",""2"",""3"",""4"",""5""}","{""1"",""2"",""3"",""4"",""5""}",3,https://ptest.uz/images/4f551392-9936-4108-9d09-a5c0788b8251.webp,2-BILET,300,,,,
Tartibga soluvchining mazkur ishorasi qo'yidagini bildiradi:,Тартибга солувчининг мазкур ишораси қўйидагини билдиради:,"{""Ko'k, yashil avtomobillarga harakatlanishga ruxsat etiladi. Qizil, sariq, oq avtomobillarga taqiqlanadi"",""Ko'k, qizil, yashil avtomobillarga harakatlanishga ruxsat etiladi. Sariq, oq avtomobillarga taqiqlanadi""}","{""Кўк, яшил автомобилларга ҳаракатланишга рухсат етилади. Қизил, сариқ, оқ автомобилларга тақиқланади"",""Кўк, қизил, яшил автомобилларга ҳаракатланишга рухсат етилади. Сариқ, оқ автомобилларга тақиқланади""}",1,https://postimg.cc/Dmfk0bYv,3-BILET,300,,,,
Shu joyda hovliga burilishga ruxsat etiladimi?,Шу жойда ҳовлига бурилишга рухсат етиладими?,"{""Ruxsat etiladi."",""Taqiqlanadi""}","{""Рухсат етилади."",""Тақиқланади""}",0,https://ptest.uz/images/af3f98f1-6269-438b-84ea-61ae78928df2.webp,3-BILET,300,,,,
"M2, M3 toifali avtotransport vositalari shina protektorlari naqshlarining qoldiq balandligi kamida qancha bo'lishi kerak?","М2, М3 тоифали автотранспорт воситалари шина протекторлари нақшларининг қолдиқ баландлиги камида қанча бўлиши керак?","{""0,8 mm."",""1,2 mm."",""1,6 mm"",""2 mm."",""2,5 mm.""}","{""0,8 мм."",""1,2 мм."",""1,6 мм"",""2 мм."",""2,5 мм.""}",3,https://postimg.cc/Dmfk0bYv,3-BILET,300,,,,
Ko'rsatigan vaziyatda qaysi bo'lakdan o'ngga burilish lozim ?,Кўрсатиган вазиятда қайси бўлакдан ўнгга бурилиш лозим ?,"{""Faqat ikkinchi bo'lakdan"",""Faqat \"" ? \"" chizig'i bilan belgilangan o'ng chekkadagi bo'lakdan""}","{""Фақат иккинчи бўлакдан"",""Фақат \"" ? \"" чизиғи билан белгиланган ўнг чеккадаги бўлакдан""}",1,https://ptest.uz/images/ec522225-f20b-4c4c-8e4c-51f02627b7ba.webp,3-BILET,300,,,,
Aholi punktlaridan tashqarida engil avtomobillarning qanday eng katta tezlik bilan harakatlanishiga ruxsat etiladi?,Аҳоли пунктларидан ташқарида енгил автомобилларнинг қандай енг катта тезлик билан ҳаракатланишига рухсат етилади?,"{""110 km/c"",""100 km/c"",""90 km/c"",""80 km/c"",""70 km/c""}","{""110 км/c"",""100 км/c"",""90 км/c"",""80 км/c"",""70 км/c""}",1,https://postimg.cc/Dmfk0bYv,3-BILET,300,,,,
Avtomagistralda shatakka olishga ruxsat beriladimi?,Автомагистралда шатакка олишга рухсат бериладими?,"{""50 km/s tezlik bilan ruxsat etilgan."",""Taqiqlanadi."",""Faqat qisman ortish usuli bilan yoki qattiq tirkagich bilan ruxsat beriladi."",""Egiluvchan tirkagich bilan ruxsat beriladi."",""Istalgan usulda ruxsat etilgan""}","{""50 км/с тезлик билан рухсат етилган."",""Тақиқланади."",""Фақат қисман ортиш усули билан ёки қаттиқ тиркагич билан рухсат берилади."",""Егилувчан тиркагич билан рухсат берилади."",""Исталган усулда рухсат етилган""}",4,https://postimg.cc/Dmfk0bYv,3-BILET,300,,,,
Qaysi transport vositalariga harakatlanishga ruxsat etiladi?,Қайси транспорт воситаларига ҳаракатланишга рухсат етилади?,"{""Faqat qizil avtomobilga."",""Barcha transport vositalariga."",""Qizil, ko'k va yashil avtomobillarga.""}","{""Фақат қизил автомобилга."",""Барча транспорт воситаларига."",""Қизил, кўк ва яшил автомобилларга.""}",2,https://ptest.uz/images/c7a93fbe-6e5f-4a93-918f-89a9fb550bb2.webp,3-BILET,300,,,,
Qaysi transport vositasining xaydovchisi birinchi navbatda harakatlanish huquqiga ega?,Қайси транспорт воситасининг хайдовчиси биринчи навбатда ҳаракатланиш ҳуқуқига ега?,"{""Yuk avtomobili haydovchisi"",""Avtobus haydovchisi""}","{""Юк автомобили ҳайдовчиси"",""Автобус ҳайдовчиси""}",0,https://ptest.uz/images/d64b32b4-f5f2-48dc-89fb-65aff6ecdabe.webp,3-BILET,300,,,,
Bu yo'l belgisi bildiradi:,Бу ёл белгиси билдиради:,"{""Belgida ko'rsatilgandan ortiq yuk ko'taruvchi yuk avtomobillari va transport vositalari tarkibi (tirkamali yuk avtomobillari)ning harakat qilishi taqiqlanadi."",""Umumiy haqiqiy vazni (yo'lovchilar va yuk vaznini qushgan holda) belgida ko'rsatilgandan ortiq bo'lgan transport vositalari, shu jumladan-tirkamali transport vositalarining harakat qilishi taqiqlanadi.""}","{""Белгида кўрсатилгандан ортиқ юк кўтарувчи юк автомобиллари ва транспорт воситалари таркиби (тиркамали юк автомобиллари)нинг ҳаракат қилиши тақиқланади."",""Умумий ҳақиқий вазни (ёловчилар ва юк вазнини қушган ҳолда) белгида кўрсатилгандан ортиқ бўлган транспорт воситалари, шу жумладан-тиркамали транспорт воситаларининг ҳаракат қилиши тақиқланади.""}",1,https://ptest.uz/images/a1b8ba09-804f-41d8-96a7-7e6cf9a77878.webp,3-BILET,300,,,,
Qaysi holda qoidalar ogohlantirish ishorasini berishni talab kilmaydi?,Қайси ҳолда қоидалар огоҳлантириш ишорасини беришни талаб килмайди?,"{""Qatnov qismining chekkasida to'xtash oldidan"",""\""?????? ???????\"" belgisi bilan belgilangan yo'lning egri burilish joyi oldidan."",""Qo'shni harakat bo'lagiga o'tish oldidan.""}","{""Қатнов қисмининг чеккасида тўхташ олдидан"",""\""?????? ???????\"" белгиси билан белгиланган ёлнинг егри бурилиш жойи олдидан."",""Қўшни ҳаракат бўлагига ўтиш олдидан.""}",1,https://postimg.cc/Dmfk0bYv,3-BILET,300,,,,
Belgilangan yo'nalish bo'ylab ketayotgan avtobus haydovchi ushbu sharoitda yo'l berishi kerakmi?,Белгиланган ёналиш бўйлаб кетаётган автобус ҳайдовчи ушбу шароитда ёл бериши керакми?,"{""Kerak."",""Kerak emas."",""Kerak emas, chunki u to'g'riga ketayapti""}","{""Керак."",""Керак емас."",""Керак емас, чунки у тўғрига кетаяпти""}",0,https://ptest.uz/images/b17f2ed4-a0ed-4974-8fac-573a3b5459f6.webp,3-BILET,300,,,,
Siz balandlikda svetoforning ruxsat beruvchi ishorasini ko'tib to'xtadingiz. Bunda avtomobilni joyida to'tib turishning eng yaxshi usuli:,Сиз баландликда светофорнинг рухсат берувчи ишорасини кўтиб тўхтадингиз. Бунда автомобилни жойида тўтиб туришнинг енг яхши усули:,"{""To'xtab turish tormozi bilan"",""Birinchi uzatma ulangan holda ulovchini joydan jilmay aylantirish hisobiga"","". Yurgizgich o'chirilib, past uzatma ulangan holda"",""Ishchi tormoz bilan""}","{""Тўхтаб туриш тормози билан"",""Биринчи узатма уланган ҳолда уловчини жойдан жилмай айлантириш ҳисобига"","". Юргизгич ўчирилиб, паст узатма уланган ҳолда"",""Ишчи тормоз билан""}",0,https://postimg.cc/Dmfk0bYv,3-BILET,300,,,,
Qaysi hollarda velosipedchilarga qatnov qismining o'ng chekkasidan chiqishga yo'l qo'yiladi?,Қайси ҳолларда велосипедчиларга қатнов қисмининг ўнг чеккасидан чиқишга ёл қўйилади?,"{""Yuk ortib ketayotganda"",""Ruxsat etilgan hollarda chapga burilish yoki orqaga qaytish uchun"","". Ikkala sanab o'tilgan hollarda""}","{""Юк ортиб кетаётганда"",""Рухсат етилган ҳолларда чапга бурилиш ёки орқага қайтиш учун"","". Иккала санаб ўтилган ҳолларда""}",1,https://postimg.cc/Dmfk0bYv,3-BILET,300,,,,
Tirkamali engil avtomobillarga yo'lning shunday yo'l belgisi o'rnatilgan qismida qanday eng katta tezlik bilan harakatlanishga ruxsat etiladi?,Тиркамали енгил автомобилларга ёлнинг шундай ёл белгиси ўрнатилган қисмида қандай енг катта тезлик билан ҳаракатланишга рухсат етилади?,"{""60 km/c"",""70 km/c"",""80 km/c"",""100 km/c"",""110 km/c""}","{""60 км/c"",""70 км/c"",""80 км/c"",""100 км/c"",""110 км/c""}",2,https://ptest.uz/images/0b872b1d-5173-4096-8c2f-757108c93cb8.webp,3-BILET,300,,,,
Qaysi belgi transport vositalarining belgida ko'rsatilgandan kam oraliq masofada harakatlanishini taqiqlaydi?,Қайси белги транспорт воситаларининг белгида кўрсатилгандан кам оралиқ масофада ҳаракатланишини тақиқлайди?,"{""1"",""2"",""3"",""4"",""5""}","{""1"",""2"",""3"",""4"",""5""}",2,https://ptest.uz/images/cb163cdc-4d99-45ba-9a70-4b15acfe200b.webp,3-BILET,300,,,,
Mazkur holatda avtobus to'g'riga harakatlansa chorrahaga kirishiga ruxsat etiladimi?,Мазкур ҳолатда автобус тўғрига ҳаракатланса чорраҳага киришига рухсат етиладими?,"{""Ruxsat etiladi"",""Taqiqlanadi"",""Agar avtobus belgilangan yo'nalish bo'yicha harakatlanayotgan bo'lsa ruxsat etiladi""}","{""Рухсат етилади"",""Тақиқланади"",""Агар автобус белгиланган ёналиш бўйича ҳаракатланаётган бўлса рухсат етилади""}",1,https://ptest.uz/images/9df6003a-876b-4157-a1a0-adf820795720.webp,3-BILET,300,,,,
Chorrahada aylanma harakatlanish tashqil qilingan. Siz yaqinlashib kelayotgan chorrahaning qatnov qismi ikkita harakat bo'lagiga ega. Chorrahaga kirishda burilish uchun Siz qaysi bo'lakni egallashingiz lozim?,Чорраҳада айланма ҳаракатланиш ташқил қилинган. Сиз яқинлашиб келаётган чорраҳанинг қатнов қисми иккита ҳаракат бўлагига ега. Чорраҳага киришда бурилиш учун Сиз қайси бўлакни егаллашингиз лозим?,"{""O'ng bo'lakni"",""Chap bo'lakni"",""O'ng yoki chap bo'lakni""}","{""Ўнг бўлакни"",""Чап бўлакни"",""Ўнг ёки чап бўлакни""}",2,https://postimg.cc/Dmfk0bYv,3-BILET,300,,,,
Bu belgilar aholi yashaydigan joylarda havfli yo'l qismi boshlanishidan qancha masofada o'rnatiladi?,Бу белгилар аҳоли яшайдиган жойларда ҳавфли ёл қисми бошланишидан қанча масофада ўрнатилади?,"{""15-25 m"",""25-50 m"",""50-100 m"",""100-150 m"",""150-300 m""}","{""15-25 м"",""25-50 м"",""50-100 м"",""100-150 м"",""150-300 м""}",2,https://ptest.uz/images/ced2ae2c-b9e5-4ab9-9f00-95e6e33a8c86.webp,3-BILET,300,,,,
Sanab o'tilgan hollarning qaysi birida qoidalar haydovchi o'zining transport vositasini ichki ishlar xodimi ixtiyoriga berishi shart?,Санаб ўтилган ҳолларнинг қайси бирида қоидалар ҳайдовчи ўзининг транспорт воситасини ички ишлар ходими ихтиёрига бериши шарт?,"{""Barcha holatlarda"",""Kechiktirib bo'lmaydigan xizmat vazifalarini bajarish uchun"",""Ish joyiga borish uchun""}","{""Барча ҳолатларда"",""Кечиктириб бўлмайдиган хизмат вазифаларини бажариш учун"",""Иш жойига бориш учун""}",1,https://postimg.cc/Dmfk0bYv,3-BILET,300,,,,
Piyodalarga yo'lni piyodalar o'tish joyidan tashqarida kesib o'tishga ruxsat etiladimi?,Пиёдаларга ёлни пиёдалар ўтиш жойидан ташқарида кесиб ўтишга рухсат етиладими?,"{""Ruxsat etiladi."","". Yo'lning qatnov qismi chetiga to'g'ri burchak ostida, uning ikkala tomoni yaxshi ko'rinib turadigan, ko'rinish masofasida o'tish joyi yoki chorraha bo'lmasa, ajratuvchi bo'laksiz va to'siqsiz yo'llarda kesib o'tish ruxsat etiladi."","". Taqiqlanadi.""}","{""Рухсат етилади."","". Ёлнинг қатнов қисми четига тўғри бурчак остида, унинг иккала томони яхши кўриниб турадиган, кўриниш масофасида ўтиш жойи ёки чорраҳа бўлмаса, ажратувчи бўлаксиз ва тўсиқсиз ёлларда кесиб ўтиш рухсат етилади."","". Тақиқланади.""}",1,https://postimg.cc/Dmfk0bYv,3-BILET,300,,,,
Tartibga soluvchining mazkur ishorasi qo'yidagini bildiradi:,Тартибга солувчининг мазкур ишораси қўйидагини билдиради:,"{""Ko'k, yashil avtomobillarga harakatlanishga ruxsat etiladi. Qizil, sariq, oq avtomobillarga taqiqlanadi"",""Ko'k, qizil, yashil avtomobillarga harakatlanishga ruxsat etiladi. Sariq, oq avtomobillarga taqiqlanadi""}","{""Кўк, яшил автомобилларга ҳаракатланишга рухсат етилади. Қизил, сариқ, оқ автомобилларга тақиқланади"",""Кўк, қизил, яшил автомобилларга ҳаракатланишга рухсат етилади. Сариқ, оқ автомобилларга тақиқланади""}",1,https://ptest.uz/images/504363cd-43c1-4a5f-80f1-5b46a6b42802.webp,3-BILET,300,,,,
Agar g'ildiraklardagi tortish kuchi yo'l bilan tishlashish kuchidan ortiq bo'lsa:,Агар ғилдираклардаги тортиш кучи ёл билан тишлашиш кучидан ортиқ бўлса:,"{""Yurgizgich o'chib qoladi"",""Ulagich detallarining emirilishi ortadi"",""Etakchi g'ildiraklar o'rnidan jilmay aylanadi""}","{""Юргизгич ўчиб қолади"",""Улагич деталларининг емирилиши ортади"",""Етакчи ғилдираклар ўрнидан жилмай айланади""}",2,https://postimg.cc/Dmfk0bYv,4-BILET,300,,,,
"Qaysi belgi ""T"" simon chorrahada harakatlanish yo'nalishini ko'rsatadi?","Қайси белги ""Т"" симон чорраҳада ҳаракатланиш ёналишини кўрсатади?","{""1"",""2"",""3"",""4"",""5""}","{""1"",""2"",""3"",""4"",""5""}",1,https://ptest.uz/images/4c67bf85-3cac-4d46-b085-b2fbcca80606.webp,4-BILET,300,,,,
Qanday hollarda transport vositalaridan foydalanishga ruxsat etiladi?,Қандай ҳолларда транспорт воситаларидан фойдаланишга рухсат етилади?,"{""Qo'shaloq shinalar orasiga xavf-xatar tug'diruvchi begona qismlar qisilib, tiqilib qolganda"",""Shina o'lchamlari yoki cheklangan og'irlik transport vositasining turiga mos kelmaydi"",""M1, M2, M3 toifali 1 klass avtotransport vositalarining oldingi o'qiga 1 klassda tamirlangan shinalar qo'yilgan"",""Barcha sanab o'tilganlarda hollarda ruxsat etiladi""}","{""Қўшалоқ шиналар орасига хавф-хатар туғдирувчи бегона қисмлар қисилиб, тиқилиб қолганда"",""Шина ўлчамлари ёки чекланган оғирлик транспорт воситасининг турига мос келмайди"",""М1, М2, М3 тоифали 1 класс автотранспорт воситаларининг олдинги ўқига 1 классда тамирланган шиналар қўйилган"",""Барча санаб ўтилганларда ҳолларда рухсат етилади""}",2,https://postimg.cc/Dmfk0bYv,4-BILET,300,,,,
Kunduzgi vaqtda yaqinni yorituvchi fara chirog'ini yoqish ogohlantirish ishorasi bo'ladimi?,Кундузги вақтда яқинни ёритувчи фара чироғини ёқиш огоҳлантириш ишораси бўладими?,"{""Bo'ladi"",""Bo'lmaydi""}","{""Бўлади"",""Бўлмайди""}",0,https://postimg.cc/Dmfk0bYv,4-BILET,300,,,,
Belgilangan yo'nalish bo'yicha harakatlanayotgan yo'nalishli transport vositalarining haydovchilari piyodalar o'tish joyidan tashqarida oq xassa bilan ishora berayotgan ko'zi ojiz piyodalarni o'tkazib yuborishlari kerakmi?,Белгиланган ёналиш бўйича ҳаракатланаётган ёналишли транспорт воситаларининг ҳайдовчилари пиёдалар ўтиш жойидан ташқарида оқ хасса билан ишора бераётган кўзи ожиз пиёдаларни ўтказиб юборишлари керакми?,"{""Barcha hollarda o'tkazib yuborishlari kerak"",""O'tkazib yuborishlari kerak emas""}","{""Барча ҳолларда ўтказиб юборишлари керак"",""Ўтказиб юборишлари керак емас""}",0,https://postimg.cc/Dmfk0bYv,4-BILET,300,,,,
Harakatlanish kimga ruxsat etilgan?,Ҳаракатланиш кимга рухсат етилган?,"{""Barcha transport vositalariga"",""Motosiklga"",""Avtomobil va motosiklga""}","{""Барча транспорт воситаларига"",""Мотосиклга"",""Автомобил ва мотосиклга""}",1,https://ptest.uz/images/0673d4df-6396-4c9a-96f1-a04401274540.webp,4-BILET,300,,,,
"Agar transport vositasi o'lchamlari kattaligidan yoki boshqa sabablarga ko'ra chetki holatda burilishni bajara olmagan bo'lsa, bu qoidadan chetga chiqqan holda burilishga yo'l qo'yiladimi?","Агар транспорт воситаси ўлчамлари катталигидан ёки бошқа сабабларга кўра четки ҳолатда бурилишни бажара олмаган бўлса, бу қоидадан четга чиққан ҳолда бурилишга ёл қўйиладими?","{""Yo'l qo'yilmaydi"",""Yo'l qo'yiladi, agar bu boshqa transport vositalariga xalaqit bermasa, harakat xavfsizligini taminlab, talablardan chetka chiqishi mumkin"",""Aholi punktidan tashqaridagi yo'llarda yo'l qo'yiladi"",""Yo'l qo'yiladi, lekin faqat chorrahada emas""}","{""Ёл қўйилмайди"",""Ёл қўйилади, агар бу бошқа транспорт воситаларига халақит бермаса, ҳаракат хавфсизлигини таминлаб, талаблардан четка чиқиши мумкин"",""Аҳоли пунктидан ташқаридаги ёлларда ёл қўйилади"",""Ёл қўйилади, лекин фақат чорраҳада емас""}",1,https://postimg.cc/Dmfk0bYv,4-BILET,300,,,,
Transport vositalari chorrahadan quyidagi tartibda o'tadilar:,Транспорт воситалари чорраҳадан қуйидаги тартибда ўтадилар:,"{""Motosikl, tramvay va avtomobil"",""Tramvay, motosikl, avtomobil"",""Tramvay va avtomobil, motosikl""}","{""Мотосикл, трамвай ва автомобил"",""Трамвай, мотосикл, автомобил"",""Трамвай ва автомобил, мотосикл""}",0,https://ptest.uz/images/978db64e-7b77-443a-afa8-9dc603de676e.webp,4-BILET,300,,,,
Bu joyda quvib o'tishga ruxsat beriladimi?,Бу жойда қувиб ўтишга рухсат бериладими?,"{""Ruxsat etiladi"",""Taqiqlanadi"",""Agar quvib o'tilayotgan transportning tezligi 40 km/s dan kam bo'lsa ruxsat etiladi""}","{""Рухсат етилади"",""Тақиқланади"",""Агар қувиб ўтилаётган транспортнинг тезлиги 40 км/с дан кам бўлса рухсат етилади""}",0,https://ptest.uz/images/4777e12f-9cc9-4da1-aa33-44161077804b.webp,4-BILET,300,,,,
Transport vositalari chorrahadan quyidagi tartibda o'tadilar,Транспорт воситалари чорраҳадан қуйидаги тартибда ўтадилар,"{""Tramvay, avtobus, engil avtomobil"",""Avtobus, engil avtomobil, tramvay"",""Engil avtomobil, tramvay, avtobus""}","{""Трамвай, автобус, енгил автомобил"",""Автобус, енгил автомобил, трамвай"",""Енгил автомобил, трамвай, автобус""}",0,https://ptest.uz/images/cb475309-676f-4bc1-8c17-644b213f8395.webp,4-BILET,300,,,,
Shatakka olingan avtomobilda odamlarni tashishga ruxsat etiladimi?,Шатакка олинган автомобилда одамларни ташишга рухсат етиладими?,"{""Avtobusda ruxsat etiladi"",""Engil avtomobilda ruxsat etiladi"",""Qattiq ulagichda shatakka olingan yuk avtomobili yukxonasida ruxsat etiladi""}","{""Автобусда рухсат етилади"",""Енгил автомобилда рухсат етилади"",""Қаттиқ улагичда шатакка олинган юк автомобили юкхонасида рухсат етилади""}",1,https://postimg.cc/Dmfk0bYv,4-BILET,300,,,,
Qaysi yo'nalishda harakatlanishga ruxsat etiladi?,Қайси ёналишда ҳаракатланишга рухсат етилади?,"{""Faqat chapga"",""To'g'riga va o'ngga"",""Faqat o'ngga"",""Faqat to'g'riga""}","{""Фақат чапга"",""Тўғрига ва ўнгга"",""Фақат ўнгга"",""Фақат тўғрига""}",0,https://ptest.uz/images/033ab8a2-45fa-4ce3-8afb-de4f79c6791c.webp,4-BILET,300,,,,
Qaysi javobda ruxsat etilgan harakatlanish yo'nalishlari to'g'ri ko'rsatilgan?,Қайси жавобда рухсат етилган ҳаракатланиш ёналишлари тўғри кўрсатилган?,"{""\"" ? \"""",""\"" ? \"""",""\"" ? \"""",""\"" ? \"" va \"" ? \"""",""\"" ? \"" va \"" ? \""""}","{""\"" ? \"""",""\"" ? \"""",""\"" ? \"""",""\"" ? \"" ва \"" ? \"""",""\"" ? \"" ва \"" ? \""""}",3,https://ptest.uz/images/8e2441e6-8d1a-416c-9b12-68a4615c1076.webp,4-BILET,300,,,,
Qaysi javobda yo'lovchilar uchun chiqish va tushish maydonchasi bo'lmagan sharoitdagi joylar to'liq ko'rsatilgan?,Қайси жавобда ёловчилар учун чиқиш ва тушиш майдончаси бўлмаган шароитдаги жойлар тўлиқ кўрсатилган?,"{"". Qatnov qismi yoki trotuar tomonidan"",""Trotuar tomonidan"",""Yo'l yoqasida yoki qatnov qismi tomonidan"",""Trotuarda yoki yo'l yoqasi tomonidan""}","{"". Қатнов қисми ёки тротуар томонидан"",""Тротуар томонидан"",""Ёл ёқасида ёки қатнов қисми томонидан"",""Тротуарда ёки ёл ёқаси томонидан""}",3,https://postimg.cc/Dmfk0bYv,4-BILET,300,,,,
Velosipedchilarda trotuarda harakatlanishga ruxsat etiladimi?,Велосипедчиларда тротуарда ҳаракатланишга рухсат етиладими?,"{""Ruxsat etiladi"",""Piyodalar bo'lmaganda ruxsat etiladi"",""Taqiqlanadi""}","{""Рухсат етилади"",""Пиёдалар бўлмаганда рухсат етилади"",""Тақиқланади""}",2,https://postimg.cc/Dmfk0bYv,4-BILET,300,,,,
Ushbu yo'l belgisi qo'shimcha axborot belgisi bilan nimani bildiradi?,Ушбу ёл белгиси қўшимча ахборот белгиси билан нимани билдиради?,"{""Ruxsat etilgan to'la vazni 3,5 t dan ortiq transport vositalarining to'xtab turish joyi ko'rsatkich qatnov qismining chetida baland to'siq, toshi borligini bildiradi"",""Transport vositalarining to'xtab turish joyiga avtomobilni ko'rsatilgan usulda qo'yish taqiqlanadi"",""Engil avtomobillar va motosikllarni to'xtab turishga qo'yish joyi va usuli""}","{""Рухсат етилган тўла вазни 3,5 т дан ортиқ транспорт воситаларининг тўхтаб туриш жойи кўрсаткич қатнов қисмининг четида баланд тўсиқ, тоши борлигини билдиради"",""Транспорт воситаларининг тўхтаб туриш жойига автомобилни кўрсатилган усулда қўйиш тақиқланади"",""Енгил автомобиллар ва мотосиклларни тўхтаб туришга қўйиш жойи ва усули""}",2,https://ptest.uz/images/7a9c6f19-b031-4c97-9ca5-8cd09c5097ae.webp,4-BILET,300,,,,
Qaysi transport vositalariga harakatlanish ruxsat etiladi?,Қайси транспорт воситаларига ҳаракатланиш рухсат етилади?,"{""Yashil, ko'k va qora avtomobillarga"",""Qizil, sariq va yashil avtomobillarga"",""Yashil, ko'k va qizil""}","{""Яшил, кўк ва қора автомобилларга"",""Қизил, сариқ ва яшил автомобилларга"",""Яшил, кўк ва қизил""}",2,https://ptest.uz/images/41286de3-625e-4491-8916-4e16c58d4c4a.webp,4-BILET,300,,,,
Qattiq ulagich transport vositalari orasida qanchadan ortiq bo'lmagan masofani taminlashi kerak?,Қаттиқ улагич транспорт воситалари орасида қанчадан ортиқ бўлмаган масофани таминлаши керак?,"{""2 m"",""3 m"",""4 m"",""5 m"",""6 m""}","{""2 м"",""3 м"",""4 м"",""5 м"",""6 м""}",2,https://postimg.cc/Dmfk0bYv,4-BILET,300,,,,
"Oldida transport vositasi to'xtab turgan tartibga solinmaydigan piyodalar o'tish joyiga yaqinlashib kelmoqdasiz, Siz nima qilishingiz kerak?","Олдида транспорт воситаси тўхтаб турган тартибга солинмайдиган пиёдалар ўтиш жойига яқинлашиб келмоқдасиз, Сиз нима қилишингиз керак?","{""Piyodalar o'tish joyidan o'tish"",""Piyodalar o'tish joyidan to'xtamasdan o'tish, lekin alohida ehtiyotkorlik bilan"",""Harakatni davom ettirish, lekin to'xtab turgan transport vositasi oldida piyodalar yo'qligiga ishonch hosil qilgan holda"",""Albatta to'xtash, piyodalar paydo bo'lsa, ularni o'tkazib yuborish""}","{""Пиёдалар ўтиш жойидан ўтиш"",""Пиёдалар ўтиш жойидан тўхтамасдан ўтиш, лекин алоҳида еҳтиёткорлик билан"",""Ҳаракатни давом еттириш, лекин тўхтаб турган транспорт воситаси олдида пиёдалар ёқлигига ишонч ҳосил қилган ҳолда"",""Албатта тўхташ, пиёдалар пайдо бўлса, уларни ўтказиб юбориш""}",2,https://postimg.cc/Dmfk0bYv,4-BILET,300,,,,
Qanday hollarda quvib o'tish taqiqlanadi?,Қандай ҳолларда қувиб ўтиш тақиқланади?,"{""Tartibga solingan chorrahalarda"",""Tartibga solinmagan chorrahalardagi asosiy bo'lib hisoblanmaydigan yo'llarda"",""Teng ahamiyatga ega bo'lgan chorrahalarda"",""Hamma sanab o'tilgan hollarda""}","{""Тартибга солинган чорраҳаларда"",""Тартибга солинмаган чорраҳалардаги асосий бўлиб ҳисобланмайдиган ёлларда"",""Тенг аҳамиятга ега бўлган чорраҳаларда"",""Ҳамма санаб ўтилган ҳолларда""}",3,https://postimg.cc/Dmfk0bYv,4-BILET,300,,,,
Agar g'ildiraklardagi tortish kuchi yo'l bilan tishlashish kuchidan ortiq bo'lsa:,Агар ғилдираклардаги тортиш кучи ёл билан тишлашиш кучидан ортиқ бўлса:,"{""Yurgizgich o'chib qoladi"",""Ulagich detallarining emirilishi ortadi"",""Etakchi g'ildiraklar o'rnidan jilmay aylanadi""}","{""Юргизгич ўчиб қолади"",""Улагич деталларининг емирилиши ортади"",""Етакчи ғилдираклар ўрнидан жилмай айланади""}",2,https://postimg.cc/Dmfk0bYv,4-BILET,300,,,,
Bu erda quvib o'tishga ruxsat beriladimi?,Бу ерда қувиб ўтишга рухсат бериладими?,"{""Ruxsat beriladi"",""Taqiqlanadi""}","{""Рухсат берилади"",""Тақиқланади""}",1,https://ptest.uz/images/f6225ebe-b269-479e-8794-6be89b0d17e1.webp,5-BILET,300,,,,
Chorrahadan ikkinchi bo'lib kim o'tadi?,Чорраҳадан иккинчи бўлиб ким ўтади?,"{""Tramvay"",""Qizil avtomobil"",""Ko'k avtomobil""}","{""Трамвай"",""Қизил автомобил"",""Кўк автомобил""}",0,https://ptest.uz/images/b686951f-821c-4d0d-b373-d6f28e66f33f.webp,5-BILET,300,,,,
Transport vositalari chorrahadan quyidagi tartibda o'tadilar:,Транспорт воситалари чорраҳадан қуйидаги тартибда ўтадилар:,"{""Qizil avtomobil, tramvay, yashil, ko'k avtomobil"",""Tramvay, qizil, ko'k, yashil avtomobil"",""Tramvay, qizil, yashil, ko'k avtomobil""}","{""Қизил автомобил, трамвай, яшил, кўк автомобил"",""Трамвай, қизил, кўк, яшил автомобил"",""Трамвай, қизил, яшил, кўк автомобил""}",2,https://ptest.uz/images/4adca477-a404-43ed-898b-f0d43734efdb.webp,5-BILET,300,,,,
Boshqarishni o'rgatishdagi transport vositasi qanday jihozlangan bo'lishi kerak?,Бошқаришни ўргатишдаги транспорт воситаси қандай жиҳозланган бўлиши керак?,"{""Qoidalarning talablariga asosan taniqlik belgilari bilan"",""Ilashma va ishchi tormozning qo'shimcha tepkilari bilan"",""O'rgatuvchi uchun orqani ko'rsatuvchi ko'zgu bilan"",""Sanab o'tilgan barcha jihozlar va belgilar bilan""}","{""Қоидаларнинг талабларига асосан таниқлик белгилари билан"",""Илашма ва ишчи тормознинг қўшимча тепкилари билан"",""Ўргатувчи учун орқани кўрсатувчи кўзгу билан"",""Санаб ўтилган барча жиҳозлар ва белгилар билан""}",3,https://postimg.cc/Dmfk0bYv,5-BILET,300,,,,
Sanab o'tilgan qaysi holatlarda transport vositasidan foydalanish taqiqlanadi?,Санаб ўтилган қайси ҳолатларда транспорт воситасидан фойдаланиш тақиқланади?,"{""Pnevmatik tormoz yuritmasining manometri ishlamaydi"",""Motosiklning boshqaruv dempferi nosoz"",""M1 toifasidagi transport vositasining rul boshqarmasi lyuft yig'indisi 10 gradusdan ortiq"",""Barcha sanab o'tilgan hollarda""}","{""Пневматик тормоз юритмасининг манометри ишламайди"",""Мотосиклнинг бошқарув демпфери носоз"",""М1 тоифасидаги транспорт воситасининг рул бошқармаси люфт йиғиндиси 10 градусдан ортиқ"",""Барча санаб ўтилган ҳолларда""}",3,https://postimg.cc/Dmfk0bYv,5-BILET,300,,,,
Ushbu holatda quvib o'tishga ruxsat etiladimi?,Ушбу ҳолатда қувиб ўтишга рухсат етиладими?,"{""Ruxsat etiladi"",""Taqiqlanadi"",""Agar quvib o'tilayotgan transport vositasi 40 km/s dan kam tezlik bilan harakatlanayotgan bo'lsa, ruxsat beriladi""}","{""Рухсат етилади"",""Тақиқланади"",""Агар қувиб ўтилаётган транспорт воситаси 40 км/с дан кам тезлик билан ҳаракатланаётган бўлса, рухсат берилади""}",1,https://ptest.uz/images/6670d6e8-bc36-4b58-a656-31f6ab2c6067.webp,5-BILET,300,,,,
"Harakat tezligi ikki marta oshganda, tormozlanish yo'li necha marta ortadi?","Ҳаракат тезлиги икки марта ошганда, тормозланиш ёли неча марта ортади?","{""Tormoz yo'li harakat tezligiga bog'liq emas"",""Uch marta"",""To'rt marta"",""Ikki marta""}","{""Тормоз ёли ҳаракат тезлигига боғлиқ емас"",""Уч марта"",""Тўрт марта"",""Икки марта""}",2,https://postimg.cc/Dmfk0bYv,5-BILET,300,,,,
Ushbu svetofor qaysi harakatlanishni tartibga solish uchun qo'llanadi?,Ушбу светофор қайси ҳаракатланишни тартибга солиш учун қўлланади?,"{""Qatnov qismining butun kengligi bo'yicha"",""Qatnov qismidagi harakatlanish yo'nalishi qarama-qarshi tomonga o'zgaradigan bo'laklar bo'yicha"",""Faqat belgilangan yo'nalishdagi transport vositalar uchun mo'ljallangan bo'lak bo'yicha""}","{""Қатнов қисмининг бутун кенглиги бўйича"",""Қатнов қисмидаги ҳаракатланиш ёналиши қарама-қарши томонга ўзгарадиган бўлаклар бўйича"",""Фақат белгиланган ёналишдаги транспорт воситалар учун мўлжалланган бўлак бўйича""}",1,https://ptest.uz/images/3cb847e0-d3ee-4a78-b2b4-36e310a9e6fd.webp,5-BILET,300,,,,
Avtomobillarga qaysi yo'nalishda harakatlanishga ruxsat etiladi?,Автомобилларга қайси ёналишда ҳаракатланишга рухсат етилади?,"{""Qizil avtomobilga - to'g'riga, ko'k avtomobilga - to'g'riga va chapga"",""Qizil va ko'k avtomobilga - to'g'riga"",""Qizil avtomobilga - to'g'riga, ko'kiga - chapga""}","{""Қизил автомобилга - тўғрига, кўк автомобилга - тўғрига ва чапга"",""Қизил ва кўк автомобилга - тўғрига"",""Қизил автомобилга - тўғрига, кўкига - чапга""}",2,https://ptest.uz/images/bfce559b-b54e-4ae8-876e-3aba6c8c847c.webp,5-BILET,300,,,,
Svetoforning taqiqlovchi ishorasida va shlagbaum ochiq bo'lganda haydovchi nima qilishi kerak?,Светофорнинг тақиқловчи ишорасида ва шлагбаум очиқ бўлганда ҳайдовчи нима қилиши керак?,"{""Yaqinlashib kelayotgan poezd yo'qligiga shaxsan ishonch hosil qilishi va kesishmadan o'tishi kerak"",""Shlagbaumning holatiga asoslangan holda kesishmadan o'tishi kerak"",""Shlagbaumgacha 10 metrdan yaqin bo'lmagan masofada to'xtash"",""To'xtash chizig'i oldida, \""??????????? ???????????? ???????????\"" belgisi oldida, agar ular yo'q bo'lca shlagbaumgacha 5 metrdan yaqin bo'lmagan masofada to'xtash""}","{""Яқинлашиб келаётган поезд ёқлигига шахсан ишонч ҳосил қилиши ва кесишмадан ўтиши керак"",""Шлагбаумнинг ҳолатига асосланган ҳолда кесишмадан ўтиши керак"",""Шлагбаумгача 10 метрдан яқин бўлмаган масофада тўхташ"",""Тўхташ чизиғи олдида, \""??????????? ???????????? ???????????\"" белгиси олдида, агар улар ёқ бўлcа шлагбаумгача 5 метрдан яқин бўлмаган масофада тўхташ""}",3,https://postimg.cc/Dmfk0bYv,5-BILET,300,,,,
"Qizil avtomobilning haydovchisi, yalt-yalt etuvchi chiroq-mayoqcha va maxsus tovushli ishora yoqilgan transport vositasiga yaqinlashib kelayotganda nima qilishi kerak?","Қизил автомобилнинг ҳайдовчиси, ялт-ялт етувчи чироқ-маёқча ва махсус товушли ишора ёқилган транспорт воситасига яқинлашиб келаётганда нима қилиши керак?","{""Harakat bo'lagini o'zgartirmasdan to'xtashi va majburiy to'xtash chiroqlarini yoqishi"",""Tezlikni pasaytirish va boshqa qatorga o'tish bilan bog'liq keskin manyovrlarga yo'l qo'ymasdan harakatni davom ettirish"",""Yo'l berishi""}","{""Ҳаракат бўлагини ўзгартирмасдан тўхташи ва мажбурий тўхташ чироқларини ёқиши"",""Тезликни пасайтириш ва бошқа қаторга ўтиш билан боғлиқ кескин манёврларга ёл қўймасдан ҳаракатни давом еттириш"",""Ёл бериши""}",2,https://ptest.uz/images/db865c62-b430-466c-8b89-7052fd5b32bd.webp,5-BILET,300,,,,
Qaysi ishoralar ogohlantiruvchi hisoblanadi?,Қайси ишоралар огоҳлантирувчи ҳисобланади?,"{""Burilishni ko'rsatadigan miltillovchi chiroq yoki qo'l bilan beriladigan ishoralar"",""Tovushli ishoralar"",""Fara chiroqlarini o'chib-yoqilishi va kunduzgi vaqtda yaqinni yorituvchi fara chirog'ining yoqilishi"",""Sanab o'tilgan barcha ishoralar""}","{""Бурилишни кўрсатадиган милтилловчи чироқ ёки қўл билан бериладиган ишоралар"",""Товушли ишоралар"",""Фара чироқларини ўчиб-ёқилиши ва кундузги вақтда яқинни ёритувчи фара чироғининг ёқилиши"",""Санаб ўтилган барча ишоралар""}",3,https://postimg.cc/Dmfk0bYv,5-BILET,300,,,,
Qanday hollarda haydovchisi bo'lmagan transport vositalarini shatakka olish mumkin?,Қандай ҳолларда ҳайдовчиси бўлмаган транспорт воситаларини шатакка олиш мумкин?,"{""Barcha hollarda"",""Egiluvchan yoki qattiq ulangichda shatakka olishda"",""Qattiq ulagi chning tuzilishi shatakka olingan transport vositalarini shatakka olgan transport vositalarining izidan harakatlanishini taminlaganda"",""Qattiq ulangichda shatakka olishda""}","{""Барча ҳолларда"",""Егилувчан ёки қаттиқ улангичда шатакка олишда"",""Қаттиқ улаги чнинг тузилиши шатакка олинган транспорт воситаларини шатакка олган транспорт воситаларининг изидан ҳаракатланишини таминлаганда"",""Қаттиқ улангичда шатакка олишда""}",2,https://postimg.cc/Dmfk0bYv,5-BILET,300,,,,
Qaysi belgi teng ahamiyatli yo'llar kesishish chorrahasiga yaqinlashib kelayotganlik haqida ogohlantiradi?,Қайси белги тенг аҳамиятли ёллар кесишиш чорраҳасига яқинлашиб келаётганлик ҳақида огоҳлантиради?,"{""1"",""2"",""3"",""4"",""5""}","{""1"",""2"",""3"",""4"",""5""}",4,https://ptest.uz/images/104a15c1-b74b-43b6-977e-3a8f23b7da22.webp,5-BILET,300,,,,
Bir tirkamali avtopoezdning qanday eng katta uzunligida DYHXX ruxsatisiz harakatlanishga yo'l qo'yiladi?,Бир тиркамали автопоезднинг қандай енг катта узунлигида ДЙҲХХ рухсатисиз ҳаракатланишга ёл қўйилади?,"{""16 m"",""18 m"",""20 m"",""22 m"",""24 m""}","{""16 м"",""18 м"",""20 м"",""22 м"",""24 м""}",2,https://postimg.cc/Dmfk0bYv,5-BILET,300,,,,
To'xtagan transport vositasi bilan yotiq sidirg'a chiziq orasidagi masofa qancha bo'lganida to'xtash taqiqlanadi?,Тўхтаган транспорт воситаси билан ётиқ сидирға чизиқ орасидаги масофа қанча бўлганида тўхташ тақиқланади?,"{""6 m"",""5,5 m"",""4 m"",""3,5 m"",""2,5 m""}","{""6 м"",""5,5 м"",""4 м"",""3,5 м"",""2,5 м""}",4,https://ptest.uz/images/1146d6c2-97f4-4eee-8911-731ad97b8454.webp,5-BILET,300,,,,
"Shunday yo'l belgisi bo'lgan yo'l qismlarida ruxsat etilgan to'la vazni 3,5t. dan oshmaydigan yuk avtomobillariga qanday eng katta tezlik bilan harakat qilishga ruxsat etiladi?","Шундай ёл белгиси бўлган ёл қисмларида рухсат етилган тўла вазни 3,5т. дан ошмайдиган юк автомобилларига қандай енг катта тезлик билан ҳаракат қилишга рухсат етилади?","{""110 km/s"",""70 km/s"",""100 km/s"",""90 km/s"",""60 km/s""}","{""110 км/с"",""70 км/с"",""100 км/с"",""90 км/с"",""60 км/с""}",2,https://ptest.uz/images/48477662-f2bd-4c96-93cf-86918a8f14d7.webp,5-BILET,300,,,,
Mazkur belgi bilan belgilangan hududda qanday cheklanishlar kiritilgan?,Мазкур белги билан белгиланган ҳудудда қандай чекланишлар киритилган?,"{""Harakat tezligini 5km/s oshmasligi kerakligini bildiradi"",""Transport vositalarini boshqarishni o'rgatish"",""Kirib, chiqib ketish harakati taqiqlanadi"",""Engil avtomobillarning tunda to'xtab turishini taqiqlaydi""}","{""Ҳаракат тезлигини 5км/с ошмаслиги кераклигини билдиради"",""Транспорт воситаларини бошқаришни ўргатиш"",""Кириб, чиқиб кетиш ҳаракати тақиқланади"",""Енгил автомобилларнинг тунда тўхтаб туришини тақиқлайди""}",1,https://ptest.uz/images/b6a6a507-bd78-434e-87d1-d04bf4b98833.webp,5-BILET,300,,,,
"Ko'rsatilgan avtosisternalardan qaysi biri burilishda ag'darilib ketish xavfi kamroq, turg'unroq?","Кўрсатилган автосистерналардан қайси бири бурилишда ағдарилиб кетиш хавфи камроқ, турғунроқ?","{""Suyuqlik bilan 75% gacha to'ldirilgani"",""Suyuqlik bilan to'liq to'ldirilgani""}","{""Суюқлик билан 75% гача тўлдирилгани"",""Суюқлик билан тўлиқ тўлдирилгани""}",1,https://ptest.uz/images/f52b21f3-7bca-4511-b2fc-61123a3cea3e.webp,5-BILET,300,,,,
Qaysi transport vositalariga ko'rsatilgan yo'nalishlar bo'yicha harakatlanishga ruxsat etiladi?,Қайси транспорт воситаларига кўрсатилган ёналишлар бўйича ҳаракатланишга рухсат етилади?,"{""Avtomobil haydovchisiga"",""Avtomobil va motosikl haydovchisiga"",""Tramvay va avtomobil haydovchisiga""}","{""Автомобил ҳайдовчисига"",""Автомобил ва мотосикл ҳайдовчисига"",""Трамвай ва автомобил ҳайдовчисига""}",2,https://ptest.uz/images/f20acf46-dce0-4fd2-9128-caad49ffda25.webp,5-BILET,300,,,,
Bu erda quvib o'tishga ruxsat beriladimi?,Бу ерда қувиб ўтишга рухсат бериладими?,"{""Ruxsat beriladi"",""Taqiqlanadi""}","{""Рухсат берилади"",""Тақиқланади""}",1,https://ptest.uz/images/f6225ebe-b269-479e-8794-6be89b0d17e1.webp,5-BILET,300,,,,
Transport vositasi qachon faqat o'ng chetki bo'lakda harakatlanishi kerak?,Транспорт воситаси қачон фақат ўнг четки бўлакда ҳаракатланиши керак?,"{""Og'ir vaznli va yirik o'lchamli yuklarni tashishda"",""Agar haydovchi o'zini betob his qilsa"",""Agar harakatlanish vaqtida mahkamlangan yuk bo'shashib ketsa"",""Transport vositasi texnik sabablarga ko'ra 40 km/s dan ortiq tezlikda yura olmasa""}","{""Оғир вазнли ва йирик ўлчамли юкларни ташишда"",""Агар ҳайдовчи ўзини бетоб ҳис қилса"",""Агар ҳаракатланиш вақтида маҳкамланган юк бўшашиб кетса"",""Транспорт воситаси техник сабабларга кўра 40 км/с дан ортиқ тезликда юра олмаса""}",3,https://postimg.cc/Dmfk0bYv,6-BILET,300,,,,
Chorrahadan uchinchi bo'lib Qaysi avtomobil o'tadi:,Чорраҳадан учинчи бўлиб Қайси автомобил ўтади:,"{""Yashil avtomobil"",""Qizil avtomobil"",""Ko'k avtomobil"",""Sariq avtomobil""}","{""Яшил автомобил"",""Қизил автомобил"",""Кўк автомобил"",""Сариқ автомобил""}",2,https://ptest.uz/images/d6369ca9-6d08-4f5b-bd0b-98adcb892265.webp,6-BILET,300,,,,
Haydovchi tormozlanishda boshlangan avtomobilning sirpanib ketishini to'xtatish uchun bajarishi kerak:,Ҳайдовчи тормозланишда бошланган автомобилнинг сирпаниб кетишини тўхтатиш учун бажариши керак:,"{""Boshlangan tormozlashni tugatish"",""Ulagichni ajratishi"",""Tormoz tepkisini oxirigacha bosishi"",""Ulagichni ajratishi va to'xtab turish tormozi bilan tormozlashi""}","{""Бошланган тормозлашни тугатиш"",""Улагични ажратиши"",""Тормоз тепкисини охиригача босиши"",""Улагични ажратиши ва тўхтаб туриш тормози билан тормозлаши""}",0,https://postimg.cc/Dmfk0bYv,6-BILET,300,,,,
Etarli ko'rinmaslik sharoitida yo'lning yoritilmagan qismida to'xtagan yoki to'xtab turgan mexanik transport vositasining haydovchisi bajarishi kerak,Етарли кўринмаслик шароитида ёлнинг ёритилмаган қисмида тўхтаган ёки тўхтаб турган механик транспорт воситасининг ҳайдовчиси бажариши керак,"{""Tumanga qarshi faralarni yoki yaqinni yoritish faralarini yoqishi"",""Faralarning uzoqni yoritish chiroqlarini yoqishi"",""Gabarit chiroqlarini yoqishi""}","{""Туманга қарши фараларни ёки яқинни ёритиш фараларини ёқиши"",""Фараларнинг узоқни ёритиш чироқларини ёқиши"",""Габарит чироқларини ёқиши""}",2,https://postimg.cc/Dmfk0bYv,6-BILET,300,,,,
Avtomobilning yon tomonga sirpanib ketishi nima sababdan ro'y berishi mumkin?,Автомобилнинг ён томонга сирпаниб кетиши нима сабабдан рўй бериши мумкин?,"{""Faqat birdaniga keskin burilish sababli"",""Faqat birdaniga keskin tormozlash sababli"",""Birdaniga keskin tezlik olish va keskin tormozlash sababli"",""Barcha sanab o'tilgan hollarda""}","{""Фақат бирданига кескин бурилиш сабабли"",""Фақат бирданига кескин тормозлаш сабабли"",""Бирданига кескин тезлик олиш ва кескин тормозлаш сабабли"",""Барча санаб ўтилган ҳолларда""}",3,https://postimg.cc/Dmfk0bYv,6-BILET,300,,,,
Qizil avtomobil:,Қизил автомобил:,"{""Ko'k avtomobilga nisbatan ustunlikka ega, chunki asosiy yo'ldan ketyapti"",""Ko'k avtomobilga nisbatan ustunlikka ega, chunki aylanma harakatli yo'ldan ketayapti"",""Chorrahaga o'ng tomondan yaqinlashib kelgan ko'k avtomobilga yo'l berishi kerak""}","{""Кўк автомобилга нисбатан устунликка ега, чунки асосий ёлдан кетяпти"",""Кўк автомобилга нисбатан устунликка ега, чунки айланма ҳаракатли ёлдан кетаяпти"",""Чорраҳага ўнг томондан яқинлашиб келган кўк автомобилга ёл бериши керак""}",1,https://ptest.uz/images/d96d4e35-3cf8-4143-81b2-4d7b19ef6279.webp,6-BILET,300,,,,
Avtomobil qaysi yo'nalishlarda harakatlanishi mumkin?,Автомобил қайси ёналишларда ҳаракатланиши мумкин?,"{""Faqat o'ngga"",""To'xtash va svetoforning yashil chirog'ini kutish"",""Faqat to'g'riga"",""Barcha yo'nalishlar bo'yicha""}","{""Фақат ўнгга"",""Тўхташ ва светофорнинг яшил чироғини кутиш"",""Фақат тўғрига"",""Барча ёналишлар бўйича""}",3,https://ptest.uz/images/a246bec1-eb20-4371-884d-ad49c8df8b87.webp,6-BILET,300,,,,
Ogohlantirish ishorasini berish haydovchiga birinchi harakatlanish xuquqini beradimi?,Огоҳлантириш ишорасини бериш ҳайдовчига биринчи ҳаракатланиш хуқуқини берадими?,"{""Bermaydi"",""Manyovrni tugatish vaqtida beradi"",""Manyovrni boshlash vaqtida beradi"",""Hamma hollarda beradi""}","{""Бермайди"",""Манёврни тугатиш вақтида беради"",""Манёврни бошлаш вақтида беради"",""Ҳамма ҳолларда беради""}",0,https://postimg.cc/Dmfk0bYv,6-BILET,300,,,,
"Haydovchiga belgilangan traektoriya bo'yicha harakatlanib, manyovrlar bajarishga ruxsat berilganmi?","Ҳайдовчига белгиланган траектория бўйича ҳаракатланиб, манёврлар бажаришга рухсат берилганми?","{""\""?\"" bo'yicha ruxsat etilgan"",""\""?\"" bo'yicha ruxsat etilgan"",""Ikkovi bo'yicha ham ruxsat etilgan""}","{""\""?\"" бўйича рухсат етилган"",""\""?\"" бўйича рухсат етилган"",""Иккови бўйича ҳам рухсат етилган""}",2,https://ptest.uz/images/817c4198-7296-478b-826c-25f72754c570.webp,6-BILET,300,,,,
"Yuk tashish taqiqlanadi, agar:","Юк ташиш тақиқланади, агар:","{""Yuk enining chekka nuqtasi oldingi yoki orqa gabarit chiroqning tashqi chekkasidan 0,4 m. dan ortiq chiqib tursa"",""Yuk transport vositasining gabaritlaridan 1 m. ortiq chiqib tursa"",""Tashilayotgan yuk vazni shu transport vositasi uchun ishlab chiqargan korxona belgilagan kattalikdan ortiq bo'lsa"",""Barcha aytilgan hollarda""}","{""Юк енининг чекка нуқтаси олдинги ёки орқа габарит чироқнинг ташқи чеккасидан 0,4 м. дан ортиқ чиқиб турса"",""Юк транспорт воситасининг габаритларидан 1 м. ортиқ чиқиб турса"",""Ташилаётган юк вазни шу транспорт воситаси учун ишлаб чиқарган корхона белгилаган катталикдан ортиқ бўлса"",""Барча айтилган ҳолларда""}",2,https://postimg.cc/Dmfk0bYv,6-BILET,300,,,,
Qoidalarga ko'ra shatakka olish vaqtida bir-biriga ulangan mexanik transport vositalari tarkibining qanday umumiy uzunligiga yo'l qo'yiladi?,Қоидаларга кўра шатакка олиш вақтида бир-бирига уланган механик транспорт воситалари таркибининг қандай умумий узунлигига ёл қўйилади?,"{""20 m"",""21 m"",""22 m"",""23 m"",""24 m""}","{""20 м"",""21 м"",""22 м"",""23 м"",""24 м""}",0,https://postimg.cc/Dmfk0bYv,6-BILET,300,,,,
Ko'rsatilgan holda engil avtomobilga to'xtab turishga ruxsat etiladimi?,Кўрсатилган ҳолда енгил автомобилга тўхтаб туришга рухсат етиладими?,"{""Ruxsat etiladi"",""Taqiqlanadi""}","{""Рухсат етилади"",""Тақиқланади""}",1,https://ptest.uz/images/f843a092-0022-4400-99ee-562db70e68db.webp,6-BILET,300,,,,
Haydovchi piyodalarga qachon yo'l berishi kerak?,Ҳайдовчи пиёдаларга қачон ёл бериши керак?,"{""Hovlidan yo'lga chiqishda"",""Yo'ldan hovliga kirishda"",""Yonilg'i shaxobchasidan yo'lga chiqishda"",""To'xtab turish joyidan yo'lga chiqishda"",""Barcha sanab o'tilgan hollarda""}","{""Ҳовлидан ёлга чиқишда"",""Ёлдан ҳовлига киришда"",""Ёнилғи шахобчасидан ёлга чиқишда"",""Тўхтаб туриш жойидан ёлга чиқишда"",""Барча санаб ўтилган ҳолларда""}",4,https://postimg.cc/Dmfk0bYv,6-BILET,300,,,,
Ushbu svetafor qaysi yo'nalishda harakatlanishni taqiqlaydi?,Ушбу светафор қайси ёналишда ҳаракатланишни тақиқлайди?,"{""Faqat chapga"",""To'g'riga va chapga"",""To'g'riga va o'ngga"",""Faqat o'ngga""}","{""Фақат чапга"",""Тўғрига ва чапга"",""Тўғрига ва ўнгга"",""Фақат ўнгга""}",0,https://ptest.uz/images/3107e8f2-8986-4b18-8c1b-6df53d4f25dd.webp,6-BILET,300,,,,
Qaysi hollarda bir yo'nalishda harakatlanish uchun uchtadan kam bo'lagi bo'lgan yo'lda to'xtash va to'xtab turish taqiqlanadi?,Қайси ҳолларда бир ёналишда ҳаракатланиш учун учтадан кам бўлаги бўлган ёлда тўхташ ва тўхтаб туриш тақиқланади?,"{""Ko'priklarda, estakadalarda va osma yo'llarda"",""Ko'priklar, estakadalar va osma yo'llar ostida"",""Barcha sanab o'tilgan hollarda""}","{""Кўприкларда, естакадаларда ва осма ёлларда"",""Кўприклар, естакадалар ва осма ёллар остида"",""Барча санаб ўтилган ҳолларда""}",2,https://postimg.cc/Dmfk0bYv,6-BILET,300,,,,
Haydovchiga transport vositalarining to'xtab turish joylari chegarasini bildiradigan uzluksiz chiziqni kesib o'tishga ruxsat etiladimi?,Ҳайдовчига транспорт воситаларининг тўхтаб туриш жойлари чегарасини билдирадиган узлуксиз чизиқни кесиб ўтишга рухсат етиладими?,"{""To'xtash uchun ruxsat etiladi"",""Taqiqlanadi"",""Kirish va chiqish uchun ruxsat etiladi"",""Hamma hollarda ruxsat etiladi, agar to'xtab turish joyida boshqa transport vositalari yo'q bo'lsa""}","{""Тўхташ учун рухсат етилади"",""Тақиқланади"",""Кириш ва чиқиш учун рухсат етилади"",""Ҳамма ҳолларда рухсат етилади, агар тўхтаб туриш жойида бошқа транспорт воситалари ёқ бўлса""}",1,https://ptest.uz/images/29c9326a-c61b-41fd-a573-15ac371b6f9e.webp,6-BILET,300,,,,
Bu belgi nimani bildiradi?,Бу белги нимани билдиради?,"{""Ro'paradan kelayotgan transport vositalariga nisbatan birinchi o'tish xuquqini beradi"",""Haydovchi ro'paradan harakatlanayotgan transport vositasiga yo'l berishi kerak"",""Bir tomonlama harakatli yo'l qismining tamom bo'lganini bildiradi""}","{""Рўпарадан келаётган транспорт воситаларига нисбатан биринчи ўтиш хуқуқини беради"",""Ҳайдовчи рўпарадан ҳаракатланаётган транспорт воситасига ёл бериши керак"",""Бир томонлама ҳаракатли ёл қисмининг тамом бўлганини билдиради""}",1,https://ptest.uz/images/2074109f-054a-4fbe-8abd-666ad273273c.webp,6-BILET,300,,,,
oida bo'yicha necha yoshdan boshlab engil avtomobilni boshqarishga ruxsat etiladi?,оида бўйича неча ёшдан бошлаб енгил автомобилни бошқаришга рухсат етилади?,"{""14 yoshdan"",""16 yoshdan"",""18 yoshdan""}","{""14 ёшдан"",""16 ёшдан"",""18 ёшдан""}",2,https://postimg.cc/Dmfk0bYv,6-BILET,300,,,,
N2; N3 toifadagi avtotransport vositalarining boshqaruv qurilmasida qanday eng katta umumiy lyuft yig'indisiga yo'l qo'yiladi?,Н2; Н3 тоифадаги автотранспорт воситаларининг бошқарув қурилмасида қандай енг катта умумий люфт йиғиндисига ёл қўйилади?,"{""16°"",""20°"",""25°"",""26°"",""30°""}","{""16°"",""20°"",""25°"",""26°"",""30°""}",2,https://postimg.cc/Dmfk0bYv,6-BILET,300,,,,
Temir yo'l kesishmasi oldida turgan transport vositalarini qarama-qarshi harakatlanish bo'lagiga chiqib aylanib o'tishga ruxsat etiladimi?,Темир ёл кесишмаси олдида турган транспорт воситаларини қарама-қарши ҳаракатланиш бўлагига чиқиб айланиб ўтишга рухсат етиладими?,"{""Ruxsat etiladi, agar ro'paradan kelayotgan transport vositalari yo'q bo'lsa"",""Faqat yon kajavasiz motosikllarga ruxsat beriladi"",""Agar aylanib o'tayotgan transport vositasining tezligi 8 km/s dan kam bo'lsa, taqiqlanadi"",""Taqiqlanadi""}","{""Рухсат етилади, агар рўпарадан келаётган транспорт воситалари ёқ бўлса"",""Фақат ён кажавасиз мотосиклларга рухсат берилади"",""Агар айланиб ўтаётган транспорт воситасининг тезлиги 8 км/с дан кам бўлса, тақиқланади"",""Тақиқланади""}",3,https://postimg.cc/Dmfk0bYv,6-BILET,300,,,,
Transport vositasi qachon faqat o'ng chetki bo'lakda harakatlanishi kerak?,Транспорт воситаси қачон фақат ўнг четки бўлакда ҳаракатланиши керак?,"{""Og'ir vaznli va yirik o'lchamli yuklarni tashishda"",""Agar haydovchi o'zini betob his qilsa"",""Agar harakatlanish vaqtida mahkamlangan yuk bo'shashib ketsa"",""Transport vositasi texnik sabablarga ko'ra 40 km/s dan ortiq tezlikda yura olmasa""}","{""Оғир вазнли ва йирик ўлчамли юкларни ташишда"",""Агар ҳайдовчи ўзини бетоб ҳис қилса"",""Агар ҳаракатланиш вақтида маҳкамланган юк бўшашиб кетса"",""Транспорт воситаси техник сабабларга кўра 40 км/с дан ортиқ тезликда юра олмаса""}",3,https://postimg.cc/Dmfk0bYv,6-BILET,300,,,,
Yo'l yoqasida qaysi transport vositalarining haydovchilari qoidani buzib to'xtadilar?,Ёл ёқасида қайси транспорт воситаларининг ҳайдовчилари қоидани бузиб тўхтадилар?,"{""Faqat \""?\"""",""Faqat \""?\"""",""Faqat \""?\"""",""\""?\"" va \""?\"""",""\""?\"" va \""?\""""}","{""Фақат \""?\"""",""Фақат \""?\"""",""Фақат \""?\"""",""\""?\"" ва \""?\"""",""\""?\"" ва \""?\""""}",4,https://ptest.uz/images/6146dd9b-c3d5-49cc-a959-ae20e25567f6.webp,7-BILET,300,,,,
Qaysi javobda chorrahadan o'tish tartibi to'g'ri ko'rsatilgan?,Қайси жавобда чорраҳадан ўтиш тартиби тўғри кўрсатилган?,"{""Avtobus, avtomobil, velosiped"",""Avtomobil, avtobus, velosiped"",""Velosiped, avtobus, avtomobil""}","{""Автобус, автомобил, велосипед"",""Автомобил, автобус, велосипед"",""Велосипед, автобус, автомобил""}",2,https://ptest.uz/images/9488eeba-f2bb-470f-91de-964d260a8e32.webp,7-BILET,300,,,,
Haydovchi axoli punktlaridan tashqaridagi yo'lda quvib o'tilayotgan haydovchining etiborini jalb etish uchun faralar chiroqlarini o'chirib yoqish va tovush ishorasi berishni qo'llab to'g'ri qildimi?,Ҳайдовчи ахоли пунктларидан ташқаридаги ёлда қувиб ўтилаётган ҳайдовчининг етиборини жалб етиш учун фаралар чироқларини ўчириб ёқиш ва товуш ишораси беришни қўллаб тўғри қилдими?,"{""Noto'g'ri"",""To'g'ri""}","{""Нотўғри"",""Тўғри""}",1,https://postimg.cc/Dmfk0bYv,7-BILET,300,,,,
Engil avtomobilda tumanga qarshi faralarning nechtasini o'rnatishga ruxsat etiladi?,Енгил автомобилда туманга қарши фараларнинг нечтасини ўрнатишга рухсат етилади?,"{""Ikkita"",""To'rtta"",""Haydovchining xohishiga ko'ra""}","{""Иккита"",""Тўртта"",""Ҳайдовчининг хоҳишига кўра""}",0,https://postimg.cc/Dmfk0bYv,7-BILET,300,,,,
Qaysi transport vositalariga harakatlanish uchun ruxsat berilgan?,Қайси транспорт воситаларига ҳаракатланиш учун рухсат берилган?,"{""Engil va yuk avtomobillariga"",""Motosiklga, engil va yuk avtomobillariga"",""Engil avtomobilga va motosiklga""}","{""Енгил ва юк автомобилларига"",""Мотосиклга, енгил ва юк автомобилларига"",""Енгил автомобилга ва мотосиклга""}",2,https://ptest.uz/images/2c19c21e-db66-4e6a-b807-5a940a2d3964.webp,7-BILET,300,,,,
Quyidagi qaysi belgilar ogohlantiruvchi belgilar jumlasiga kiradi?,Қуйидаги қайси белгилар огоҳлантирувчи белгилар жумласига киради?,"{""Ikkinchidan boshqa barchasi"",""Uchinchidan boshqa barchasi"",""Hammasi""}","{""Иккинчидан бошқа барчаси"",""Учинчидан бошқа барчаси"",""Ҳаммаси""}",2,https://ptest.uz/images/c7bd97f0-5a9e-4ad9-8f4a-3f1d2138d32a.webp,7-BILET,300,,,,
Haydovchi orqa g'ildiraklari etakchi bo'lgan avtomobilning orqa o'qi sirpanib ketishi boshlanganida to'xtatish uchun nima qilishi kerak?,Ҳайдовчи орқа ғилдираклари етакчи бўлган автомобилнинг орқа ўқи сирпаниб кетиши бошланганида тўхтатиш учун нима қилиши керак?,"{""Boshqaruv rulini sirpanishga qarama-qarshi tomonga burish"",""Boshqaruv rulini sirpanish boshlanayotgan tomonga burish"",""Tormoz tepkisini bosish""}","{""Бошқарув рулини сирпанишга қарама-қарши томонга буриш"",""Бошқарув рулини сирпаниш бошланаётган томонга буриш"",""Тормоз тепкисини босиш""}",1,https://ptest.uz/images/cba9fe85-daf6-40fd-82d8-abc0d4e3a830.webp,7-BILET,300,,,,
"Agar yo'l boshlanishida ushbu belgi turgan bo'lsa, qatnov qismining qarama-qarshi yo'nalishiga o'tish mumkinmi?","Агар ёл бошланишида ушбу белги турган бўлса, қатнов қисмининг қарама-қарши ёналишига ўтиш мумкинми?","{""Chapga burilish uchun mumkin"",""Quvib o'tish uchun mumkin agar ro'paradan harakatlanish bo'lmasa va bo'lak qatnov qismining qolgan bo'lagidan uzuq-uzuq chizig'i bilan ajratilgan bo'lsa"",""Taqiqlanadi""}","{""Чапга бурилиш учун мумкин"",""Қувиб ўтиш учун мумкин агар рўпарадан ҳаракатланиш бўлмаса ва бўлак қатнов қисмининг қолган бўлагидан узуқ-узуқ чизиғи билан ажратилган бўлса"",""Тақиқланади""}",2,https://ptest.uz/images/611b5d0d-d7da-4dcd-a5bb-6bb3a59a9ceb.webp,7-BILET,300,,,,
Qarama-qarshi yo'nalishdagi transportlar oqimi ikkita sidirg'a chiziqlar bilan ajratilgan yo'l nechta harakatlanish uchun tasmaga ega?,Қарама-қарши ёналишдаги транспортлар оқими иккита сидирға чизиқлар билан ажратилган ёл нечта ҳаракатланиш учун тасмага ега?,"{""Ikkita"",""Ikkita yoki uchta"",""Uchta"",""To'rtta va undan ko'p bo'lakka""}","{""Иккита"",""Иккита ёки учта"",""Учта"",""Тўртта ва ундан кўп бўлакка""}",3,https://ptest.uz/images/03e74078-866e-4841-997c-39171512144c.webp,7-BILET,300,,,,
Ko'rsatilgan holatda o'zib o'tishga ruxsat etiladimi?,Кўрсатилган ҳолатда ўзиб ўтишга рухсат етиладими?,"{""Ruxsat etiladi"",""Taqiqlanadi"",""Agar o'zib o'tilayotgan transport vositasining tezligi 40 km/s dan kam bo'lsa, ruxsat beriladi""}","{""Рухсат етилади"",""Тақиқланади"",""Агар ўзиб ўтилаётган транспорт воситасининг тезлиги 40 км/с дан кам бўлса, рухсат берилади""}",0,https://ptest.uz/images/3d58b303-353d-4953-9914-30862b9d4231.webp,7-BILET,300,,,,
Avtomobillar chorrahadan quyidagi tartibda o'tadilar:,Автомобиллар чорраҳадан қуйидаги тартибда ўтадилар:,"{""Ko'k, yashil, qizil"",""Ko'k, yashil bilan bir vaqtda, qizil"",""Yashil, qizil bilan ko'k bir vaqtda""}","{""Кўк, яшил, қизил"",""Кўк, яшил билан бир вақтда, қизил"",""Яшил, қизил билан кўк бир вақтда""}",2,https://ptest.uz/images/3a9a0a01-49c2-4599-9410-7688375fdfdf.webp,7-BILET,300,,,,
Shatakka olish taqiqlanadi?,Шатакка олиш тақиқланади?,"{""Yaxmalakda, qattiq ulangich bilan"",""Yon kajavasi yo'q motosikllarni"",""Yon kajavasi bor motosikllarni"",""Ulangich bilan birga transport vositalarining umumiy uzunligi 20 metr bo'lganda""}","{""Яхмалакда, қаттиқ улангич билан"",""Ён кажаваси ёқ мотосиклларни"",""Ён кажаваси бор мотосиклларни"",""Улангич билан бирга транспорт воситаларининг умумий узунлиги 20 метр бўлганда""}",1,https://postimg.cc/Dmfk0bYv,7-BILET,300,,,,
Temir yo'l kesishmasida umumiy xatar ishorasi sifatida quyidagi ishoralar turkumi xizmat qiladi:,Темир ёл кесишмасида умумий хатар ишораси сифатида қуйидаги ишоралар туркуми хизмат қилади:,"{""Ikkita uzun va ikkita qisqa tovushli ishoralari"",""Bitta uzun va uchta qisqa tovushli ishoralari"",""Uchta uzun va uchta qisqa tovushli ishoralari"",""Uchta uzun va bitta qisqa tovushli ishoralari""}","{""Иккита узун ва иккита қисқа товушли ишоралари"",""Битта узун ва учта қисқа товушли ишоралари"",""Учта узун ва учта қисқа товушли ишоралари"",""Учта узун ва битта қисқа товушли ишоралари""}",1,https://postimg.cc/Dmfk0bYv,7-BILET,300,,,,
Chorrahani ikkinchi bo'lib kesib o'tadi:,Чорраҳани иккинчи бўлиб кесиб ўтади:,"{""Qizil avtomobil"",""Ko'k avtomobil"",""Yashil avtomobil""}","{""Қизил автомобил"",""Кўк автомобил"",""Яшил автомобил""}",1,https://ptest.uz/images/3939df96-c50c-461b-a862-763edd70dd75.webp,7-BILET,300,,,,
Sirpanchiq yo'lda orqa etakchi avtomobil uchun tormozlashning qaysi usuli xavfsiz to'xtashni taminlaydi?,Сирпанчиқ ёлда орқа етакчи автомобил учун тормозлашнинг қайси усули хавфсиз тўхташни таминлайди?,"{""Ulagichni uzmasdan tormoz tepkisini keskin bosish"",""Ulagichni uzmasdan tormoz tepkisini ko'plab marta uzuq-uzuq bosish va qo'yib yuborish"",""Ulagichni uzgan holda tormozlash""}","{""Улагични узмасдан тормоз тепкисини кескин босиш"",""Улагични узмасдан тормоз тепкисини кўплаб марта узуқ-узуқ босиш ва қўйиб юбориш"",""Улагични узган ҳолда тормозлаш""}",1,https://ptest.uz/images/dcc0e2cd-6e91-476a-a61d-c49828cc147a.webp,7-BILET,300,,,,
Sonning yumshoq to'qimalari lat eganda birinchi tibbiy yordam qanday ko'rsatiladi?,Соннинг юмшоқ тўқималари лат еганда биринчи тиббий ёрдам қандай кўрсатилади?,"{""Lat egan joyni qattiq bog'lash, 15-20 daqiqaga muz solingan xalta qo'yish. Oyoqni yuqori ko'tarish, tinch qo'yish"",""Lat egan oyoqni tarang qilib (pastdan yuqoriga) bog'lash, singandagi kabi shina qo'yish. Bir stakanga yarim choy qoshig'ida ichimlik soda solib ichirish, kasalxonaga jo'natish"",""Oyoqni yumshoq predmetga qo'yish""}","{""Лат еган жойни қаттиқ боғлаш, 15-20 дақиқага муз солинган халта қўйиш. Оёқни юқори кўтариш, тинч қўйиш"",""Лат еган оёқни таранг қилиб (пастдан юқорига) боғлаш, сингандаги каби шина қўйиш. Бир стаканга ярим чой қошиғида ичимлик сода солиб ичириш, касалхонага жўнатиш"",""Оёқни юмшоқ предметга қўйиш""}",0,https://postimg.cc/Dmfk0bYv,7-BILET,300,,,,
Transport vositasining bitta o'qiga har xil naqshli shinalarni o'rnatishga ruxsat etiladimi?,Транспорт воситасининг битта ўқига ҳар хил нақшли шиналарни ўрнатишга рухсат етиладими?,"{""Faqat oldingi o'qiga ruxsat etiladi"",""Oldingi etakchi ko'prikli avtomobilning faqat orqa o'qiga ruxsat etiladi"",""Taqiqlanadi""}","{""Фақат олдинги ўқига рухсат етилади"",""Олдинги етакчи кўприкли автомобилнинг фақат орқа ўқига рухсат етилади"",""Тақиқланади""}",2,https://postimg.cc/Dmfk0bYv,7-BILET,300,,,,
Qaysi belgi kesib o'tgan yo'llarda harakatlanayotgan transport vositalariga yo'l berishni yuklaydi?,Қайси белги кесиб ўтган ёлларда ҳаракатланаётган транспорт воситаларига ёл беришни юклайди?,"{""1"",""2"",""3"",""4"",""5""}","{""1"",""2"",""3"",""4"",""5""}",2,https://ptest.uz/images/c3c2ee99-ad52-4308-a99f-15a94fa47146.webp,7-BILET,300,,,,
Quvib o'tishda faralarning uzoqni yorituvchi chiroqlaridan ogohlantiruvchi ishora sifatida foydalanish mumkinmi?,Қувиб ўтишда фараларнинг узоқни ёритувчи чироқларидан огоҳлантирувчи ишора сифатида фойдаланиш мумкинми?,"{""Hamma holda mumkin"",""Mumkin, agar bu boshqa haydovchilarning ko'zini qamashtirmasa, shu jumladan, orqani ko'rish ko'zgusi orqali ham"",""Mumkin emas"",""Aholi punktlaridan tashqaridagi yo'llarda mumkin"",""To'g'ri""}","{""Ҳамма ҳолда мумкин"",""Мумкин, агар бу бошқа ҳайдовчиларнинг кўзини қамаштирмаса, шу жумладан, орқани кўриш кўзгуси орқали ҳам"",""Мумкин емас"",""Аҳоли пунктларидан ташқаридаги ёлларда мумкин"",""Тўғри""}",1,https://postimg.cc/Dmfk0bYv,7-BILET,300,,,,
Shikastlangan kishining o'mrov suyagi singanda nima qilish kerak?,Шикастланган кишининг ўмров суяги синганда нима қилиш керак?,"{""Singan joyga sovuq kompress qo'yish, bint bilan tarangroq bog'lash"",""Qo'ltiq sohasiga taxtakach qo'yish va to'g'rilab qo'yilgan qo'lini gavdasiga qo'shib bint bilan bog'lash"",""Paxta yoki bint o'ramasini qo'ltiq sohasiga qo'yib tirsagidan bukilgan qo'lini gavdasiga qo'shib bint bilan bog'lash""}","{""Синган жойга совуқ компресс қўйиш, бинт билан тарангроқ боғлаш"",""Қўлтиқ соҳасига тахтакач қўйиш ва тўғрилаб қўйилган қўлини гавдасига қўшиб бинт билан боғлаш"",""Пахта ёки бинт ўрамасини қўлтиқ соҳасига қўйиб тирсагидан букилган қўлини гавдасига қўшиб бинт билан боғлаш""}",2,https://postimg.cc/Dmfk0bYv,7-BILET,300,,,,
Yo'l yoqasida qaysi transport vositalarining haydovchilari qoidani buzib to'xtadilar?,Ёл ёқасида қайси транспорт воситаларининг ҳайдовчилари қоидани бузиб тўхтадилар?,"{""Faqat \""?\"""",""Faqat \""?\"""",""Faqat \""?\"""",""\""?\"" va \""?\"""",""\""?\"" va \""?\""""}","{""Фақат \""?\"""",""Фақат \""?\"""",""Фақат \""?\"""",""\""?\"" ва \""?\"""",""\""?\"" ва \""?\""""}",4,https://ptest.uz/images/6146dd9b-c3d5-49cc-a959-ae20e25567f6.webp,7-BILET,300,,,,
Qisman ortish usuli bilan avtomobilni shatakka olishda yo'lovchilar qaerda bo'lishlari mumkin?,Қисман ортиш усули билан автомобилни шатакка олишда ёловчилар қаерда бўлишлари мумкин?,"{""Har ikki avtomobilning kabinasida"",""Shatakka oluvchi avtomobilning kabinasida"",""Shatakka olingan avtomobilning kabinasida"",""Shatakka oluvchi avtomobilning kuzovida""}","{""Ҳар икки автомобилнинг кабинасида"",""Шатакка олувчи автомобилнинг кабинасида"",""Шатакка олинган автомобилнинг кабинасида"",""Шатакка олувчи автомобилнинг кузовида""}",1,https://postimg.cc/Dmfk0bYv,8-BILET,300,,,,
Haydovchi qayta tizilishdan va harakatlanish yo'nalishini o'zgartirishdan oldin nima qilishi zarur?,Ҳайдовчи қайта тизилишдан ва ҳаракатланиш ёналишини ўзгартиришдан олдин нима қилиши зарур?,"{""Ushbu manyovr xavfsiz bo'lishiga va harakatlanishning boshqa qatnashchilariga halaqit bermasligiga ishonch hosil qilishi"",""Chapga burilish haqida ogohlantirish ishorasi berishi va hech kimga halaqit bermasligi haqida ishonch xosil qilishi"",""Aholi punktlaridpn tashqarida tovush ishora berishi"",""Ko'rsatilgan barcha harakatlarni bajarishi""}","{""Ушбу манёвр хавфсиз бўлишига ва ҳаракатланишнинг бошқа қатнашчиларига ҳалақит бермаслигига ишонч ҳосил қилиши"",""Чапга бурилиш ҳақида огоҳлантириш ишораси бериши ва ҳеч кимга ҳалақит бермаслиги ҳақида ишонч хосил қилиши"",""Аҳоли пунктларидпн ташқарида товуш ишора бериши"",""Кўрсатилган барча ҳаракатларни бажариши""}",0,https://postimg.cc/Dmfk0bYv,8-BILET,300,,,,
Temir yo'l izlarini qaerda kesib o'tishga ruxsat beriladi?,Темир ёл изларини қаерда кесиб ўтишга рухсат берилади?,"{""Ko'rinish ikkala yo'nalishda 1000 metrdan kam bo'lmagan joylarda"",""Haydovchining nuqtai nazaricha eng qulay joylarda"",""Kesib o'tish uchun belgilab qo'yilgan joylarda"",""Temir yo'l bekatiga 1000 metrdan kam bo'lmagan masofada""}","{""Кўриниш иккала ёналишда 1000 метрдан кам бўлмаган жойларда"",""Ҳайдовчининг нуқтаи назарича енг қулай жойларда"",""Кесиб ўтиш учун белгилаб қўйилган жойларда"",""Темир ёл бекатига 1000 метрдан кам бўлмаган масофада""}",2,https://postimg.cc/Dmfk0bYv,8-BILET,300,,,,
Yotiq chiziqning uzluksiz sariq chizig'i nimani bildiradi?,Ётиқ чизиқнинг узлуксиз сариқ чизиғи нимани билдиради?,"{""Transport vositalarining to'xtashi taqiqlangan joyni"",""Belgilangan yo'nalishli transport vositalari uchun va taksi to'xtashiga ruxsat berilgan joyni"",""Transport vositalarining to'xtab turishi taqiqlangan joyni""}","{""Транспорт воситаларининг тўхташи тақиқланган жойни"",""Белгиланган ёналишли транспорт воситалари учун ва такси тўхташига рухсат берилган жойни"",""Транспорт воситаларининг тўхтаб туриши тақиқланган жойни""}",0,https://ptest.uz/images/d61ad29a-45c5-427a-88fb-d98bd26a1dae.webp,8-BILET,300,,,,
Haydovchi manyovrni bajarishda burilish ko'rsatkichlari bilan yorug'lik ishorasini har doim berishi kerakmi?,Ҳайдовчи манёврни бажаришда бурилиш кўрсаткичлари билан ёруғлик ишорасини ҳар доим бериши керакми?,"{""Har doim berishi kerak"",""Kerak emas, agar harakatlanishning boshqa qatnashchilarini chalg'itishi mumkin bo'lsa"",""Kerak, zaruriy ehtiyot choralarini ko'rgan holda""}","{""Ҳар доим бериши керак"",""Керак емас, агар ҳаракатланишнинг бошқа қатнашчиларини чалғитиши мумкин бўлса"",""Керак, зарурий еҳтиёт чораларини кўрган ҳолда""}",1,https://postimg.cc/Dmfk0bYv,8-BILET,300,,,,
Hamma bo'laklar band bo'lgan serqatnov harakatlanish vaqtida qayrilib olishga ruxsat beriladimi?,Ҳамма бўлаклар банд бўлган серқатнов ҳаракатланиш вақтида қайрилиб олишга рухсат бериладими?,"{""Istalgan paytda ruxsat beriladi"",""Faqat harakatlanish uchun bo'laklari uchtadan kam bo'lmagan yo'llarda ruxsat beriladi"",""Taqiqlanadi"",""Faqat chorrahalarda ruxsat beriladi""}","{""Исталган пайтда рухсат берилади"",""Фақат ҳаракатланиш учун бўлаклари учтадан кам бўлмаган ёлларда рухсат берилади"",""Тақиқланади"",""Фақат чорраҳаларда рухсат берилади""}",0,https://postimg.cc/Dmfk0bYv,8-BILET,300,,,,
Tos suyaklari singanda birinchi yordam qanday ko'rsatiladi?,Тос суяклари синганда биринчи ёрдам қандай кўрсатилади?,"{""Zararlangan joyni qattiq bog'lash, shikastlanganni yarim o'tirgan holatga keltirish"",""Shikastlanganni qattiq yuzaga orqasi bilan yotqizish, zararlangan joylarga qaynoq isitgich qo'yish"",""Shikastlanganni qattiq tekis yuzaga yotqizish, bukilgan va ikki tomonga kerilgan tizzalarining bo'g'inlari ostiga g'o'la shaklida o'ram qo'yish""}","{""Зарарланган жойни қаттиқ боғлаш, шикастланганни ярим ўтирган ҳолатга келтириш"",""Шикастланганни қаттиқ юзага орқаси билан ётқизиш, зарарланган жойларга қайноқ иситгич қўйиш"",""Шикастланганни қаттиқ текис юзага ётқизиш, букилган ва икки томонга керилган тиззаларининг бўғинлари остига ғўла шаклида ўрам қўйиш""}",2,https://postimg.cc/Dmfk0bYv,8-BILET,300,,,,
Transport vositalari chorrahadan qanday tartibda o'tadilar?,Транспорт воситалари чорраҳадан қандай тартибда ўтадилар?,"{""Qizil; ko'k sariq bilan bir vaqtda; yashil"",""Sariq yashil bilan bir vaqtda; qizil; ko'k"",""Qizil; yashil; ko'k sariq bilan bir vaqtda""}","{""Қизил; кўк сариқ билан бир вақтда; яшил"",""Сариқ яшил билан бир вақтда; қизил; кўк"",""Қизил; яшил; кўк сариқ билан бир вақтда""}",0,https://ptest.uz/images/27791f4e-bd4c-42d2-b0dc-63d0a50b4d0e.webp,8-BILET,300,,,,
Son suyagining uchdan birining pastki qismi singanda jarohatlangan odamni transportda tashish uchun taxtakach qanday qo'yiladi?,Сон суягининг учдан бирининг пастки қисми синганда жароҳатланган одамни транспортда ташиш учун тахтакач қандай қўйилади?,"{""Taxtakachni sonning butun uzunligicha tos-sondan tizza bo'g'inigacha qo'yib, singan joy bint bilan qattiq bog'lab qo'yiladi"",""Ikkita taxtakach oyoqning ichki va tashqi tomonidan qo'yiladi. Bittasini oyoq to'pig'idan qo'ltiqosti chuqurigacha, ikkinchisini to'piqdan chovgacha"",""Ikkita taxtakach oyoqning ikki tomonidan to'piqdan sonning yuqorigi uchdan bir qismigacha (singan joydan 15-20 sm yuqorigacha) qo'yiladi""}","{""Тахтакачни соннинг бутун узунлигича тос-сондан тизза бўғинигача қўйиб, синган жой бинт билан қаттиқ боғлаб қўйилади"",""Иккита тахтакач оёқнинг ички ва ташқи томонидан қўйилади. Биттасини оёқ тўпиғидан қўлтиқости чуқуригача, иккинчисини тўпиқдан човгача"",""Иккита тахтакач оёқнинг икки томонидан тўпиқдан соннинг юқориги учдан бир қисмигача (синган жойдан 15-20 см юқоригача) қўйилади""}",1,https://postimg.cc/Dmfk0bYv,8-BILET,300,,,,
Sanab o'tilgan sharoitlarning qaysi birlarida transport vositasidan foydalanish taqiqlanadi?,Санаб ўтилган шароитларнинг қайси бирларида транспорт воситасидан фойдаланиш тақиқланади?,"{""Oyna tozalagichlar belgilangan tartibda ishlamaydi"",""Ishlatib bo'lingan gazlarni chiqarib yuborish tizimi nosoz"",""Ishlab chiqargan korxona tomondan ko'zda tutilgan orqa himoya vositasi loyto'sgich va sachratmagichlar bo'lmasa"",""Sanab o'tilgan hamma sharoitlarda""}","{""Ойна тозалагичлар белгиланган тартибда ишламайди"",""Ишлатиб бўлинган газларни чиқариб юбориш тизими носоз"",""Ишлаб чиқарган корхона томондан кўзда тутилган орқа ҳимоя воситаси лойтўсгич ва сачратмагичлар бўлмаса"",""Санаб ўтилган ҳамма шароитларда""}",3,https://postimg.cc/Dmfk0bYv,8-BILET,300,,,,
"To'xtab turish tormoz tizimi qanchadan kam bo'lgan qiyalikda M toifadagi avtotransport vositalarini harakasiz holatda ushlab tura olmasa, bu avtotransport vositalaridan foydalanish taqiqlanadi?","Тўхтаб туриш тормоз тизими қанчадан кам бўлган қияликда М тоифадаги автотранспорт воситаларини ҳаракасиз ҳолатда ушлаб тура олмаса, бу автотранспорт воситаларидан фойдаланиш тақиқланади?","{""18 %"",""20 %"",""24 %"",""25 %""}","{""18 %"",""20 %"",""24 %"",""25 %""}",3,https://postimg.cc/Dmfk0bYv,8-BILET,300,,,,
Harakatlanishga ruxsat berilgan:,Ҳаракатланишга рухсат берилган:,"{""To'g'riga"",""O'ngga birinchi yo'lga"",""O'ngga ikkinchi yo'lga"",""O'ngga birinchi va ikkinchi yo'llarga""}","{""Тўғрига"",""Ўнгга биринчи ёлга"",""Ўнгга иккинчи ёлга"",""Ўнгга биринчи ва иккинчи ёлларга""}",1,https://ptest.uz/images/89888940-c4aa-4d20-8a70-afa407bc9a9e.webp,8-BILET,300,,,,
Suratlarning qaysi birida quvib o'tish ko'rsatilgan?,Суратларнинг қайси бирида қувиб ўтиш кўрсатилган?,"{""\""?\"""",""\""?\"""",""\""?\"" va \""?\""""}","{""\""?\"""",""\""?\"""",""\""?\"" ва \""?\""""}",0,https://ptest.uz/images/0cfd4ef3-4b84-476e-88d9-fa2d1abf7b46.webp,8-BILET,300,,,,
Qaysi holda avtomobilning ag'anab ketishiga qarshi turg'unligi ortadi?,Қайси ҳолда автомобилнинг ағанаб кетишига қарши турғунлиги ортади?,"{""Og'irlik markazi o'ngga siljiganda"",""Og'irlik markazi balandda joylashganda"",""Og'irlik markazi pastda joylashganda""}","{""Оғирлик маркази ўнгга силжиганда"",""Оғирлик маркази баландда жойлашганда"",""Оғирлик маркази пастда жойлашганда""}",2,https://ptest.uz/images/6a87a132-f741-4742-ba34-9783dcbc63a4.webp,8-BILET,300,,,,
Chorrahadan ikkinchi bo'lib o'tadi:,Чорраҳадан иккинчи бўлиб ўтади:,"{""Yashil avtomobil sariq bilan bir vaqtda"",""Qizil avtomobil"",""Ko'k avtomobil sariq bilan bir vaqtda""}","{""Яшил автомобил сариқ билан бир вақтда"",""Қизил автомобил"",""Кўк автомобил сариқ билан бир вақтда""}",2,https://ptest.uz/images/1f8a6ae5-21ad-4304-8518-be70fb1a13ee.webp,8-BILET,300,,,,
Qaysi javobda pyxcat berilgan harakat yo'nalishi to'g'ri ko'rsatilgan?,Қайси жавобда пйхcат берилган ҳаракат ёналиши тўғри кўрсатилган?,"{""Faqat orqaga burilish"",""To'g'riga va orqaga burilish"",""Faqat to'g'riga""}","{""Фақат орқага бурилиш"",""Тўғрига ва орқага бурилиш"",""Фақат тўғрига""}",2,https://ptest.uz/images/d7231765-418e-44fc-8271-9177b984e403.webp,8-BILET,300,,,,
Qaysi yo'nalishda harakatlanish taqiqlanadi?,Қайси ёналишда ҳаракатланиш тақиқланади?,"{""O'ngga birinchi yo'lga"",""O'ngga ikkinchi yo'lga"",""O'ngga birinchi va ikkinchi yo'llarga""}","{""Ўнгга биринчи ёлга"",""Ўнгга иккинчи ёлга"",""Ўнгга биринчи ва иккинчи ёлларга""}",1,https://ptest.uz/images/5fa04f14-fff3-4fae-a4ca-c25dac440ba0.webp,8-BILET,300,,,,
"""To'xtash taqiqlangan"" belgisi bilan birga to'siqning usti bo'ylab uzluksiz sariq chiziq chizilgan joyda yo'lovchilarni tushirishga ruxsat beriladimi?","""Тўхташ тақиқланган"" белгиси билан бирга тўсиқнинг усти бўйлаб узлуксиз сариқ чизиқ чизилган жойда ёловчиларни туширишга рухсат бериладими?","{""Ruxsat beriladi"",""Taqiqlanadi"",""Belgilangan yo'nalishdagi transport vositalari yo'q bo'lganda ruxsat beriladi"",""Belgilangan yo'nalishdagi transport vositalariga ruxsat beriladi""}","{""Рухсат берилади"",""Тақиқланади"",""Белгиланган ёналишдаги транспорт воситалари ёқ бўлганда рухсат берилади"",""Белгиланган ёналишдаги транспорт воситаларига рухсат берилади""}",3,https://ptest.uz/images/0f538ddd-7c6e-4b03-be86-e47b012bd3c1.webp,8-BILET,300,,,,
Chorraha oldida bu belgi o'rnatilgan bo'lsa; haydovchi qanday yo'l tutishi kerak?,Чорраҳа олдида бу белги ўрнатилган бўлса; ҳайдовчи қандай ёл тутиши керак?,"{""Kesishadigan yo'lda transport vositalari bo'lmasa chorrahadan to'xtamay o'tishi"",""Chorrahadan o'tishda ayniqsa hushyor bo'lishi"",""Kesishadigan yo'l bo'ylab harakatlanayotgan transport vositalariga yo'l berish uchun, to'xtash chizig'ida to'xtab, u yo'q bo'lsa kesib o'tiladigan qatnov qismining chetida to'xtashi""}","{""Кесишадиган ёлда транспорт воситалари бўлмаса чорраҳадан тўхтамай ўтиши"",""Чорраҳадан ўтишда айниқса ҳушёр бўлиши"",""Кесишадиган ёл бўйлаб ҳаракатланаётган транспорт воситаларига ёл бериш учун, тўхташ чизиғида тўхтаб, у ёқ бўлса кесиб ўтиладиган қатнов қисмининг четида тўхташи""}",2,https://ptest.uz/images/51466611-a130-4038-8ee7-f8057829a71d.webp,8-BILET,300,,,,
"Haydovchi o'z joyidan ketishi yoki transport vositasini qoldirishi mumkin, agar:","Ҳайдовчи ўз жойидан кетиши ёки транспорт воситасини қолдириши мумкин, агар:","{""U yurgizgichni o'chirgan va avtomobilning to'xtab turish tormoz tizimini ulagan bo'lsa"",""U yurgizgichni o'chirgan va orqaga siljib ketishga qarshi xavfsizlik buferini o'rnatgan bo'lsa"",""U transport vositasining o'z-o'zidan harakatlanishi yoki undan haydovchi yo'q vaqtda foydalanishga yo'l qo'ymaydigan zaruriy choralarni ko'rgan bo'lsa""}","{""У юргизгични ўчирган ва автомобилнинг тўхтаб туриш тормоз тизимини улаган бўлса"",""У юргизгични ўчирган ва орқага силжиб кетишга қарши хавфсизлик буферини ўрнатган бўлса"",""У транспорт воситасининг ўз-ўзидан ҳаракатланиши ёки ундан ҳайдовчи ёқ вақтда фойдаланишга ёл қўймайдиган зарурий чораларни кўрган бўлса""}",2,https://postimg.cc/Dmfk0bYv,8-BILET,300,,,,
Qisman ortish usuli bilan avtomobilni shatakka olishda yo'lovchilar qaerda bo'lishlari mumkin?,Қисман ортиш усули билан автомобилни шатакка олишда ёловчилар қаерда бўлишлари мумкин?,"{""Har ikki avtomobilning kabinasida"",""Shatakka oluvchi avtomobilning kabinasida"",""Shatakka olingan avtomobilning kabinasida"",""Shatakka oluvchi avtomobilning kuzovida""}","{""Ҳар икки автомобилнинг кабинасида"",""Шатакка олувчи автомобилнинг кабинасида"",""Шатакка олинган автомобилнинг кабинасида"",""Шатакка олувчи автомобилнинг кузовида""}",1,https://postimg.cc/Dmfk0bYv,8-BILET,300,,,,
"Quyidagi 3.27 ""To'xtash taqiqlangan"" belgisining amal qilish chegarasi qaerda tugaydi?","Қуйидаги 3.27 ""Тўхташ тақиқланган"" белгисининг амал қилиш чегараси қаерда тугайди?","{""Birinchi chorrahada"",""Aholi yashaydigan joyning oxirida"",""Yo'lning yotiq sariq chizig'i oxirida""}","{""Биринчи чорраҳада"",""Аҳоли яшайдиган жойнинг охирида"",""Ёлнинг ётиқ сариқ чизиғи охирида""}",2,https://ptest.uz/images/c811b066-d979-44e5-b441-7942f4f10762.webp,9-BILET,300,,,,
"Qattiq yoki egiluvchan ulagich yordamida shatakka olinganda, yuk avtomobilining yukxonasida odamlarni tashishga ruxsat beriladimi?","Қаттиқ ёки егилувчан улагич ёрдамида шатакка олинганда, юк автомобилининг юкхонасида одамларни ташишга рухсат бериладими?","{""Shatakka olgan va shatakka olingan avtomobillarning yukxonasida ruxsat beriladi"",""Faqat shatakka olingan avtomobil yukxonasida ruxsat beriladi"",""Faqat shatakka olgan avtomobil yukxonasida ruxsat beriladi""}","{""Шатакка олган ва шатакка олинган автомобилларнинг юкхонасида рухсат берилади"",""Фақат шатакка олинган автомобил юкхонасида рухсат берилади"",""Фақат шатакка олган автомобил юкхонасида рухсат берилади""}",2,https://postimg.cc/Dmfk0bYv,9-BILET,300,,,,
Qaysi belgi gabarit uzunligi belgisida ko'rsatilgandan uzun bo'lgan transport vositalarining harakatlanishini taqiqlaydi?,Қайси белги габарит узунлиги белгисида кўрсатилгандан узун бўлган транспорт воситаларининг ҳаракатланишини тақиқлайди?,"{""1"",""2"",""3"",""4"",""5""}","{""1"",""2"",""3"",""4"",""5""}",1,https://ptest.uz/images/5c31735a-a45a-453c-bcb7-3d7919d44d15.webp,9-BILET,300,,,,
M1 toifadagi transport vositalari shinalari protektori naqshining qoldiq balandligi necha mm. dan kam bo'lmasligi kerak?,М1 тоифадаги транспорт воситалари шиналари протектори нақшининг қолдиқ баландлиги неча мм. дан кам бўлмаслиги керак?,"{""0,8 mm"",""1,0 mm"",""1,6 mm"",""2,0 mm"",""2,5 mm""}","{""0,8 мм"",""1,0 мм"",""1,6 мм"",""2,0 мм"",""2,5 мм""}",2,https://postimg.cc/Dmfk0bYv,9-BILET,300,,,,
Transport vositalaridan qanday sharoitlarda foydalanishga ruxsat etiladi?,Транспорт воситаларидан қандай шароитларда фойдаланишга рухсат етилади?,"{""Shinalarning ayrim joylarida kord ko'rinib qoladigan nuqsonlari bor"",""M1 toifadagi avtotransport vositalarining oldingi o'qiga ikkinchi klassdagi tamirlangan shinalar o'rnatilgan"",""N2; N3 toifadagi transport vositalari shinalari protektori naqshining qoldiq balandligi 1,6 mm ni tashkil qiladi""}","{""Шиналарнинг айрим жойларида корд кўриниб қоладиган нуқсонлари бор"",""М1 тоифадаги автотранспорт воситаларининг олдинги ўқига иккинчи классдаги тамирланган шиналар ўрнатилган"",""Н2; Н3 тоифадаги транспорт воситалари шиналари протектори нақшининг қолдиқ баландлиги 1,6 мм ни ташкил қилади""}",2,https://postimg.cc/Dmfk0bYv,9-BILET,300,,,,
Yo'lning o'rtasida joylashgan bekatda to'xtagan yo'lakay yo'nalishli tramvay yonidan o'tayotganda haydovchi nima qilishi kerak?,Ёлнинг ўртасида жойлашган бекатда тўхтаган ёлакай ёналишли трамвай ёнидан ўтаётганда ҳайдовчи нима қилиши керак?,"{""To'xtashi kerak va tramvay eshiklarini yopganidan so'ng qo'zg'alish kerak"",""To'xtab turgan tramvayga ketayotgan yoki undan tushayotgan yo'lovchilarga yo'l berishi kerak""}","{""Тўхташи керак ва трамвай ешикларини ёпганидан сўнг қўзғалиш керак"",""Тўхтаб турган трамвайга кетаётган ёки ундан тушаётган ёловчиларга ёл бериши керак""}",1,https://postimg.cc/Dmfk0bYv,9-BILET,300,,,,
Yashil avtomobil haydovchisi:,Яшил автомобил ҳайдовчиси:,"{""Bir xil yo'nalishda to'g'riga harakatlanayotgan ko'k avtomobilga yo'l berishi kerak"",""Ko'k avtomobilga nisbatan ustunlikka ega, chunki quvib o'tish uchun mo'ljallangan bo'lakdan ketyapti"",""Ustunlikka ega, chunki burilish ishorasini yoqdi""}","{""Бир хил ёналишда тўғрига ҳаракатланаётган кўк автомобилга ёл бериши керак"",""Кўк автомобилга нисбатан устунликка ега, чунки қувиб ўтиш учун мўлжалланган бўлакдан кетяпти"",""Устунликка ега, чунки бурилиш ишорасини ёқди""}",0,https://ptest.uz/images/786d065a-bab9-4e18-b5fc-cfbab0f3360c.webp,9-BILET,300,,,,
Qaysi javobda shatakka olingan transport vositasidagi yoritish asboblarini yoqishning to'g'ri holati ko'rsatilgan?,Қайси жавобда шатакка олинган транспорт воситасидаги ёритиш асбобларини ёқишнинг тўғри ҳолати кўрсатилган?,"{""Kunning qorong'i vaqtida yoki tuman bo'lgan sharoitda faralarning yaqinni yoritish chiroqlari"",""Avariya yorug'lik ishoralari, u nosoz bo'lganda yoki bo'lmagan hollarda uning orqa tomoniga avariya sababli to'xtash belgisi o'rnatilishi kerak"",""Aholi punktlarida gabarit chiroqlari"",""Aholi punktlaridan tashqaridagi yo'llarda istalgan yoritish chiroqlarini""}","{""Куннинг қоронги вақтида ёки туман бўлган шароитда фараларнинг яқинни ёритиш чироқлари"",""Авария ёруғлик ишоралари, у носоз бўлганда ёки бўлмаган ҳолларда унинг орқа томонига авария сабабли тўхташ белгиси ўрнатилиши керак"",""Аҳоли пунктларида габарит чироқлари"",""Аҳоли пунктларидан ташқаридаги ёлларда исталган ёритиш чироқларини""}",1,https://postimg.cc/Dmfk0bYv,9-BILET,300,,,,
Chorrahadan oxirgi bo'lib qaysi avtomobil o'tadi?,Чорраҳадан охирги бўлиб қайси автомобил ўтади?,"{""Ko'k avtomobil"",""Sariq avtomobil"",""Yashil avtomobil"",""Qizil avtomobil""}","{""Кўк автомобил"",""Сариқ автомобил"",""Яшил автомобил"",""Қизил автомобил""}",2,https://ptest.uz/images/c996dbcb-0d14-46a9-b0c1-14169f5ff656.webp,9-BILET,300,,,,
Qayrilib olish taqiqlanadi:,Қайрилиб олиш тақиқланади:,"{""Piyodalar o'tish joylarida"",""Tunnellarda"",""Ko'priklarda, osma yo'llarda, estakadalarda va ularning ostida"",""Temir yo'l kesishmalarida"",""Hamma sanab o'tilgan hollarda""}","{""Пиёдалар ўтиш жойларида"",""Туннелларда"",""Кўприкларда, осма ёлларда, естакадаларда ва уларнинг остида"",""Темир ёл кесишмаларида"",""Ҳамма санаб ўтилган ҳолларда""}",4,https://postimg.cc/Dmfk0bYv,9-BILET,300,,,,
Aholi punktlaridan tashqarida qaysi belgi takrorlanadi?,Аҳоли пунктларидан ташқарида қайси белги такрорланади?,"{""1"",""2"",""3"",""4"",""5""}","{""1"",""2"",""3"",""4"",""5""}",2,https://ptest.uz/images/60229a16-17d5-42c1-8ea1-9cfc37ef1777.webp,9-BILET,300,,,,
Kunning qorong'i vaqtida yo'lning yoritilgan qismida aholi yashash joylarida harakatlanayotgan mexanik transport vositasida qaysi chiroqlar yoqilgan bo'lishi kerak?,Куннинг қоронги вақтида ёлнинг ёритилган қисмида аҳоли яшаш жойларида ҳаракатланаётган механик транспорт воситасида қайси чироқлар ёқилган бўлиши керак?,"{""Faralarning yaqinni yorituvchi chiroqlari"",""Faralarning uzoqni yorituvchi chiroqlari yoki gabarit chiroqlar"",""Faralarning yaqinni yorituvchi chiroqlari (tumanga qarshi faralar) yoki gabarit chiroqlar""}","{""Фараларнинг яқинни ёритувчи чироқлари"",""Фараларнинг узоқни ёритувчи чироқлари ёки габарит чироқлар"",""Фараларнинг яқинни ёритувчи чироқлари (туманга қарши фаралар) ёки габарит чироқлар""}",0,https://postimg.cc/Dmfk0bYv,9-BILET,300,,,,
Kunning qorong'u vaqtida yo'lning yoritilmagan qismlarida harakatlanayotganda mexanik transport vositasining qaysi chiroqlari yoqilgan bo'lishi kerak?,Куннинг қоронгу вақтида ёлнинг ёритилмаган қисмларида ҳаракатланаётганда механик транспорт воситасининг қайси чироқлари ёқилган бўлиши керак?,"{""Faralarning yaqinni yorituvchi chiroqlari"",""Faralarning uzoqni yorituvchi chiroqlari yoki gabarit chiroqlar"",""Faralarning yaqinni yorituvchi chiroqlari (tumanga qarshi faralar) yoki gabarit chiroqlar""}","раларнинг яқинни ёритувчи чироқлари (туманга қарши фаралар) ёки габарит чироқлар""}",0,https://postimg.cc/Dmfk0bYv,9-BILET,300,,,,
Yaqinni yoki uzoqni yorituvchi chiroqlar,Яқинни ёки узоқни ёритувчи чироқлар,"{""Faqat yaqinni yorituvchi chiroqlar"",""Faqat uzoqni yorituvchi chiroqlar""}","{""Фақат яқинни ёритувчи чироқлар"",""Фақат узоқни ёритувчи чироқлар""}",0,https://postimg.cc/Dmfk0bYv,9-BILET,300,,,,
"Agar tuproq yo'lda bevosita chorraha oldida to'shamali (qoplamali) yo'l qismi bo'lsa, bu uni ahamiyati jihatidan kesib o'tilayotgan yo'l qismi bilan teng huquqli qiladimi?","Агар тупроқ ёлда бевосита чорраҳа олдида тўшамали (қопламали) ёл қисми бўлса, бу уни аҳамияти жиҳатидан кесиб ўтилаётган ёл қисми билан тенг ҳуқуқли қиладими?","{""Yo'q"",""Ha""}","{""Ёқ"",""Ҳа""}",0,https://postimg.cc/Dmfk0bYv,9-BILET,300,,,,
Chorrahadan ikkinchi bo'lib qaysi avtomobil o'tadi?,Чорраҳадан иккинчи бўлиб қайси автомобил ўтади?,"{""Oq avtomobil sariq bilan bir vaqtda"",""Qizil avtomobil"",""Yashil avtomobil""}","{""Оқ автомобил сариқ билан бир вақтда"",""Қизил автомобил"",""Яшил автомобил""}",1,https://ptest.uz/images/5c360d0f-823e-4658-a45f-9d4e6350190c.webp,9-BILET,300,,,,
Qaysi yo'nalishda harakatlanish taqiqlanadi?,Қайси ёналишда ҳаракатланиш тақиқланади?,"{""Chapga va o'ngga"",""To'g'riga va orqa burilish yo'nalishida"",""Faqat to'g'riga"",""Hamma yo'nalishlarda""}","{""Чапга ва ўнгга"",""Тўғрига ва орқа бурилиш ёналишида"",""Фақат тўғрига"",""Ҳамма ёналишларда""}",0,https://ptest.uz/images/f18acc2e-3bad-4a40-90fd-0a29901dd250.webp,9-BILET,300,,,,
Qaysi belgi yo'l qismida avtomatlashtirilgan foto va video qayd etish texnika vositalari o'rnatilganligi haqida axborot beradi?,Қайси белги ёл қисмида автоматлаштирилган фото ва видео қайд етиш техника воситалари ўрнатилганлиги ҳақида ахборот беради?,"{""1"",""2"",""3"",""4""}","{""1"",""2"",""3"",""4""}",2,https://ptest.uz/images/5e45a771-4b86-4562-a999-cc85e4af362d.webp,9-BILET,300,,,,
Chorraha qismida kesib o'tgan yo'lga nisbatan asosiy bo'lgan yo'lda transport vositalarini quvib o'tishga ruxsat beriladimi?,Чорраҳа қисмида кесиб ўтган ёлга нисбатан асосий бўлган ёлда транспорт воситаларини қувиб ўтишга рухсат бериладими?,"{""Ruxsat beriladi"",""Taqiqlanadi""}","{""Рухсат берилади"",""Тақиқланади""}",0,https://postimg.cc/Dmfk0bYv,9-BILET,300,,,,
Suratdagi tasvirlangan holatda haydovchi nima qilishi lozim?,Суратдаги тасвирланган ҳолатда ҳайдовчи нима қилиши лозим?,"{""Bekatda (yo'l o'rtasida) turgan bir xil yo'nalishdagi tramvayga borayotgan yoki undan kelayotgan piyodalarga yo'l berish"",""To'xtash va tramvay eshiklari yopilgandan keyin harakatlanishni boshlash"",""Tezlikni zarur bo'lganda darhol to'xtash imkonini beradigan darajagacha pasaytirib harakatni davom ettirish""}","{""Бекатда (ёл ўртасида) турган бир хил ёналишдаги трамвайга бораётган ёки ундан келаётган пиёдаларга ёл бериш"",""Тўхташ ва трамвай ешиклари ёпилгандан кейин ҳаракатланишни бошлаш"",""Тезликни зарур бўлганда дарҳол тўхташ имконини берадиган даражагача пасайтириб ҳаракатни давом еттириш""}",0,https://ptest.uz/images/b257920d-2632-438f-9203-a418607e4cda.webp,9-BILET,300,,,,
Shu joyda to'xtab turishga ruxsat etiladimi?,Шу жойда тўхтаб туришга рухсат етиладими?,"{""Ruxsat etiladi"",""Taqiqlanadi""}","{""Рухсат етилади"",""Тақиқланади""}",1,https://ptest.uz/images/08ecf3db-996f-449f-a24d-1f01365b683d.webp,9-BILET,300,,,,
"Quyidagi 3.27 ""To'xtash taqiqlangan"" belgisining amal qilish chegarasi qaerda tugaydi?","Қуйидаги 3.27 ""Тўхташ тақиқланган"" белгисининг амал қилиш чегараси қаерда тугайди?","{""Birinchi chorrahada"",""Aholi yashaydigan joyning oxirida"",""Yo'lning yotiq sariq chizig'i oxirida""}","{""Биринчи чорраҳада"",""Аҳоли яшайдиган жойнинг охирида"",""Ёлнинг ётиқ сариқ чизиғи охирида""}",2,https://ptest.uz/images/c811b066-d979-44e5-b441-7942f4f10762.webp,9-BILET,300,,,,
Qaysi transport vositasining haydovchisi birinchi navbatda harakatlanish ustunligiga ega?,Қайси транспорт воситасининг ҳайдовчиси биринчи навбатда ҳаракатланиш устунлигига ега?,"{""Yo'l xizmati mashinasining haydovchisi"",""Engil avtomobil haydovchisi""}","{""Ёл хизмати машинасининг ҳайдовчиси"",""Енгил автомобил ҳайдовчиси""}",1,https://ptest.uz/images/98db72af-8199-453d-8879-57ad219d45b6.webp,10-BILET,300,,,,
Ishchi tormozi to'satdan ishlamay qolganda avtomobilni qanday to'xtatish kerak?,Ишчи тормози тўсатдан ишламай қолганда автомобилни қандай тўхтатиш керак?,"{""Eng past uzatmaga o'tish, to'xtab turish tormozi bilan tormozlash. Zarur bo'lganda biron-bir to'siqdan foydalanish"",""Ulagichni ajratish va to'xtab turish tormozi bilan keskin tormozlash""}","{""Енг паст узатмага ўтиш, тўхтаб туриш тормози билан тормозлаш. Зарур бўлганда бирон-бир тўсиқдан фойдаланиш"",""Улагични ажратиш ва тўхтаб туриш тормози билан кескин тормозлаш""}",0,https://ptest.uz/images/ce441b38-3444-4be5-8d4f-3f74cfa73a1d.webp,10-BILET,300,,,,
Quyidagi hollarning qaysi birida temir yo'l kesishmasiga kirish taqiqlanadi?,Қуйидаги ҳолларнинг қайси бирида темир ёл кесишмасига кириш тақиқланади?,"{""Svetoforning taqiqlovchi ishorasida shlagbaum ochiq turgan holatda"",""Qishloq xo'jaligi mashinasini mexanik transport vositasiga yuklab olib o'tish holatida"",""Tezligi 8 km/s dan ko'p bo'lgan transport vositalari""}","{""Светофорнинг тақиқловчи ишорасида шлагбаум очиқ турган ҳолатда"",""Қишлоқ хўжалиги машинасини механик транспорт воситасига юклаб олиб ўтиш ҳолатида"",""Тезлиги 8 км/с дан кўп бўлган транспорт воситалари""}",0,https://postimg.cc/Dmfk0bYv,10-BILET,300,,,,
Qayrilish taqiqlanadi:,Қайрилиш тақиқланади:,"{""Chorrahaga 15 metrdan yaqinroqda"",""Tartibga solinmaydigan chorrahalarda, agar kesib o'tilayotgan yo'lda bir tomonlama harakatlanish tashkil etilgan bo'lsa"",""Piyodalar o'tish joylarida"",""Hamma sanab o'tilgan hollarda""}","{""Чорраҳага 15 метрдан яқинроқда"",""Тартибга солинмайдиган чорраҳаларда, агар кесиб ўтилаётган ёлда бир томонлама ҳаракатланиш ташкил етилган бўлса"",""Пиёдалар ўтиш жойларида"",""Ҳамма санаб ўтилган ҳолларда""}",2,https://postimg.cc/Dmfk0bYv,10-BILET,300,,,,
Motosikllarning shinalari naqshining qoldiq chuqurligi qanchadan kam bo'lmasligi kerak?,Мотосиклларнинг шиналари нақшининг қолдиқ чуқурлиги қанчадан кам бўлмаслиги керак?,"{""0,5 mm"",""0,8 mm"",""1,0 mm"",""1,6 mm"",""2,0 mm""}","{""0,5 мм"",""0,8 мм"",""1,0 мм"",""1,6 мм"",""2,0 мм""}",1,https://postimg.cc/Dmfk0bYv,10-BILET,300,,,,
"Bu belgilarning qaysi biri ""Bir tomonlama harakatlanish yo'liga chiqish"" ni bildiradi?","Бу белгиларнинг қайси бири ""Бир томонлама ҳаракатланиш ёлига чиқиш"" ни билдиради?","{""Birinchi va beshinchi"",""Uchinchi va beshinchi"",""Ikkinchi va to'rtinchi""}","{""Биринчи ва бешинчи"",""Учинчи ва бешинчи"",""Иккинчи ва тўртинчи""}",0,https://ptest.uz/images/71f7570f-a9bf-4c86-abf5-e0df97479559.webp,10-BILET,300,,,,
Shatakka olingan mexanik transport vositasida qanday tashqi yoritish chiroqlari yoqilgan bo'lishi kerak?,Шатакка олинган механик транспорт воситасида қандай ташқи ёритиш чироқлари ёқилган бўлиши керак?,"{""Kunning qorong'i vaqtida, gabarit chiroqlari"",""Yaqinni yorituvchi fara chiroqlari"",""Falokat yorug'lik ishoralari""}","{""Куннинг қоронги вақтида, габарит чироқлари"",""Яқинни ёритувчи фара чироқлари"",""Фалокат ёруғлик ишоралари""}",2,https://postimg.cc/Dmfk0bYv,10-BILET,300,,,,
Qon oqishini to'xtatuvchi jgut qo'l-oyoqlarga qanday bog'lanadi?,Қон оқишини тўхтатувчи жгут қўл-оёқларга қандай боғланади?,"{""Yaradan 10 -15 sm pastga"",""Yaradan 10 -15 sm yuqoriga"",""Bevosita yaraning o'ziga""}","{""Ярадан 10 -15 см пастга"",""Ярадан 10 -15 см юқорига"",""Бевосита яранинг ўзига""}",1,https://postimg.cc/Dmfk0bYv,10-BILET,300,,,,
Kunduzgi vaqtda transportning old yoki orqa tomoniga 1 metrdan ortiq chiqib turgan yuk qanday belgilanadi?,Кундузги вақтда транспортнинг олд ёки орқа томонига 1 метрдан ортиқ чиқиб турган юк қандай белгиланади?,"{""\""????? ??????? ??\"" diagonali bo'yicha qizil va oq chiziqlari bo'lgan taxtacha yoki bayroqchalar bilan"",""Qizil bayroqchalar bilan"",""Oq bayroqchalar bilan""}","{""\""????? ??????? ??\"" диагонали бўйича қизил ва оқ чизиқлари бўлган тахтача ёки байроқчалар билан"",""Қизил байроқчалар билан"",""Оқ байроқчалар билан""}",0,https://postimg.cc/Dmfk0bYv,10-BILET,300,,,,
Chorrahadan birinchi bo'lib o'tadi:,Чорраҳадан биринчи бўлиб ўтади:,"{""Yashil avtomobil"",""Ko'k avtomobil"",""Qizil avtomobil"",""Sariq avtomobil""}","{""Яшил автомобил"",""Кўк автомобил"",""Қизил автомобил"",""Сариқ автомобил""}",2,https://ptest.uz/images/6ed45d17-3fe8-4903-bc6e-6e4d9d593bce.webp,10-BILET,300,,,,
Yo'lovchilarning va mahkamlanmagan yukning shiddat bilan oldinga surilib ketishiga nima sabab bo'lishi mumkin?,Ёловчиларнинг ва маҳкамланмаган юкнинг шиддат билан олдинга сурилиб кетишига нима сабаб бўлиши мумкин?,"{""Faqat tezlikni keskin oshirish"",""Faqat keskin tormozlash"",""Tezlikni keskin oshirish va keskin tormozlash""}","{""Фақат тезликни кескин ошириш"",""Фақат кескин тормозлаш"",""Тезликни кескин ошириш ва кескин тормозлаш""}",1,https://ptest.uz/images/f6ce09d4-5173-49a4-8bbc-692c70c953ea.webp,10-BILET,300,,,,
Yo'l-transport hodisasiga daxldor bo'lgan haydovchilar birinchi navbatda bajarishlari shart:,Ёл-транспорт ҳодисасига дахлдор бўлган ҳайдовчилар биринчи навбатда бажаришлари шарт:,"{""Hodisa sodir bo'lgan joyda to'xtash, guvohlarning ismi-sharifini va manzilgohini yozib olish, hodisa haqida IIO xodimlariga xabar berish, shikastlanganlarga shifokor kelguncha tibbiy yordam berish uchun choralar ko'rish"",""Darhol to'xtash va hodisa sodir bo'lgan joyda qolish, majburiy to'xtash yoritgichini yoqish va falokat sababi to'xtash belgisini o'rnatish"",""To'xtash va hodisaga tegishli izlarni saqlash, ularning atrofini to'sib, hodisa sodir bo'lgan joyni aylanib o'tishni tashkil etish uchun hamma mumkin bo'lgan choralarni ko'rish, IIOga xabar berish, tibbiy yordam berish""}","{""Ҳодиса содир бўлган жойда тўхташ, гувоҳларнинг исми-шарифини ва манзилгоҳини ёзиб олиш, ҳодиса ҳақида ИИО ходимларига хабар бериш, шикастланганларга шифокор келгунча тиббий ёрдам бериш учун чоралар кўриш"",""Дарҳол тўхташ ва ҳодиса содир бўлган жойда қолиш, мажбурий тўхташ ёритгичини ёқиш ва фалокат сабаби тўхташ белгисини ўрнатиш"",""Тўхташ ва ҳодисага тегишли изларни сақлаш, уларнинг атрофини тўсиб, ҳодиса содир бўлган жойни айланиб ўтишни ташкил етиш учун ҳамма мумкин бўлган чораларни кўриш, ИИОга хабар бериш, тиббий ёрдам бериш""}",1,https://postimg.cc/Dmfk0bYv,10-BILET,300,,,,
Bu yotiq chiziq quyidagi vazifani bajaradi:,Бу ётиқ чизиқ қуйидаги вазифани бажаради:,"{""Maxsus piyodalar yo'lkasini bildiradi"",""Velosiped yo'lkasini bildiradi, chiziq yo'naltirgichlari bo'laklar bo'yicha harakat yo'nalishini ko'rsatadi"",""Piyodalar o'tish joyini bildiradi,chiziq yo'naltirgichlari piyodalar harakatlanish yo'nalishini ko'rsatadi""}","{""Махсус пиёдалар ёлкасини билдиради"",""Велосипед ёлкасини билдиради, чизиқ ёналтиргичлари бўлаклар бўйича ҳаракат ёналишини кўрсатади"",""Пиёдалар ўтиш жойини билдиради,чизиқ ёналтиргичлари пиёдалар ҳаракатланиш ёналишини кўрсатади""}",2,https://ptest.uz/images/ee3b234d-ed2a-494c-99eb-a25ce771b9f4.webp,10-BILET,300,,,,
Avtomobillar chorrahadan quyidagi tartibda o'tadi:,Автомобиллар чорраҳадан қуйидаги тартибда ўтади:,"{""Qizil, yashil, ko'k"",""Ko'k, qizil, yashil"",""Uchchalasi bir vaqtda""}","{""Қизил, яшил, кўк"",""Кўк, қизил, яшил"",""Уччаласи бир вақтда""}",2,https://ptest.uz/images/06cd306b-07ae-4087-adad-299b41b38611.webp,10-BILET,300,,,,
"Qaysi belgi ""To'siqni chapdan aylanib o'tish"" deb ataladi?","Қайси белги ""Тўсиқни чапдан айланиб ўтиш"" деб аталади?","{""1"",""2"",""3"",""4"",""5""}","{""1"",""2"",""3"",""4"",""5""}",2,https://ptest.uz/images/1d56cd7d-f38f-41ec-acea-85e9d621c54d.webp,10-BILET,300,,,,
Qaysi yo'nalishlarda harakatlanishga ruxsat etiladi?,Қайси ёналишларда ҳаракатланишга рухсат етилади?,"{""\"" ? \"" yo'nalishida"",""\"" ? \"" yo'nalishida"",""\"" ? \"" yo'nalishida"",""\"" ? \"", \"" ? \"" va \"" ? \"" yo'nalishlarida"",""\"" ? \"" va \"" ? \"" yo'nalishlarida""}","{""\"" ? \"" ёналишида"",""\"" ? \"" ёналишида"",""\"" ? \"" ёналишида"",""\"" ? \"", \"" ? \"" ва \"" ? \"" ёналишларида"",""\"" ? \"" ва \"" ? \"" ёналишларида""}",3,https://ptest.uz/images/43dd0c37-3b1d-4294-ad1d-83e76ee30353.webp,10-BILET,300,,,,
Belgi ostidagi qo'shimcha axborot belgisi nimani bildiradi?,Белги остидаги қўшимча ахборот белгиси нимани билдиради?,"{""Belgidan birinchi burilishning boshlanishigacha bo'lgan masofani"",""Birinchi burilishdan ikkinchi burilishning boshlanishigacha bo'lgan masofani"",""Yo'lning xavfli burilishlari bo'lgan qatnov qismi uzunligini""}","{""Белгидан биринчи бурилишнинг бошланишигача бўлган масофани"",""Биринчи бурилишдан иккинчи бурилишнинг бошланишигача бўлган масофани"",""Ёлнинг хавфли бурилишлари бўлган қатнов қисми узунлигини""}",2,https://ptest.uz/images/bf11e64d-2e89-4308-ab28-303649adb261.webp,10-BILET,300,,,,
Qaysi transport vositasining haydovchisi yo'l berishi kerak?,Қайси транспорт воситасининг ҳайдовчиси ёл бериши керак?,"{""Velosiped haydovchisi"",""Avtomobil haydovchisi""}","{""Велосипед ҳайдовчиси"",""Автомобил ҳайдовчиси""}",1,https://ptest.uz/images/64883cd0-4a56-4168-ab54-7f83d6353ecf.webp,10-BILET,300,,,,
Sirpanchiq yo'lda karbyuratorning drossel zaslonkasini keskin ochish qanday xavfli oqibatlarga olib kelishi mumkin?,Сирпанчиқ ёлда карбюраторнинг дроссел заслонкасини кескин очиш қандай хавфли оқибатларга олиб келиши мумкин?,"{""Karbyurator qismlari ishdan chiqishiga"",""Yurgizgich ishlashdan to'xtab qolishiga"",""Avtomobilning yonga sirpanib ketishiga""}","{""Карбюратор қисмлари ишдан чиқишига"",""Юргизгич ишлашдан тўхтаб қолишига"",""Автомобилнинг ёнга сирпаниб кетишига""}",2,https://postimg.cc/Dmfk0bYv,10-BILET,300,,,,
Yuk avtomobilining yukxonasida qancha miqdorda odamlarni tashishga ruxsat beriladi?,Юк автомобилининг юкхонасида қанча миқдорда одамларни ташишга рухсат берилади?,"{""20 kishidan ortiq emas"",""Tashilayotgan odamlar soni o'tirish uchun jihozlangan o'rinlar miqdoridan ortiq bo'lmasligi kerak"",""Haydovchining xohishiga ko'ra"",""Mamuriyatning ko'rsatmasiga ko'ra""}","{""20 кишидан ортиқ емас"",""Ташилаётган одамлар сони ўтириш учун жиҳозланган ўринлар миқдоридан ортиқ бўлмаслиги керак"",""Ҳайдовчининг хоҳишига кўра"",""Мамуриятнинг кўрсатмасига кўра""}",1,https://postimg.cc/Dmfk0bYv,10-BILET,300,,,,
Qaysi transport vositasining haydovchisi birinchi navbatda harakatlanish ustunligiga ega?,Қайси транспорт воситасининг ҳайдовчиси биринчи навбатда ҳаракатланиш устунлигига ега?,"{""Yo'l xizmati mashinasining haydovchisi"",""Engil avtomobil haydovchisi""}","{""Ёл хизмати машинасининг ҳайдовчиси"",""Енгил автомобил ҳайдовчиси""}",1,https://ptest.uz/images/98db72af-8199-453d-8879-57ad219d45b6.webp,10-BILET,300,,,,
Yaltirovchi ko'k mayoqcha va unga qo'shimcha maxsus tovushli ishorasi yoqilgan transport vositasi sizga yaqinlashib kelmoqda. Siz shunday transport vositasiga qarshi harakatlanayotgan bo'lsangiz; nima qilishingiz lozim?,Ялтировчи кўк маёқча ва унга қўшимча махсус товушли ишораси ёқилган транспорт воситаси сизга яқинлашиб келмоқда. Сиз шундай транспорт воситасига қарши ҳаракатланаётган бўлсангиз; нима қилишингиз лозим?,"{""Yo'l yoqasida yoki qatnov qismining chetida to'xtash"",""Mayoqcha ishorasi yoqilgan transport vositasiga xalaqit bermasdan yo'l chetidan harakatlanish""}","{""Ёл ёқасида ёки қатнов қисмининг четида тўхташ"",""Маёқча ишораси ёқилган транспорт воситасига халақит бермасдан ёл четидан ҳаракатланиш""}",1,https://postimg.cc/Dmfk0bYv,11-BILET,300,,,,
Bu joyda to'xtash mumkinmi?,Бу жойда тўхташ мумкинми?,"{""Mumkin"",""Taqiqlangan""}","{""Мумкин"",""Тақиқланган""}",1,https://ptest.uz/images/a3ae1323-7a2d-48d8-b320-0a2107d81d77.webp,11-BILET,300,,,,
Sariq avtobusning haydovchisiga chorrahaga chiqishga ruxsat etiladimi?,Сариқ автобуснинг ҳайдовчисига чорраҳага чиқишга рухсат етиладими?,"{""Ruxsat etiladi"",""Taqiqlanadi"",""Agar avtobus belgilangan yo'nalish bo'yicha yursa ruxsat etiladi""}","{""Рухсат етилади"",""Тақиқланади"",""Агар автобус белгиланган ёналиш бўйича юрса рухсат етилади""}",1,https://ptest.uz/images/c134b213-e8b4-4534-8881-bdf090cc702d.webp,11-BILET,300,,,,
Yo'lning yoritilmagan qismlarida qorong'i vaqtda to'xtaganda gabarit chiroqlari buzuq bo'lsa:,Ёлнинг ёритилмаган қисмларида қоронги вақтда тўхтаганда габарит чироқлари бузуқ бўлса:,"{""Yaqinni yorituvchi faralarni yoqish"",""O'ngroqqa olish va yaqinni yorituvchi farani yoqish zarur"",""Transport vositasini yo'ldan tashqariga chiqarish, agar buning iloji bo'lmasa mazkur qoidalar talablariga binoan uni belgilash lozim""}","{""Яқинни ёритувчи фараларни ёқиш"",""Ўнгроққа олиш ва яқинни ёритувчи фарани ёқиш зарур"",""Транспорт воситасини ёлдан ташқарига чиқариш, агар бунинг иложи бўлмаса мазкур қоидалар талабларига биноан уни белгилаш лозим""}",2,https://postimg.cc/Dmfk0bYv,11-BILET,300,,,,
Harakatlanish mumkin bo'lgan yo'nalish qaysi rasmda ko'rsatilgan?,Ҳаракатланиш мумкин бўлган ёналиш қайси расмда кўрсатилган?,"{""Chapdagi rasmda"",""Pastdagi rasmda"",""O'ngdagi ras mda"",""O'rtadagi va o'ngdagi rasmda""}","{""Чапдаги расмда"",""Пастдаги расмда"",""Ўнгдаги рас мда"",""Ўртадаги ва ўнгдаги расмда""}",2,https://ptest.uz/images/78c7b0ea-7f69-4b42-8356-19d3412e5d4d.webp,11-BILET,300,,,,
Qaysi belgi oyning juft sonli kunlarda to'xtab turishni taqiqlaydi?,Қайси белги ойнинг жуфт сонли кунларда тўхтаб туришни тақиқлайди?,"{""1"",""2"",""3"",""4"",""5""}","{""1"",""2"",""3"",""4"",""5""}",4,https://ptest.uz/images/13b03ede-d65d-4fef-9364-8b59fb2c0dbb.webp,11-BILET,300,,,,
Transport vositalari suniy yoritilgan tunnelda harakatlanayotganda qanday yoritish chiroqlari yoqilishi kerak?,Транспорт воситалари суний ёритилган туннелда ҳаракатланаётганда қандай ёритиш чироқлари ёқилиши керак?,"{""Uzoqni yorituvchi chiroqlar"",""Yaqinni yoki uzoqni yorituvchi chiroqlar"",""Majburiy to'xtash yoritgichi"",""Yoritish asboblari yoqilmaydi""}","{""Узоқни ёритувчи чироқлар"",""Яқинни ёки узоқни ёритувчи чироқлар"",""Мажбурий тўхташ ёритгичи"",""Ёритиш асбоблари ёқилмайди""}",1,https://postimg.cc/Dmfk0bYv,11-BILET,300,,,,
Avtomobilda tibbiyot qutichasini qaerda saqlash lozim?,Автомобилда тиббиёт қутичасини қаерда сақлаш лозим?,"{""Engil avtomobilning yukxonasida"",""Tayyorlovchi korxona tomonidan belgilangan joylarda berk holatda"",""Avtomobilning kuzovida ko'rinadigan joyda""}","{""Енгил автомобилнинг юкхонасида"",""Тайёрловчи корхона томонидан белгиланган жойларда берк ҳолатда"",""Автомобилнинг кузовида кўринадиган жойда""}",1,https://postimg.cc/Dmfk0bYv,11-BILET,300,,,,
Ruxsat etilgan harakatlanish yo'nalishini ko'rsating:,Рухсат етилган ҳаракатланиш ёналишини кўрсатинг:,"{""Faqat \"" ? \"""",""Faqat \"" ? \"""",""Faqat \"" ? \"""",""\"" ? ?? \"" ? \"""",""\"" ? ?? \"" ? \""""}","{""Фақат \"" ? \"""",""Фақат \"" ? \"""",""Фақат \"" ? \"""",""\"" ? ?? \"" ? \"""",""\"" ? ?? \"" ? \""""}",3,https://ptest.uz/images/b55d21fb-42ad-49bb-82a8-c24deaea3d3b.webp,11-BILET,300,,,,
Bu yo'l belgisi:,Бу ёл белгиси:,"{""Faqat belgida ko'rsatilgan yoki yuqori tezlikda harakatlanishga ruxsat beradi"",""Belgida ko'rsatilgandan ortiq tezlikdagi harakatni taqiqlaydi"",""Yo'lning shu qismida tavsiya etilgan harakatlanish tezligini ko'rsatadi""}","{""Фақат белгида кўрсатилган ёки юқори тезликда ҳаракатланишга рухсат беради"",""Белгида кўрсатилгандан ортиқ тезликдаги ҳаракатни тақиқлайди"",""Ёлнинг шу қисмида тавсия етилган ҳаракатланиш тезлигини кўрсатади""}",0,https://ptest.uz/images/82d9f8ec-00ab-4470-8409-0b008d6a5973.webp,11-BILET,300,,,,
Ko'rsatilgan belgi ostidagi qo'shimcha axborot belgisi qanday maqsadda o'rnatilgan?,Кўрсатилган белги остидаги қўшимча ахборот белгиси қандай мақсадда ўрнатилган?,"{""Belgining amal qilish hududida foto va video moslamalaridan foydalanish taqiqlanadi"",""DYHXX tomonidan harakat jarayoni foto va video kuzatuvi olingan yo'l qismini bildiradi""}","{""Белгининг амал қилиш ҳудудида фото ва видео мосламаларидан фойдаланиш тақиқланади"",""ДЙҲХХ томонидан ҳаракат жараёни фото ва видео кузатуви олинган ёл қисмини билдиради""}",1,https://ptest.uz/images/3b08193b-8e9e-499f-ae33-db5462f81754.webp,11-BILET,300,,,,
Qo'shaloq shinalar orasiga begona jismlar tiqilib qolganda transport vositalaridan foydalanishga ruxsat etiladimi?,Қўшалоқ шиналар орасига бегона жисмлар тиқилиб қолганда транспорт воситаларидан фойдаланишга рухсат етиладими?,"{""Taqiqlanadi"",""Mazkur yo'nalishda ikki va undan ortiq bo'lak bo'lganda yo'lning faqat o'ng tarafdagi bo'lagi bo'ylab harakatlanishga ruxsat etiladi"",""Ko'pi bilan 40 km/soat tezlikda harakat qilishga ruxsat etiladi""}","{""Тақиқланади"",""Мазкур ёналишда икки ва ундан ортиқ бўлак бўлганда ёлнинг фақат ўнг тарафдаги бўлаги бўйлаб ҳаракатланишга рухсат етилади"",""Кўпи билан 40 км/соат тезликда ҳаракат қилишга рухсат етилади""}",0,https://postimg.cc/Dmfk0bYv,11-BILET,300,,,,
Orqa tomondagi tumanga qarshi chiroqlar quyidagi hollarda qo'llanishi mumkin:,Орқа томондаги туманга қарши чироқлар қуйидаги ҳолларда қўлланиши мумкин:,"{""Kunning qorong'i vaqtida safda harakatlanishda"",""Tonellarda harakatlanishda"",""Faqat etarli ko'rinmaydigan sharoitlarda"",""Kunning qorong'i vaqtida yuk tushirishda"",""Barcha sanab o'tilgan hollarda""}","{""Куннинг қоронги вақтида сафда ҳаракатланишда"",""Тонелларда ҳаракатланишда"",""Фақат етарли кўринмайдиган шароитларда"",""Куннинг қоронги вақтида юк туширишда"",""Барча санаб ўтилган ҳолларда""}",2,https://postimg.cc/Dmfk0bYv,11-BILET,300,,,,
Yuk tirkamasida odam tashishga ruxsat etiladimi?,Юк тиркамасида одам ташишга рухсат етиладими?,"{""Taqiqlanadi"",""Ruxsat beriladi"",""Faqat yukni kuzatib boruvchi shaxsga ruxsat etiladi""}","{""Тақиқланади"",""Рухсат берилади"",""Фақат юкни кузатиб борувчи шахсга рухсат етилади""}",0,https://postimg.cc/Dmfk0bYv,11-BILET,300,,,,
Haydovchi ko'zi qamashgan taqdirda quyidagilarni bajarishi shart:,Ҳайдовчи кўзи қамашган тақдирда қуйидагиларни бажариши шарт:,"{""Qatnov qismining iloji boricha o'ng tomoniga o'tib to'xtashi"",""Falokat yorug'lik ishoralarini yoqishi va harakat tasmasini o'zgartirmagan holda tezlikni kamaytirishi va to'xtashi"",""Agar oldinda transport vositalari paydo bo'lsa bo'lakni o'zgartirmay tezlikni kamaytirishi yoki to'xtashi"",""Uzoqni yorituvchi chiroqni yoqishi va to'xtashi""}","{""Қатнов қисмининг иложи борича ўнг томонига ўтиб тўхташи"",""Фалокат ёруғлик ишораларини ёқиши ва ҳаракат тасмасини ўзгартирмаган ҳолда тезликни камайтириши ва тўхташи"",""Агар олдинда транспорт воситалари пайдо бўлса бўлакни ўзгартирмай тезликни камайтириши ёки тўхташи"",""Узоқни ёритувчи чироқни ёқиши ва тўхташи""}",1,https://postimg.cc/Dmfk0bYv,11-BILET,300,,,,
Chorrahani oxirgi bo'lib kesib o'tadi:,Чорраҳани охирги бўлиб кесиб ўтади:,"{""Yashil avtomobil"",""Ko'k avtomobil"",""Qizil avtomobil""}","{""Яшил автомобил"",""Кўк автомобил"",""Қизил автомобил""}",2,https://ptest.uz/images/9a6155ea-2b90-4b8a-8954-41abbf224e12.webp,11-BILET,300,,,,
Transport vositalari chorrahani quyidagi tartibda kesib o'tadilar:,Транспорт воситалари чорраҳани қуйидаги тартибда кесиб ўтадилар:,"{""Motosikl, avtomobil, tramvay"",""Tramvay, avtomobil, motosikl"",""Tramvay, motosikl, avtomobil""}","{""Мотосикл, автомобил, трамвай"",""Трамвай, автомобил, мотосикл"",""Трамвай, мотосикл, автомобил""}",0,https://ptest.uz/images/d2dc6fe7-2dc6-49e3-82e1-9fb9220e1945.webp,11-BILET,300,,,,
Yo'naltirgichlar bilan ko'rsatilgan yo'nalishlarning qaysi biridan harakat qilish mumkin?,Ёналтиргичлар билан кўрсатилган ёналишларнинг қайси биридан ҳаракат қилиш мумкин?,"{""Faqat to'g'riga"",""Chapga va orqaga"",""To'g'riga, chapga va orqaga""}","{""Фақат тўғрига"",""Чапга ва орқага"",""Тўғрига, чапга ва орқага""}",0,https://ptest.uz/images/85dd8517-5168-4941-9d35-a79045172026.webp,11-BILET,300,,,,
Chorrahani ikkinchi bo'lib kesib o'tadi:,Чорраҳани иккинчи бўлиб кесиб ўтади:,"{""Qizil avtomobil"",""Ko'k avtomobil"",""Yashil avtomobil""}","{""Қизил автомобил"",""Кўк автомобил"",""Яшил автомобил""}",1,https://ptest.uz/images/d1004bfe-1289-4380-babd-86fd0e0377c0.webp,11-BILET,300,,,,
To'xtash yo'li deb nimaga aytiladi?,Тўхташ ёли деб нимага айтилади?,"{""Xavfning haydovchiga malum bo'lgan paytidan tormozlash boshlanguncha avtomobilda o'tilgan masofa"",""Avtomobilda xavfning haydovchiga malum bo'lgan paytidan boshlab to'la to'xtagunga qadar bosib o'tilgan masofan""}","{""Хавфнинг ҳайдовчига малум бўлган пайтидан тормозлаш бошлангунча автомобилда ўтилган масофа"",""Автомобилда хавфнинг ҳайдовчига малум бўлган пайтидан бошлаб тўла тўхтагунга қадар босиб ўтилган масофан""}",1,https://postimg.cc/Dmfk0bYv,11-BILET,300,,,,
Yaltirovchi ko'k mayoqcha va unga qo'shimcha maxsus tovushli ishorasi yoqilgan transport vositasi sizga yaqinlashib kelmoqda. Siz shunday transport vositasiga qarshi harakatlanayotgan bo'lsangiz; nima qilishingiz lozim?,Ялтировчи кўк маёқча ва унга қўшимча махсус товушли ишораси ёқилган транспорт воситаси сизга яқинлашиб келмоқда. Сиз шундай транспорт воситасига қарши ҳаракатланаётган бўлсангиз; нима қилишингиз лозим?,"{""Yo'l yoqasida yoki qatnov qismining chetida to'xtash"",""Mayoqcha ishorasi yoqilgan transport vositasiga xalaqit bermasdan yo'l chetidan harakatlanish""}","{""Ёл ёқасида ёки қатнов қисмининг четида тўхташ"",""Маёқча ишораси ёқилган транспорт воситасига халақит бермасдан ёл четидан ҳаракатланиш""}",1,https://postimg.cc/Dmfk0bYv,11-BILET,300,,,,
12 yoshga etmagan bolalarni transport vositasining oldingi o'rindig'ida tashishga ruxsat etiladimi?,12 ёшга етмаган болаларни транспорт воситасининг олдинги ўриндиғида ташишга рухсат етиладими?,"{""Bolalarni ushlab turuvchi maxsus qurilma o'rnatilgan bo'lsa ruxsat etiladi"",""Faqat katta yoshdagi yo'lovchi hamroh bo'lganida ruxsat etiladi"",""Taqiqlanadi""}","{""Болаларни ушлаб турувчи махсус қурилма ўрнатилган бўлса рухсат етилади"",""Фақат катта ёшдаги ёловчи ҳамроҳ бўлганида рухсат етилади"",""Тақиқланади""}",0,https://postimg.cc/Dmfk0bYv,12-BILET,300,,,,
Qaysi avtomobil chorrahadan oxirgi bo'lib o'tadi?,Қайси автомобил чорраҳадан охирги бўлиб ўтади?,"{""Ko'k avtomobil"",""Qizil avtomobil"",""Yashil avtomobil""}","{""Кўк автомобил"",""Қизил автомобил"",""Яшил автомобил""}",1,https://ptest.uz/images/f301e09c-e2ef-4431-903b-82511795e43b.webp,12-BILET,300,,,,
Boshqaruv qurilmasi nosoz mexanik transport vositasi shatakka olinishi kerak:,Бошқарув қурилмаси носоз механик транспорт воситаси шатакка олиниши керак:,"{""Qisman ortish usuli bilan"",""Qattiq ulagich bilan"",""Uni qisman ortish yoki qattiq ulagichda ulash usuli bilan"",""Agar shatakka oluvchining haqiqiy vazni shatakka olinayotganning haqiqiy vaznidan ikki marta ko'p bo'lsa qattiq ulagichda""}","{""Қисман ортиш усули билан"",""Қаттиқ улагич билан"",""Уни қисман ортиш ёки қаттиқ улагичда улаш усули билан"",""Агар шатакка олувчининг ҳақиқий вазни шатакка олинаётганнинг ҳақиқий вазнидан икки марта кўп бўлса қаттиқ улагичда""}",0,https://postimg.cc/Dmfk0bYv,12-BILET,300,,,,
Ko'rsatilgan avtomobillardan qaysi biri ag'darilishga qarshi turg'unroq?,Кўрсатилган автомобиллардан қайси бири ағдарилишга қарши турғунроқ?,"{""Ichida tik turgan yo'lovchilar bo'lgan avtobus"",""Avtokran"",""Bo'sh yuk avtomobili""}","{""Ичида тик турган ёловчилар бўлган автобус"",""Автокран"",""Бўш юк автомобили""}",2,https://ptest.uz/images/f2b3e519-0280-4386-b7fd-0b69e1f2aea5.webp,12-BILET,300,,,,
Rasmda ko'rsatilgan holatda yo'lovchilarni tushirish uchun to'xtashga ruxsat beriladimi?,Расмда кўрсатилган ҳолатда ёловчиларни тушириш учун тўхташга рухсат бериладими?,"{""Ruxsat etiladi"",""Taqiqlanadi""}","{""Рухсат етилади"",""Тақиқланади""}",0,https://ptest.uz/images/af1ec2ce-055b-401a-9069-007df536a0c5.webp,12-BILET,300,,,,
Bu belgi nimani bildiradi?,Бу белги нимани билдиради?,"{""To'siqlarni aylanib o'tishning dastlabki ko'rsatkichi"",""Boshqa qatnov qismiga qayta tizilishning dastlabki ko'rsatkichi"",""Qarama-qarshi yo'nalish bo'lagiga chiqishning boshlang'ich ko'rsatkichi""}","{""Тўсиқларни айланиб ўтишнинг дастлабки кўрсаткичи"",""Бошқа қатнов қисмига қайта тизилишнинг дастлабки кўрсаткичи"",""Қарама-қарши ёналиш бўлагига чиқишнинг бошлангич кўрсаткичи""}",1,https://ptest.uz/images/9df4e6ea-f048-4449-88a5-12a2071358c7.webp,12-BILET,300,,,,
Transport vositalari chorrahani quyidagi tartibda kesib o'tadilar:,Транспорт воситалари чорраҳани қуйидаги тартибда кесиб ўтадилар:,"{""Ko'k, yashil, qizil avtomobillar"",""Ko'k, qizil avtomobilni o'tkazib yuboradi, so'ng esa burilishni tugallaydi; yashil avtomobil"",""Qizil, ko'k, yashil avtomobillar"",""Yashil, qizil, ko'k avtomobillar""}","{""Кўк, яшил, қизил автомобиллар"",""Кўк, қизил автомобилни ўтказиб юборади, сўнг еса бурилишни тугаллайди; яшил автомобил"",""Қизил, кўк, яшил автомобиллар"",""Яшил, қизил, кўк автомобиллар""}",0,https://ptest.uz/images/6bd089af-dfbf-42c4-b48a-70f68b6d961b.webp,12-BILET,300,,,,
Qaysi transport vositasining haydovchisi yo'l berishi lozim?,Қайси транспорт воситасининг ҳайдовчиси ёл бериши лозим?,"{""Engil avtomobil haydovchisi"",""Yuk avtomobil haydovchisi""}","{""Енгил автомобил ҳайдовчиси"",""Юк автомобил ҳайдовчиси""}",0,https://ptest.uz/images/054fcc54-0f08-469e-98e7-90d5e44de299.webp,12-BILET,300,,,,
Velosiped yo'lkasi yo'l bilan kesishgan joylarda velosiped va moped haydovchilari qanday hollarda transport vositalariga yo'l berishlari kerak?,Велосипед ёлкаси ёл билан кесишган жойларда велосипед ва мопед ҳайдовчилари қандай ҳолларда транспорт воситаларига ёл беришлари керак?,"{""Chorrahadan tashqarida tartibga solinmagan kesishmada barcha hollarda"",""Transport vositasi o'ngdan yaqinlashib kelganda"",""Ko'rsatilgan joyda velosiped va moped haydovchilari imtiyozga egadirlar""}","{""Чорраҳадан ташқарида тартибга солинмаган кесишмада барча ҳолларда"",""Транспорт воситаси ўнгдан яқинлашиб келганда"",""Кўрсатилган жойда велосипед ва мопед ҳайдовчилари имтиёзга егадирлар""}",0,https://postimg.cc/Dmfk0bYv,12-BILET,300,,,,
"Belgilangan yo'nalishdagi transport vositalari yoki taksilarning to'xtab turish maydonchalaridan ular bo'lmagan hollarda, (yo'nalishli transport voistalari harakatiga xalaqit bermasa) belgi ko'rsatkichlaridan qanday masofada to'xtash va to'xtab turish taqiqlanadi?","Белгиланган ёналишдаги транспорт воситалари ёки таксиларнинг тўхтаб туриш майдончаларидан улар бўлмаган ҳолларда, (ёналишли транспорт воисталари ҳаракатига халақит бермаса) белги кўрсаткичларидан қандай масофада тўхташ ва тўхтаб туриш тақиқланади?","{""5 m"",""10 m"",""15 m"",""20 m"",""25 m""}","{""5 м"",""10 м"",""15 м"",""20 м"",""25 м""}",2,https://postimg.cc/Dmfk0bYv,12-BILET,300,,,,
Harakatda imtiyozga ega bo'ladi:,Ҳаракатда имтиёзга ега бўлади:,"{""Ko'k avtomobil, chunki qizil harakatlanish bo'lagini chapga o'zgartiradi"",""Qizil avtomobil, chunki o'zaro qayta tizilishda u o'ng tomonda bo'lagini uchun"",""Ko'k avtomobil, chunki o'zaro qayta tizilishda u chap tomonda bo'ladi""}","{""Кўк автомобил, чунки қизил ҳаракатланиш бўлагини чапга ўзгартиради"",""Қизил автомобил, чунки ўзаро қайта тизилишда у ўнг томонда бўлагини учун"",""Кўк автомобил, чунки ўзаро қайта тизилишда у чап томонда бўлади""}",1,https://ptest.uz/images/1dd17f41-1c70-4942-ad62-c3c7cc1ca69f.webp,12-BILET,300,,,,
"Kimlar ""yo'l harakati qatnashchisi"" hisoblanadi?","Кимлар ""ёл ҳаракати қатнашчиси"" ҳисобланади?","{""Yo'l harakati jarayonida transport vositasining haydovchisi, yo'lovchisi yoki piyoda tariqasida bevosita ishtirok etayotgan shaxs"",""Yo'lda bo'lgan va unda ish bajarmayotgan har qanday shaxs"",""Biror bir transport vositasini boshqarayotgan shaxs""}","{""Ёл ҳаракати жараёнида транспорт воситасининг ҳайдовчиси, ёловчиси ёки пиёда тариқасида бевосита иштирок етаётган шахс"",""Ёлда бўлган ва унда иш бажармаётган ҳар қандай шахс"",""Бирор бир транспорт воситасини бошқараётган шахс""}",0,https://postimg.cc/Dmfk0bYv,12-BILET,300,,,,
Qatnov qismidagi bunday yo'naltirgichlar nimani bildiradi?,Қатнов қисмидаги бундай ёналтиргичлар нимани билдиради?,"{""Haydovchini yo'lning xavfli qismiga yaqinlashayotganligi haqida ogohlantiradi"",""Qatnov qismining torayishiga yaqinlashayotganligi haqida ogohlantiradi"",""Yo'lning xavfli burilish yo'nalishini ko'rsatadi""}","{""Ҳайдовчини ёлнинг хавфли қисмига яқинлашаётганлиги ҳақида огоҳлантиради"",""Қатнов қисмининг торайишига яқинлашаётганлиги ҳақида огоҳлантиради"",""Ёлнинг хавфли бурилиш ёналишини кўрсатади""}",1,https://ptest.uz/images/a272ea34-693a-4e59-a138-e91a290b1a9b.webp,12-BILET,300,,,,
Quyidagilar poezdni to'xtatish ishorasi bo'lib xizmat qiladi:,Қуйидагилар поездни тўхтатиш ишораси бўлиб хизмат қилади:,"{""Qo'lni (kunduzi-bir parcha yorqin mato yoki aniq ko'rinadigan bir narsa bilan, tunda- mashala yoki chiroq bilan) gir aylantirish"",""Qo'ldagi tayoqchani yoki qizil bayroqni boshidan yuqori ko'tarib turish"",""Qo'llarini oldinga uzatib turish"",""Oldinga uzatilgan qo'llarni yuqoriga va pastga tebratish""}","{""Қўлни (кундузи-бир парча ёрқин мато ёки аниқ кўринадиган бир нарса билан, тунда- машала ёки чироқ билан) гир айлантириш"",""Қўлдаги таёқчани ёки қизил байроқни бошидан юқори кўтариб туриш"",""Қўлларини олдинга узатиб туриш"",""Олдинга узатилган қўлларни юқорига ва пастга тебратиш""}",0,https://postimg.cc/Dmfk0bYv,12-BILET,300,,,,
Qaysi rasmda piyodalar qoidani buzmay harakatlanmoqda?,Қайси расмда пиёдалар қоидани бузмай ҳаракатланмоқда?,"{""Chapdagi rasmda"",""O'ngdagi rasmda"",""Ikkala rasmda""}","{""Чапдаги расмда"",""Ўнгдаги расмда"",""Иккала расмда""}",2,https://ptest.uz/images/08de28ff-6f29-452f-bae3-56547b742f6d.webp,12-BILET,300,,,,
Birinchi bo'lib chorrahani kesib o'tadi:,Биринчи бўлиб чорраҳани кесиб ўтади:,"{""Qizil avtomobil"",""Yashil avtomobil"",""Ko'k avtomobil""}","{""Қизил автомобил"",""Яшил автомобил"",""Кўк автомобил""}",2,https://ptest.uz/images/0d708791-1389-4e10-be6b-9265f1940e55.webp,12-BILET,300,,,,
Toliqish haydovchining diqqatiga va etiboriga qanday tasir qiladi?,Толиқиш ҳайдовчининг диққатига ва етиборига қандай тасир қилади?,"{""Haydovchining diqqatiga va etiboriga tasir qilmaydi"",""Haydovchiniig diqqati va etibori pasayadi"",""Haydovchiniig diqqati va etibori oshadi""}","{""Ҳайдовчининг диққатига ва етиборига тасир қилмайди"",""Ҳайдовчинииг диққати ва етибори пасаяди"",""Ҳайдовчинииг диққати ва етибори ошади""}",1,https://postimg.cc/Dmfk0bYv,12-BILET,300,,,,
Avtomobil harakatining barcha ruxsat etilgan yo'nalishlari qaysi javobda to'g'ri ko'rsatilgan?,Автомобил ҳаракатининг барча рухсат етилган ёналишлари қайси жавобда тўғри кўрсатилган?,"{""Faqat chapga"",""Faqat to'g'riga"",""Faqat o'ngga"",""Chapga va o'ngga"",""Barcha yo'nalishlarga""}","{""Фақат чапга"",""Фақат тўғрига"",""Фақат ўнгга"",""Чапга ва ўнгга"",""Барча ёналишларга""}",4,https://ptest.uz/images/e100155b-2aad-41b5-aa8f-943adc599bda.webp,12-BILET,300,,,,
Haydovchilardan qaysi biri to'xtashga majbur?,Ҳайдовчилардан қайси бири тўхташга мажбур?,"{""Engil avtomobil haydovchisi"",""Avtobus haydovchisi"",""Har ikki haydovchi""}","{""Енгил автомобил ҳайдовчиси"",""Автобус ҳайдовчиси"",""Ҳар икки ҳайдовчи""}",0,https://ptest.uz/images/a6516426-5ae6-4770-a49a-c334cedcfacc.webp,12-BILET,300,,,,
Haydovchilardan qaysi biri to'xtashga majbur?,Ҳайдовчилардан қайси бири тўхташга мажбур?,"{""Engil avtomobil haydovchisi"",""Avtobus haydovchisi"",""Har ikki haydovchi""}","{""Енгил автомобил ҳайдовчиси"",""Автобус ҳайдовчиси"",""Ҳар икки ҳайдовчи""}",0,https://ptest.uz/images/a6516426-5ae6-4770-a49a-c334cedcfacc.webp,12-BILET,300,,,,
Tumanga qarshi chiroqlardan qanday hollarda foydalanish mumkin?,Туманга қарши чироқлардан қандай ҳолларда фойдаланиш мумкин?,"{""Etarli ko'rinmaydigan sharoitlarda"",""Mexanik transport vositasini shatakka olganda"",""Sanab o'tilgan barcha hollarda""}","{""Етарли кўринмайдиган шароитларда"",""Механик транспорт воситасини шатакка олганда"",""Санаб ўтилган барча ҳолларда""}",2,https://postimg.cc/Dmfk0bYv,13-BILET,300,,,,
Qaysi transport vositasining haydovchisi yo'l berishi kerak?,Қайси транспорт воситасининг ҳайдовчиси ёл бериши керак?,"{""Avtobus haydovchisi"",""Motosikl haydovchisi""}","{""Автобус ҳайдовчиси"",""Мотосикл ҳайдовчиси""}",0,https://ptest.uz/images/08549550-9518-4b9f-b9e1-8ea40bdf7c45.webp,13-BILET,300,,,,
Yuk avtomobil haydovchisiga bu joyda to'xtashga ruxsat etiladimi?,Юк автомобил ҳайдовчисига бу жойда тўхташга рухсат етиладими?,"{""Ruxsat etiladi"",""Taqiqlanadi""}","{""Рухсат етилади"",""Тақиқланади""}",1,https://ptest.uz/images/77a7c389-ae42-442a-9b7d-fd0ed15e2413.webp,13-BILET,300,,,,
Chorrahani ikkinchi bo'lib kesib o'tadi?,Чорраҳани иккинчи бўлиб кесиб ўтади?,"{""Qizil avtomobil"",""Yashil avtomobil"",""Ko'k avtomobil""}","{""Қизил автомобил"",""Яшил автомобил"",""Кўк автомобил""}",1,https://ptest.uz/images/454d12f8-dc6b-4690-85ff-c9068ec46c86.webp,13-BILET,300,,,,
Oraliq masofa deb nimaga aytiladi?,Оралиқ масофа деб нимага айтилади?,"{""\""?\"" masofa"",""\""?\"" masofa"",""\""?\"" va \""?\"" masofa""}","{""\""?\"" масофа"",""\""?\"" масофа"",""\""?\"" ва \""?\"" масофа""}",0,https://ptest.uz/images/965f3e4f-b2c5-4570-a70f-2d38e97d1755.webp,13-BILET,300,,,,
"Yo'l quruq bo'lganda g'ildirak aylanmay, sirpanib tormozlanish tormoz yo'liga qanday tasir etadi?","Ёл қуруқ бўлганда ғилдирак айланмай, сирпаниб тормозланиш тормоз ёлига қандай тасир етади?","{""Tormoz yo'li qisqaradi"",""Tormoz yo'li o'zgarmaydi"",""Tormoz yo'li ortadi""}","{""Тормоз ёли қисқаради"",""Тормоз ёли ўзгармайди"",""Тормоз ёли ортади""}",2,https://postimg.cc/Dmfk0bYv,13-BILET,300,,,,
"Avtomobilning qaysi g'ildiraklari ""sirpanib"" tormozlanishga ko'proq moyil bo'ladi?","Автомобилнинг қайси ғилдираклари ""сирпаниб"" тормозланишга кўпроқ мойил бўлади?","{""Orqa g'ildiraklar"",""Oldingi g'ildiraklar""}","{""Орқа ғилдираклар"",""Олдинги ғилдираклар""}",0,https://postimg.cc/Dmfk0bYv,13-BILET,300,,,,
Reversiv harakatlanish amalga oshiriladigan harakat bo'laklari chegaralarini belgilash uchun bu yotiq chiziqlarning qay biridan foydalaniladi?,Реверсив ҳаракатланиш амалга ошириладиган ҳаракат бўлаклари чегараларини белгилаш учун бу ётиқ чизиқларнинг қай биридан фойдаланилади?,"{""1-chiziq"",""2-chiziq"",""3-chiziq"",""2- va 3-chiziq"",""3- va 4-chiziq""}","{""1-чизиқ"",""2-чизиқ"",""3-чизиқ"",""2- ва 3-чизиқ"",""3- ва 4-чизиқ""}",1,https://ptest.uz/images/1f3d466d-1cad-4b94-a4c0-1ccf809500a1.webp,13-BILET,300,,,,
Ko'rsatilgan vaziyatda engil avtomobil haydovchisiga quvib o'tishga ruxsat etiladimi?,Кўрсатилган вазиятда енгил автомобил ҳайдовчисига қувиб ўтишга рухсат етиладими?,"{""Ruxsat etilgan"",""Ruxsat etilgan, agar motosiklchining tezligi 40 km/soatdan kam bo'lsa"",""Taqiqlangan""}","{""Рухсат етилган"",""Рухсат етилган, агар мотосиклчининг тезлиги 40 км/соатдан кам бўлса"",""Тақиқланган""}",2,https://ptest.uz/images/6bcf0fb8-a1cf-4a44-b1b8-7d3d579fe983.webp,13-BILET,300,,,,
Bu yotiq chiziqlardan qaysi biri belgilangan yo'nalishdagi transport vositalarining to'xtash joyini bildiradi?,Бу ётиқ чизиқлардан қайси бири белгиланган ёналишдаги транспорт воситаларининг тўхташ жойини билдиради?,"{""\""?\"""",""\""?\"""",""\""?\"""",""\""?\"" va \""?\"""",""\""?\"" va \""?\""""}","{""\""?\"""",""\""?\"""",""\""?\"""",""\""?\"" ва \""?\"""",""\""?\"" ва \""?\""""}",1,https://ptest.uz/images/998f13d0-f93d-4d5e-bb16-d0fe5648adfb.webp,13-BILET,300,,,,
Yaxmalak bo'lganda shatakka olishga ruxsat etiladimi?,Яхмалак бўлганда шатакка олишга рухсат етиладими?,"{""Taqiqlanadi"",""Sirpanishga qarshi vositalarni qo'llab egiluvchan ulagichda faqat bitta transportga ruxsat etiladi"",""Faqat qattiq ulagichda ruxsat etiladi""}","{""Тақиқланади"",""Сирпанишга қарши воситаларни қўллаб егилувчан улагичда фақат битта транспортга рухсат етилади"",""Фақат қаттиқ улагичда рухсат етилади""}",2,https://postimg.cc/Dmfk0bYv,13-BILET,300,,,,
"Yonilg'i tizimi zich (germetik) emasligi malum bo'lganda, haydovchi nimalarni bajarishi shart?","Ёнилғи тизими зич (герметик) емаслиги малум бўлганда, ҳайдовчи нималарни бажариши шарт?","{""Bundan keyingi harakatni to'xtatish"",""Nosozlikni bartaraf etish tadbirlarini ko'rishi, agar buning imkoni bo'lmasa, zarur ehtiyot choralariga rioya qilgan holda to'xtab turish yoki tamirlash joyiga olib borish"",""Belgilangan safarni davom ettirish""}","{""Бундан кейинги ҳаракатни тўхтатиш"",""Носозликни бартараф етиш тадбирларини кўриши, агар бунинг имкони бўлмаса, зарур еҳтиёт чораларига риоя қилган ҳолда тўхтаб туриш ёки тамирлаш жойига олиб бориш"",""Белгиланган сафарни давом еттириш""}",1,https://postimg.cc/Dmfk0bYv,13-BILET,300,,,,
Avtomobilga qaysi yo'nalishlarda harakatlanishga rusat etiladi?,Автомобилга қайси ёналишларда ҳаракатланишга русат етилади?,"{""Barcha yo'nalishlarga"",""\""?\"" va \""?\"""",""\""?\"" va \""?\""""}","{""Барча ёналишларга"",""\""?\"" ва \""?\"""",""\""?\"" ва \""?\""""}",2,https://ptest.uz/images/81cdf2a1-d6c3-4425-96ec-c8a62f42c028.webp,13-BILET,300,,,,
Majburiy to'xtagan haydovchi qanday choralar ko'rishi kerak?,Мажбурий тўхтаган ҳайдовчи қандай чоралар кўриши керак?,"{""Yaqinni yorituvchi faralar yoki tumanga qarshi faralarni yoqishi kerak"",""Yurgizgich kapotini ko'tarib qo'yishi kerak"",""Falokat yorig'lik ishoralari yoqishi,agar u yo'q yoki nosoz bo'lsa, falokat sababli to'xtash belgisi aholi punktlarida transport vositasidan 15 metrdan, ulardan tashqarida esa 30 metrdan kam bo'lmasligi masofasida o'rnatishi kerak""}","{""Яқинни ёритувчи фаралар ёки туманга қарши фараларни ёқиши керак"",""Юргизгич капотини кўтариб қўйиши керак"",""Фалокат ёриғлик ишоралари ёқиши,агар у ёқ ёки носоз бўлса, фалокат сабабли тўхташ белгиси аҳоли пунктларида транспорт воситасидан 15 метрдан, улардан ташқарида еса 30 метрдан кам бўлмаслиги масофасида ўрнатиши керак""}",2,https://postimg.cc/Dmfk0bYv,13-BILET,300,,,,
Quvib o'tishni boshlashdan oldin haydovchi shunga ishonch hosil qilishi kerakki:,Қувиб ўтишни бошлашдан олдин ҳайдовчи шунга ишонч ҳосил қилиши керакки:,"{""To'sqinlik tug'dirishi mumkin bo'lgan, o'zidan keyin kelayotgan biron-bir haydovchi quvib o'tishni boshlamagan bo'lsa"",""Shy bo'lakda oldinda ketayotgan transport vositasining haydovchisi burilishga (chapga qayta tizilishga) ishora bermaganligiga"",""Quvib o'tishni tugallaganda quvib o'tilayotgan transport vositasiga to'sqinlik tug'dirmasdan, ilgarigi egallagan bo'lagiga qayta olishiga"",""Barcha ko'rsatilgan harakatlarni bajara olishida""}","{""Тўсқинлик туғдириши мумкин бўлган, ўзидан кейин келаётган бирон-бир ҳайдовчи қувиб ўтишни бошламаган бўлса"",""Шй бўлакда олдинда кетаётган транспорт воситасининг ҳайдовчиси бурилишга (чапга қайта тизилишга) ишора бермаганлигига"",""Қувиб ўтишни тугаллаганда қувиб ўтилаётган транспорт воситасига тўсқинлик туғдирмасдан, илгариги егаллаган бўлагига қайта олишига"",""Барча кўрсатилган ҳаракатларни бажара олишида""}",3,https://postimg.cc/Dmfk0bYv,13-BILET,300,,,,
Ushbu belgi amal qilgan hududda avtobus haydovchisi quvib o'tishi mumkinmi?,Ушбу белги амал қилган ҳудудда автобус ҳайдовчиси қувиб ўтиши мумкинми?,"{""Quvib o'tish qoidalariga rioya qilib barcha hollarda mumkin"",""Mumkin emas"",""Agar quvib o'tilayotgan transport vositalari soatiga 40 km.dan kam tezlikda harakat qilayotgan bo'lsagina mumkin""}","{""Қувиб ўтиш қоидаларига риоя қилиб барча ҳолларда мумкин"",""Мумкин емас"",""Агар қувиб ўтилаётган транспорт воситалари соатига 40 км.дан кам тезликда ҳаракат қилаётган бўлсагина мумкин""}",0,https://ptest.uz/images/26b42b72-f17c-4d85-9ed2-be0a592d28dc.webp,13-BILET,300,,,,
Jihozlangan bekatlari bo'lmagan tramvay to'xtash joylarida unga chiqish uchun piyodalarga qachon qatnov qismiga chiqishga ruxsat etiladi?,Жиҳозланган бекатлари бўлмаган трамвай тўхташ жойларида унга чиқиш учун пиёдаларга қачон қатнов қисмига чиқишга рухсат етилади?,"{""Tramvay yaqinlashib kelganda"",""Tramvay to'la to'xtagandan so'ng"",""Har qanday holda"",""Agar qatnov qismida transport vositalari yo'q bo'lsa tramvay yaqinlashib kelganda""}","{""Трамвай яқинлашиб келганда"",""Трамвай тўла тўхтагандан сўнг"",""Ҳар қандай ҳолда"",""Агар қатнов қисмида транспорт воситалари ёқ бўлса трамвай яқинлашиб келганда""}",1,https://postimg.cc/Dmfk0bYv,13-BILET,300,,,,
Sanab o'tilgan qaysi hollarda transport vositasidan foydalanish mumkin?,Санаб ўтилган қайси ҳолларда транспорт воситасидан фойдаланиш мумкин?,"{""Yorituvchi chiroq nurining yo'nalishi buzilganda"",""Ishlab chiqarilishi to'xtatilgan engil avtomobillarga boshqa turdagi va rusumdagi transport vositalarining tashqi yoritgichlari o'rnatilgan"",""Tashqi yoritgichlar va nur qaytargichlar belgilangan tartibda ishlamaydi yoki ifloslangan""}","{""Ёритувчи чироқ нурининг ёналиши бузилганда"",""Ишлаб чиқарилиши тўхтатилган енгил автомобилларга бошқа турдаги ва русумдаги транспорт воситаларининг ташқи ёритгичлари ўрнатилган"",""Ташқи ёритгичлар ва нур қайтаргичлар белгиланган тартибда ишламайди ёки ифлосланган""}",1,https://postimg.cc/Dmfk0bYv,13-BILET,300,,,,
Chorrahani ikkinchi bo'lib kesib o'tadi:,Чорраҳани иккинчи бўлиб кесиб ўтади:,"{""Ko'k avtomobil"",""Yashil avtomobil"",""Qizil avtomobil""}","{""Кўк автомобил"",""Яшил автомобил"",""Қизил автомобил""}",0,https://ptest.uz/images/cef0ec86-0ac3-4e4f-aad1-78c94cd21cda.webp,13-BILET,300,,,,
Xizmat vazifasini bajarayotganda shlagbaumni o'zboshimchalik bilan ochishga yoki uni aylanib o'tishga ruxsat etiladimi?,Хизмат вазифасини бажараётганда шлагбаумни ўзбошимчалик билан очишга ёки уни айланиб ўтишга рухсат етиладими?,"{""Taqiqlanadi"",""Ruxsat etiladi"",""Agar yaqinlashib kelayotgan poezd yo'q bo'lsa, haydovchining ixtiyoriga qarab ruxsat etiladi"",""Temir yo'l kesishmasi navbatchisi bo'lmagan holdagina ruxsat etiladi""}","{""Тақиқланади"",""Рухсат етилади"",""Агар яқинлашиб келаётган поезд ёқ бўлса, ҳайдовчининг ихтиёрига қараб рухсат етилади"",""Темир ёл кесишмаси навбатчиси бўлмаган ҳолдагина рухсат етилади""}",0,https://postimg.cc/Dmfk0bYv,13-BILET,300,,,,
Tumanga qarshi chiroqlardan qanday hollarda foydalanish mumkin?,Туманга қарши чироқлардан қандай ҳолларда фойдаланиш мумкин?,"{""Etarli ko'rinmaydigan sharoitlarda"",""Mexanik transport vositasini shatakka olganda"",""Sanab o'tilgan barcha hollarda""}","{""Етарли кўринмайдиган шароитларда"",""Механик транспорт воситасини шатакка олганда"",""Санаб ўтилган барча ҳолларда""}",2,https://postimg.cc/Dmfk0bYv,13-BILET,300,,,,
"Agar yo'lda bu belgi o'rnatilgan bo'lsa, avtomobilni shatakka olishga ruxsat etiladimi?","Агар ёлда бу белги ўрнатилган бўлса, автомобилни шатакка олишга рухсат етиладими?","{""Faqat engil avtomobillarga ruxsat etiladi"",""Qattiq ulagichda ruxsat etiladi"",""Taqiqlanadi"",""Har qanday ulagichda ruxsat etiladi""}","{""Фақат енгил автомобилларга рухсат етилади"",""Қаттиқ улагичда рухсат етилади"",""Тақиқланади"",""Ҳар қандай улагичда рухсат етилади""}",2,https://ptest.uz/images/60fbd3b5-c05e-483c-8c74-58dde09b2c6d.webp,14-BILET,300,,,,
Avtomobillar chorrahani quyidagi tartibda kesib o'tadilar:,Автомобиллар чорраҳани қуйидаги тартибда кесиб ўтадилар:,"{""Sariq avtomobil chorrahaga kirib keladi va ko'kni o'tkazib yuborish uchun to'xtaydi; yashil; ko'k, qizil bilan bir vaqtda; sariq"",""Ko'k ayni vaqtda qizil bilan; yashil; sariq"",""Yashil; ko'k ayni vaqtda qizil bilan; sariq""}","{""Сариқ автомобил чорраҳага кириб келади ва кўкни ўтказиб юбориш учун тўхтайди; яшил; кўк, қизил билан бир вақтда; сариқ"",""Кўк айни вақтда қизил билан; яшил; сариқ"",""Яшил; кўк айни вақтда қизил билан; сариқ""}",0,https://ptest.uz/images/1b769015-a983-4079-8bd5-f0542677a3d0.webp,14-BILET,300,,,,
5% li yod eritmasi (yod nastoykasi) nima uchun qo'llaniladi?,5% ли ёд еритмаси (ёд настойкаси) нима учун қўлланилади?,"{""Yara atrofidagi terini ishlash uchun"",""Yara o'ta darajada ifloslanganda yaraning butun yuzasiga surtish uchun"",""Yara o'ta darajada ifloslanganda yaraning butun yuzasiga surtish uchun""}","{""Яра атрофидаги терини ишлаш учун"",""Яра ўта даражада ифлосланганда яранинг бутун юзасига суртиш учун"",""Яра ўта даражада ифлосланганда яранинг бутун юзасига суртиш учун""}",0,https://postimg.cc/Dmfk0bYv,14-BILET,300,,,,
"Agar transport vositalarining tuzilishida ko'zda tutilgan orqani ko'rsatadigan ko'zgular bo'lmasa, avtomobildan foydalanishga ruxsat etiladimi?","Агар транспорт воситаларининг тузилишида кўзда тутилган орқани кўрсатадиган кўзгулар бўлмаса, автомобилдан фойдаланишга рухсат етиладими?","{""Agar orqa oyna pardalar bilan berkitilmagan bo'lsa ruxsat etiladi"",""Taqiqlanadi"",""Loaqal bitta ko'zgu bo'lsa ruxsat etiladi""}","{""Агар орқа ойна пардалар билан беркитилмаган бўлса рухсат етилади"",""Тақиқланади"",""Лоақал битта кўзгу бўлса рухсат етилади""}",1,https://postimg.cc/Dmfk0bYv,14-BILET,300,,,,
Transport vositalari ixtiyoriga berilgan vakolatnomasi bo'lgan shaxs o'zining ishtirokida transport vositasini boshqa shaxsga boshqarishni topshirishi mumkinmi,Транспорт воситалари ихтиёрига берилган ваколатномаси бўлган шахс ўзининг иштирокида транспорт воситасини бошқа шахсга бошқаришни топшириши мумкинми,"{""Mumkin"",""Mumkin ema s"",""Bu shaxsda mazkur toifali transport vositasini boshqarishga haydovchilik guvohnomasi bo'lgan taqdirda transport vositalari egalarining fuqarolik javobgarligini majburiy sug'urta qilish bo'yicha sug'urta polisida ism-sharifi ko'rsatilgan bo'lsa yoki majburiy sug'urta qilish bo'yicha shartnoma ushbu transport vositasidan cheklanmagan shaxslarning foydalanishini hisobga olgan holda tuzilgan bo'lsa""}","{""Мумкин"",""Мумкин ема с"",""Бу шахсда мазкур тоифали транспорт воситасини бошқаришга ҳайдовчилик гувоҳномаси бўлган тақдирда транспорт воситалари егаларининг фуқаролик жавобгарлигини мажбурий суғурта қилиш бўйича суғурта полисида исм-шарифи кўрсатилган бўлса ёки мажбурий суғурта қилиш бўйича шартнома ушбу транспорт воситасидан чекланмаган шахсларнинг фойдаланишини ҳисобга олган ҳолда тузилган бўлса""}",2,https://postimg.cc/Dmfk0bYv,14-BILET,300,,,,
Bolalarni tashkiliy tashishda qanday talablar qo'yiladi?,Болаларни ташкилий ташишда қандай талаблар қўйилади?,"{""Bolalar guruhini tashkiliy tashishda transport vositasida katta yoshli kuzatib boruvchi bo'lishi shart"",""Bolalar guruhini tashkiliy tashish uchun mo'ljallangan transport vositasining old va orqa tomoniga \""??????? ???????? ?????\"" taniqlik belgisi o'rnatilishi kerak"",""Belgilangan yo'nalishdagi transport vositalariga daxli bo'lmagan avtobuslarda sakkiz va undan ortiq bolalarning tashkiliy tashilishi"",""Barcha sanab o'tilgan talablar""}","{""Болалар гуруҳини ташкилий ташишда транспорт воситасида катта ёшли кузатиб борувчи бўлиши шарт"",""Болалар гуруҳини ташкилий ташиш учун мўлжалланган транспорт воситасининг олд ва орқа томонига \""??????? ???????? ?????\"" таниқлик белгиси ўрнатилиши керак"",""Белгиланган ёналишдаги транспорт воситаларига дахли бўлмаган автобусларда саккиз ва ундан ортиқ болаларнинг ташкилий ташилиши"",""Барча санаб ўтилган талаблар""}",3,https://postimg.cc/Dmfk0bYv,14-BILET,300,,,,
Bu chiziq qaysi yo'l belgisi bilan qo'llaniladi?,Бу чизиқ қайси ёл белгиси билан қўлланилади?,"{""\""??? ??????\"" belgisi bilan"",""\""??????????? ???????????? ???????????\"" belgisi bilan"",""Ogohlantiruvchi \""???? ????????? ?????? ????????\"" belgisi bilan"",""Barcha sanab o'tilgan belgilar bilan""}","{""\""??? ??????\"" белгиси билан"",""\""??????????? ???????????? ???????????\"" белгиси билан"",""Огоҳлантирувчи \""???? ????????? ?????? ????????\"" белгиси билан"",""Барча санаб ўтилган белгилар билан""}",3,https://postimg.cc/Dmfk0bYv,14-BILET,300,,,,
"Haydovchi, boshqa haydovchilarning ko'zini qamashtirishi mumkin bo'lgan uzoqni yorituvchi chiroqni yaqinni yorituvchiga qachon almashtirishi kerak?","Ҳайдовчи, бошқа ҳайдовчиларнинг кўзини қамаштириши мумкин бўлган узоқни ёритувчи чироқни яқинни ёритувчига қачон алмаштириши керак?","{""Ro'paradagi tra nsport vositasiga 100 m qolganda"",""Ro'paradagi transport vositasiga 150 m qolganda, shuningdek ko'proq masofada ham, agar ro'paradagi transport vositasining haydovchisi faralar chirog'ini o'chirib yoqib shuni zarur deb ko'rsatsa"",""Ro'paradagi transport vositasiga 250 m qolganda"",""Ro'paradagi transport vositasiga 300 m qolganda""}","{""Рўпарадаги тра нспорт воситасига 100 м қолганда"",""Рўпарадаги транспорт воситасига 150 м қолганда, шунингдек кўпроқ масофада ҳам, агар рўпарадаги транспорт воситасининг ҳайдовчиси фаралар чироғини ўчириб ёқиб шуни зарур деб кўрсатса"",""Рўпарадаги транспорт воситасига 250 м қолганда"",""Рўпарадаги транспорт воситасига 300 м қолганда""}",1,https://postimg.cc/Dmfk0bYv,14-BILET,300,,,,
Aholi yashaydigan joylardan tashqarida tirkamali engil avtomobil haydovchisiga eng katta tezlikni soatiga necha kilometrdan oshirmasdan harakatlanishga ruxsat etiladi?,Аҳоли яшайдиган жойлардан ташқарида тиркамали енгил автомобил ҳайдовчисига енг катта тезликни соатига неча километрдан оширмасдан ҳаракатланишга рухсат етилади?,"{""50 km/s"",""70 km/s"",""80 km/s"",""90 km/s"",""100 km/s""}","{""50 км/с"",""70 км/с"",""80 км/с"",""90 км/с"",""100 км/с""}",2,https://postimg.cc/Dmfk0bYv,14-BILET,300,,,,
Avtomobil haydovchisi harakatining tartibi qaysi javobda to'g'ri ko'rsatilgan?,Автомобил ҳайдовчиси ҳаракатининг тартиби қайси жавобда тўғри кўрсатилган?,"{""Motosiklni o'tkazib yubordi va chorrahada qayrilib oldi"",""Tramvayni o'tkazib yubordi va chorrahada qayrilib oldi"",""Tramvayni, motosiklni o'tkazib yubordi va chorrahada qayrilib oldi""}","{""Мотосиклни ўтказиб юборди ва чорраҳада қайрилиб олди"",""Трамвайни ўтказиб юборди ва чорраҳада қайрилиб олди"",""Трамвайни, мотосиклни ўтказиб юборди ва чорраҳада қайрилиб олди""}",2,https://ptest.uz/images/4d0e3dff-6f79-43f6-a9f6-22cee4c01731.webp,14-BILET,300,,,,
Ko'k avtomobil chorrahani kesib o'tadi:,Кўк автомобил чорраҳани кесиб ўтади:,"{""Birinchi bo'lib"",""Ikkinchi bo'lib"",""Uchinchi bo'lib"",""Oxirgi bo'lib""}","{""Биринчи бўлиб"",""Иккинчи бўлиб"",""Учинчи бўлиб"",""Охирги бўлиб""}",2,https://ptest.uz/images/77a52fc7-8544-4c6e-9a25-92f0b4f36af8.webp,14-BILET,300,,,,
Avtomobillar chorrahani quyidagi tartibda kesib o'tadilar:,Автомобиллар чорраҳани қуйидаги тартибда кесиб ўтадилар:,"{""Sariq chorrahaga kiradi va yashilni o'tkazib yuborish uchun to'xtaydi; ko'k qizil bilan bir vaqtda"",""Ko'k ayni vaqtda qizil bilan; yashil; sariq"",""Yashil; ko'k ayni vaqtda qizil bilan; sariq""}","{""Сариқ чорраҳага киради ва яшилни ўтказиб юбориш учун тўхтайди; кўк қизил билан бир вақтда"",""Кўк айни вақтда қизил билан; яшил; сариқ"",""Яшил; кўк айни вақтда қизил билан; сариқ""}",2,https://ptest.uz/images/786b14ab-ae4c-4efb-8c90-cfe10b16089f.webp,14-BILET,300,,,,
"Qaysi belgi ""Velosiped yo'lkasi bilan kesishuv""ni bildiradi?","Қайси белги ""Велосипед ёлкаси билан кесишув""ни билдиради?","{""1"",""2"",""3"",""4"",""5""}","{""1"",""2"",""3"",""4"",""5""}",1,https://ptest.uz/images/c695d275-2c16-400c-9345-4e76499fb868.webp,14-BILET,300,,,,
"Ikkita harakat bo'lagi bo'lgan bir tomonlama harakat tashkil etilgan yo'llarda, avtomobilning yo'lni chap tomonida to'xtab turishiga ruxsat etiladimi?","Иккита ҳаракат бўлаги бўлган бир томонлама ҳаракат ташкил етилган ёлларда, автомобилнинг ёлни чап томонида тўхтаб туришига рухсат етиладими?","{""Ruxsat etiladi"",""Taqiqlanadi""}","{""Рухсат етилади"",""Тақиқланади""}",0,https://ptest.uz/images/b5553cbd-aff6-4ce4-b86d-56a45a74754d.webp,14-BILET,300,,,,
Motosikl haydovchisi qoidani buzayaptimi?,Мотосикл ҳайдовчиси қоидани бузаяптими?,"{""Ha"",""Yo'q""}","{""Ҳа"",""Ёқ""}",1,https://ptest.uz/images/8bff6491-2b1f-4595-9607-808ba00b36ea.webp,14-BILET,300,,,,
Chorrahani oxirgi bo'lib kesib o'tadi:,Чорраҳани охирги бўлиб кесиб ўтади:,"{""Sariq"",""Ko'k"",""Yashil""}","{""Сариқ"",""Кўк"",""Яшил""}",0,https://ptest.uz/images/05fb9c7e-1869-40d9-ae37-e858483b70db.webp,14-BILET,300,,,,
"Haydovchi yaqinlashib kelayotgan poezdni o'tkazib yuborishi uchun ""To'xtash"" yotiq chizig'i yoki ""To'xtamasdan harakatlanish taqiqlangan"" belgisidan qanday masofada to'xtashi kerak?","Ҳайдовчи яқинлашиб келаётган поездни ўтказиб юбориши учун ""Тўхташ"" ётиқ чизиғи ёки ""Тўхтамасдан ҳаракатланиш тақиқланган"" белгисидан қандай масофада тўхташи керак?","{""1,5 m"",""2,5 m"",""5 m"",""10 m"",""Bevosita \""??????\"" yotiq chizig'i yoki belgi oldida""}","{""1,5 м"",""2,5 м"",""5 м"",""10 м"",""Бевосита \""??????\"" ётиқ чизиғи ёки белги олдида""}",4,https://postimg.cc/Dmfk0bYv,14-BILET,300,,,,
Qanday hollarda aholi punktlaridan tashqarida engil avtomobil haydovchisiga soatiga 90 km.dan yuqori tezlikda harakatlanish taqiqlanadi?,Қандай ҳолларда аҳоли пунктларидан ташқарида енгил автомобил ҳайдовчисига соатига 90 км.дан юқори тезликда ҳаракатланиш тақиқланади?,"{""Faqat yo'lda tezlik cheklangan belgilar o'rnatilgan bo'lsa"",""Faqat harakatlanayotgan tirkamali engil avtomobillarga"",""Agar u boshq a transport vositasini shatakka olgan bo'lsa"",""Sanab o'tilgan barcha hollarda""}","{""Фақат ёлда тезлик чекланган белгилар ўрнатилган бўлса"",""Фақат ҳаракатланаётган тиркамали енгил автомобилларга"",""Агар у бошқ а транспорт воситасини шатакка олган бўлса"",""Санаб ўтилган барча ҳолларда""}",3,https://postimg.cc/Dmfk0bYv,14-BILET,300,,,,
"Bu ""to'xtash"" yotiq chiziq qaysi yo'l belgisi bilan qo'llaniladi?","Бу ""тўхташ"" ётиқ чизиқ қайси ёл белгиси билан қўлланилади?","{""\""Yo'l bering\"" belgisi bilan"",""\""To'xtamasdan xarakatlanish taqiqlangan\"" belgisi bilan"",""\""Yo'l bering\"" belgisi bilan va \""To'xtamasdan harakatlanish taqiqlangan\"" belgisi bilan""}","{""\""Ёл беринг\"" белгиси билан"",""\""Тўхтамасдан харакатланиш тақиқланган\"" белгиси билан"",""\""Ёл беринг\"" белгиси билан ва \""Тўхтамасдан ҳаракатланиш тақиқланган\"" белгиси билан""}",1,https://ptest.uz/images/2468c73e-b728-46ef-9fbe-86c85d9d280b.webp,14-BILET,300,,,,
"Agar yo'lda bu belgi o'rnatilgan bo'lsa, avtomobilni shatakka olishga ruxsat etiladimi?","Агар ёлда бу белги ўрнатилган бўлса, автомобилни шатакка олишга рухсат етиладими?","{""Faqat engil avtomobillarga ruxsat etiladi"",""Qattiq ulagichda ruxsat etiladi"",""Taqiqlanadi"",""Har qanday ulagichda ruxsat etiladi""}","{""Фақат енгил автомобилларга рухсат етилади"",""Қаттиқ улагичда рухсат етилади"",""Тақиқланади"",""Ҳар қандай улагичда рухсат етилади""}",2,https://ptest.uz/images/60fbd3b5-c05e-483c-8c74-58dde09b2c6d.webp,14-BILET,300,,,,
Kim yo'l berishi kerak?,Ким ёл бериши керак?,"{""Yuk avtomobil haydovchisi"",""Engil avtomobil haydovchisi""}","{""Юк автомобил ҳайдовчиси"",""Енгил автомобил ҳайдовчиси""}",0,https://ptest.uz/images/71fcdf45-4924-41fa-8f8a-e0e4533e5b38.webp,15-BILET,300,,,,
Piyodalar o'tish joyi bo'lmaganda piyodalarga yo'l qatnov qismining qaysi joyidan kesib o'tishga ruxsat etiladi?,Пиёдалар ўтиш жойи бўлмаганда пиёдаларга ёл қатнов қисмининг қайси жойидан кесиб ўтишга рухсат етилади?,"{""Chorrahalarda trotuarlar yoki yo'l yoqasi chiziqlari bo'ylab"",""Qatnov qismining chekkasidan to'g'ri burchak bo'ylab, ajratuvchi bo'laksiz, har ikki tomon yaxshi ko'rinadigan joylardan"",""Barcha sanab o'tilgan joylardan""}","{""Чорраҳаларда тротуарлар ёки ёл ёқаси чизиқлари бўйлаб"",""Қатнов қисмининг чеккасидан тўғри бурчак бўйлаб, ажратувчи бўлаксиз, ҳар икки томон яхши кўринадиган жойлардан"",""Барча санаб ўтилган жойлардан""}",2,https://postimg.cc/Dmfk0bYv,15-BILET,300,,,,
Burilishda harakat qilganda avtopoezdning tirkamasi siljiydimi?,Бурилишда ҳаракат қилганда автопоезднинг тиркамаси силжийдими?,"{""Burilish markazidan boshqa tomonga siljiydi"",""Siljimaydi"",""Burilish markaziga siljiydi""}","{""Бурилиш марказидан бошқа томонга силжийди"",""Силжимайди"",""Бурилиш марказига силжийди""}",2,https://postimg.cc/Dmfk0bYv,15-BILET,300,,,,
To'xtashni taqiqlovchi joylarni bildiruvchi sidirg'a sariq chiziq qaerda chiziladi?,Тўхташни тақиқловчи жойларни билдирувчи сидирға сариқ чизиқ қаерда чизилади?,"{""Harakatlanish qismida"",""Harakatlanish qismining chetida"",""Harakatlanish qismining chetida yoki bordyur ustidan chiziladi"",""Faqat to'siq (bordyur) ustida""}","{""Ҳаракатланиш қисмида"",""Ҳаракатланиш қисмининг четида"",""Ҳаракатланиш қисмининг четида ёки бордюр устидан чизилади"",""Фақат тўсиқ (бордюр) устида""}",2,https://ptest.uz/images/3acb70f2-359c-4e9e-836e-67eb85f0a4b7.webp,15-BILET,300,,,,
Qaysi belgi 50 km/soat kam tezlikda harakatlanishni taqiqlaydi?,Қайси белги 50 км/соат кам тезликда ҳаракатланишни тақиқлайди?,"{""1"",""2"",""3"",""4"",""5""}","{""1"",""2"",""3"",""4"",""5""}",2,https://ptest.uz/images/6438ac86-2994-4528-914e-18966c9130fc.webp,15-BILET,300,,,,
Chorrahani uchinchi bo'lib kesib o'tadi:,Чорраҳани учинчи бўлиб кесиб ўтади:,"{""Ko'k avtomobil"",""Sariq avtomobil"",""Yashil avtomobil""}","{""Кўк автомобил"",""Сариқ автомобил"",""Яшил автомобил""}",2,https://ptest.uz/images/609fcc2f-afab-4732-a2b2-574c2c412054.webp,15-BILET,300,,,,
Projektor-faradan foydalanishga ruxsat etiladi:,Прожектор-фарадан фойдаланишга рухсат етилади:,"{""Faqat aholi yashaydigan joylardan tashqarida ro'paradan kelayotgan transport vositalari bo'lmaganda"",""Faqat etarli ko'rinmaydigan sharoitda"",""Agar bunga zaruriyat tug'ilsa, barcha joylarda"",""Kunning qorong'i vaqtida yo'lning barcha qismlarida""}","{""Фақат аҳоли яшайдиган жойлардан ташқарида рўпарадан келаётган транспорт воситалари бўлмаганда"",""Фақат етарли кўринмайдиган шароитда"",""Агар бунга зарурият туғилса, барча жойларда"",""Куннинг қоронги вақтида ёлнинг барча қисмларида""}",0,https://postimg.cc/Dmfk0bYv,15-BILET,300,,,,
Taqiqlovchi belgi tagiga o'rnatilgan qo'shimcha axborot belgisi nima maqsadda qo'yilgan?,Тақиқловчи белги тагига ўрнатилган қўшимча ахборот белгиси нима мақсадда қўйилган?,"{""Belgidan uning amal qilish hududigacha bo'lgan oraliqni aniqlash uchun"",""Taqiqlovchi belgi amal qilish hududini aniqlash uchun""}","{""Белгидан унинг амал қилиш ҳудудигача бўлган оралиқни аниқлаш учун"",""Тақиқловчи белги амал қилиш ҳудудини аниқлаш учун""}",0,https://ptest.uz/images/affc172b-7a53-445b-b81f-d39c3b59f304.webp,15-BILET,300,,,,
Ko'rsatilgan yo'nalishlar bo'yicha qaysi transport vositalariga harakatlanishga ruxsat etiladi?,Кўрсатилган ёналишлар бўйича қайси транспорт воситаларига ҳаракатланишга рухсат етилади?,"{""Avtomobil haydovchisiga"",""Avtomobil va motosikl haydovchisiga"",""Tramvay va avtomobil haydovchisiga""}","{""Автомобил ҳайдовчисига"",""Автомобил ва мотосикл ҳайдовчисига"",""Трамвай ва автомобил ҳайдовчисига""}",2,https://ptest.uz/images/14c3830f-4419-42c8-8997-1b1cbf4adf9b.webp,15-BILET,300,,,,
Qanday holda markazdan qochirma kuch burilishda kamayadi?,Қандай ҳолда марказдан қочирма куч бурилишда камаяди?,"{""Boshqaruv rulini burilish tomonga keskin burganda"",""Harakat tezligi pasayganda"",""Burilish radiusi kamayganda""}","{""Бошқарув рулини бурилиш томонга кескин бурганда"",""Ҳаракат тезлиги пасайганда"",""Бурилиш радиуси камайганда""}",1,https://ptest.uz/images/740f41bd-3c66-414f-b1e9-54eeee7c77f3.webp,15-BILET,300,,,,
Bu yo'l chizig'i nimani bildiradi?,Бу ёл чизиғи нимани билдиради?,"{""Yakka 40 km/s dan kam tezlik bilan harakat qiluvchi ikki g'ildirakli motosikllar, velosipedchilardan tashqari barcha transport vositalarini quvib o'tishni taqiqlovchi hududga"",""Qatnov qismining torayishiga yoki qarama-qarshi yo'nalishdan kelayotgan transport oqimini ajratuvchi 1,1 yoki 1,11 chizig'iga yaqinlashayotganini"",""Faqat belgilangan yo'nalishdagi transport vositalari harakati uchun mo'ljallangan qatnov qismi bo'lagiga""}","{""Якка 40 км/с дан кам тезлик билан ҳаракат қилувчи икки ғилдиракли мотосикллар, велосипедчилардан ташқари барча транспорт воситаларини қувиб ўтишни тақиқловчи ҳудудга"",""Қатнов қисмининг торайишига ёки қарама-қарши ёналишдан келаётган транспорт оқимини ажратувчи 1,1 ёки 1,11 чизиғига яқинлашаётганини"",""Фақат белгиланган ёналишдаги транспорт воситалари ҳаракати учун мўлжалланган қатнов қисми бўлагига""}",1,https://ptest.uz/images/2cf10050-3c4c-40c6-a697-30a9c23a8729.webp,15-BILET,300,,,,
Bu joyda avtomobilning to'xtab turishiga ruxsat berilganmi?,Бу жойда автомобилнинг тўхтаб туришига рухсат берилганми?,"{""Berilgan"",""Taqiqlangan""}","{""Берилган"",""Тақиқланган""}",1,https://ptest.uz/images/396f4f87-86c8-440b-9212-4c39daab8afc.webp,15-BILET,300,,,,
Engil avtomobil haydovchisi yo'l berishi kerakmi?,Енгил автомобил ҳайдовчиси ёл бериши керакми?,"{""Ha"",""Yo'q""}","{""Ҳа"",""Ёқ""}",0,https://ptest.uz/images/8e2f3b75-55a2-4c63-888b-d0494b5da2cc.webp,15-BILET,300,,,,
Qaysi transport vositasining haydovchisi yo'l berishi kerak?,Қайси транспорт воситасининг ҳайдовчиси ёл бериши керак?,"{""Tez yordam avtomobilining haydovchisi"",""Engil avtomobilining haydovchisi""}","{""Тез ёрдам автомобилининг ҳайдовчиси"",""Енгил автомобилининг ҳайдовчиси""}",1,https://ptest.uz/images/d292929e-4865-440b-8e44-3d3fcd1fa3dc.webp,15-BILET,300,,,,
Transport vositalari chorrahani qay tartibda kesib o'tadi?,Транспорт воситалари чорраҳани қай тартибда кесиб ўтади?,"{""2-tramvay ayni vaqtda 1-tramvay bilan; ko'k avtomobil ayni vaqtda qizil bilan"",""2-tramvay; ko'k avtomobil; 1-tramvay; qizil avtomobil""}","{""2-трамвай айни вақтда 1-трамвай билан; кўк автомобил айни вақтда қизил билан"",""2-трамвай; кўк автомобил; 1-трамвай; қизил автомобил""}",1,https://ptest.uz/images/5247d9be-381e-4141-877a-c3c4ee6a72e3.webp,15-BILET,300,,,,
Bu belgida qaysi transport vositalarini quvib o'tishni taqiqlaydi?,Бу белгида қайси транспорт воситаларини қувиб ўтишни тақиқлайди?,"{""Hammasi"",""Hammasini, 40 km/s dan kam tezlikda yakka harakat qilayotganlardan tashqari"",""Engil avtomobillar, motosikllar va to'la vazni 3,5 t dan kam bo'lgan yuk avtomobillari. To'la vazni 3,5 t dan ko'p bulgan yuk avtomobillari"",""To'la vazni 3,5 t dan ko'p bo'lgan yuk avtomobillari""}","{""Ҳаммаси"",""Ҳаммасини, 40 км/с дан кам тезликда якка ҳаракат қилаётганлардан ташқари"",""Енгил автомобиллар, мотосикллар ва тўла вазни 3,5 т дан кам бўлган юк автомобиллари. Тўла вазни 3,5 т дан кўп булган юк автомобиллари"",""Тўла вазни 3,5 т дан кўп бўлган юк автомобиллари""}",1,https://ptest.uz/images/7a125517-aa98-4b5e-9ec1-0949dda8d4b7.webp,15-BILET,300,,,,
Avtomagistrallarda to'xtashga ruxsat etilganmi?,Автомагистралларда тўхташга рухсат етилганми?,"{""Taqiqlangan"",""Avtomagistral yaxshi ko'rinadigan joylarda ruxsat etiladi"",""Agar bir yo'nalishda harakatlanish uchun uchta bo'lak bo'lsa, ruxsat etiladi"",""To'xtab turish \""To'xtab turish joyi\"" yoki \""Dam olish joyi\"" belgisi qo'yilgan maxsus maydonchalarda ruxsat etiladi""}","{""Тақиқланган"",""Автомагистрал яхши кўринадиган жойларда рухсат етилади"",""Агар бир ёналишда ҳаракатланиш учун учта бўлак бўлса, рухсат етилади"",""Тўхтаб туриш \""Тўхтаб туриш жойи\"" ёки \""Дам олиш жойи\"" белгиси қўйилган махсус майдончаларда рухсат етилади""}",3,https://postimg.cc/Dmfk0bYv,15-BILET,300,,,,
Ko'rsatilgan joyda to'xtashga ruxsat etiladimi?,Кўрсатилган жойда тўхташга рухсат етиладими?,"{""Ruxsat etiladi"",""Taqiqlanadi""}","{""Рухсат етилади"",""Тақиқланади""}",1,https://ptest.uz/images/9a963a0e-d1fd-482c-b660-bc392a212b47.webp,15-BILET,300,,,,
Odamlarni tashishga moslashtirilmagan yuk avtomobili yukxonasida odam tashishga ruxsat etiladimi?,Одамларни ташишга мослаштирилмаган юк автомобили юкхонасида одам ташишга рухсат етиладими?,"{""Taqiqlanadi"",""Avtomagistrallarga tegishli bo'lmagan yo'llarda ruxsat etiladi"",""Faqat yukni kuzatib boruvchi shaxslarga shu shart bilanki, ular bortlaridan pastda joylashgan o'tiradigan joy bilan taminlangan bo'lsalar ruxsat etiladi""}","{""Тақиқланади"",""Автомагистралларга тегишли бўлмаган ёлларда рухсат етилади"",""Фақат юкни кузатиб борувчи шахсларга шу шарт биланки, улар бортларидан пастда жойлашган ўтирадиган жой билан таминланган бўлсалар рухсат етилади""}",2,https://postimg.cc/Dmfk0bYv,15-BILET,300,,,,
"Agar siz oldinda harakatlanayotgan avtomobilni quvib o'tishga chiqsangiz, ko'rsatilgan hollarning qaysi birida tovush ishorasi berish maqsadga muvofiq?","Агар сиз олдинда ҳаракатланаётган автомобилни қувиб ўтишга чиқсангиз, кўрсатилган ҳолларнинг қайси бирида товуш ишораси бериш мақсадга мувофиқ?","{""Quvib o'tish qorong'i vaqtda bajarilganda"",""Quvib o'tilayo  tgan avtomobil haydovchisi tormoz berishni boshlaganda"",""Quvib o'tilayotgan avtomobil haydovchisi chapga burilish ko'rsatkichini yoqqanda"",""Quvib o'tilayotgan avtomobil haydovchisi o'ngga burilish ko'rsatkichini yoqqanda""}","{""Қувиб ўтиш қоронги вақтда бажарилганда"",""Қувиб ўтилаё  тган автомобил ҳайдовчиси тормоз беришни бошлаганда"",""Қувиб ўтилаётган автомобил ҳайдовчиси чапга бурилиш кўрсаткичини ёққанда"",""Қувиб ўтилаётган автомобил ҳайдовчиси ўнгга бурилиш кўрсаткичини ёққанда""}",2,https://postimg.cc/Dmfk0bYv,15-BILET,300,,,,
Kim yo'l berishi kerak?,Ким ёл бериши керак?,"{""Yuk avtomobil haydovchisi"",""Engil avtomobil haydovchisi""}","{""Юк автомобил ҳайдовчиси"",""Енгил автомобил ҳайдовчиси""}",0,https://ptest.uz/images/71fcdf45-4924-41fa-8f8a-e0e4533e5b38.webp,15-BILET,300,,,,
"Bu belgilar amal qiladigan hududda ""Nogiron"" taniqli belgisi bilan belgilangan avtomobilga to'xtashga ruxsat etiladimi?","Бу белгилар амал қиладиган ҳудудда ""Ногирон"" таниқли белгиси билан белгиланган автомобилга тўхташга рухсат етиладими?","{""Ruxsat etiladi"",""Taqiqlanadi""}","{""Рухсат етилади"",""Тақиқланади""}",0,https://ptest.uz/images/b8acb676-c15d-4fa5-8587-36f99f633816.webp,16-BILET,300,,,,
Bu yo'l belgisi oldinda nima borligidan ogohlantiradi?,Бу ёл белгиси олдинда нима борлигидан огоҳлантиради?,"{""Ko'prik yoki solda kechimi bo'lmagan suv to'siqli yo'l qismi borligidan"",""Suv to'siqli yo'l qismida ochib qo'yiladigan ko'prik borligidan"",""Yo'l anhor yoqasiga yoki biror-bir suv havzasining qirg'og'iga chiqiladigan joyi borligidan""}","{""Кўприк ёки солда кечими бўлмаган сув тўсиқли ёл қисми борлигидан"",""Сув тўсиқли ёл қисмида очиб қўйиладиган кўприк борлигидан"",""Ёл анҳор ёқасига ёки бирор-бир сув ҳавзасининг қирғоғига чиқиладиган жойи борлигидан""}",2,https://ptest.uz/images/5be81a83-965f-48d6-bd41-65ba0341e9aa.webp,16-BILET,300,,,,
Avtomagistralda boshqarishni o'rganish:,Автомагистралда бошқаришни ўрганиш:,"{""70 km/s. dan ortmagan tezlik bilan ruxsat berilgan"",""Boshqarishni o'rgatuvchi yo'riqchi bilan bo'lgan o'rganuvchida etarli boshqarish malakasi bo'lganda 60 km/soatdan ortiq bo'lmagan tezlikka ruxsat etilgan"",""Taqiqlangan"",""Agar o'rganilayotgan mexanik transport vositasida taniqli belgilari qayd etilgan bo'lsa, ruxsat etilgan""}","{""70 км/с. дан ортмаган тезлик билан рухсат берилган"",""Бошқаришни ўргатувчи ёриқчи билан бўлган ўрганувчида етарли бошқариш малакаси бўлганда 60 км/соатдан ортиқ бўлмаган тезликка рухсат етилган"",""Тақиқланган"",""Агар ўрганилаётган механик транспорт воситасида таниқли белгилари қайд етилган бўлса, рухсат етилган""}",2,https://postimg.cc/Dmfk0bYv,16-BILET,300,,,,
Engil avtomobillarning oldingi o'rindig'ida bolalarni tashishga ruxsat etiladimi?,Енгил автомобилларнинг олдинги ўриндиғида болаларни ташишга рухсат етиладими?,"{""7 yoshdan kichik bo'lmagan bolalarni tashishga ruxsat etiladi"",""12 yosh va undan katta bo'lgan bolalarni tashishga ruxsat etiladi"",""Katta yoshli yo'lovchi bo'lganda yoshidan qatiy nazar ruxsat etiladi""}","{""7 ёшдан кичик бўлмаган болаларни ташишга рухсат етилади"",""12 ёш ва ундан катта бўлган болаларни ташишга рухсат етилади"",""Катта ёшли ёловчи бўлганда ёшидан қатий назар рухсат етилади""}",1,https://postimg.cc/Dmfk0bYv,16-BILET,300,,,,
Engil avtomobil haydovchilarining qaysi biri aholi punktlarida harakatlanish qoidalarini buzmoqda?,Енгил автомобил ҳайдовчиларининг қайси бири аҳоли пунктларида ҳаракатланиш қоидаларини бузмоқда?,"{""Faqat \""?\"" avtomobil haydovchisi"",""Ikkalasi ham buzmoqda"",""Ikkalasi ham buzmayapti""}","{""Фақат \""?\"" автомобил ҳайдовчиси"",""Иккаласи ҳам бузмоқда"",""Иккаласи ҳам бузмаяпти""}",2,https://ptest.uz/images/f8f8d5ba-0b89-41a2-bda7-597de7d05c13.webp,16-BILET,300,,,,
Avtomobillar chorrahani quyidagi tartibda kesib o'tadi:,Автомобиллар чорраҳани қуйидаги тартибда кесиб ўтади:,"{""Qizil chorrahaga kiradi va ko'k avtomobilni o'tkazib yuborish uchun to'xtaydi va ayni vaqtda yashil avtomobil chorrahani kesib o'tadi; ko'k; qizil burilishni tugallaydi"",""Qizil, ko'k, yashil"",""Ko'k, yashil, qizil""}","{""Қизил чорраҳага киради ва кўк автомобилни ўтказиб юбориш учун тўхтайди ва айни вақтда яшил автомобил чорраҳани кесиб ўтади; кўк; қизил бурилишни тугаллайди"",""Қизил, кўк, яшил"",""Кўк, яшил, қизил""}",0,https://ptest.uz/images/25d598b7-eb32-4a14-be95-8aaa6963ab9f.webp,16-BILET,300,,,,
Avtomobil haydovchisi quvib o'tishni qaysi yo'nalish bo'yicha to'g'ri bajaradi?,Автомобил ҳайдовчиси қувиб ўтишни қайси ёналиш бўйича тўғри бажаради?,"{""\""?\"" yo'nalishi bo'yicha"",""\""?\"" yo'nalishi bo'yicha"",""\""?\"" va \""?\"" yo'nalishi bo'yicha""}","{""\""?\"" ёналиши бўйича"",""\""?\"" ёналиши бўйича"",""\""?\"" ва \""?\"" ёналиши бўйича""}",1,https://ptest.uz/images/70f55e7c-9fdd-488f-8dd0-26a727fd9d6d.webp,16-BILET,300,,,,
Chorrahani uchinchi bo'lib kim o'tadi?,Чорраҳани учинчи бўлиб ким ўтади?,"{""Yashil avtomobil"",""Ko'k avtomobil"",""Qizil avtomobil""}","{""Яшил автомобил"",""Кўк автомобил"",""Қизил автомобил""}",1,https://ptest.uz/images/767603c9-93d5-4a22-a9ab-6b87ff989cf9.webp,16-BILET,300,,,,
Qaysi belgi yo'lning xavfli burilishiga yaqinlashayotgani haqida ogohlantiradi?,Қайси белги ёлнинг хавфли бурилишига яқинлашаётгани ҳақида огоҳлантиради?,"{""1"",""2"",""3"",""4"",""5""}","{""1"",""2"",""3"",""4"",""5""}",1,https://ptest.uz/images/6aa2e17d-05e4-4dc8-9b1c-0d1e383a3a97.webp,16-BILET,300,,,,
Bu belgi nimani bildiradi?,Бу белги нимани билдиради?,"{""To'la vazni 3,5 t dan ortiq bo'lgan yuk avtomobilining majburiy harakat yo'nalishini"",""Faqat yuk avtomobillari uchun harakat yo'nalishini"",""Yuk avtomobillari, traktorlar, o'ziyurar mashinalar uchun, agar chorrahada ularning harakati yo'nalishlardan biriga taqiqlangan bo'lsa, tavsiya etiladigan harakat yo'nalishini"",""Shaharlararo yuk tashuvchi yuk avtomillarining harakat yo'nalishini""}","{""Тўла вазни 3,5 т дан ортиқ бўлган юк автомобилининг мажбурий ҳаракат ёналишини"",""Фақат юк автомобиллари учун ҳаракат ёналишини"",""Юк автомобиллари, тракторлар, ўзиюрар машиналар учун, агар чорраҳада уларнинг ҳаракати ёналишлардан бирига тақиқланган бўлса, тавсия етиладиган ҳаракат ёналишини"",""Шаҳарлараро юк ташувчи юк автомилларининг ҳаракат ёналишини""}",2,https://ptest.uz/images/8dd124bb-b5a0-4205-8818-ba5d4f391e15.webp,16-BILET,300,,,,
Haydovchi avtopoezd harakatining eng keng bo'lagini aniqlashda nimani hisobga olishi kerak?,Ҳайдовчи автопоезд ҳаракатининг енг кенг бўлагини аниқлашда нимани ҳисобга олиши керак?,"{""Faqat kengligi bo'yicha avtopoezdning o'lchamlarini"",""Kengligi bo'yicha transport vositasining o'lchamlarini, shuningdek tirkamaning chayqalishini hamda uning burilish markaziga siljishini""}","{""Фақат кенглиги бўйича автопоезднинг ўлчамларини"",""Кенглиги бўйича транспорт воситасининг ўлчамларини, шунингдек тиркаманинг чайқалишини ҳамда унинг бурилиш марказига силжишини""}",1,https://postimg.cc/Dmfk0bYv,16-BILET,300,,,,
Avtomobillar chorrahani quyidagi tartibda kesib o'tadilar:,Автомобиллар чорраҳани қуйидаги тартибда кесиб ўтадилар:,"{""Yashil; ko'k; qizil"",""Ko'k; qizil; yashil"",""Ko'k bilan yashil bir vaqtda, qizil""}","{""Яшил; кўк; қизил"",""Кўк; қизил; яшил"",""Кўк билан яшил бир вақтда, қизил""}",1,https://ptest.uz/images/0e6e4fa1-0176-4d34-a571-61957580146b.webp,16-BILET,300,,,,
Haydovchi harakat tezligini tanlashda nimani hisobga olishi kerak?,Ҳайдовчи ҳаракат тезлигини танлашда нимани ҳисобга олиши керак?,"{""Harakatning serqatnovligini, transport vositasi va yukning hususiyati va holatini"",""Yo'l va ob-havo   sharoitini"",""Barcha sanab o'tilgan omillarni""}","{""Ҳаракатнинг серқатновлигини, транспорт воситаси ва юкнинг ҳусусияти ва ҳолатини"",""Ёл ва об-ҳаво   шароитини"",""Барча санаб ўтилган омилларни""}",2,https://postimg.cc/Dmfk0bYv,16-BILET,300,,,,
Quruq yo'lda darhol to'xtash uchun nima qilish lozim?,Қуруқ ёлда дарҳол тўхташ учун нима қилиш лозим?,"{""Ulagichni ajratish, shundan keyin darhol tormoz pedalini bosish"",""Uzatmani almashtirish va tormoz pedalini keskin bosish"",""Tormoz pedalini ulagichni ajratmasdan bosish""}","{""Улагични ажратиш, шундан кейин дарҳол тормоз педалини босиш"",""Узатмани алмаштириш ва тормоз педалини кескин босиш"",""Тормоз педалини улагични ажратмасдан босиш""}",2,https://postimg.cc/Dmfk0bYv,16-BILET,300,,,,
Engil avtomobil haydovchisi qanday qoidalarni buzdi?,Енгил автомобил ҳайдовчиси қандай қоидаларни бузди?,"{""Faqat to'xtash qoidalarini"",""To'xtash va to'xtab turish qoidalarini""}","{""Фақат тўхташ қоидаларини"",""Тўхташ ва тўхтаб туриш қоидаларини""}",1,https://ptest.uz/images/af66e58c-a5a9-4d0b-8bf9-56b5cf0846a1.webp,16-BILET,300,,,,
Qaysi yo'ldan harakatlanishga ruxsat etilgan?,Қайси ёлдан ҳаракатланишга рухсат етилган?,"{""\""?\"""",""\""B\"""",""\""?\"" va \""B\""""}","{""\""?\"""",""\""Б\"""",""\""?\"" ва \""Б\""""}",2,https://ptest.uz/images/651f5856-3def-4f5b-a293-3b1352a423b7.webp,16-BILET,300,,,,
Yo'l yoqasi mavjud bo'lganda haydovchi transport vositasini qaerda to'xtatishi kerak?,Ёл ёқаси мавжуд бўлганда ҳайдовчи транспорт воситасини қаерда тўхтатиши керак?,"{""Qatnov qismining chetida"",""Yo'l chekkasida, yo'l yoqasidan 0,5 m masofada"",""Yo'l yoqasi ustida""}","{""Қатнов қисмининг четида"",""Ёл чеккасида, ёл ёқасидан 0,5 м масофада"",""Ёл ёқаси устида""}",2,https://postimg.cc/Dmfk0bYv,16-BILET,300,,,,
N2; N3; O3; O4 toifadagi transport vositalari shina protektori naqshlarining qoldiq balandligi qanchadan kam bo'lmasligi kerak?,Н2; Н3; О3; О4 тоифадаги транспорт воситалари шина протектори нақшларининг қолдиқ баландлиги қанчадан кам бўлмаслиги керак?,"{""0,5 mm"",""1 mm"",""1,6 mm"",""2 mm"",""3 mm""}","{""0,5 мм"",""1 мм"",""1,6 мм"",""2 мм"",""3 мм""}",1,https://postimg.cc/Dmfk0bYv,16-BILET,300,,,,
Mexanik transport vositalari va uning tirkamalarining egalari texnik holatidan qatiy nazar; xarid qilgan (olgan) paytdan boshlab shu muddat mobaynida DYHX xizmatida ro'yxatdan o'tkazishlari kerak:,Механик транспорт воситалари ва унинг тиркамаларининг егалари техник ҳолатидан қатий назар; харид қилган (олган) пайтдан бошлаб шу муддат мобайнида ДЙҲХ хизматида рўйхатдан ўтказишлари керак:,"{""2 kun"",""10 kun"",""5 kun"",""15 kun"",""30 kun""}","{""2 кун"",""10 кун"",""5 кун"",""15 кун"",""30 кун""}",1,https://postimg.cc/Dmfk0bYv,16-BILET,300,,,,
Mazkur sharoitda shatakka olishni amalga oshirilishning yo'l qo'yilgan eng yuqori tezligi qanday?,Мазкур шароитда шатакка олишни амалга оширилишнинг ёл қўйилган енг юқори тезлиги қандай?,"{""30 km/s"",""50 km/s"",""70 km/s"",""80 km/s""}","{""30 км/с"",""50 км/с"",""70 км/с"",""80 км/с""}",1,https://ptest.uz/images/519364ee-a738-4553-af7d-402d197428d8.webp,16-BILET,300,,,,
"Bu belgilar amal qiladigan hududda ""Nogiron"" taniqli belgisi bilan belgilangan avtomobilga to'xtashga ruxsat etiladimi?","Бу белгилар амал қиладиган ҳудудда ""Ногирон"" таниқли белгиси билан белгиланган автомобилга тўхташга рухсат етиладими?","{""Ruxsat etiladi"",""Taqiqlanadi""}","{""Рухсат етилади"",""Тақиқланади""}",0,https://ptest.uz/images/b8acb676-c15d-4fa5-8587-36f99f633816.webp,16-BILET,300,,,,
Chorrahani kesib o'tishda tramvay yo'li bo'ylab harakatlanishga ruxsat etiladimi?,Чорраҳани кесиб ўтишда трамвай ёли бўйлаб ҳаракатланишга рухсат етиладими?,"{""Taqiqlanadi"",""Agar tramvayga to'sqinlik qilmasa ruxsat etiladi"",""Yo'l-yo'lakay yo'nalishdagi tramvay yo'llari bo'ylab ruxsat etiladi"",""Boshqa bo'laklardan harakat serqatnov bo'lganda, aylanib o'tishda, yo'l-yo'lakay yo'nalishdagi tramvay yo'llari bo'ylab quvib o'tishga ruxsat etiladi.(agar chorrahadan oldin 5.8.1 yoki 5.8.2 yo'l belgilari o'rnatilmagan bo'lsa) Bunda tramvayga xalal bermaslik kerak""}","{""Тақиқланади"",""Агар трамвайга тўсқинлик қилмаса рухсат етилади"",""Ёл-ёлакай ёналишдаги трамвай ёллари бўйлаб рухсат етилади"",""Бошқа бўлаклардан ҳаракат серқатнов бўлганда, айланиб ўтишда, ёл-ёлакай ёналишдаги трамвай ёллари бўйлаб қувиб ўтишга рухсат етилади.(агар чорраҳадан олдин 5.8.1 ёки 5.8.2 ёл белгилари ўрнатилмаган бўлса) Бунда трамвайга халал бермаслик керак""}",3,https://postimg.cc/Dmfk0bYv,17-BILET,300,,,,
Yuk avtomobillarining avtomagistrallarda ikkinchi bo'lakdan nariroqda harakatlanishiga ruxsat etiladimi?,Юк автомобилларининг автомагистралларда иккинчи бўлакдан нарироқда ҳаракатланишига рухсат етиладими?,"{""Ruxsat etiladi, ruxsat etilgan to'la vazni 3,5 t dan oshib ketmasa"",""Ruxsat etiladi, ruxsat etilgan to'la vazni 3,5 t dan ortiq bo'lsa"",""Taqiqlanadi""}","{""Рухсат етилади, рухсат етилган тўла вазни 3,5 т дан ошиб кетмаса"",""Рухсат етилади, рухсат етилган тўла вазни 3,5 т дан ортиқ бўлса"",""Тақиқланади""}",2,https://postimg.cc/Dmfk0bYv,17-BILET,300,,,,
Transport vositalari chorrahani quyidagi tartibda kesib o'tadilar:,Транспорт воситалари чорраҳани қуйидаги тартибда кесиб ўтадилар:,"{""Tramvay, sariq, yashil avtomobillar"",""Tramvay va yashil avtomobil, sariq avtomobil"",""Yashil, sariq avtomobillar, tramvay""}","{""Трамвай, сариқ, яшил автомобиллар"",""Трамвай ва яшил автомобил, сариқ автомобил"",""Яшил, сариқ автомобиллар, трамвай""}",1,https://ptest.uz/images/38109982-942c-4788-a226-617ac7216f6d.webp,17-BILET,300,,,,
Yon kajavasi bo'lmagan motosiklda bolalarni tashishga ruxsat etiladimi?,Ён кажаваси бўлмаган мотосиклда болаларни ташишга рухсат етиладими?,"{""Ruxsat etiladi"",""12 yoshga to'lgan va undan katta bolalarga ruxsat etiladi"",""Katta yoshdagi yo'lovchi bo'lganda ruxsat etiladi"",""Taqiqlanadi""}","{""Рухсат етилади"",""12 ёшга тўлган ва ундан катта болаларга рухсат етилади"",""Катта ёшдаги ёловчи бўлганда рухсат етилади"",""Тақиқланади""}",1,https://postimg.cc/Dmfk0bYv,17-BILET,300,,,,
Qanday hollarda to'xtab turish taqiqlanadi?,Қандай ҳолларда тўхтаб туриш тақиқланади?,"{""Qatnov qismi kesishmasining chekkasidan 30 metrdan ko'p qolganda"",""Piyodalarning o'tish joyi oldidan 10 metrdan ko'p qolganda"",""Piyodalar o'tish joyidan keyin 1 metr masofa uzoqlikda"",""Transport vositalarining harakatlanishiga imkon qoldirmaydigan kirishga yoki chiqishga va piyodalarning harakatiga xalaqit beradigan joylarda"",""Barcha sanab o'tilgan hollarda""}","{""Қатнов қисми кесишмасининг чеккасидан 30 метрдан кўп қолганда"",""Пиёдаларнинг ўтиш жойи олдидан 10 метрдан кўп қолганда"",""Пиёдалар ўтиш жойидан кейин 1 метр масофа узоқликда"",""Транспорт воситаларининг ҳаракатланишига имкон қолдирмайдиган киришга ёки чиқишга ва пиёдаларнинг ҳаракатига халақит берадиган жойларда"",""Барча санаб ўтилган ҳолларда""}",3,https://postimg.cc/Dmfk0bYv,17-BILET,300,,,,
Chorrahada qaysi yo'nalishlarda harakat qilishga ruxsat etiladi?,Чорраҳада қайси ёналишларда ҳаракат қилишга рухсат етилади?,"{""Faqat \""?\"" va \""?\"""",""\""?\"", \""?\"", \""?\"", \""?\"""",""\""?\"", \""?\"", \""?\"", \""?\""""}","{""Фақат \""?\"" ва \""?\"""",""\""?\"", \""?\"", \""?\"", \""?\"""",""\""?\"", \""?\"", \""?\"", \""?\""""}",0,https://ptest.uz/images/e14dece1-3ffa-42b3-9a85-8a03cab0311c.webp,17-BILET,300,,,,
Tashilayotgan yuk DYHX xizmatining puxsatisiz transport vositasi o'lchamlarining orqa nuqtasidan eng katta miqdorda qanday chiqib turishi mumkin?,Ташилаётган юк ДЙҲХ хизматининг пухсатисиз транспорт воситаси ўлчамларининг орқа нуқтасидан енг катта миқдорда қандай чиқиб туриши мумкин?,"{""1,0 m"",""1,5 m"",""2,0 m"",""2,5 m"",""4,0 m""}","{""1,0 м"",""1,5 м"",""2,0 м"",""2,5 м"",""4,0 м""}",2,https://postimg.cc/Dmfk0bYv,17-BILET,300,,,,
Haydovchilardan qay biri yo'lovchilarni tushirish uchun to'g'ri to'xtadi?,Ҳайдовчилардан қай бири ёловчиларни тушириш учун тўғри тўхтади?,"{""Ko'k va qizil avtomobillarning haydovchilari"",""Mototsikl va ko'k avtomobil haydovchilari"",""Faqat ko'k avtomobil haydovchilari"",""Barcha haydovchilar""}","{""Кўк ва қизил автомобилларнинг ҳайдовчилари"",""Мототсикл ва кўк автомобил ҳайдовчилари"",""Фақат кўк автомобил ҳайдовчилари"",""Барча ҳайдовчилар""}",1,https://ptest.uz/images/ffb00fd1-f83f-456b-a103-cb4ad2fa2133.webp,17-BILET,300,,,,
Haydovchi avtopoezdni tormozlashning qaysi qoidalariga rioya qilishi kerak?,Ҳайдовчи автопоездни тормозлашнинг қайси қоидаларига риоя қилиши керак?,"{""Tormoz tepkisini keskin kuchli bosish - ulagichni ajratgan holda"",""Oldindan tezlikni kamaytirish, ulagichni ajratmay, bir tekis tormozlash""}","{""Тормоз тепкисини кескин кучли босиш - улагични ажратган ҳолда"",""Олдиндан тезликни камайтириш, улагични ажратмай, бир текис тормозлаш""}",1,https://postimg.cc/Dmfk0bYv,17-BILET,300,,,,
Bu yotiq chiziq nimani anglatadi?,Бу ётиқ чизиқ нимани англатади?,"{""Transport vositalari oqimi qo'shiladigan joylardagi yo'naltiruvchi orolchani"",""Qatnov qismidagi xavfli joylarda piyodalar uchun orolchani"",""Transport vositalari to'xtab turish qismining chegarasini"",""Transport vositalari oqimi ajraladigan joydagi yo'naltiruvchi orolchani""}","{""Транспорт воситалари оқими қўшиладиган жойлардаги ёналтирувчи оролчани"",""Қатнов қисмидаги хавфли жойларда пиёдалар учун оролчани"",""Транспорт воситалари тўхтаб туриш қисмининг чегарасини"",""Транспорт воситалари оқими ажраладиган жойдаги ёналтирувчи оролчани""}",0,https://ptest.uz/images/e2e50547-dbe1-4d86-8663-5034c3f06fac.webp,17-BILET,300,,,,
Enli uzuq-uzuq chiziq ko'rinishidagi yotiq chiziq nimani bildiradi?,Енли узуқ-узуқ чизиқ кўринишидаги ётиқ чизиқ нимани билдиради?,"{""Qatnov qismi bilan yo'l yoqasi o'rtasidagi chegarani"",""Tezlanish yoki sekinlanish bo'lagi bilan qatnov qismi asosiy bo'lagi o'rtasidagi chegarani bildiradi"",""Transport vositalarining to'xtashi va to'xtab turishi uchun belgilangan maydonchalarni""}","{""Қатнов қисми билан ёл ёқаси ўртасидаги чегарани"",""Тезланиш ёки секинланиш бўлаги билан қатнов қисми асосий бўлаги ўртасидаги чегарани билдиради"",""Транспорт воситаларининг тўхташи ва тўхтаб туриши учун белгиланган майдончаларни""}",1,https://ptest.uz/images/992c0ab7-922d-42e7-8539-89d44f1d4889.webp,17-BILET,300,,,,
Siz reversiv harakatli yo'lga burildingiz. Burilishdan keyin siz qaysi bo'lak bo'ylab harakatlanish huquqiga egasiz?,Сиз реверсив ҳаракатли ёлга бурилдингиз. Бурилишдан кейин сиз қайси бўлак бўйлаб ҳаракатланиш ҳуқуқига егасиз?,"{""Aholi punktlarida istalgan bo'lak bo'ylab harakatlanishga ruxsat etiladi"",""Chetki o'ng bo'lak bo'ylab. Faqat reversiv svetofor yoki boshqa bo'laklar bo'yicha ham harakatlanishga ruxsat etadigan ''bo'laklar bo'yicha harakatlanish yo'nalishi'' belgisidan o'tgandan so'ng qayta tizilishga ruxsat etiladi"",""Aholi punktlaridan tashqarida qatnov qismining iloji boricha o'ng chetiga yaqinroqda""}","{""Аҳоли пунктларида исталган бўлак бўйлаб ҳаракатланишга рухсат етилади"",""Четки ўнг бўлак бўйлаб. Фақат реверсив светофор ёки бошқа бўлаклар бўйича ҳам ҳаракатланишга рухсат етадиган бўлаклар бўйича ҳаракатланиш ёналиши белгисидан ўтгандан сўнг қайта тизилишга рухсат етилади"",""Аҳоли пунктларидан ташқарида қатнов қисмининг иложи борича ўнг четига яқинроқда""}",1,https://postimg.cc/Dmfk0bYv,17-BILET,300,,,,
Qaysi transport vositasining haydovchisi birinchi navbatda harakatlanish huquqiga ega?,Қайси транспорт воситасининг ҳайдовчиси биринчи навбатда ҳаракатланиш ҳуқуқига ега?,"{""Avtomobil haydovchisi"",""Motosikl haydovchisi""}","{""Автомобил ҳайдовчиси"",""Мотосикл ҳайдовчиси""}",1,https://ptest.uz/images/62e1ab29-2c5e-4e08-bc60-dfd1e38c0ac5.webp,17-BILET,300,,,,
Qatnov qismining o'ng bo'lagi bo'ylab harakatlanishga qaysi transport vositasiga ruxsat etilgan?,Қатнов қисмининг ўнг бўлаги бўйлаб ҳаракатланишга қайси транспорт воситасига рухсат етилган?,"{""Barcha mexanik transport vositalariga"",""Belgilangan yo'nalishdagi transport vositalariga va taksilarga"",""Faqat velosipedlarga"",""Faqat belgilangan yo'nalishdagi transport vositalariga""}","{""Барча механик транспорт воситаларига"",""Белгиланган ёналишдаги транспорт воситаларига ва таксиларга"",""Фақат велосипедларга"",""Фақат белгиланган ёналишдаги транспорт воситаларига""}",3,https://ptest.uz/images/d2d749e6-b4ab-4bb1-9c2d-71169c78e8a1.webp,17-BILET,300,,,,
Qattiq charchoq boshlanishining asosiy tashqi alomatlari qanday?,Қаттиқ чарчоқ бошланишининг асосий ташқи аломатлари қандай?,"{""Ko'z sanchib og'riydi, yuz terisi oqaradi, uyqu bosadi"",""Yuz rangi to'q qizil tusga kiradi, qo'l-oyoqlar soviydi, ongi xiralashadi"",""Mushaklarda horg'inlik seziladi, quloqlarda shovqin g'uvillaydi, bosh aylanadi, muzdek yopishqoq ter chiqadi""}","{""Кўз санчиб оғрийди, юз териси оқаради, уйқу босади"",""Юз ранги тўқ қизил тусга киради, қўл-оёқлар совийди, онги хиралашади"",""Мушакларда ҳорғинлик сезилади, қулоқларда шовқин ғувиллайди, бош айланади, муздек ёпишқоқ тер чиқади""}",0,https://postimg.cc/Dmfk0bYv,17-BILET,300,,,,
Bunday vaziyatda qizil avtomobilning haydovchisiga quvib o'tishga ruxsat etiladimi?,Бундай вазиятда қизил автомобилнинг ҳайдовчисига қувиб ўтишга рухсат етиладими?,"{""Ruxsat etilgan"",""Taqiqlangan"",""Faqat ro'paradan kelayotgan transport vositalari yo'qligida ruxsat etilgan""}","{""Рухсат етилган"",""Тақиқланган"",""Фақат рўпарадан келаётган транспорт воситалари ёқлигида рухсат етилган""}",1,https://ptest.uz/images/1fcb9a2d-c19f-49ef-a9b2-91c76f6b1482.webp,17-BILET,300,,,,
"Rulda o'rganuvchi bo'lsa, qaysi tomonga harakatlanishga ruxsat beriladi?","Рулда ўрганувчи бўлса, қайси томонга ҳаракатланишга рухсат берилади?","{""Hamma tomonga"",""Faqat o'ngga"",""O'ngga, chapga va qayrilish""}","{""Ҳамма томонга"",""Фақат ўнгга"",""Ўнгга, чапга ва қайрилиш""}",2,https://ptest.uz/images/49cf2dfc-1bb2-4894-aff7-7e68b6b1f89d.webp,17-BILET,300,,,,
Qaysi transport vositasining haydovchisiga belgida ko'rsatilgan tezlik bilan harakatlanishga ruxsat berilgan?,Қайси транспорт воситасининг ҳайдовчисига белгида кўрсатилган тезлик билан ҳаракатланишга рухсат берилган?,"{""Har ikki haydovchiga"",""Faqat mikroavtobus haydovchisiga"",""Har ikkisiga taqiqlangan""}","{""Ҳар икки ҳайдовчига"",""Фақат микроавтобус ҳайдовчисига"",""Ҳар иккисига тақиқланган""}",1,https://ptest.uz/images/bb312137-1ab9-4950-ba41-96558f0a5eeb.webp,17-BILET,300,,,,
Qanday transport vositalariga ushbu belgining amal qilishi tatbiq etilmaydi?,Қандай транспорт воситаларига ушбу белгининг амал қилиши татбиқ етилмайди?,"{""Yo'nalishli taksilarga"",""Taksometri ishlab turgan taksilarga"",""\""???????\"" taniqlik belgisi o'rnatilgan nogiron boshqarayotgan avtomobilga"",""Belgilangan yo'nalishdagi transport vositalariga"",""Ikkinchi va uchunchi javoblarda ko'rsatilgan transport vositalariga""}","{""Ёналишли таксиларга"",""Таксометри ишлаб турган таксиларга"",""\""???????\"" таниқлик белгиси ўрнатилган ногирон бошқараётган автомобилга"",""Белгиланган ёналишдаги транспорт воситаларига"",""Иккинчи ва учунчи жавобларда кўрсатилган транспорт воситаларига""}",4,https://ptest.uz/images/d11e800d-4526-41c6-933b-83b89de33d82.webp,17-BILET,300,,,,
"Yo'lovchilarga haydovchi transport vositasini boshqarayotganda, uni chalg'itishga ruxsat etiladimi?","Ёловчиларга ҳайдовчи транспорт воситасини бошқараётганда, уни чалғитишга рухсат етиладими?","{""Ruxsat etiladi"",""Belgilangan yo'nalishdagi transport vositalarida faqat bir martalik chiptalar sotib olish uchun ruxsat etiladi"",""Taqiqlanadi""}","{""Рухсат етилади"",""Белгиланган ёналишдаги транспорт воситаларида фақат бир марталик чипталар сотиб олиш учун рухсат етилади"",""Тақиқланади""}",2,https://postimg.cc/Dmfk0bYv,17-BILET,300,,,,
Chorrahani kesib o'tishda tramvay yo'li bo'ylab harakatlanishga ruxsat etiladimi?,Чорраҳани кесиб ўтишда трамвай ёли бўйлаб ҳаракатланишга рухсат етиладими?,"{""Taqiqlanadi"",""Agar tramvayga to'sqinlik qilmasa ruxsat etiladi"",""Yo'l-yo'lakay yo'nalishdagi tramvay yo'llari bo'ylab ruxsat etiladi"",""Boshqa bo'laklardan harakat serqatnov bo'lganda, aylanib o'tishda, yo'l-yo'lakay yo'nalishdagi tramvay yo'llari bo'ylab quvib o'tishga ruxsat etiladi.(agar chorrahadan oldin 5.8.1 yoki 5.8.2 yo'l belgilari o'rnatilmagan bo'lsa) Bunda tramvayga xalal bermaslik kerak""}","{""Тақиқланади"",""Агар трамвайга тўсқинлик қилмаса рухсат етилади"",""Ёл-ёлакай ёналишдаги трамвай ёллари бўйлаб рухсат етилади"",""Бошқа бўлаклардан ҳаракат серқатнов бўлганда, айланиб ўтишда, ёл-ёлакай ёналишдаги трамвай ёллари бўйлаб қувиб ўтишга рухсат етилади.(агар чорраҳадан олдин 5.8.1 ёки 5.8.2 ёл белгилари ўрнатилмаган бўлса) Бунда трамвайга халал бермаслик керак""}",3,https://postimg.cc/Dmfk0bYv,17-BILET,300,,,,
"Agar barcha transport vositalari 80 km/soat tezlik bilan harakat qilsa, haydovchilardan qay biri qoidalarning talablarini buzadi?","Агар барча транспорт воситалари 80 км/соат тезлик билан ҳаракат қилса, ҳайдовчилардан қай бири қоидаларнинг талабларини бузади?","{""Motosikl va yuk avtomobilining haydovchilari"",""Motosikl va engil avtomobilning haydovchilari"",""Hamma haydovchilar"",""Motosikl haydovchisi"",""Hech kim buzmaydi""}","{""Мотосикл ва юк автомобилининг ҳайдовчилари"",""Мотосикл ва енгил автомобилнинг ҳайдовчилари"",""Ҳамма ҳайдовчилар"",""Мотосикл ҳайдовчиси"",""Ҳеч ким бузмайди""}",4,https://ptest.uz/images/990b7aee-bf94-4d01-bc5c-cb19c02f2347.webp,18-BILET,300,,,,
Davlat YHX xizmatining ruxsatisiz transport vositasining yuk bilan yoki yuksiz qanday yuqori o'lchamdagi balandlik bilan harakatlanishiga yo'l qo'yiladi?,Давлат ЙҲХ хизматининг рухсатисиз транспорт воситасининг юк билан ёки юксиз қандай юқори ўлчамдаги баландлик билан ҳаракатланишига ёл қўйилади?,"{""5,0 m"",""4,5 m"",""4,0 m"",""2,5 m"",""3,8 m""}","{""5,0 м"",""4,5 м"",""4,0 м"",""2,5 м"",""3,8 м""}",2,https://postimg.cc/Dmfk0bYv,18-BILET,300,,,,
Piyoda yalt-yalt etuvchi mayoqcha va maxsus tovushli ishoralarni yoqib kelayotgan transport vositasi yaqinlashib qolganda qanday yo'l tutishi kerak?,Пиёда ялт-ялт етувчи маёқча ва махсус товушли ишораларни ёқиб келаётган транспорт воситаси яқинлашиб қолганда қандай ёл тутиши керак?,"{""Mumkin qadar tezroq qatnov qismidan o'tib olishi"",""Qatnov qismidan o'tmasligi"",""Agar piyodalar o'tish joyida bo'lsa, qatnov qismidan o'tishi""}","{""Мумкин қадар тезроқ қатнов қисмидан ўтиб олиши"",""Қатнов қисмидан ўтмаслиги"",""Агар пиёдалар ўтиш жойида бўлса, қатнов қисмидан ўтиши""}",1,https://postimg.cc/Dmfk0bYv,18-BILET,300,,,,
"Avtomobilning taniqlik belgisi bo'lganda, yo'lning mazkur qismida qanday yuqori tezlik bilan harakatlanishiga ruxsat etiladi?","Автомобилнинг таниқлик белгиси бўлганда, ёлнинг мазкур қисмида қандай юқори тезлик билан ҳаракатланишига рухсат етилади?","{""70 km/s"",""90 km/s"",""100 km/s""}","{""70 км/с"",""90 км/с"",""100 км/с""}",0,https://ptest.uz/images/4a78eb17-4da5-4618-911e-323bfa30bbdd.webp,18-BILET,300,,,,
Transport vositalaridan foydalanish va texnik holatiga javobgar mansabdor shaxslar majbur:,Транспорт воситаларидан фойдаланиш ва техник ҳолатига жавобгар мансабдор шахслар мажбур:,"{""Belgilangan muddatda tibbiyot ko'rigidan o'tmagan shaxslarning transport vositalarini boshqarishiga yo'l qo'ymaslikka"",""Texnik holati va jihozlari qoidalarning talablariga mos kelmaydigan transport vositalarini yo'lga chiqarmaslikka"",""Belgilangan tartibda ro'yxatdan o'tkazilmagan transport vositalarini yo'lga chiqarmaslikka"",""Barcha sanab o'tilganlarni bajarishga""}","{""Белгиланган муддатда тиббиёт кўригидан ўтмаган шахсларнинг транспорт воситаларини бошқаришига ёл қўймасликка"",""Техник ҳолати ва жиҳозлари қоидаларнинг талабларига мос келмайдиган транспорт воситаларини ёлга чиқармасликка"",""Белгиланган тартибда рўйхатдан ўтказилмаган транспорт воситаларини ёлга чиқармасликка"",""Барча санаб ўтилганларни бажаришга""}",3,https://postimg.cc/Dmfk0bYv,18-BILET,300,,,,
Belgi va uning ostidagi qo'shimcha axborot belgisi nima haqida ogohlantiradi?,Белги ва унинг остидаги қўшимча ахборот белгиси нима ҳақида огоҳлантиради?,"{""Olib borilayotgan ishlar munosabati bilan yo'l chetida to'xtash taqiqlanadi"",""Yo'l yoqasida tamirlash ishlari olib borilayotganligi munosabati bilan unga chiqish xavfli"",""Yo'lda tamirlash ishlari olib borilayotganligida yo'l chetida to'xtab turish taqiqlanadi""}","{""Олиб борилаётган ишлар муносабати билан ёл четида тўхташ тақиқланади"",""Ёл ёқасида тамирлаш ишлари олиб борилаётганлиги муносабати билан унга чиқиш хавфли"",""Ёлда тамирлаш ишлари олиб борилаётганлигида ёл четида тўхтаб туриш тақиқланади""}",1,https://ptest.uz/images/67eaf941-1075-42de-b232-04aa794d66c2.webp,18-BILET,300,,,,
Navbat bilan yilt-yilt etib turuvchi ikkita qizil yoritgichlar quyidagi manoga ega:,Навбат билан йилт-йилт етиб турувчи иккита қизил ёритгичлар қуйидаги манога ега:,"{""Harakatni taqiqlaydi"",""Boshqa haydovchilarga qatnov qismiga maxsus transport vositalarining o'tganini xabar qiladi"",""Alohida ehtiyotkorlik bilan harakatlanishga ruxsat etadi""}","{""Ҳаракатни тақиқлайди"",""Бошқа ҳайдовчиларга қатнов қисмига махсус транспорт воситаларининг ўтганини хабар қилади"",""Алоҳида еҳтиёткорлик билан ҳаракатланишга рухсат етади""}",0,https://ptest.uz/images/a7ad4820-ccf7-4359-9f57-7a48edbb0055.webp,18-BILET,300,,,,
"Transport vositasining haydovchisi, agar svetoforning ruxsat etuvchi yoritgichi yoqilsa-yu, harakat yo'nalishining qatnov qismidan o'tishga ulgurmagan piyodalar bo'lsa, nima qilishi kerak?","Транспорт воситасининг ҳайдовчиси, агар светофорнинг рухсат етувчи ёритгичи ёқилса-ю, ҳаракат ёналишининг қатнов қисмидан ўтишга улгурмаган пиёдалар бўлса, нима қилиши керак?","{""Tezlikni kamaytirishi, tovush ishorasini berishi va eng kam tezlik bilan piyodalarning o'tish joyidan o'tishi"",""Tovush ishorasini berishi va tezlikni kamaytirmay piyodalarning o'tish joyidan o'tishi"",""Mazkur yo'nalishning qatnov qismidan piyodalarning o'tib olishiga imkon berishi"",""Ehtiyotkorlik choralariga rioya etgan holda piyodalarning o'tish joyidan o'tishi""}","{""Тезликни камайтириши, товуш ишорасини бериши ва енг кам тезлик билан пиёдаларнинг ўтиш жойидан ўтиши"",""Товуш ишорасини бериши ва тезликни камайтирмай пиёдаларнинг ўтиш жойидан ўтиши"",""Мазкур ёналишнинг қатнов қисмидан пиёдаларнинг ўтиб олишига имкон бериши"",""Еҳтиёткорлик чораларига риоя етган ҳолда пиёдаларнинг ўтиш жойидан ўтиши""}",2,https://postimg.cc/Dmfk0bYv,18-BILET,300,,,,
Belgilarning qaysi biri ogohlantiruvchi belgilar bilan qayd etilgan xavfli yo'l qismining uzunligini ko'rsatadi?,Белгиларнинг қайси бири огоҳлантирувчи белгилар билан қайд етилган хавфли ёл қисмининг узунлигини кўрсатади?,"{""1"",""2"",""3"",""4"",""5""}","{""1"",""2"",""3"",""4"",""5""}",3,https://ptest.uz/images/79370d58-b25f-47af-afb0-e311cfa3cf34.webp,18-BILET,300,,,,
Tormoz yo'li deganda nimani tushunasiz?,Тормоз ёли деганда нимани тушунасиз?,"{""Haydovchiga xavf malum bo'lgan vaqtdan boshlab avtomobilning to'liq to'xtagungacha bosib o'tgan masofasi"",""Tormoz tepkisini bosilgan vaqtidan boshlab avtomobilning to'liq to'xtagungacha bosib o'tgan yo'li""}","{""Ҳайдовчига хавф малум бўлган вақтдан бошлаб автомобилнинг тўлиқ тўхтагунгача босиб ўтган масофаси"",""Тормоз тепкисини босилган вақтидан бошлаб автомобилнинг тўлиқ тўхтагунгача босиб ўтган ёли""}",1,https://postimg.cc/Dmfk0bYv,18-BILET,300,,,,
Yo'l o'rtasidagi to'xtash joyida to'xtagan shu yo'nalishdagi tramvayga yaqinlashib qolgan haydovchi nima qilishi kerak?,Ёл ўртасидаги тўхташ жойида тўхтаган шу ёналишдаги трамвайга яқинлашиб қолган ҳайдовчи нима қилиши керак?,"{""To'xtashi, so'ng tramvay harakatlanganidan keyin harakatni davom ettirishi"",""Yo'l o'rtasidagi to'xtash joyida turgan shu yo'nalishdagi tramvayga kelayotgan yoki undan uzoqlashayotgan piyodalarga yo'l berishi"",""Tramvay to'xtash joyidan nihoyatda ehtiyotkorlik bilan o'tishi"",""To'xtashi, tramvay eshiklari yopilgandan keyin harakatni davom ettirishi""}","{""Тўхташи, сўнг трамвай ҳаракатланганидан кейин ҳаракатни давом еттириши"",""Ёл ўртасидаги тўхташ жойида турган шу ёналишдаги трамвайга келаётган ёки ундан узоқлашаётган пиёдаларга ёл бериши"",""Трамвай тўхташ жойидан ниҳоятда еҳтиёткорлик билан ўтиши"",""Тўхташи, трамвай ешиклари ёпилгандан кейин ҳаракатни давом еттириши""}",1,https://postimg.cc/Dmfk0bYv,18-BILET,300,,,,
Qaysi transport vositasining haydovchisi harakatlanishda imtiyoziga ega?,Қайси транспорт воситасининг ҳайдовчиси ҳаракатланишда имтиёзига ега?,"{""Avtomobil haydovchisi"",""Tramvay haydovchisi""}","{""Автомобил ҳайдовчиси"",""Трамвай ҳайдовчиси""}",1,https://ptest.uz/images/7ae8ac93-da35-4f04-b237-39e6ad7e8d13.webp,18-BILET,300,,,,
"Siz uchta bo'lagi bo'lgan ikki tomonlama harakatli yo'l bo'ylab ketayapsiz, o'rta bo'lakka o'tishga qanday holda ruxsat etiladi?","Сиз учта бўлаги бўлган икки томонлама ҳаракатли ёл бўйлаб кетаяпсиз, ўрта бўлакка ўтишга қандай ҳолда рухсат етилади?","{""Faqat quvib o'tish uchun"",""Faqat aylanib o'tish uchun"",""Faqat chapga burilish yoki orqaga qayrilish uchun"",""Barcha sanab o'tilgan hollarda""}","{""Фақат қувиб ўтиш учун"",""Фақат айланиб ўтиш учун"",""Фақат чапга бурилиш ёки орқага қайрилиш учун"",""Барча санаб ўтилган ҳолларда""}",3,https://postimg.cc/Dmfk0bYv,18-BILET,300,,,,
Bosh miya va kalla suyagi o'rtacha holatda jarohatlangan jabrlanuvchini transportning qaysi turida tashish kerak?,Бош мия ва калла суяги ўртача ҳолатда жароҳатланган жабрланувчини транспортнинг қайси турида ташиш керак?,"{""Yo'lovchi engil avtomobilida"",""Yo'lovchi yuk avtomobilida"",""Faqat tez tibbiy yordami mashinasida""}","{""Ёловчи енгил автомобилида"",""Ёловчи юк автомобилида"",""Фақат тез тиббий ёрдами машинасида""}",2,https://postimg.cc/Dmfk0bYv,18-BILET,300,,,,
Bu yo'l chizig'i quyidagi maqsadni:,Бу ёл чизиғи қуйидаги мақсадни:,"{""Trotuar yaqinidagi to'xtab turish joyida mexanik transport vositalarining qo'yish usullari ko'rsatilgan to'xtab turish joyini bildiradi"",""Mexanik transport vositalarining to'xtashi taqiqlangan joylarni bildiradi"",""Belgilangan yo'nalishdagi transport vositalarining to'xtash va taksining to'xtab turish joyini bildiradi""}","{""Тротуар яқинидаги тўхтаб туриш жойида механик транспорт воситаларининг қўйиш усуллари кўрсатилган тўхтаб туриш жойини билдиради"",""Механик транспорт воситаларининг тўхташи тақиқланган жойларни билдиради"",""Белгиланган ёналишдаги транспорт воситаларининг тўхташ ва таксининг тўхтаб туриш жойини билдиради""}",2,https://ptest.uz/images/52b5bd6c-7c98-46db-923a-0d370e5346c3.webp,18-BILET,300,,,,
Shlagbaumni o'zboshimchalik bilan ochish yoki aylanib o'tishga ruxsat beriladimi?,Шлагбаумни ўзбошимчалик билан очиш ёки айланиб ўтишга рухсат бериладими?,"{""Ruxsat beriladi, faqat svetofor o'chgan bo'lsa"",""Taqiqlanadi""}","{""Рухсат берилади, фақат светофор ўчган бўлса"",""Тақиқланади""}",1,https://postimg.cc/Dmfk0bYv,18-BILET,300,,,,
Haydovchilardan qay biri birinchi bo'lib harakatlanish uchun imtiyozga ega?,Ҳайдовчилардан қай бири биринчи бўлиб ҳаракатланиш учун имтиёзга ега?,"{""Motosikl haydovchisi"",""Avtomobil haydovchisi""}","{""Мотосикл ҳайдовчиси"",""Автомобил ҳайдовчиси""}",1,https://ptest.uz/images/b4c6b93b-cf2b-47da-9cec-8c3431944fb2.webp,18-BILET,300,,,,
Quyidagi holatda haydovchi piyodalarga yo'l berishi lozimmi?,Қуйидаги ҳолатда ҳайдовчи пиёдаларга ёл бериши лозимми?,"{""Ha"",""Yo'q""}","{""Ҳа"",""Ёқ""}",0,https://ptest.uz/images/bfbdbc49-dc72-44ed-be37-ac1fbc1114e3.webp,18-BILET,300,,,,
Har bir chiziq uzunligi ular orasidagi masofadan uch barobar katta bo'lgan uzuq-uzuq chiziq bildiradi?,Ҳар бир чизиқ узунлиги улар орасидаги масофадан уч баробар катта бўлган узуқ-узуқ чизиқ билдиради?,"{""Tezlanish yoki tormozlash bo'lagi bilan qatnov qismidagi asosiy bo'lak o'rtasidagi chegarani"",""Avtomagistrallarda qatnov qismining chetlarini"",""Ro'paradan kelayotgan yoki shu yo'nalishda harakatlanayotgan transport oqimini ajratib turgan sidirg'a chiziqqa yaqinlashganlikni""}","{""Тезланиш ёки тормозлаш бўлаги билан қатнов қисмидаги асосий бўлак ўртасидаги чегарани"",""Автомагистралларда қатнов қисмининг четларини"",""Рўпарадан келаётган ёки шу ёналишда ҳаракатланаётган транспорт оқимини ажратиб турган сидирға чизиққа яқинлашганликни""}",2,https://ptest.uz/images/73d6b087-5673-47aa-b6f8-ac0e01200424.webp,18-BILET,300,,,,
"Aholi yashaydigan joylarda ruxsat etilgan to'la vazni 3,5 tonnadan ziyod avtomobillarning harakatlanishiga qaysi bo'lakdan ruxsat etiladi?","Аҳоли яшайдиган жойларда рухсат етилган тўла вазни 3,5 тоннадан зиёд автомобилларнинг ҳаракатланишига қайси бўлакдан рухсат етилади?","{""Iloji boricha qatnov qismining o'ng chetiga yaqin bo'lakdan"",""Boshqa bo'laklarda qatnov ko'p bo'lganda istalgan bo'lakdan"",""Istalgan bo'lakdan, biroq agar relssiz transport vositalarining harakati uchun bir yo'nalishda uchta va undan ortiq bo'lak bo'lsa, u holda chetki chap bo'lakka faqat chapga burilish, orqaga qayrilish uchun o'tishga""}","{""Иложи борича қатнов қисмининг ўнг четига яқин бўлакдан"",""Бошқа бўлакларда қатнов кўп бўлганда исталган бўлакдан"",""Исталган бўлакдан, бироқ агар релссиз транспорт воситаларининг ҳаракати учун бир ёналишда учта ва ундан ортиқ бўлак бўлса, у ҳолда четки чап бўлакка фақат чапга бурилиш, орқага қайрилиш учун ўтишга""}",0,https://postimg.cc/Dmfk0bYv,18-BILET,300,,,,
"Agar barcha transport vositalari 80 km/soat tezlik bilan harakat qilsa, haydovchilardan qay biri qoidalarning talablarini buzadi?","Агар барча транспорт воситалари 80 км/соат тезлик билан ҳаракат қилса, ҳайдовчилардан қай бири қоидаларнинг талабларини бузади?","{""Motosikl va yuk avtomobilining haydovchilari"",""Motosikl va engil avtomobilning haydovchilari"",""Hamma haydovchilar"",""Motosikl haydovchisi"",""Hech kim buzmaydi""}","{""Мотосикл ва юк автомобилининг ҳайдовчилари"",""Мотосикл ва енгил автомобилнинг ҳайдовчилари"",""Ҳамма ҳайдовчилар"",""Мотосикл ҳайдовчиси"",""Ҳеч ким бузмайди""}",4,https://ptest.uz/images/990b7aee-bf94-4d01-bc5c-cb19c02f2347.webp,18-BILET,300,,,,
Bu yotiq chiziq bildiradi:,Бу ётиқ чизиқ билдиради:,"{""Ko'rsatilgan yo'nalishlarda harakatlanishni taqiqlaydi"",""Chorrahada bo'laklar bo'ylab ruxsat etilgan harakat yo'nalishlarini ko'rsatadi"",""Harakat barcha yo'nalishlarda ruxsat etilgan yo'llarning kesishmasiga yaqinlashganini""}","{""Кўрсатилган ёналишларда ҳаракатланишни тақиқлайди"",""Чорраҳада бўлаклар бўйлаб рухсат етилган ҳаракат ёналишларини кўрсатади"",""Ҳаракат барча ёналишларда рухсат етилган ёлларнинг кесишмасига яқинлашганини""}",1,https://ptest.uz/images/b8d3f644-929b-4a01-be7a-57e5aff22df8.webp,19-BILET,300,,,,
Qaysi hollarda avtomobillar shunday taniqlik belgilari bilan belgilanadi?,Қайси ҳолларда автомобиллар шундай таниқлик белгилари билан белгиланади?,"{""Xavfli yuklar tashiyotgan"",""Nogironlar boshqarayotgan"",""Kar-soqov yoki kar haydovchilar boshqarayotganda"",""Ikki yilgacha haydovchilik ish davriga ega bo'lgan haydovchilar boshqarayotgan""}","{""Хавфли юклар ташиётган"",""Ногиронлар бошқараётган"",""Кар-соқов ёки кар ҳайдовчилар бошқараётганда"",""Икки йилгача ҳайдовчилик иш даврига ега бўлган ҳайдовчилар бошқараётган""}",2,https://ptest.uz/images/1e434b05-c001-49be-aa88-318d7df356c7.webp,19-BILET,300,,,,
Serqatnov harakatda transport vositasini keskin tormozlash:,Серқатнов ҳаракатда транспорт воситасини кескин тормозлаш:,"{""Orqadan kelayotganlarning urib ketishini keltirib chiqarishi mumkin"",""Avtomobilning faqat texnik holatida ko'rinadi"",""Serqatnov harakatda boshqarishning odatdagi usuli hisoblanadi""}","{""Орқадан келаётганларнинг уриб кетишини келтириб чиқариши мумкин"",""Автомобилнинг фақат техник ҳолатида кўринади"",""Серқатнов ҳаракатда бошқаришнинг одатдаги усули ҳисобланади""}",0,https://postimg.cc/Dmfk0bYv,19-BILET,300,,,,
Shunday yo'l belgisi bilan belgilangan yo'l qismlarida shaharlararo bo'lmagan avtobuslarning qanday yuqori tezlik bilan harakatlanishiga ruxsat etiladi?,Шундай ёл белгиси билан белгиланган ёл қисмларида шаҳарлараро бўлмаган автобусларнинг қандай юқори тезлик билан ҳаракатланишига рухсат етилади?,"{""50 km/s"",""60 km/s"",""70 km/s"",""80 km/s"",""90 km/s""}","{""50 км/с"",""60 км/с"",""70 км/с"",""80 км/с"",""90 км/с""}",3,https://postimg.cc/Dmfk0bYv,19-BILET,300,,,,
Qatnov qismi tomonidan yo'lovchilarning tushishi va chiqishiga qaysi hollarda ruxsat etiladi?,Қатнов қисми томонидан ёловчиларнинг тушиши ва чиқишига қайси ҳолларда рухсат етилади?,"{""Transport vositasi majburiy to'xtaganda"",""Haydovchining xohishiga ko'ra shu shart bilanki, bu xavf-xatardan holi bo'lsa va boshqa harakat qatnashchilariga halaqit bermasa"",""Trotuar tomondan yoki yo'l yoqasidan iloji bo'lmasa shu shart bilanki bu hol xavf-xatarsiz bo'lsa va boshqa harakat qatnashchilariga halaqit bermasa""}","{""Транспорт воситаси мажбурий тўхтаганда"",""Ҳайдовчининг хоҳишига кўра шу шарт биланки, бу хавф-хатардан ҳоли бўлса ва бошқа ҳаракат қатнашчиларига ҳалақит бермаса"",""Тротуар томондан ёки ёл ёқасидан иложи бўлмаса шу шарт биланки бу ҳол хавф-хатарсиз бўлса ва бошқа ҳаракат қатнашчиларига ҳалақит бермаса""}",2,https://postimg.cc/Dmfk0bYv,19-BILET,300,,,,
Sirpanchiq yo'lda harakatlanayotganda karbyuratorning drossel zaslonkasini birdaniga ochish xavfi nimadan iborat?,Сирпанчиқ ёлда ҳаракатланаётганда карбюраторнинг дроссел заслонкасини бирданига очиш хавфи нимадан иборат?,"{""Yurgizgich o'chib qoladi"",""Yonilg'i sarfi ancha ortadi"",""Avtomobilning yonga sirpanishi vujudga kelishi mumkin"",""Yurgizgich tirsakli val aylanishining yuqori chastotasini oshiradi""}","{""Юргизгич ўчиб қолади"",""Ёнилғи сарфи анча ортади"",""Автомобилнинг ёнга сирпаниши вужудга келиши мумкин"",""Юргизгич тирсакли вал айланишининг юқори частотасини оширади""}",2,https://postimg.cc/Dmfk0bYv,19-BILET,300,,,,
"Transport vositalariga sidirg'a oq chiziq bilan ajratilgan va ""Belgilangan yo'nalishdagi transport vositalari uchun mo'ljallangan bo'lak"" yo'l belgisi bilan belgilangan yo'lning o'ng bo'lagida to'xtab turishga ruxsat etiladimi?","Транспорт воситаларига сидирға оқ чизиқ билан ажратилган ва ""Белгиланган ёналишдаги транспорт воситалари учун мўлжалланган бўлак"" ёл белгиси билан белгиланган ёлнинг ўнг бўлагида тўхтаб туришга рухсат етиладими?","{""Agar to'xtab turishni taqiqlovchi belgi bo'lmasa, ruxsat etiladi"",""Taqiqlanadi"",""Faqat shu hududdagi korxonaga xizmat qiladigan yoki yaqin o'rtadagi uylarda yashaydigan fuqarolarga qarashli avtomobillarga ruxsat etiladi""}","{""Агар тўхтаб туришни тақиқловчи белги бўлмаса, рухсат етилади"",""Тақиқланади"",""Фақат шу ҳудуддаги корхонага хизмат қиладиган ёки яқин ўртадаги уйларда яшайдиган фуқароларга қарашли автомобилларга рухсат етилади""}",1,https://postimg.cc/Dmfk0bYv,19-BILET,300,,,,
Bu belgi o'rnatilgan yo'lda kajavali motosiklni shatakka olishga ruxsat etiladimi?,Бу белги ўрнатилган ёлда кажавали мотосиклни шатакка олишга рухсат етиладими?,"{""Tirkamasi bittadan ortiq bo'lmagan motosiklga ruxsat etiladi"",""Faqat qattiq tirkagichda ruxsat etiladi"",""Taqiqlanadi"",""Sirpanchiqda taqiqlanadi""}","{""Тиркамаси биттадан ортиқ бўлмаган мотосиклга рухсат етилади"",""Фақат қаттиқ тиркагичда рухсат етилади"",""Тақиқланади"",""Сирпанчиқда тақиқланади""}",2,https://ptest.uz/images/07ef738c-17d0-4029-8533-086f95cdf66f.webp,19-BILET,300,,,,
Yuk avtomobilining qaysi yo'nalishda harakatlanishiga ruxsat etiladi?,Юк автомобилининг қайси ёналишда ҳаракатланишига рухсат етилади?,"{""Faqat o'ngga"",""O'ngga, chapga va qayrilib olishga"",""Faqat chapga""}","{""Фақат ўнгга"",""Ўнгга, чапга ва қайрилиб олишга"",""Фақат чапга""}",1,https://ptest.uz/images/fe71487f-6117-4ade-9926-4b1030fa16e9.webp,19-BILET,300,,,,
Tramvay haydovchisi harakatlanayotganida svetoforning ushbu ishorasiga muvofiq boshqa yo'nalishlardan harakatlanayotgan transport vositalariga yo'l berishi kerakmi?,Трамвай ҳайдовчиси ҳаракатланаётганида светофорнинг ушбу ишорасига мувофиқ бошқа ёналишлардан ҳаракатланаётган транспорт воситаларига ёл бериши керакми?,"{""Kerak"",""Kerak emas""}","{""Керак"",""Керак емас""}",0,https://ptest.uz/images/17e72673-ca5b-49a9-9e73-e9c1c3bb04e9.webp,19-BILET,300,,,,
Transport vositalari chorrahani quyidagi tartibda kesib o'tadilar:,Транспорт воситалари чорраҳани қуйидаги тартибда кесиб ўтадилар:,"{""Engil avtomobil, avtobus, velosiped"",""Avtobus, velosiped, engil avtomobil"",""Avtobus, engil avtomobil, velosiped"",""Velosiped, avtobus, engil avtomobil""}","{""Енгил автомобил, автобус, велосипед"",""Автобус, велосипед, енгил автомобил"",""Автобус, енгил автомобил, велосипед"",""Велосипед, автобус, енгил автомобил""}",3,https://ptest.uz/images/fa0c7b5c-2775-47b8-9fb9-789242744b4c.webp,19-BILET,300,,,,
"Qanday holatlarda tashilayotgan yuk ishora taxtachalari yoki bayroqchalar bilan, kunning qorong'i vaqtida, etarli ko'rinmaydigan sharoitlarda esa yorug'lik qaytargich yoki chiroqlar bilan belgilanadi?","Қандай ҳолатларда ташилаётган юк ишора тахтачалари ёки байроқчалар билан, куннинг қоронги вақтида, етарли кўринмайдиган шароитларда еса ёруғлик қайтаргич ёки чироқлар билан белгиланади?","{""Yuk transport vositasining o'lchamidan oldinda yoki orqada 1 m dan ko'p chiqib qolganda"",""Yuk transport vositasining o'lchamidan orqada 0,8 m chiqib qolganda""}","{""Юк транспорт воситасининг ўлчамидан олдинда ёки орқада 1 м дан кўп чиқиб қолганда"",""Юк транспорт воситасининг ўлчамидан орқада 0,8 м чиқиб қолганда""}",0,https://postimg.cc/Dmfk0bYv,19-BILET,300,,,,
Bunday yo'l belgisi o'rnatilgan yo'l qismlarida motosikllarga qanday yuqori tezlik bilan harakatlanishga ruxsat etiladi?,Бундай ёл белгиси ўрнатилган ёл қисмларида мотосиклларга қандай юқори тезлик билан ҳаракатланишга рухсат етилади?,"{""60 km/s"",""70 km/s"",""80 km/s"",""90 km/s"",""100 km/s""}","{""60 км/с"",""70 км/с"",""80 км/с"",""90 км/с"",""100 км/с""}",2,https://ptest.uz/images/66e88d8b-5de3-40e6-a1da-f8d2cbea40d9.webp,19-BILET,300,,,,
Qaysi transport vositalarining haydovchilari to'xtab turish qoidasini buzdilar?,Қайси транспорт воситаларининг ҳайдовчилари тўхтаб туриш қоидасини буздилар?,"{""Engil avtomobilining haydovchisi"",""Yuk avtomobilining haydovchisi"",""Har ikki haydovchi""}","{""Енгил автомобилининг ҳайдовчиси"",""Юк автомобилининг ҳайдовчиси"",""Ҳар икки ҳайдовчи""}",2,https://ptest.uz/images/73f3d91f-25a1-464e-8f64-02dbfa1342a3.webp,19-BILET,300,,,,
Temir yo'l kesishmasi oldida to'xtagandan keyin harakatni boshlashdan oldin haydovchi:,Темир ёл кесишмаси олдида тўхтагандан кейин ҳаракатни бошлашдан олдин ҳайдовчи:,"{""Harakat xavfsizligini taminlovchi tezlik bilan kesishma orqali harakatni boshlashi kerak"",""Birinchi uzatmada kesishmadan o'tishi kerak"",""Yaqinlashib kelayotgan poezdning yo'qligiga ishonch hosil qilishi kerak""}","{""Ҳаракат хавфсизлигини таминловчи тезлик билан кесишма орқали ҳаракатни бошлаши керак"",""Биринчи узатмада кесишмадан ўтиши керак"",""Яқинлашиб келаётган поезднинг ёқлигига ишонч ҳосил қилиши керак""}",2,https://postimg.cc/Dmfk0bYv,19-BILET,300,,,,
Rasmda ko'rsatilgan holatda qizil avtomobilning haydovchisi qanday yo'l tutishi kerak?,Расмда кўрсатилган ҳолатда қизил автомобилнинг ҳайдовчиси қандай ёл тутиши керак?,"{""Svetoforning ruxsat ishorasini kutishi va to'g'riga o'tishi"",""O'ngga burilish ishorasini yoqishi va o'ngga burilishi"",""Chapga burilish ishorasini yoqishi va o'ng qatorni bo'shatishi""}","{""Светофорнинг рухсат ишорасини кутиши ва тўғрига ўтиши"",""Ўнгга бурилиш ишорасини ёқиши ва ўнгга бурилиши"",""Чапга бурилиш ишорасини ёқиши ва ўнг қаторни бўшатиши""}",1,https://ptest.uz/images/2df6083e-1983-410a-8a60-bea3f0f17755.webp,19-BILET,300,,,,
Qaysi transport vositasining haydovchisi yo'l berishi kerak?,Қайси транспорт воситасининг ҳайдовчиси ёл бериши керак?,"{""Tramvay haydovchisi"",""Yuk avtomobilining haydovchisi"",""Har ikki avtomobilning haydovchisi""}","{""Трамвай ҳайдовчиси"",""Юк автомобилининг ҳайдовчиси"",""Ҳар икки автомобилнинг ҳайдовчиси""}",2,https://ptest.uz/images/d49eb97b-9f5c-40f3-b42f-35aa56bd1779.webp,19-BILET,300,,,,
Qaysi joylarda orqa bilan harakatlanish taqiqlanadi?,Қайси жойларда орқа билан ҳаракатланиш тақиқланади?,"{""Chorrahalarda, piyodalar o'tish joylarida"",""Ko'priklarda, osma yo'llarda, estakadalarda va ularning ostida"",""Avtomagistrallarda"",""Sanab o'tilgan barcha joylarda""}","{""Чорраҳаларда, пиёдалар ўтиш жойларида"",""Кўприкларда, осма ёлларда, естакадаларда ва уларнинг остида"",""Автомагистралларда"",""Санаб ўтилган барча жойларда""}",3,https://postimg.cc/Dmfk0bYv,19-BILET,300,,,,
Bu yotiq chiziq nimani bildiradi?,Бу ётиқ чизиқ нимани билдиради?,"{""Mazkur yo'nalishda harakatlanish bo'lagi soni kamaya borib, qatnov qismining torayishini"",""Kesib o'tiladigan yo'l bo'ylab harakatlanayotgan transport vositasiga yo'l berar ekan, haydovchi zarur holda qaerda to'xtashi kerak bo'lgan joyni"",""To'xtash taqiqlangan joyga yaqinlashilganini""}","{""Мазкур ёналишда ҳаракатланиш бўлаги сони камая бориб, қатнов қисмининг торайишини"",""Кесиб ўтиладиган ёл бўйлаб ҳаракатланаётган транспорт воситасига ёл берар екан, ҳайдовчи зарур ҳолда қаерда тўхташи керак бўлган жойни"",""Тўхташ тақиқланган жойга яқинлашилганини""}",1,https://ptest.uz/images/2c86a61c-23a3-4177-b1c0-a7426417cc8b.webp,19-BILET,300,,,,
"""Avtomagistral"" belgisi bilan belgilangan yo'lda piyodalarning harakatlanishiga ruxsat etiladimi?","""Автомагистрал"" белгиси билан белгиланган ёлда пиёдаларнинг ҳаракатланишига рухсат етиладими?","{""Taqiqlanadi"",""Transport vositalarining harakatlanishiga qarama-qarshi faqat aholi yashaydigan joylardan tashqarida yurishga ruxsat etiladi"",""Transport vositalarining harakatlanishi bo'ylab faqat aholi yashaydigan joylardan tashqarida yurishga ruxsat etiladi""}","{""Тақиқланади"",""Транспорт воситаларининг ҳаракатланишига қарама-қарши фақат аҳоли яшайдиган жойлардан ташқарида юришга рухсат етилади"",""Транспорт воситаларининг ҳаракатланиши бўйлаб фақат аҳоли яшайдиган жойлардан ташқарида юришга рухсат етилади""}",0,https://postimg.cc/Dmfk0bYv,19-BILET,300,,,,
Bu yotiq chiziq bildiradi:,Бу ётиқ чизиқ билдиради:,"{""Ko'rsatilgan yo'nalishlarda harakatlanishni taqiqlaydi"",""Chorrahada bo'laklar bo'ylab ruxsat etilgan harakat yo'nalishlarini ko'rsatadi"",""Harakat barcha yo'nalishlarda ruxsat etilgan yo'llarning kesishmasiga yaqinlashganini""}","{""Кўрсатилган ёналишларда ҳаракатланишни тақиқлайди"",""Чорраҳада бўлаклар бўйлаб рухсат етилган ҳаракат ёналишларини кўрсатади"",""Ҳаракат барча ёналишларда рухсат етилган ёлларнинг кесишмасига яқинлашганини""}",1,https://ptest.uz/images/b8d3f644-929b-4a01-be7a-57e5aff22df8.webp,19-BILET,300,,,,
Svetoforning bu ishorasida qaysi transport vositasining harakatlanishiga ruxsat etilgan?,Светофорнинг бу ишорасида қайси транспорт воситасининг ҳаракатланишига рухсат етилган?,"{""Tramvay, sariq va qizil avtomobilga"",""Sariq va qizil avtomobillarga"",""Barcha transport vositalariga""}","{""Трамвай, сариқ ва қизил автомобилга"",""Сариқ ва қизил автомобилларга"",""Барча транспорт воситаларига""}",1,https://ptest.uz/images/0917c503-e87d-4cd5-ab6f-0c6b87dcabbe.webp,20-BILET,300,,,,
Qaysi belgi ro'paradan harakatlanayotgan transport vositalariga yo'l berishni talab qiladi?,Қайси белги рўпарадан ҳаракатланаётган транспорт воситаларига ёл беришни талаб қилади?,"{""1"",""2"",""3"",""4"",""5""}","{""1"",""2"",""3"",""4"",""5""}",1,https://ptest.uz/images/39d7835c-ea97-4cc0-823c-b924a1e5bd6a.webp,20-BILET,300,,,,
Qizil avtomobil chorrahani nechanchi bo'lib kesib o'tadi?,Қизил автомобил чорраҳани нечанчи бўлиб кесиб ўтади?,"{""Birinchi bo'lib"",""Ikkinchi bo'lib"",""Uchinchi bo'lib"",""Oxirgi bo'lib""}","{""Биринчи бўлиб"",""Иккинчи бўлиб"",""Учинчи бўлиб"",""Охирги бўлиб""}",3,https://ptest.uz/images/124bc0c4-df43-468d-8b60-bd45f0fb59be.webp,20-BILET,300,,,,
Transport vositasi ushbu taniqlik belgisi bilan belgilanadi:,Транспорт воситаси ушбу таниқлик белгиси билан белгиланади:,"{""Nogiron boshqarayotgan"",""Og'ir vaznli va yirik o'lchamda"",""Xavfli yuklar tashiyotgan"",""Kar-soqov yoki kar haydovchilar boshqarayotgan""}","{""Ногирон бошқараётган"",""Оғир вазнли ва йирик ўлчамда"",""Хавфли юклар ташиётган"",""Кар-соқов ёки кар ҳайдовчилар бошқараётган""}",2,https://ptest.uz/images/f6e60897-7952-4a85-8149-c2c9562e351e.webp,20-BILET,300,,,,
Ko'rsatilgan vaziyatda haydovchi qanday yo'l tutishi kerak?,Кўрсатилган вазиятда ҳайдовчи қандай ёл тутиши керак?,"{""Piyodalarga mazkur yo'nalishning qatnov qismidan butunlay o'tib olishlariga imkon berishi"",""Yo'l-transport falokati oldini olish uchun tovush ishora berishi va asosiy yo'lda bo'lgani sababli piyodalarga yo'l bermay o'tish joyidan o'tishi""}","{""Пиёдаларга мазкур ёналишнинг қатнов қисмидан бутунлай ўтиб олишларига имкон бериши"",""Ёл-транспорт фалокати олдини олиш учун товуш ишора бериши ва асосий ёлда бўлгани сабабли пиёдаларга ёл бермай ўтиш жойидан ўтиши""}",0,https://ptest.uz/images/1842f4c7-c855-4730-9127-45c7a5423a9a.webp,20-BILET,300,,,,
Transport vositalari ushbu taniqli belgilari bilan belgilanadi:,Транспорт воситалари ушбу таниқли белгилари билан белгиланади:,"{""Kar yoki kar-soqov haydovchilar boshqarayotgan"",""Nogiron boshqarayotgan"",""Xavfli yuklar tashiyotgan""}","{""Кар ёки кар-соқов ҳайдовчилар бошқараётган"",""Ногирон бошқараётган"",""Хавфли юклар ташиётган""}",1,https://ptest.uz/images/032cd6c0-d283-40c6-8d36-363e0293fffc.webp,20-BILET,300,,,,
Qaysi transport vositasining haydovchisi to'xtab turish qoidasini buzdi?,Қайси транспорт воситасининг ҳайдовчиси тўхтаб туриш қоидасини бузди?,"{""Ko'k avtomobilning haydovchisi"",""Qizil avtomobilning haydovchisi"",""Har ikki haydovchi buzdi"",""Har ikki haydovchi ham buzmadi""}","{""Кўк автомобилнинг ҳайдовчиси"",""Қизил автомобилнинг ҳайдовчиси"",""Ҳар икки ҳайдовчи бузди"",""Ҳар икки ҳайдовчи ҳам бузмади""}",2,https://ptest.uz/images/7a8b419a-db16-4b5c-b836-e8607c866c1c.webp,20-BILET,300,,,,
Ko'k avtomobil chorrahani nechanchi bo'lib kesib o'tadi?,Кўк автомобил чорраҳани нечанчи бўлиб кесиб ўтади?,"{""Birinchi bo'lib"",""Ikkinchi bo'lib"",""Uchinchi bo'lib"",""Oxirgi bo'lib""}","{""Биринчи бўлиб"",""Иккинчи бўлиб"",""Учинчи бўлиб"",""Охирги бўлиб""}",3,https://ptest.uz/images/5cece36a-0f5a-4535-958e-81e1a9ad0ad9.webp,20-BILET,300,,,,
Qaysi transport vositasining haydovchisi birinchi bo'lib harakatlanish huquqiga ega?,Қайси транспорт воситасининг ҳайдовчиси биринчи бўлиб ҳаракатланиш ҳуқуқига ега?,"{""Avtomobil haydovchisi"",""Velosiped haydovchisi""}","{""Автомобил ҳайдовчиси"",""Велосипед ҳайдовчиси""}",1,https://ptest.uz/images/34b9101f-0e1f-4a1a-80da-7c419c0e48e2.webp,20-BILET,300,,,,
Yotiq chiziqlarning sidirg'a chizig'ini bosib o'tishga ruxsat etiladimi?,Ётиқ чизиқларнинг сидирға чизиғини босиб ўтишга рухсат етиладими?,"{""Agar u haydovchining o'ng tomonida bo'lsa ruxsat etiladi"",""Faqat shunday holda ruxsat etiladiki, agar chiziq yo'l qatnov qismining chetlarini bildirsa"",""Chiziq bir yo'nalishdagi harakat bo'laklarining chegarasini bildirganda faqat manyovr qilishda ruxsat etiladi""}","{""Агар у ҳайдовчининг ўнг томонида бўлса рухсат етилади"",""Фақат шундай ҳолда рухсат етиладики, агар чизиқ ёл қатнов қисмининг четларини билдирса"",""Чизиқ бир ёналишдаги ҳаракат бўлакларининг чегарасини билдирганда фақат манёвр қилишда рухсат етилади""}",1,https://postimg.cc/Dmfk0bYv,20-BILET,300,,,,
Reversiv svetoforlar bo'lmaganda yoki ular o'chirib qo'yilganda ikkitali uzuq-uzuq chiziqni kesib o'tishga ruxsat etiladimi?,Реверсив светофорлар бўлмаганда ёки улар ўчириб қўйилганда иккитали узуқ-узуқ чизиқни кесиб ўтишга рухсат етиладими?,"{""Agar u haydovchining chap tomonida bo'lsa ruxsat etiladi"",""Agar u haydovchining o'ng tomonida bo'lsa ruxsat etiladi"",""Istalgan tomondan ruxsat etiladi"",""Taqiqlanadi""}","{""Агар у ҳайдовчининг чап томонида бўлса рухсат етилади"",""Агар у ҳайдовчининг ўнг томонида бўлса рухсат етилади"",""Исталган томондан рухсат етилади"",""Тақиқланади""}",1,https://ptest.uz/images/daad280a-7b5f-4acf-8c54-6ac13280b0fe.webp,20-BILET,300,,,,
Ko'rsatilgan vaziyatda engil avtomobilning haydovchisi qanday yo'l tutishi kerak?,Кўрсатилган вазиятда енгил автомобилнинг ҳайдовчиси қандай ёл тутиши керак?,"{""Transport vositalariga to'sqinlik qilmasligi uchun burilishni tezroq tugallashi"",""Hovlidan chiqishda piyodani va transport vositalarini o'tkazib yuborishi"",""Transport vositalariga yo'l berish, qatnov qismi chetida to'xtashi""}","{""Транспорт воситаларига тўсқинлик қилмаслиги учун бурилишни тезроқ тугаллаши"",""Ҳовлидан чиқишда пиёдани ва транспорт воситаларини ўтказиб юбориши"",""Транспорт воситаларига ёл бериш, қатнов қисми четида тўхташи""}",1,https://ptest.uz/images/16bb36a8-fff5-4f99-bd39-40bb5acbd5c3.webp,20-BILET,300,,,,
"Chuqur kechuvdan o'tgach, haydovchi nima qilishi shart?","Чуқур кечувдан ўтгач, ҳайдовчи нима қилиши шарт?","{""Tezlanish bilan yuqoriroq uzatmalarda harakatlanishga"",""Qisqa masofa oralig'ida tormoz tepkisini bir necha bor bosib tormoz mexanizmi friksion ustqoplamalarini quritishi""}","{""Тезланиш билан юқорироқ узатмаларда ҳаракатланишга"",""Қисқа масофа оралиғида тормоз тепкисини бир неча бор босиб тормоз механизми фриксион устқопламаларини қуритиши""}",1,https://postimg.cc/Dmfk0bYv,20-BILET,300,,,,
Ushbu belgi sanab o'tilgan yuk avtomobillarining qaysilariga harakatni davom ettirishni taqiqlamaydi?,Ушбу белги санаб ўтилган юк автомобилларининг қайсиларига ҳаракатни давом еттиришни тақиқламайди?,"{""Yuk ko'tarish 3,5 t dan ortiq bo'lgan avtomobillarga"",""Ruxsat etilgan to'la vazni 3,5 t dan ortiq bo'lgan avtomobillarga"",""Xavfli yuk tashiyotgan avtomobillarga"",""Yukxonasiga qiya oq chiziq tortilgan yuk avtomobillariga""}","{""Юк кўтариш 3,5 т дан ортиқ бўлган автомобилларга"",""Рухсат етилган тўла вазни 3,5 т дан ортиқ бўлган автомобилларга"",""Хавфли юк ташиётган автомобилларга"",""Юкхонасига қия оқ чизиқ тортилган юк автомобилларига""}",3,https://ptest.uz/images/a2a6ebcc-7cff-4155-9854-6475fbf65d78.webp,20-BILET,300,,,,
"Agar piyodalar o'tish joyida tirbandlik vujudga kelib, haydovchini piyodalar o'tish joyida to'xtashga majbur qilsa, haydovchi majbur:","Агар пиёдалар ўтиш жойида тирбандлик вужудга келиб, ҳайдовчини пиёдалар ўтиш жойида тўхташга мажбур қилса, ҳайдовчи мажбур:","{""To'xtashga va piyodalar o'tish joyiga o'tmaslikka, chunki bu piyodalarning harakati uchun to'sqinlik qiladi"",""Piyodalar o'tish joyi oldidan 15 m. berida to'xtashga"",""Oldinda turgan transport vositasidan zarur masofa saqlangan holda piyodalar o'tish joyida to'xtashga"",""Piyodalar o'tish joyi oldidan 5 m. berida to'xtashga""}","{""Тўхташга ва пиёдалар ўтиш жойига ўтмасликка, чунки бу пиёдаларнинг ҳаракати учун тўсқинлик қилади"",""Пиёдалар ўтиш жойи олдидан 15 м. берида тўхташга"",""Олдинда турган транспорт воситасидан зарур масофа сақланган ҳолда пиёдалар ўтиш жойида тўхташга"",""Пиёдалар ўтиш жойи олдидан 5 м. берида тўхташга""}",0,https://postimg.cc/Dmfk0bYv,20-BILET,300,,,,
Aholi punktlarida avtobus yoki trolleybus haydovchisi harakatni bekatdan boshlaydi. U:,Аҳоли пунктларида автобус ёки троллейбус ҳайдовчиси ҳаракатни бекатдан бошлайди. У:,"{""Uni aylanib o'tayotgan transport vositasiga yo'l berishi kerak"",""Imtiyozidan fo ydalanib, belgilangan yo'nalishda harakatni boshlashi kerak"",""Unga yo'l berilganligiga ishonch hosil qilgach harakatni boshlashi kerak""}","{""Уни айланиб ўтаётган транспорт воситасига ёл бериши керак"",""Имтиёзидан фо йдаланиб, белгиланган ёналишда ҳаракатни бошлаши керак"",""Унга ёл берилганлигига ишонч ҳосил қилгач ҳаракатни бошлаши керак""}",2,https://postimg.cc/Dmfk0bYv,20-BILET,300,,,,
Navbatchining haydovchiga qaratilgan qaysi holati temir yo'l kesishmasi orqali harakatlanishni taqiqlovchi ishora hisoblanadi?,Навбатчининг ҳайдовчига қаратилган қайси ҳолати темир ёл кесишмаси орқали ҳаракатланишни тақиқловчи ишора ҳисобланади?,"{""Haydovchiga chap yoki o'ng elkasini o'girib, tayoqchani (qizil bayroqni) boshidan yuqori ko'tarib turish"",""Ko'kragini yoki orqasini o'girib, tayoqchani (qizil bayroqni) boshidan yuqori ko'tarib turishi yoki qo'llarini yoniga uzatib turishi"",""Istalgan elkasi yoki ko'kragini o'girib, tayoqchani (qizil bayroqni) boshidan yuqori ko'tarib turishi""}","{""Ҳайдовчига чап ёки ўнг елкасини ўгириб, таёқчани (қизил байроқни) бошидан юқори кўтариб туриш"",""Кўкрагини ёки орқасини ўгириб, таёқчани (қизил байроқни) бошидан юқори кўтариб туриши ёки қўлларини ёнига узатиб туриши"",""Исталган елкаси ёки кўкрагини ўгириб, таёқчани (қизил байроқни) бошидан юқори кўтариб туриши""}",1,https://postimg.cc/Dmfk0bYv,20-BILET,300,,,,
Bu joyda quvib o'tishga ruxsat etiladimi?,Бу жойда қувиб ўтишга рухсат етиладими?,"{""Ruxsat etiladi"",""Taqiqlanadi"",""Aholi punktlaridan tashqaridagi yo'llarda ruxsat etiladi"",""Faqat aholi punktlaridan tashqaridagi yo'llarda taqiqlanadi""}","{""Рухсат етилади"",""Тақиқланади"",""Аҳоли пунктларидан ташқаридаги ёлларда рухсат етилади"",""Фақат аҳоли пунктларидан ташқаридаги ёлларда тақиқланади""}",1,https://ptest.uz/images/f33f0e6b-5d70-4d44-95d8-63ebdc150d36.webp,20-BILET,300,,,,
Sirpanchiq yo'lda tormozlardan qanday foydalanish kerak?,Сирпанчиқ ёлда тормозлардан қандай фойдаланиш керак?,"{""Ulagichni ajratmay turib sekin tormoz berishi va boshqaruv rulining keskin burilishiga yo'l qo'ymasligi"",""Ulagichni ajratish va sekin tormoz berishi"",""Tormoz tepkisini uzuq-uzuq bosish bilan keskin tormoz berishi""}","{""Улагични ажратмай туриб секин тормоз бериши ва бошқарув рулининг кескин бурилишига ёл қўймаслиги"",""Улагични ажратиш ва секин тормоз бериши"",""Тормоз тепкисини узуқ-узуқ босиш билан кескин тормоз бериши""}",0,https://postimg.cc/Dmfk0bYv,20-BILET,300,,,,
Piyodalar o'tish joyidan tashqarida yulning qatnov qismidan ajratuvchi bo'lak bo'lganda piyodalarning o'tishlariga ruxsat etiladimi?,Пиёдалар ўтиш жойидан ташқарида юлнинг қатнов қисмидан ажратувчи бўлак бўлганда пиёдаларнинг ўтишларига рухсат етиладими?,"{""Yo'lning har ikki tomoni ko'rinadigan joylarda ruxsat etiladi"",""Faqat aholi punktlaridan tashqarida ruxsat etiladi"",""Faqat aholi pu nktlarida ruxsat etiladi"",""Taqiqlanadi""}","{""Ёлнинг ҳар икки томони кўринадиган жойларда рухсат етилади"",""Фақат аҳоли пунктларидан ташқарида рухсат етилади"",""Фақат аҳоли пу нктларида рухсат етилади"",""Тақиқланади""}",3,https://postimg.cc/Dmfk0bYv,20-BILET,300,,,,
Svetoforning bu ishorasida qaysi transport vositasining harakatlanishiga ruxsat etilgan?,Светофорнинг бу ишорасида қайси транспорт воситасининг ҳаракатланишига рухсат етилган?,"{""Tramvay, sariq va qizil avtomobilga"",""Sariq va qizil avtomobillarga"",""Barcha transport vositalariga""}","{""Трамвай, сариқ ва қизил автомобилга"",""Сариқ ва қизил автомобилларга"",""Барча транспорт воситаларига""}",1,https://ptest.uz/images/0917c503-e87d-4cd5-ab6f-0c6b87dcabbe.webp,20-BILET,300,,,,
Haydovchi qanday holda bu belgining talablarini to'g'ri bajaradi?,Ҳайдовчи қандай ҳолда бу белгининг талабларини тўғри бажаради?,"{""Kesishadigan yo'l bo'ylab harakat qilayotgan mexanik transport vositalariga yo'l beradi"",""Kesishadigan yo'l bo'ylab harakat qilayotgan transport vositalariga yo'l beradi""}","{""Кесишадиган ёл бўйлаб ҳаракат қилаётган механик транспорт воситаларига ёл беради"",""Кесишадиган ёл бўйлаб ҳаракат қилаётган транспорт воситаларига ёл беради""}",1,https://ptest.uz/images/3732ba1f-208b-4336-86ac-b5bfcd6ad3f8.webp,21-BILET,300,,,,
"Avtopoezdni shu vaziyatda, agar u 40 km/s, dan kam tezlik bilan harakat qilayotgan bo'lsa, quvib o'tishga ruxsat etiladimi?","Автопоездни шу вазиятда, агар у 40 км/с, дан кам тезлик билан ҳаракат қилаётган бўлса, қувиб ўтишга рухсат етиладими?","{""Taqiqlanadi"",""Ruxsat etiladi""}","{""Тақиқланади"",""Рухсат етилади""}",0,https://ptest.uz/images/00541196-4363-44a2-b90f-63656072bd46.webp,21-BILET,300,,,,
"Ikki tomonlama harakatli yo'lda uchta bo'lak bor, siz o'ngga burilishingiz zarur. Siz ushbu manyovrni qaysi bo'lakdan amalga oshirasiz?","Икки томонлама ҳаракатли ёлда учта бўлак бор, сиз ўнгга бурилишингиз зарур. Сиз ушбу манёврни қайси бўлакдан амалга оширасиз?","{""O'ng bo'lakdan"",""O'rta bo'lakdan"",""O'ng yoki o'rta bo'lakdan"",""O'rta bo'lakdan, lekin faqat o'ng bo'lak band bo'lgan vaqtda""}","{""Ўнг бўлакдан"",""Ўрта бўлакдан"",""Ўнг ёки ўрта бўлакдан"",""Ўрта бўлакдан, лекин фақат ўнг бўлак банд бўлган вақтда""}",0,https://postimg.cc/Dmfk0bYv,21-BILET,300,,,,
Qaysi transport vositasining haydovchisi yo'l berishi kerak?,Қайси транспорт воситасининг ҳайдовчиси ёл бериши керак?,"{""Ko'k avtomobilning haydovchisi"",""Qizil avtomobilning haydovchisi""}","{""Кўк автомобилнинг ҳайдовчиси"",""Қизил автомобилнинг ҳайдовчиси""}",0,https://ptest.uz/images/18cc427e-716e-4e0f-a6f4-9f20c907890e.webp,21-BILET,300,,,,
Jarohatdan behushlanganda birinchi tibbiy yordamni qanday ko'rsatish kerak?,Жароҳатдан беҳушланганда биринчи тиббий ёрдамни қандай кўрсатиш керак?,"{""Kiyim-boshni echish yoki bo'shatish, toza havo kelishini taminlash. Nashatir spirti hidlatish. Yuzga sovuq suv sepish. Peshonaga va gardanga iliq malhamlar qo'yish"",""Mutloq tinch qo'yish. Boshni tushirish, oyoqlarni ko'tarish, badanni isitish. Qaynoq ichimlik (choy va shu kabilar) berish. Bog'langan jgutni shifokorsiz echmaslik va bo'shatmaslik""}","{""Кийим-бошни ечиш ёки бўшатиш, тоза ҳаво келишини таминлаш. Нашатир спирти ҳидлатиш. Юзга совуқ сув сепиш. Пешонага ва гарданга илиқ малҳамлар қўйиш"",""Мутлоқ тинч қўйиш. Бошни тушириш, оёқларни кўтариш, баданни иситиш. Қайноқ ичимлик (чой ва шу кабилар) бериш. Боғланган жгутни шифокорсиз ечмаслик ва бўшатмаслик""}",1,https://postimg.cc/Dmfk0bYv,21-BILET,300,,,,
Oq chiziq bilan belgilangan orolchaga kirishga ruxsat etiladimi?,Оқ чизиқ билан белгиланган оролчага киришга рухсат етиладими?,"{""Faqat to'xtash uchun ruxsat etiladi"",""Orqa bilan harakat qilganda ruxsat etiladi"",""Taqiqlanadi""}","{""Фақат тўхташ учун рухсат етилади"",""Орқа билан ҳаракат қилганда рухсат етилади"",""Тақиқланади""}",2,https://ptest.uz/images/a7d04f41-709f-46ca-8fc4-b7e8211dd9ad.webp,21-BILET,300,,,,
Relssiz transport vositalarining harakatlanishi uchun bo'laklar soni qanday aniqlanadi?,Релссиз транспорт воситаларининг ҳаракатланиши учун бўлаклар сони қандай аниқланади?,"{""Yo'l yotiq chizig'i bilan"",""Bo'laklar bo'yicha harakatlanish yo'nalishi yoki \""????? ?????? ???????????? ????????\"" yo'l belgilari bilan"",""Haydovchining o'zi tomonidan qatnov qismining kengligini, transport vositalarining o'lchamlarini va ular o'rtasidagi zarur yonlama oraliq masofani hisobga olib"",""Barcha sanab o'tilgan usullar bilan""}","{""Ёл ётиқ чизиғи билан"",""Бўлаклар бўйича ҳаракатланиш ёналиши ёки \""????? ?????? ???????????? ????????\"" ёл белгилари билан"",""Ҳайдовчининг ўзи томонидан қатнов қисмининг кенглигини, транспорт воситаларининг ўлчамларини ва улар ўртасидаги зарур ёнлама оралиқ масофани ҳисобга олиб"",""Барча санаб ўтилган усуллар билан""}",3,https://postimg.cc/Dmfk0bYv,21-BILET,300,,,,
Harakatlanish kimga ruxsat etilgan?,Ҳаракатланиш кимга рухсат етилган?,"{""Yuk avtomobili va motosiklga"",""Barcha transport vositalariga"",""Tramvayga va engil avtomobilga"",""Engil va yuk avtomobiliga, motosiklga""}","{""Юк автомобили ва мотосиклга"",""Барча транспорт воситаларига"",""Трамвайга ва енгил автомобилга"",""Енгил ва юк автомобилига, мотосиклга""}",0,https://postimg.cc/Dmfk0bYv,21-BILET,300,,,,
Haydovchi qaysi rasmda qoidalar talablarini buzmay turib manyovr qildi?,Ҳайдовчи қайси расмда қоидалар талабларини бузмай туриб манёвр қилди?,"{""1"",""2"",""3""}","{""1"",""2"",""3""}",0,https://ptest.uz/images/a544d057-16cd-4b5e-9a90-55c073aecee6.webp,21-BILET,300,,,,
"Kunning qorong'i vaqtida va etarlicha ko'rinmaydigan sharoitlarda yo'lda qoldirilgan yo'l mashinalari, qurilish materiallari, qurilmalar va hokazolar belgilanishi kerak:","Куннинг қоронги вақтида ва етарлича кўринмайдиган шароитларда ёлда қолдирилган ёл машиналари, қурилиш материаллари, қурилмалар ва ҳоказолар белгиланиши керак:","{""Tegishli yo'l belgilari bilan"",""Yo'naltiruvchi va tevaragini o'rovchi moslamalar bilan"",""Qizil yoki sariq yoritkich chiroqlari bilan"",""Barcha sanab o'tilgan hollar bajarilishi kerak""}","{""Тегишли ёл белгилари билан"",""Ёналтирувчи ва теварагини ўровчи мосламалар билан"",""Қизил ёки сариқ ёриткич чироқлари билан"",""Барча санаб ўтилган ҳоллар бажарилиши керак""}",3,https://postimg.cc/Dmfk0bYv,21-BILET,300,,,,
Transport vositalari chorrahani quyidagi tartibda kesib o'tadilar:,Транспорт воситалари чорраҳани қуйидаги тартибда кесиб ўтадилар:,"{""Tramvay, avtomobil va avtobus bir vaqtda"",""Tramvay, avtobus, avtomobil"",""Avtobus, tramvay, avtomobil""}","{""Трамвай, автомобил ва автобус бир вақтда"",""Трамвай, автобус, автомобил"",""Автобус, трамвай, автомобил""}",0,https://ptest.uz/images/cdcab0dd-3192-4088-ab4a-22513f9bce82.webp,21-BILET,300,,,,
Qaysi transport vositasining haydovchisi qayrilishni to'g'ri bajaradi?,Қайси транспорт воситасининг ҳайдовчиси қайрилишни тўғри бажаради?,"{""Ko'k avtomobilning haydovchisi"",""Qizil avtomobilning haydovchisi"",""Har ikki haydovchi""}","{""Кўк автомобилнинг ҳайдовчиси"",""Қизил автомобилнинг ҳайдовчиси"",""Ҳар икки ҳайдовчи""}",2,https://ptest.uz/images/440c5991-c4e3-40ec-bcd9-7113ba8170f6.webp,21-BILET,300,,,,
Ko'rsatilgan belgilardan qay biri avtopoezdni bildirish uchun o'rnatiladi?,Кўрсатилган белгилардан қай бири автопоездни билдириш учун ўрнатилади?,"{""Chap belgi"",""O'ng belgi"",""Har ikki belgi""}","{""Чап белги"",""Ўнг белги"",""Ҳар икки белги""}",2,https://ptest.uz/images/b71c7f62-519f-43fd-a4fb-6a9b8243b9bb.webp,21-BILET,300,,,,
Qaysi avtomobil to'xtash qoidasini buzdi?,Қайси автомобил тўхташ қоидасини бузди?,"{""Yashil avtomobil"",""Har ikkisi buzdi"",""Har ikkisi ham buzmadi""}","{""Яшил автомобил"",""Ҳар иккиси бузди"",""Ҳар иккиси ҳам бузмади""}",1,https://ptest.uz/images/ed398a24-6d2a-4c72-b81c-7000c45b8500.webp,21-BILET,300,,,,
"Agar yo'l bo'lagi sidirg'a chiziq bilan ajratilib, belgi bilan belgilangan bo'lsa, avtobus haydovchisining bo'lak bo'ylab harakatlanishiga ruxsat etiladimi?","Агар ёл бўлаги сидирға чизиқ билан ажратилиб, белги билан белгиланган бўлса, автобус ҳайдовчисининг бўлак бўйлаб ҳаракатланишига рухсат етиладими?","{""Ruxsat etiladi"",""Taqiqlanadi"",""Agar avtobus belgilangan yo'nalish bo'yicha harakatlansa, ruxsat etiladi""}","{""Рухсат етилади"",""Тақиқланади"",""Агар автобус белгиланган ёналиш бўйича ҳаракатланса, рухсат етилади""}",2,https://ptest.uz/images/4e5773b0-e84f-49c2-b066-790d85bba0dc.webp,21-BILET,300,,,,
Ko'krak qafasi shikastlangan yaradorni kerakli joyga qanday eltish kerak?,Кўкрак қафаси шикастланган ярадорни керакли жойга қандай елтиш керак?,"{""Yaralangan yoni bilan yotgan yoki yarim o'tirgan holda"",""Sog' yoni bilan yotgan yoki o'tirgan holda"",""Orqasi bilan yoki qorni bilan yotgan holda""}","{""Яраланган ёни билан ётган ёки ярим ўтирган ҳолда"",""Соғ ёни билан ётган ёки ўтирган ҳолда"",""Орқаси билан ёки қорни билан ётган ҳолда""}",0,https://postimg.cc/Dmfk0bYv,21-BILET,300,,,,
Ko'rsatilgan belgilardan qay biri ilgari kiritilgan barcha cheklashlarni bekor qiladi?,Кўрсатилган белгилардан қай бири илгари киритилган барча чеклашларни бекор қилади?,"{""1"",""2"",""3"",""4"",""5""}","{""1"",""2"",""3"",""4"",""5""}",3,https://ptest.uz/images/cfa6ddfb-e0d4-47f0-a00e-7ebe3baa4f37.webp,21-BILET,300,,,,
Avtomobil haydovchisi uni boshqa transport vositalari quvib o'tayotganda qanday harakat qilishi kerak?,Автомобил ҳайдовчиси уни бошқа транспорт воситалари қувиб ўтаётганда қандай ҳаракат қилиши керак?,"{""Harakat bo'lagini o'zgartirmay, o'ng burilish ishorasini berishi"",""Harakat tezligini oshirish yoki boshqa xatti-harakatlar bilan quvib o'tishga to'sqinlik qilmasligi"",""Harakat tezligini kamaytirishi, tovush ishora berishi""}","{""Ҳаракат бўлагини ўзгартирмай, ўнг бурилиш ишорасини бериши"",""Ҳаракат тезлигини ошириш ёки бошқа хатти-ҳаракатлар билан қувиб ўтишга тўсқинлик қилмаслиги"",""Ҳаракат тезлигини камайтириши, товуш ишора бериши""}",1,https://postimg.cc/Dmfk0bYv,21-BILET,300,,,,
Qo'l bilan beriladigan ogohlantiruvchi ishora qoidalarga muvofiq qachon tugallanishi mumkin?,Қўл билан бериладиган огоҳлантирувчи ишора қоидаларга мувофиқ қачон тугалланиши мумкин?,"{""Manyovrni bevosita bajarishdan oldin"",""Manyovr tugagandan so'ng zudlik bilan"",""Manyovr bajarayotgan vaqtda""}","{""Манёврни бевосита бажаришдан олдин"",""Манёвр тугагандан сўнг зудлик билан"",""Манёвр бажараётган вақтда""}",0,https://postimg.cc/Dmfk0bYv,21-BILET,300,,,,
Qish vaqtida orqa etakchi ko'prikli avtomobilda chuqur bo'lib qolgan g'ildirak izidan qanday chiqish mumkin?,Қиш вақтида орқа етакчи кўприкли автомобилда чуқур бўлиб қолган ғилдирак изидан қандай чиқиш мумкин?,"{""Uncha katta bo'lmagan tezliqda chiqish, birinchi galda boshqaruv chambaragini chiqish tomonning ro'parasiga, keyin esa chiqish tomoniga shiddat bilan burish kerak"",""Izdan chiqishni iloji boricha tezroq boshlash, dastlab boshqaruv chambaragini chiqish tomoniga, keyin esa ro'parasiga burish kerak""}","{""Унча катта бўлмаган тезлиқда чиқиш, биринчи галда бошқарув чамбарагини чиқиш томоннинг рўпарасига, кейин еса чиқиш томонига шиддат билан буриш керак"",""Издан чиқишни иложи борича тезроқ бошлаш, дастлаб бошқарув чамбарагини чиқиш томонига, кейин еса рўпарасига буриш керак""}",0,https://postimg.cc/Dmfk0bYv,21-BILET,300,,,,
Haydovchi qanday holda bu belgining talablarini to'g'ri bajaradi?,Ҳайдовчи қандай ҳолда бу белгининг талабларини тўғри бажаради?,"{""Kesishadigan yo'l bo'ylab harakat qilayotgan mexanik transport vositalariga yo'l beradi"",""Kesishadigan yo'l bo'ylab harakat qilayotgan transport vositalariga yo'l beradi""}","{""Кесишадиган ёл бўйлаб ҳаракат қилаётган механик транспорт воситаларига ёл беради"",""Кесишадиган ёл бўйлаб ҳаракат қилаётган транспорт воситаларига ёл беради""}",1,https://ptest.uz/images/3732ba1f-208b-4336-86ac-b5bfcd6ad3f8.webp,21-BILET,300,,,,
Qaysi belgi kesishadigan yo'l bo'ylab harakat qilayotgan transport vositalariga yo'l berish majburiyatini yuklaydi?,Қайси белги кесишадиган ёл бўйлаб ҳаракат қилаётган транспорт воситаларига ёл бериш мажбуриятини юклайди?,"{""1"",""2"",""3"",""4"",""5""}","{""1"",""2"",""3"",""4"",""5""}",3,https://ptest.uz/images/5277d174-31ff-41a8-9697-2330ee2fda26.webp,22-BILET,300,,,,
Manyovr vaqtida haydovchi xar doim ogoxlantiruvchi ishorasi berishi kerakmi?,Манёвр вақтида ҳайдовчи хар доим огохлантирувчи ишораси бериши керакми?,"{""Faqat agar uning orqasida boshqa transport vositasi harakatlanayotgan holda"",""Faqat agar uning transport vositasi burilishini ko'rsatuvchi chiroqlar bilan jihozlangan holda"",""Faqat serqatnov harakatli yo'lda"",""Faqat u harakatning boshqa ishtirokchilarini chalg'itmagan hollarda""}","{""Фақат агар унинг орқасида бошқа транспорт воситаси ҳаракатланаётган ҳолда"",""Фақат агар унинг транспорт воситаси бурилишини кўрсатувчи чироқлар билан жиҳозланган ҳолда"",""Фақат серқатнов ҳаракатли ёлда"",""Фақат у ҳаракатнинг бошқа иштирокчиларини чалғитмаган ҳолларда""}",3,https://postimg.cc/Dmfk0bYv,22-BILET,300,,,,
Chorrahani kesib o'tish navbatini ko'rsating:,Чорраҳани кесиб ўтиш навбатини кўрсатинг:,"{""Ko'k, qizil, ayni vaqtda yashil bilan"",""Qizil, ko'k, yashil"",""Qizil ayni vaqtda yashil bilan, ko'k""}","{""Кўк, қизил, айни вақтда яшил билан"",""Қизил, кўк, яшил"",""Қизил айни вақтда яшил билан, кўк""}",2,https://ptest.uz/images/6616c132-f0cf-42ee-99d7-37861bd5cc2c.webp,22-BILET,300,,,,
"Transport vositasining haydovchisi oldida ""to'xtash chizig'i"" chizilgan va svetoforning yashil yoritkichi yoniq bo'lgan chorrahaga yaqinlashayotib nima qilishi kerak?","Транспорт воситасининг ҳайдовчиси олдида ""тўхташ чизиғи"" чизилган ва светофорнинг яшил ёриткичи ёниқ бўлган чорраҳага яқинлашаётиб нима қилиши керак?","{""\""?????? ??????\""da to'xtashi, so'ng esa harakatni qayta tiklashi"",""To'xtamasdan chorraha orqali harakatni davom ettirishi""}","{""\""?????? ??????\""да тўхташи, сўнг еса ҳаракатни қайта тиклаши"",""Тўхтамасдан чорраҳа орқали ҳаракатни давом еттириши""}",1,https://postimg.cc/Dmfk0bYv,22-BILET,300,,,,
"Ruxsat etilgan to'la vazni 3,5 t dan kam bo'lgan yuk avtomobilining haydovchisiga avtomagistrallarda nima taqiqlangan?","Рухсат етилган тўла вазни 3,5 т дан кам бўлган юк автомобилининг ҳайдовчисига автомагистралларда нима тақиқланган?","{""Uch bo'lakli yo'lning ikkinchi bo'lagida harakatlanish"",""Orqa bilan harakatlanish"",""Mexanik transport vositalarini shatakka olish"",""Barcha sanab o'tilgan harakatlar""}","{""Уч бўлакли ёлнинг иккинчи бўлагида ҳаракатланиш"",""Орқа билан ҳаракатланиш"",""Механик транспорт воситаларини шатакка олиш"",""Барча санаб ўтилган ҳаракатлар""}",1,https://postimg.cc/Dmfk0bYv,22-BILET,300,,,,
Qaysi transport vositasi haydovchisi yo'l berishi kerak?,Қайси транспорт воситаси ҳайдовчиси ёл бериши керак?,"{""Avtomobil haydovchisi"",""Motosikl haydovchisi""}","{""Автомобил ҳайдовчиси"",""Мотосикл ҳайдовчиси""}",1,https://ptest.uz/images/f0b7329e-4325-41e6-9054-b746f36b0e12.webp,22-BILET,300,,,,
Aholi punktlaridan tashqarida yuk avtomobil yukxonasida odamlarni tashishda qanday eng yuqori tezlikda harakatlanishga ruxsat etiladi?,Аҳоли пунктларидан ташқарида юк автомобил юкхонасида одамларни ташишда қандай енг юқори тезликда ҳаракатланишга рухсат етилади?,"{""40 km/s"",""50 km/s"",""60 km/s"",""70 km/s"",""80 km/s""}","{""40 км/с"",""50 км/с"",""60 км/с"",""70 км/с"",""80 км/с""}",2,https://postimg.cc/Dmfk0bYv,22-BILET,300,,,,
Bunday vaziyatda haydovchi nima qilishi kerak?,Бундай вазиятда ҳайдовчи нима қилиши керак?,"{""Oldindan yaqin fara chiroqlarini yoqib va uzluksiz tovush ishorasini berib, eng kam tezlik bilan turgan transport vositasini aylanib o'tishi"",""Qatnov qismidan o'tayotgan bolalarga yo'l berishi"",""Bu yo'l qismidan o'tishi kerak, chunki bolalar qatnov qismini piyodalar o'tish joyidan kesib o'tmayaptilar""}","{""Олдиндан яқин фара чироқларини ёқиб ва узлуксиз товуш ишорасини бериб, енг кам тезлик билан турган транспорт воситасини айланиб ўтиши"",""Қатнов қисмидан ўтаётган болаларга ёл бериши"",""Бу ёл қисмидан ўтиши керак, чунки болалар қатнов қисмини пиёдалар ўтиш жойидан кесиб ўтмаяптилар""}",1,https://ptest.uz/images/3ce87672-16cf-4f85-bb8a-ba3ee5271ebf.webp,22-BILET,300,,,,
Mazkur taniqlik belgisi nimani bildiradi?,Мазкур таниқлик белгиси нимани билдиради?,"{""Oldinda qatnov qismi notekis bo'lgan yo'l qismini"",""Oldinda shu yo'nalishda harakatlanish uchun uch bo'lakli yo'l qismini"",""Mexanik transport vositasida tishli turumlangan (shiplar) shinalar o'rnatilganini""}","{""Олдинда қатнов қисми нотекис бўлган ёл қисмини"",""Олдинда шу ёналишда ҳаракатланиш учун уч бўлакли ёл қисмини"",""Механик транспорт воситасида тишли турумланган (шиплар) шиналар ўрнатилганини""}",2,https://ptest.uz/images/90d8baf5-c067-4546-8efd-c1fd08dc3c08.webp,22-BILET,300,,,,
Avtobus haydovchisiga yo'lovchilarni tushirish uchun to'xtashga ruxsat etiladimi?,Автобус ҳайдовчисига ёловчиларни тушириш учун тўхташга рухсат етиладими?,"{""Taqiqlanadi"",""Ruxsat etiladi""}","{""Тақиқланади"",""Рухсат етилади""}",0,https://ptest.uz/images/971ae0f9-4594-41ec-ab25-46ee30dce6f8.webp,22-BILET,300,,,,
Bu yotiq chiziq nimani bildiradi?,Бу ётиқ чизиқ нимани билдиради?,"{""Piyodalar o'tish joyini"",""Velosiped yo'lkasi qatnov qismini kesib o'tadigan joyni"",""Mol haydaladigan joyni""}","{""Пиёдалар ўтиш жойини"",""Велосипед ёлкаси қатнов қисмини кесиб ўтадиган жойни"",""Мол ҳайдаладиган жойни""}",1,https://ptest.uz/images/9fc9a8e0-55fe-44f3-8984-c982399d9fb8.webp,22-BILET,300,,,,
Qaysi transport vositasi haydovchisi yo'l berishi kerak?,Қайси транспорт воситаси ҳайдовчиси ёл бериши керак?,"{""Avtobusning haydovchisi"",""Yuk tashuvchi avtomobilning haydovchisi""}","{""Автобуснинг ҳайдовчиси"",""Юк ташувчи автомобилнинг ҳайдовчиси""}",1,https://ptest.uz/images/2fe6efa9-b8c0-426e-b132-dcc58e641d85.webp,22-BILET,300,,,,
Qaysi transport vositasining haydovchisi aylanma harakatli kesishmaga to'g'ri chiqadi?,Қайси транспорт воситасининг ҳайдовчиси айланма ҳаракатли кесишмага тўғри чиқади?,"{""Ikki haydovchi"",""Faqat avtobusning haydovchisi"",""Faqat engil avtomobilning haydovchisi""}","{""Икки ҳайдовчи"",""Фақат автобуснинг ҳайдовчиси"",""Фақат енгил автомобилнинг ҳайдовчиси""}",0,https://ptest.uz/images/1b5ee07c-3ebf-44ac-8ff0-0e0efa6cce24.webp,22-BILET,300,,,,
Yo'lovchilarni tushirish uchun bu belgi o'rnatilgan bo'lakda to'xtashga ruxsat etiladimi?,Ёловчиларни тушириш учун бу белги ўрнатилган бўлакда тўхташга рухсат етиладими?,"{""Agar bo'lak qatnov qismining o'ng chetida joylashgan va u yotiq uzluksiz chizig'i bilan qatnov qismidan ajratilmagan bo'lsa ruxsat etiladi"",""Taqiqlanadi"",""Ruxsat etiladi""}","{""Агар бўлак қатнов қисмининг ўнг четида жойлашган ва у ётиқ узлуксиз чизиғи билан қатнов қисмидан ажратилмаган бўлса рухсат етилади"",""Тақиқланади"",""Рухсат етилади""}",0,https://ptest.uz/images/7fc48bf5-61e9-4708-9e13-ab7b54a861b7.webp,22-BILET,300,,,,
"Siz quvib o'tish uchun chiqdingiz va bexosdan ro'paradan kelayotgan avtobusni ko'rib qoldingiz. Agar Siz quvib o'tishni tugallay olishingizga ishonchingiz bo'lmasa, Siz:","Сиз қувиб ўтиш учун чиқдингиз ва бехосдан рўпарадан келаётган автобусни кўриб қолдингиз. Агар Сиз қувиб ўтишни тугаллай олишингизга ишончингиз бўлмаса, Сиз:","{""Tovush xabarini berib va faralarni yoqib quvib o'tishni uni tugallaguncha davom ettirishingiz kerak"",""Tezlikni asta ko'paytirishingiz va quvib o'tishni tezroq tugallashingiz kerak"",""Tezlikni kamaytirishingiz va avval egallagan bo'lagingizga qaytishingiz kerak""}","{""Товуш хабарини бериб ва фараларни ёқиб қувиб ўтишни уни тугаллагунча давом еттиришингиз керак"",""Тезликни аста кўпайтиришингиз ва қувиб ўтишни тезроқ тугаллашингиз керак"",""Тезликни камайтиришингиз ва аввал егаллаган бўлагингизга қайтишингиз керак""}",2,https://postimg.cc/Dmfk0bYv,22-BILET,300,,,,
Bu joyda quvib o'tishga ruxsat etilganmi?,Бу жойда қувиб ўтишга рухсат етилганми?,"{""Quvib o'tilayotgan transport vositasi 40 km/s dan kam tezlik bilan harakatlanganda ruxsat etiladi"",""Taqiqlanadi"",""Agar quvib o'tish temir yo'l kesishmasigacha tugasa, ruxsat etiladi""}","{""Қувиб ўтилаётган транспорт воситаси 40 км/с дан кам тезлик билан ҳаракатланганда рухсат етилади"",""Тақиқланади"",""Агар қувиб ўтиш темир ёл кесишмасигача тугаса, рухсат етилади""}",1,https://ptest.uz/images/23843879-b00d-4832-a5d0-84a92bc804db.webp,22-BILET,300,,,,
Ishlamayotgan boshqaruv ruli bilan to'xtab turish yoki tamirlash joyiga borishga ruxsat etiladimi?,Ишламаётган бошқарув рули билан тўхтаб туриш ёки тамирлаш жойига боришга рухсат етиладими?,"{""Qattiq ulagichda shatakka olinganda ruxsat etiladi"",""Harakat havfsizligini taminlovchi tezlikda ruxsat etiladi"",""Taqiqlanadi""}","{""Қаттиқ улагичда шатакка олинганда рухсат етилади"",""Ҳаракат ҳавфсизлигини таминловчи тезликда рухсат етилади"",""Тақиқланади""}",2,https://postimg.cc/Dmfk0bYv,22-BILET,300,,,,
Bu belgida qaysi yuk avtomobili harakatni davom ettirishi mumkin?,Бу белгида қайси юк автомобили ҳаракатни давом еттириши мумкин?,"{""8 tonnagacha yuk ortgan avtomobil"",""8 tonna yuk ko'tarish quvvatiga ega bo'lgan bo'sh avtomobil"",""Ruxsat etilgan to'la vazni 8 tonnadan ortiq bo'lmagan avtomobil""}","{""8 тоннагача юк ортган автомобил"",""8 тонна юк кўтариш қувватига ега бўлган бўш автомобил"",""Рухсат етилган тўла вазни 8 тоннадан ортиқ бўлмаган автомобил""}",2,https://ptest.uz/images/80dff73e-7d0f-4908-9432-3acd4dbe2b6e.webp,22-BILET,300,,,,
Qayta tizilishda haydovchi boshqa transport vositalariga yo'l berishi kerakmi?,Қайта тизилишда ҳайдовчи бошқа транспорт воситаларига ёл бериши керакми?,"{""Kerak, agar transport vositasi qo'shni bo'lak bo'yicha yo'lakay harakat qilsa"",""Kerak emas"",""O'zaro qayta tizilishda barcha hollarda kerak""}","{""Керак, агар транспорт воситаси қўшни бўлак бўйича ёлакай ҳаракат қилса"",""Керак емас"",""Ўзаро қайта тизилишда барча ҳолларда керак""}",0,https://postimg.cc/Dmfk0bYv,22-BILET,300,,,,
Tyagach haydovchisi nima qilishi kerak?,Тягач ҳайдовчиси нима қилиши керак?,"{""Xavfli burilishdan 100 metr o'tib turib to'xtash va orqasida to'plangan transport vositalarini o'tkazib yuborishi"",""O'sha tezlik bilan harakatni davom ettirishi"",""Qo'li bilan o'zini ro'para bo'lakdan quvib o'tishlari haqida ishora qilishi kerak""}","{""Хавфли бурилишдан 100 метр ўтиб туриб тўхташ ва орқасида тўпланган транспорт воситаларини ўтказиб юбориши"",""Ўша тезлик билан ҳаракатни давом еттириши"",""Қўли билан ўзини рўпара бўлакдан қувиб ўтишлари ҳақида ишора қилиши керак""}",0,https://ptest.uz/images/3ad7e0d6-5ea1-4d19-8e82-8e73e6a49f83.webp,22-BILET,300,,,,
Qaysi belgi kesishadigan yo'l bo'ylab harakat qilayotgan transport vositalariga yo'l berish majburiyatini yuklaydi?,Қайси белги кесишадиган ёл бўйлаб ҳаракат қилаётган транспорт воситаларига ёл бериш мажбуриятини юклайди?,"{""1"",""2"",""3"",""4"",""5""}","{""1"",""2"",""3"",""4"",""5""}",3,https://ptest.uz/images/5277d174-31ff-41a8-9697-2330ee2fda26.webp,22-BILET,300,,,,
Uch bo'lakli bo'lgan ikki tomonlama harakatlanadigan yo'llarda ro'paradagi harakat uchun mo'ljallangan chetki chap bo'lakka o'tishga ruxsat etiladimi?,Уч бўлакли бўлган икки томонлама ҳаракатланадиган ёлларда рўпарадаги ҳаракат учун мўлжалланган четки чап бўлакка ўтишга рухсат етиладими?,"{""Quvib o'tish uchun ruxsat etiladi"",""Barcha hollarda ruxsat etiladi"",""Taqiqlanadi""}","{""Қувиб ўтиш учун рухсат етилади"",""Барча ҳолларда рухсат етилади"",""Тақиқланади""}",2,https://postimg.cc/Dmfk0bYv,23-BILET,300,,,,
Qayta tizilish oldidan ogohlantiruvchi ishora qachon berilishi kerak?,Қайта тизилиш олдидан огоҳлантирувчи ишора қачон берилиши керак?,"{""Bevosita manyovrni bajarishni boshlash oldidan"",""Manyovrni bajarishni boshlagandan so'ng zudlik bilan"",""Manyovrni bajarishni boshlamasidan oldinroq""}","{""Бевосита манёврни бажаришни бошлаш олдидан"",""Манёврни бажаришни бошлагандан сўнг зудлик билан"",""Манёврни бажаришни бошламасидан олдинроқ""}",2,https://postimg.cc/Dmfk0bYv,23-BILET,300,,,,
Transport vositalari chorrahani quyidagi tartibda kesib o'tadilar:,Транспорт воситалари чорраҳани қуйидаги тартибда кесиб ўтадилар:,"{""Qizil avtomobil, tramvay ayni vaqtda yashil avtomobil bilan"",""Tramvay, qizil, yashil avtomobillar"",""Tramvay, ayni vaqtda yashil avtomobil, qizil avtomobil""}","{""Қизил автомобил, трамвай айни вақтда яшил автомобил билан"",""Трамвай, қизил, яшил автомобиллар"",""Трамвай, айни вақтда яшил автомобил, қизил автомобил""}",0,https://ptest.uz/images/9fdaf374-1436-46d3-91b6-9657d5370647.webp,23-BILET,300,,,,
Bu yo'l belgisi nimani bildiradi?,Бу ёл белгиси нимани билдиради?,"{""Yo'l (marshrut) raqamini ko'rsatadi"",""Eng yaqin aholi yashaydigan joygacha bo'lgan masofani ko'rsatadi"",""DANning eng yaqin mahkamasigacha bo'lgan masofani ko'rsatadi"",""\""???????? ???????\"" vazifasini bajaradi""}","{""Ёл (маршрут) рақамини кўрсатади"",""Енг яқин аҳоли яшайдиган жойгача бўлган масофани кўрсатади"",""ДАНнинг енг яқин маҳкамасигача бўлган масофани кўрсатади"",""\""???????? ???????\"" вазифасини бажаради""}",0,https://ptest.uz/images/a768212a-d5c8-4571-a406-ebe16689e44e.webp,23-BILET,300,,,,
Furgon yukxonada odamlarni tashishga ruxsat etiladimi?,Фургон юкхонада одамларни ташишга рухсат етиладими?,"{""Taqiqlanadi"",""Ruxsat etiladi"",""Agar ularning tuzilishi odamlarni tashishga moslashtirilgan bo'lsa, ruxsat etiladi""}","{""Тақиқланади"",""Рухсат етилади"",""Агар уларнинг тузилиши одамларни ташишга мослаштирилган бўлса, рухсат етилади""}",2,https://postimg.cc/Dmfk0bYv,23-BILET,300,,,,
"Yo'lning chapga burilishiga yaqinlashganingizda, u o'ylaganingizdan ko'ra ancha keskinroq bo'lib chiqsa, Siz","Ёлнинг чапга бурилишига яқинлашганингизда, у ўйлаганингиздан кўра анча кескинроқ бўлиб чиқса, Сиз","{""Tezlikni o'zgartirmay va yo'l qatnov qismining chap yoqasidan harakatni davom ettirishingiz kerak"",""Harakat tezligini kamaytirishingiz kerak"",""Burilishdan tezroq o'tish uchun tezlikni oshirishingiz kerak""}","{""Тезликни ўзгартирмай ва ёл қатнов қисмининг чап ёқасидан ҳаракатни давом еттиришингиз керак"",""Ҳаракат тезлигини камайтиришингиз керак"",""Бурилишдан тезроқ ўтиш учун тезликни оширишингиз керак""}",1,https://postimg.cc/Dmfk0bYv,23-BILET,300,,,,
Ko'k avtomobilga qaysi yo'nalishda harakatlanishga ruxsat etiladi?,Кўк автомобилга қайси ёналишда ҳаракатланишга рухсат етилади?,"{""Faqat orqa yo'nalishda"",""To'g'riga, chap va orqa yo'nalishda"",""Chap va orqa yo'nalishda"",""Barcha yo'nalishlarda""}","{""Фақат орқа ёналишда"",""Тўғрига, чап ва орқа ёналишда"",""Чап ва орқа ёналишда"",""Барча ёналишларда""}",2,https://ptest.uz/images/1044f826-f496-4dfc-ba14-fb05dd40eb05.webp,23-BILET,300,,,,
"Agar transport vositasining ishchi tormozining samaradorligi Qoidalar talabiga javob bermasa, u holda siz majbursiz:","Агар транспорт воситасининг ишчи тормозининг самарадорлиги Қоидалар талабига жавоб бермаса, у ҳолда сиз мажбурсиз:","{""Belgilangan safarni davom ettirishga, bunda kunning yorug' vaqtida yaqinni yorituvchi fara chirog'ini yoqishga"",""Bundan keyingi harakatni to'xtatishga"",""Nosozlikni o'sha joyda bartaraf etishga, agar buning iloji bo'lmasa zarur ehtiyot choralariga rioya qilgan holda to'xtab turish yoki tamirlashga olib borishga""}","{""Белгиланган сафарни давом еттиришга, бунда куннинг ёруғ вақтида яқинни ёритувчи фара чироғини ёқишга"",""Бундан кейинги ҳаракатни тўхтатишга"",""Носозликни ўша жойда бартараф етишга, агар бунинг иложи бўлмаса зарур еҳтиёт чораларига риоя қилган ҳолда тўхтаб туриш ёки тамирлашга олиб боришга""}",2,https://postimg.cc/Dmfk0bYv,23-BILET,300,,,,
Haydovchi to'xtash oldidan ogohlatiruvchi ishora berishga qachon majbur?,Ҳайдовчи тўхташ олдидан огоҳлатирувчи ишора беришга қачон мажбур?,"{""Faqat shu holdaki, agar uning orqasidan boshqa transport vositasi harakat qilsa"",""Faqat aholi punktlarida"",""Barcha hollarda""}","{""Фақат шу ҳолдаки, агар унинг орқасидан бошқа транспорт воситаси ҳаракат қилса"",""Фақат аҳоли пунктларида"",""Барча ҳолларда""}",2,https://postimg.cc/Dmfk0bYv,23-BILET,300,,,,
Ro'paradan kelayotgan avtomobil haydovchisi qanday yo'l tutishi kerak?,Рўпарадан келаётган автомобил ҳайдовчиси қандай ёл тутиши керак?,"{""Yo'l yoqasida to'xtashi"",""Yalt-yalt etuvchi chiroq mayoqchasi yoqilgan avtomobiliga halaqit bermasdan harakatni davom ettirishi""}","{""Ёл ёқасида тўхташи"",""Ялт-ялт етувчи чироқ маёқчаси ёқилган автомобилига ҳалақит бермасдан ҳаракатни давом еттириши""}",1,https://ptest.uz/images/91adc14e-7916-4528-a661-b4beaac94c32.webp,23-BILET,300,,,,
Yo'naltirgichlar bilan ko'rsatilgan qaysi yo'nalishlarda harakatlanishga ruxsat etilgan?,Ёналтиргичлар билан кўрсатилган қайси ёналишларда ҳаракатланишга рухсат етилган?,"{""\""?\"""",""\""?\"""",""\""?\"" va \""?\""""}","{""\""?\"""",""\""?\"""",""\""?\"" ва \""?\""""}",0,https://ptest.uz/images/042c6fa6-abf7-43f2-9f12-f4ca1c8bfb09.webp,23-BILET,300,,,,
Motosiklning haydovchisi qanday holda chapga to'g'ri burildi?,Мотосиклнинг ҳайдовчиси қандай ҳолда чапга тўғри бурилди?,"{""Chorrahaga chiqdi, yuk avtomobilini o'tkazib yubordi, burilishni tugalladi"",""Chorrahaga chiqdi va tartibga soluvchining ruxsat etuvchi ishorasini kutib, burilishni tugalladi"",""To'xtadi va tartibga soluvchining ruxsat etuvchi ishorasida to'xtamay chapga burildi""}","{""Чорраҳага чиқди, юк автомобилини ўтказиб юборди, бурилишни тугаллади"",""Чорраҳага чиқди ва тартибга солувчининг рухсат етувчи ишорасини кутиб, бурилишни тугаллади"",""Тўхтади ва тартибга солувчининг рухсат етувчи ишорасида тўхтамай чапга бурилди""}",2,https://ptest.uz/images/48063952-a0a4-4703-84bb-a0cf8df8fbc1.webp,23-BILET,300,,,,
Avtomobilning qaysi yo'nalishda harakatlanishiga ruxsat etiladi?,Автомобилнинг қайси ёналишда ҳаракатланишига рухсат етилади?,"{""Chapga va o'ngga"",""Faqat to'g'riga"",""Barcha yo'nalishlarga""}","{""Чапга ва ўнгга"",""Фақат тўғрига"",""Барча ёналишларга""}",2,https://ptest.uz/images/017923a8-8ec7-423f-b6b2-7b83712e86ab.webp,23-BILET,300,,,,
Chorrahani ikkinchi bo'lib kim kesib o'tadi?,Чорраҳани иккинчи бўлиб ким кесиб ўтади?,"{""Yashil avtomobil"",""Qizil avtomobil"",""Ko'k avtomobil"",""Sariq avtomobil""}","{""Яшил автомобил"",""Қизил автомобил"",""Кўк автомобил"",""Сариқ автомобил""}",1,https://ptest.uz/images/b1e93ee9-2072-41c0-947d-c24f5f93bae7.webp,23-BILET,300,,,,
Qaysi transport vositasining haydovchisi yo'lda tezlanish bo'lagi bo'lganda unga chiqish qoidasini buzdi?,Қайси транспорт воситасининг ҳайдовчиси ёлда тезланиш бўлаги бўлганда унга чиқиш қоидасини бузди?,"{""Har ikki haydovchi"",""Har ikki haydovchi to'g'ri chiqadi"",""Ko'k avtomobilning haydovchisi"",""Yashil avtomobilning haydovchisi""}","{""Ҳар икки ҳайдовчи"",""Ҳар икки ҳайдовчи тўғри чиқади"",""Кўк автомобилнинг ҳайдовчиси"",""Яшил автомобилнинг ҳайдовчиси""}",3,https://ptest.uz/images/914230f7-7094-4639-870a-0b79bfc9f319.webp,23-BILET,300,,,,
Haydovchi yo'l-transport hodisasida shikastlangan transport vositasini shatakka olish uchun yuk avtomobilini ichki ishlar organi xodimi ixtiyoriga qanday holda berishi kerak?,Ҳайдовчи ёл-транспорт ҳодисасида шикастланган транспорт воситасини шатакка олиш учун юк автомобилини ички ишлар органи ходими ихтиёрига қандай ҳолда бериши керак?,"{""Faqat shu holdaki, agar shatakka olish yo'l-yo'lakay yo'nalishda amalga oshirilsa"",""Har qanday holda, fuqarolarga tegishli transport vositalaridan tashqari"",""Haydovchining istagi bo'yicha""}","{""Фақат шу ҳолдаки, агар шатакка олиш ёл-ёлакай ёналишда амалга оширилса"",""Ҳар қандай ҳолда, фуқароларга тегишли транспорт воситаларидан ташқари"",""Ҳайдовчининг истаги бўйича""}",1,https://postimg.cc/Dmfk0bYv,23-BILET,300,,,,
To'xtash qoidasini buzgan hamma haydovchilar qaysi javobda ko'rsatilgan?,Тўхташ қоидасини бузган ҳамма ҳайдовчилар қайси жавобда кўрсатилган?,"{""Qizil avtomobil va motosiklning haydovchilari"",""Ko'k avtomobil haydovchisi"",""Motosiklning haydovchisi"",""Barcha transport vositalarining haydovchilari""}","{""Қизил автомобил ва мотосиклнинг ҳайдовчилари"",""Кўк автомобил ҳайдовчиси"",""Мотосиклнинг ҳайдовчиси"",""Барча транспорт воситаларининг ҳайдовчилари""}",3,https://ptest.uz/images/78cda1b5-6ade-42e8-8356-047cfacbf30b.webp,23-BILET,300,,,,
Burilish vaqtida qatnov qismining kesishmasidan chiqishda transport vositasi qaerda bo'lmasligi kerak?,Бурилиш вақтида қатнов қисмининг кесишмасидан чиқишда транспорт воситаси қаерда бўлмаслиги керак?,"{""Chap bo'lakda, agar o'ng bo'lak bo'sh bo'lsa"",""Qarama-qarshi harakat tomonida"",""Agar bir yo'nalishda harakatlanish uchun uchtadan kam bo'lmagan bo'lak bo'lganda, chap bo'lakda"",""Ruxsat etilgan to'la vazni 3,5 t. dan ortiq bo'lgan faqat yuk avtomobillariga bir yo'nalishdan harakatlanishi uchun ikkita bo'lak bo'lsa, chap bo'lakda""}","{""Чап бўлакда, агар ўнг бўлак бўш бўлса"",""Қарама-қарши ҳаракат томонида"",""Агар бир ёналишда ҳаракатланиш учун учтадан кам бўлмаган бўлак бўлганда, чап бўлакда"",""Рухсат етилган тўла вазни 3,5 т. дан ортиқ бўлган фақат юк автомобилларига бир ёналишдан ҳаракатланиши учун иккита бўлак бўлса, чап бўлакда""}",1,https://postimg.cc/Dmfk0bYv,23-BILET,300,,,,
Bu yotiq chiziq nimani bildiradi?,Бу ётиқ чизиқ нимани билдиради?,"{""Faqat avtobusning harakatlanishi uchun mo'ljallangan bo'lakni bildiradi"",""Faqat belgilangan yo'nalishdagi transport vositalarining harakatlanishi uchun mo'ljallangan bo'lakni bildiradi"",""Avtobuslar va trolleybuslarning harakatlanishi uchun mo'ljallangan bo'lakni bildiradi"",""Avtobuslar va marshrutli taksi (alohida kichik avtobuslar)ning harakatlanishi uchun mo'ljallangan bo'lakni bildiradi""}","{""Фақат автобуснинг ҳаракатланиши учун мўлжалланган бўлакни билдиради"",""Фақат белгиланган ёналишдаги транспорт воситаларининг ҳаракатланиши учун мўлжалланган бўлакни билдиради"",""Автобуслар ва троллейбусларнинг ҳаракатланиши учун мўлжалланган бўлакни билдиради"",""Автобуслар ва маршрутли такси (алоҳида кичик автобуслар)нинг ҳаракатланиши учун мўлжалланган бўлакни билдиради""}",1,https://ptest.uz/images/e5512446-aa69-4808-aa5a-ec7e96f9032c.webp,23-BILET,300,,,,
Avtomagistralda ajratuvchi bo'lakning uzilishlariga kirishga ruxsat etiladimi?,Автомагистралда ажратувчи бўлакнинг узилишларига киришга рухсат етиладими?,"{""Ruxsat etiladi"",""Faqat orqa burilish uchun ruxsat etiladi, to'la vazni 3,5 t dan ortiq bo'lgan yuk avtomobillarning haydovchilari bundan mustasno"",""Taqiqlanadi"",""Belgilangan yo'nalishdagi transport vositalariga ruxsat etiladi""}","{""Рухсат етилади"",""Фақат орқа бурилиш учун рухсат етилади, тўла вазни 3,5 т дан ортиқ бўлган юк автомобилларнинг ҳайдовчилари бундан мустасно"",""Тақиқланади"",""Белгиланган ёналишдаги транспорт воситаларига рухсат етилади""}",2,https://postimg.cc/Dmfk0bYv,23-BILET,300,,,,
Uch bo'lakli bo'lgan ikki tomonlama harakatlanadigan yo'llarda ro'paradagi harakat uchun mo'ljallangan chetki chap bo'lakka o'tishga ruxsat etiladimi?,Уч бўлакли бўлган икки томонлама ҳаракатланадиган ёлларда рўпарадаги ҳаракат учун мўлжалланган четки чап бўлакка ўтишга рухсат етиладими?,"{""Quvib o'tish uchun ruxsat etiladi"",""Barcha hollarda ruxsat etiladi"",""Taqiqlanadi""}","{""Қувиб ўтиш учун рухсат етилади"",""Барча ҳолларда рухсат етилади"",""Тақиқланади""}",2,https://postimg.cc/Dmfk0bYv,23-BILET,300,,,,
Ko'k avtomobilning haydovchisiga quvib o'tishga ruxsat etiladimi?,Кўк автомобилнинг ҳайдовчисига қувиб ўтишга рухсат етиладими?,"{""Ruxsat etiladi"",""Taqiqlanadi"",""Ruxsat etiladi, agar qizil avtomobil 40 km/soatdan kam tezlik bilan harakatlanayotgan bo'lsa""}","{""Рухсат етилади"",""Тақиқланади"",""Рухсат етилади, агар қизил автомобил 40 км/соатдан кам тезлик билан ҳаракатланаётган бўлса""}",1,https://ptest.uz/images/9cb5edd2-51b5-402d-a3e8-59032c60d577.webp,24-BILET,300,,,,
Sirpanchiq yo'lda yurgizgich bilan tormozlashni qo'llash orqa uzatmali avtomobil uchun:,Сирпанчиқ ёлда юргизгич билан тормозлашни қўллаш орқа узатмали автомобил учун:,"{""Avtomobilning turg'unligini oshiradi"",""Avtomobilning turg'unligini kamaytiradi"",""Avtomobilning turg'unligiga hech qanday tasir ko'rsatmaydi""}","{""Автомобилнинг турғунлигини оширади"",""Автомобилнинг турғунлигини камайтиради"",""Автомобилнинг турғунлигига ҳеч қандай тасир кўрсатмайди""}",0,https://postimg.cc/Dmfk0bYv,24-BILET,300,,,,
"Agar qatnov qismining kengligi chetki chap bo'lakdan qayrilish uchun etarli bo'lmasa, qoidalar qayrilishni qatnov qismining o'ng chekkasi yoki yo'lning o'ng yoqasidan amalga oshirishga yo'l qo'yadimi?","Агар қатнов қисмининг кенглиги четки чап бўлакдан қайрилиш учун етарли бўлмаса, қоидалар қайрилишни қатнов қисмининг ўнг чеккаси ёки ёлнинг ўнг ёқасидан амалга оширишга ёл қўядими?","{""Qatnov qismining faqat o'ng chekkasidan yo'l qo'yadi. Yo'lning o'ng yoqasidan yo'l qo'yilmaydi"",""Yo'l qo'yiladi. Bunda qayrilayotgan haydovchi yo'lakay va qarama-qarshi kelayotgan transport vositalarini o'tkazib yuborishi kerak"",""Yo'l qo'yilmaydi""}","{""Қатнов қисмининг фақат ўнг чеккасидан ёл қўяди. Ёлнинг ўнг ёқасидан ёл қўйилмайди"",""Ёл қўйилади. Бунда қайрилаётган ҳайдовчи ёлакай ва қарама-қарши келаётган транспорт воситаларини ўтказиб юбориши керак"",""Ёл қўйилмайди""}",1,https://postimg.cc/Dmfk0bYv,24-BILET,300,,,,
Svetoforning bir vaqtda yoqilgan sariq va qizil ishoralari nimani bildiradi?,Светофорнинг бир вақтда ёқилган сариқ ва қизил ишоралари нимани билдиради?,"{""Harakatni boshlash mumkin"",""Harakatni taqiqlaydi va tezda yashil ishora yoqilishi haqida ogohlantiradi"",""Chorrahaga maxsus ovoz yoki miltillovchi chiroq bilan ishora berayotgan transport vositasi yaqinlashib kelayotganini""}","{""Ҳаракатни бошлаш мумкин"",""Ҳаракатни тақиқлайди ва тезда яшил ишора ёқилиши ҳақида огоҳлантиради"",""Чорраҳага махсус овоз ёки милтилловчи чироқ билан ишора бераётган транспорт воситаси яқинлашиб келаётганини""}",1,https://ptest.uz/images/3785acdb-6c23-41a2-adff-6046497aa4cd.webp,24-BILET,300,,,,
Transport vositalarining haydovchilari avtobus yoki trolleybusga yo'l berishlari kerak:,Транспорт воситаларининг ҳайдовчилари автобус ёки троллейбусга ёл беришлари керак:,"{""Agar u harakatni to'xtash joyidan boshlasa"",""Agar u \""?????\"" soatda marshrut bo'yicha harakat qilsa"",""Aholi punktlarida, agar u belgilangan to'xtash joyidan (bekatlardan) harakatni boshlasa""}","{""Агар у ҳаракатни тўхташ жойидан бошласа"",""Агар у \""?????\"" соатда маршрут бўйича ҳаракат қилса"",""Аҳоли пунктларида, агар у белгиланган тўхташ жойидан (бекатлардан) ҳаракатни бошласа""}",2,https://postimg.cc/Dmfk0bYv,24-BILET,300,,,,
"Aholi punktlarida relssiz transport vositalariga, agar bir yo'nalishda uchta va undan ortiq harakatlanish bo'lagi bo'lganda, qaysi bo'lakdan harakatlanishga ruxsat etiladi? Yuk avtomobillari hisobga kirmaydi","Аҳоли пунктларида релссиз транспорт воситаларига, агар бир ёналишда учта ва ундан ортиқ ҳаракатланиш бўлаги бўлганда, қайси бўлакдан ҳаракатланишга рухсат етилади? Юк автомобиллари ҳисобга кирмайди","{""Har qanday bo'lak bo'yicha"",""Iloji boricha qatnov qismining o'ng chekkasiga yaqin bo'lak bo'yicha"",""Chapki chekkadan tashqari har qanday bo'lak bo'yicha. Unga faqat boshqa bo'laklarda harakat serqatnov bo'lganda, shuningdek, chapga burilish, orqaga qayrilish va bir tomonlama harakat tashkil qilingan yo'lda to'xtash uchun o'tishga ruxsat etiladi""}","{""Ҳар қандай бўлак бўйича"",""Иложи борича қатнов қисмининг ўнг чеккасига яқин бўлак бўйича"",""Чапки чеккадан ташқари ҳар қандай бўлак бўйича. Унга фақат бошқа бўлакларда ҳаракат серқатнов бўлганда, шунингдек, чапга бурилиш, орқага қайрилиш ва бир томонлама ҳаракат ташкил қилинган ёлда тўхташ учун ўтишга рухсат етилади""}",2,https://postimg.cc/Dmfk0bYv,24-BILET,300,,,,
Quyidagi qaysi suratda haydovchi avtomobilni qoidaga xilof ravishda to'xtash joyiga qo'ygan?,Қуйидаги қайси суратда ҳайдовчи автомобилни қоидага хилоф равишда тўхташ жойига қўйган?,"{""Faqat chapdagi"",""Chap va o'rtadagi"",""Barchasida""}","{""Фақат чапдаги"",""Чап ва ўртадаги"",""Барчасида""}",1,https://ptest.uz/images/222f1fd2-85da-4e7e-a188-00aa3554f891.webp,24-BILET,300,,,,
Ko'k avtomobil chorrahani kesib o'tadi:,Кўк автомобил чорраҳани кесиб ўтади:,"{""Birinchi bo'lib ayni bir vaqtda qizil bilan"",""Ikkinchi bo'lib ayni vaqtda qizil bilan"",""Uchinchi bo'lib ayni vaqtda qizil bilan""}","{""Биринчи бўлиб айни бир вақтда қизил билан"",""Иккинчи бўлиб айни вақтда қизил билан"",""Учинчи бўлиб айни вақтда қизил билан""}",2,https://ptest.uz/images/861c2490-a6da-466d-9440-5028d14b4d2d.webp,24-BILET,300,,,,
Chorrahada harakatlanishning majburiy yo'nalishini qaysi belgi ko'rsatadi?,Чорраҳада ҳаракатланишнинг мажбурий ёналишини қайси белги кўрсатади?,"{""1"",""2"",""3"",""4"",""5""}","{""1"",""2"",""3"",""4"",""5""}",3,https://ptest.uz/images/eaff8f04-88d9-4f5d-b55a-d88f43955618.webp,24-BILET,300,,,,
Harakatni boshlashdan avval shaharlararo avtobus haydovchilari nima qilishlari kerak?,Ҳаракатни бошлашдан аввал шаҳарлараро автобус ҳайдовчилари нима қилишлари керак?,"{""Yo'lovchilarga halokat bo'lganda chiqish joylaridan foydalanish haqida tushuntirish"",""Yo'lovchilarga chiqish, undan tushish va unga joylashish tartibi haqida tushuntirish"",""Yo'lovchilarga harakatlanish vaqtida salon ichida yurish mumkin emasligi haqida tushuntirish""}","{""Ёловчиларга ҳалокат бўлганда чиқиш жойларидан фойдаланиш ҳақида тушунтириш"",""Ёловчиларга чиқиш, ундан тушиш ва унга жойлашиш тартиби ҳақида тушунтириш"",""Ёловчиларга ҳаракатланиш вақтида салон ичида юриш мумкин емаслиги ҳақида тушунтириш""}",0,https://postimg.cc/Dmfk0bYv,24-BILET,300,,,,
Qaysi belgi to'xtamasdan o'tishni taqiqlaydi?,Қайси белги тўхтамасдан ўтишни тақиқлайди?,"{""1"",""2"",""3"",""4"",""5""}","{""1"",""2"",""3"",""4"",""5""}",3,https://ptest.uz/images/f0e60e4f-1a15-47c3-93dc-df5d9aa48ae2.webp,24-BILET,300,,,,
Davlat YHX xizmati ruxsatisiz transport vositasining yuk bilan yoki yuksiz harakatlanishiga qanday yuqori maksimal kenglikda yo'l qo'yiladi?,Давлат ЙҲХ хизмати рухсатисиз транспорт воситасининг юк билан ёки юксиз ҳаракатланишига қандай юқори максимал кенгликда ёл қўйилади?,"{""2,0 m"",""2,55 m"",""3,8 m"",""4,0 m"",""5,0 m""}","{""2,0 м"",""2,55 м"",""3,8 м"",""4,0 м"",""5,0 м""}",1,https://postimg.cc/Dmfk0bYv,24-BILET,300,,,,
Qaysi transport vositasining haydovchisi yo'l berishi kerak?,Қайси транспорт воситасининг ҳайдовчиси ёл бериши керак?,"{""Avtomobil haydovchisi"",""Tramvay haydovchisi""}","{""Автомобил ҳайдовчиси"",""Трамвай ҳайдовчиси""}",0,https://ptest.uz/images/d9a46d53-5595-4b18-9cee-d1e72eeec003.webp,24-BILET,300,,,,
Bu tik yo'l chizig'i nimani bildiradi?,Бу тик ёл чизиғи нимани билдиради?,"{""Yo'lning xavfli joylaridagi harakatlanish bo'lagi chegarasini bildiradi"",""Yo'lning boshqa qismlarida yo'l chetidagi to'siqlarning yon chegarasini belgilaydi"",""Xavfli yo'l qismlarida bordyurlarni belgilaydi"",""Yo'naltiruvchi ustunchalar, beton yoki temir-beton ustunchalar, to'siq ustunchalari va shunga o'xshashlarni belgilaydi""}","{""Ёлнинг хавфли жойларидаги ҳаракатланиш бўлаги чегарасини билдиради"",""Ёлнинг бошқа қисмларида ёл четидаги тўсиқларнинг ён чегарасини белгилайди"",""Хавфли ёл қисмларида бордюрларни белгилайди"",""Ёналтирувчи устунчалар, бетон ёки темир-бетон устунчалар, тўсиқ устунчалари ва шунга ўхшашларни белгилайди""}",1,https://ptest.uz/images/27ae6be7-5c0f-406f-9ac4-186248d8dc0e.webp,24-BILET,300,,,,
Qaysi rasmda haydovchi to'g'ri burilmoqda?,Қайси расмда ҳайдовчи тўғри бурилмоқда?,"{""Chapdagi rasmda"",""O'ngdagi rasmda""}","{""Чапдаги расмда"",""Ўнгдаги расмда""}",0,https://ptest.uz/images/93357a1e-818d-4eb0-ba9e-70f930a43858.webp,24-BILET,300,,,,
Bu yo'l chizig'i nimani bildiradi?,Бу ёл чизиғи нимани билдиради?,"{""Yo'llar ostin-ustun o'tadigan chorrahalarni"",""Harakatlanish tezligi 40 km/s gacha cheklangan qismini"",""Yo'l inshootlarining harakatdagi transport vositalariga xavf tug'diradigan tik bo'laklarini""}","{""Ёллар остин-устун ўтадиган чорраҳаларни"",""Ҳаракатланиш тезлиги 40 км/с гача чекланган қисмини"",""Ёл иншоотларининг ҳаракатдаги транспорт воситаларига хавф туғдирадиган тик бўлакларини""}",2,https://ptest.uz/images/7164a0ec-159f-47aa-9629-935be6c9435f.webp,24-BILET,300,,,,
Qaysi avtomobil to'xtab turishga to'g'ri qo'yilgan?,Қайси автомобил тўхтаб туришга тўғри қўйилган?,"{""Engil avtomobil"",""Har ikkisi noto'g'ri qo'yilgan"",""Har ikkisi to'g'ri qo'yilgan"",""Yuk avtomobil""}","{""Енгил автомобил"",""Ҳар иккиси нотўғри қўйилган"",""Ҳар иккиси тўғри қўйилган"",""Юк автомобил""}",1,https://ptest.uz/images/2376ab73-b210-49e7-8107-2dce8f5786ff.webp,24-BILET,300,,,,
Avtomobilga o'rnatilgan bu taniqlik belgi nimani bildiradi?,Автомобилга ўрнатилган бу таниқлик белги нимани билдиради?,"{""Avtomobil shifokor haydovchiga tegishli ekanini"",""Avtomobil haydovchi nogironga tegishli ekanini"",""Avtomobil uyda tibbiy yordami ko'rsatish uchun mo'ljallanganini""}","{""Автомобил шифокор ҳайдовчига тегишли еканини"",""Автомобил ҳайдовчи ногиронга тегишли еканини"",""Автомобил уйда тиббий ёрдами кўрсатиш учун мўлжалланганини""}",0,https://ptest.uz/images/15517695-2d1f-4c30-bb87-7a7f3c9a29eb.webp,24-BILET,300,,,,
Harakatlanishga ruxsat etilgan barcha transport vositalari qaysi javobda to'g'ri ko'rsatilgan?,Ҳаракатланишга рухсат етилган барча транспорт воситалари қайси жавобда тўғри кўрсатилган?,"{""Avtomobillar va motosikl"",""Barcha transport vositalari"",""Avtomobillar va tramvay""}","{""Автомобиллар ва мотосикл"",""Барча транспорт воситалари"",""Автомобиллар ва трамвай""}",0,https://ptest.uz/images/d7018304-6099-4eb4-bab7-913c6a16e4ab.webp,24-BILET,300,,,,
Haydovchi oq hassa bilan ishora berayotgan ko'zi ojiz piyodalarni o'tkazib yuborishi kerakmi?,Ҳайдовчи оқ ҳасса билан ишора бераётган кўзи ожиз пиёдаларни ўтказиб юбориши керакми?,"{""Barcha hollarda o'tkazib yuborishi kerak, shu jumladan piyodalar o'tish joylardan tashqarida ham"",""Tartibga solinadigan piyodalar o'tish joyida o'tkazib yuborishi kerak"",""Tartibga solinmagan piyodalar o'tish joyida o'tkazib yuborishi kerak"",""Har qanday piyodalar o'tish joyida o'tkazib yuborish kerak""}","{""Барча ҳолларда ўтказиб юбориши керак, шу жумладан пиёдалар ўтиш жойлардан ташқарида ҳам"",""Тартибга солинадиган пиёдалар ўтиш жойида ўтказиб юбориши керак"",""Тартибга солинмаган пиёдалар ўтиш жойида ўтказиб юбориши керак"",""Ҳар қандай пиёдалар ўтиш жойида ўтказиб юбориш керак""}",0,https://postimg.cc/Dmfk0bYv,24-BILET,300,,,,
Ko'k avtomobilning haydovchisiga quvib o'tishga ruxsat etiladimi?,Кўк автомобилнинг ҳайдовчисига қувиб ўтишга рухсат етиладими?,"{""Ruxsat etiladi"",""Taqiqlanadi"",""Ruxsat etiladi, agar qizil avtomobil 40 km/soatdan kam tezlik bilan harakatlanayotgan bo'lsa""}","{""Рухсат етилади"",""Тақиқланади"",""Рухсат етилади, агар қизил автомобил 40 км/соатдан кам тезлик билан ҳаракатланаётган бўлса""}",1,https://ptest.uz/images/9cb5edd2-51b5-402d-a3e8-59032c60d577.webp,24-BILET,300,,,,
Haydovchi aholi punktidan tashqarida harakat qoidalarini buzmoqdami?,Ҳайдовчи аҳоли пунктидан ташқарида ҳаракат қоидаларини бузмоқдами?,"{""Ha"",""Yo'q""}","{""Ҳа"",""Ёқ""}",0,https://ptest.uz/images/afe230b7-d8a4-4724-94ac-15f271b945f3.webp,25-BILET,300,,,,
Bu yo'l belgisi nimani bildiradi?,Бу ёл белгиси нимани билдиради?,"{""Shlagbaum bilan jihozlanmagan bir izli temir yo'l kesishmasini"",""Shlagbaum bilan jihozlangan bir izli temir yo'l kesishmasini"",""Shlagbaum bilan jihozlanmagan ikki va undan ko'p izli temir yo'l kesishmasini""}","{""Шлагбаум билан жиҳозланмаган бир изли темир ёл кесишмасини"",""Шлагбаум билан жиҳозланган бир изли темир ёл кесишмасини"",""Шлагбаум билан жиҳозланмаган икки ва ундан кўп изли темир ёл кесишмасини""}",2,https://ptest.uz/images/436fe4fb-f268-428e-b55f-a1420eb071bb.webp,25-BILET,300,,,,
Ko'rsatilgan belgilardan qaysi biri avtomagistrallarga o'rnatiladi?,Кўрсатилган белгилардан қайси бири автомагистралларга ўрнатилади?,"{""1"",""2"",""3"",""4"",""5""}","{""1"",""2"",""3"",""4"",""5""}",2,https://ptest.uz/images/d192075b-b130-4961-8cc2-dadc132c1a9f.webp,25-BILET,300,,,,
Bu erda avtomobilning to'xtashiga ruxsat berilganmi?,Бу ерда автомобилнинг тўхташига рухсат берилганми?,"{""Taqiqlangan, chunki uzuq-uzuq yotiq chizig'i bilan to'xtab turgan va avtomobil orasidagi masofa 3 metrdan kam"",""Oyning juft kunlarida taqiqlangan"",""Ruxsat berilgan""}","{""Тақиқланган, чунки узуқ-узуқ ётиқ чизиғи билан тўхтаб турган ва автомобил орасидаги масофа 3 метрдан кам"",""Ойнинг жуфт кунларида тақиқланган"",""Рухсат берилган""}",2,https://ptest.uz/images/ab703a9e-417d-4841-bdb2-9157491506d7.webp,25-BILET,300,,,,
Belgilardan qay biri ajratuvchi bo'lagi bo'lgan yo'lning harakat uchun yopiq qatnov qismini aylanib o'tish yo'nalishini ko'rsatadi?,Белгилардан қай бири ажратувчи бўлаги бўлган ёлнинг ҳаракат учун ёпиқ қатнов қисмини айланиб ўтиш ёналишини кўрсатади?,"{""1"",""2"",""3"",""4"",""5""}","{""1"",""2"",""3"",""4"",""5""}",4,https://ptest.uz/images/759671cd-a342-4af0-8cf7-262b45f1daa7.webp,25-BILET,300,,,,
Tormozlanish bo'lagi bo'lgan yo'lda qaysi transport vositasi unga chiqish qoidasini buzdi?,Тормозланиш бўлаги бўлган ёлда қайси транспорт воситаси унга чиқиш қоидасини бузди?,"{""Har ikki transport vositasi"",""Sariq avtomobil"",""Har ikki transport vositasi to'g'ri burilyapti""}","{""Ҳар икки транспорт воситаси"",""Сариқ автомобил"",""Ҳар икки транспорт воситаси тўғри буриляпти""}",1,https://ptest.uz/images/2eb626be-44da-4f81-a2d2-6224a18163d4.webp,25-BILET,300,,,,
Transport vositalarining temir yo'l kesishmasiga qancha masofadan yaqinroqda to'xtab turishlari taqaqlanadi?,Транспорт воситаларининг темир ёл кесишмасига қанча масофадан яқинроқда тўхтаб туришлари тақақланади?,"{""300 m"",""150 m"",""100 m"",""50 m"",""25 m""}","{""300 м"",""150 м"",""100 м"",""50 м"",""25 м""}",3,https://postimg.cc/Dmfk0bYv,25-BILET,300,,,,
Chorrahani transport vositalari quyidagi tartibda kesib o'tadilar:,Чорраҳани транспорт воситалари қуйидаги тартибда кесиб ўтадилар:,"{""Hamma bir vaqtda"",""Ko'k, qizil, yashil"",""Ko'k ayni vaqtda yashil bilan, qizil"",""Qizil, yashil bilan ko'k""}","{""Ҳамма бир вақтда"",""Кўк, қизил, яшил"",""Кўк айни вақтда яшил билан, қизил"",""Қизил, яшил билан кўк""}",0,https://ptest.uz/images/f6055d32-7d47-450c-9fa2-162ff10bfc8e.webp,25-BILET,300,,,,
Harakatlanish ruxsat etilgan:,Ҳаракатланиш рухсат етилган:,"{""Qizil avtomobilga"",""Motosiklga"",""Tramvayga va qizil avtomobilga"",""Tramvayga"",""Ko'k avtomobilga""}","{""Қизил автомобилга"",""Мотосиклга"",""Трамвайга ва қизил автомобилга"",""Трамвайга"",""Кўк автомобилга""}",0,https://ptest.uz/images/54638144-854c-4844-9be4-e6003e9df6de.webp,25-BILET,300,,,,
Haydovchining o'zi aniqlay oladigan harakatlanish uchun to'sqinlik yoki xavf tug'ilganda qanday choralar ko'rishi kerak?,Ҳайдовчининг ўзи аниқлай оладиган ҳаракатланиш учун тўсқинлик ёки хавф туғилганда қандай чоралар кўриши керак?,"{""Xavfsizlik choralariga rioya qilgan holda tezlikni kamaytirishi va xavfli yo'l qismidan o'tishi"",""Tezlikni transport vositasi to'xtagunicha kamaytirishi yoki to'siqni aylanib o'tishning boshqa harakat qatnashchilari uchun xavfsiz choralarni ko'rishi"",""Sodir bo'lgan hodisa haqida ichki ishlar organlariga xabar berishi"",""DYHX xizmatining eng yaqin mahkamasiga yoki IIO idorasiga kelishi va paydo bo'lgan to'sqinliklar yoki xavf-xatar to'g'risida xabar berishi""}","{""Хавфсизлик чораларига риоя қилган ҳолда тезликни камайтириши ва хавфли ёл қисмидан ўтиши"",""Тезликни транспорт воситаси тўхтагунича камайтириши ёки тўсиқни айланиб ўтишнинг бошқа ҳаракат қатнашчилари учун хавфсиз чораларни кўриши"",""Содир бўлган ҳодиса ҳақида ички ишлар органларига хабар бериши"",""ДЙҲХ хизматининг енг яқин маҳкамасига ёки ИИО идорасига келиши ва пайдо бўлган тўсқинликлар ёки хавф-хатар тўғрисида хабар бериши""}",1,https://postimg.cc/Dmfk0bYv,25-BILET,300,,,,
Yo'l chizig'i bilan ajratilgan bekat maydonchasidan harakatlanish uchun foydalanishga ruxsat etiladimi?,Ёл чизиғи билан ажратилган бекат майдончасидан ҳаракатланиш учун фойдаланишга рухсат етиладими?,"{""Ruxsat etiladi"",""Taqiqlanadi"",""To'xtash joyida tramvay bo'lmaganda ruxsat etiladi""}","{""Рухсат етилади"",""Тақиқланади"",""Тўхташ жойида трамвай бўлмаганда рухсат етилади""}",1,https://ptest.uz/images/5c3929e8-d5f9-495e-b5c3-b2aee7780fa1.webp,25-BILET,300,,,,
Agar jonlantirishni (reanimasiyani) 2 kishi bir vaqtda olib borganda yurakni bilvosita massaj qilish va suniy nafas oldirish qanday bajariladi?,Агар жонлантиришни (реанимасияни) 2 киши бир вақтда олиб борганда юракни билвосита массаж қилиш ва суний нафас олдириш қандай бажарилади?,"{""Bir marta ko'krak qafasi bosiladi, bir marta havo puflanadi va hokazo"",""Ikki marta havo puflanadi, so'ng yurak sohasi 30 marta bosiladi va hokazo"",""2-3 marta havo puflangandan so'ng 15 marta ko'krak qafasi bosiladi""}","{""Бир марта кўкрак қафаси босилади, бир марта ҳаво пуфланади ва ҳоказо"",""Икки марта ҳаво пуфланади, сўнг юрак соҳаси 30 марта босилади ва ҳоказо"",""2-3 марта ҳаво пуфлангандан сўнг 15 марта кўкрак қафаси босилади""}",1,https://postimg.cc/Dmfk0bYv,25-BILET,300,,,,
Sanab o'tilgan sharoitlardan qay birida avtomobillar va avtopoezdlardan foydalanish taqiqlanadi?,Санаб ўтилган шароитлардан қай бирида автомобиллар ва автопоездлардан фойдаланиш тақиқланади?,"{""Gidravlik tormoz tizimining zichligi buzilganda"",""Tormoz tizimining samaradorligi qoida talablariga javob beradi"",""To'xtab turish tormoz tizimi harakatsiz holatda to'la vazndagi transport vositalarini 16% dan kam bo'lgan qiyalikda ushlab tura olganda""}","{""Гидравлик тормоз тизимининг зичлиги бузилганда"",""Тормоз тизимининг самарадорлиги қоида талабларига жавоб беради"",""Тўхтаб туриш тормоз тизими ҳаракатсиз ҳолатда тўла вазндаги транспорт воситаларини 16% дан кам бўлган қияликда ушлаб тура олганда""}",0,https://postimg.cc/Dmfk0bYv,25-BILET,300,,,,
"Qaysi belgi agar yuk avtomobilni tirkamasi bilan birga ruxsat etilgan to'liq vazni 7 tonnaga teng bo'lsa, tirkamali avtomobillarning harakatlanishini taqiqlaydi?","Қайси белги агар юк автомобилни тиркамаси билан бирга рухсат етилган тўлиқ вазни 7 тоннага тенг бўлса, тиркамали автомобилларнинг ҳаракатланишини тақиқлайди?","{""1"",""2"",""3"",""4"",""5""}","{""1"",""2"",""3"",""4"",""5""}",3,https://ptest.uz/images/2411eab0-c3f2-424d-b87f-47516068a21e.webp,25-BILET,300,,,,
Qaysi transport vositalari yo'lovchilarni tushirish uchun noto'g'ri to'xtagan?,Қайси транспорт воситалари ёловчиларни тушириш учун нотўғри тўхтаган?,"{""Qizil avtomobil"",""Ko'k avtomobil"",""Motosikl"",""Har ikki avtomobil"",""Hamma transport vositalari""}","{""Қизил автомобил"",""Кўк автомобил"",""Мотосикл"",""Ҳар икки автомобил"",""Ҳамма транспорт воситалари""}",0,https://ptest.uz/images/ea518e55-dbdb-4c41-877c-2b3891b772a4.webp,25-BILET,300,,,,
Jabrlanuvchiga uning yurak faoliyati yoki nafas olishi to'xtaganda qanday ketma-ketlikda birinchi yordam ko'rsatish zarur?,Жабрланувчига унинг юрак фаолияти ёки нафас олиши тўхтаганда қандай кетма-кетликда биринчи ёрдам кўрсатиш зарур?,"{""Yurakni massaj qilish, nafas yo'llarini bo'shatish, suniy nafas oldirish"",""Suniy nafas oldirish, yurakni ustidan massaj qilish, nafas yo'llarini bo'shatish"",""Nafas yo'llarini bo'shatish, suniy nafas oldirish va yurakning ustidan massaj qilish""}","{""Юракни массаж қилиш, нафас ёлларини бўшатиш, суний нафас олдириш"",""Суний нафас олдириш, юракни устидан массаж қилиш, нафас ёлларини бўшатиш"",""Нафас ёлларини бўшатиш, суний нафас олдириш ва юракнинг устидан массаж қилиш""}",2,https://postimg.cc/Dmfk0bYv,25-BILET,300,,,,
Tashiladigan yuk vaznini va o'qlar bo'yicha tushadigan og'irlikni taqsimlashni kim tartibga solib turadi?,Ташиладиган юк вазнини ва ўқлар бўйича тушадиган оғирликни тақсимлашни ким тартибга солиб туради?,"{""Davlat YHXX"",""Avtoxo'jalik mamuriyati"",""Mazkur transport vositasini tayyorlovchi-korxona""}","{""Давлат ЙҲХХ"",""Автохўжалик мамурияти"",""Мазкур транспорт воситасини тайёрловчи-корхона""}",2,https://postimg.cc/Dmfk0bYv,25-BILET,300,,,,
Bu belgi qaysi transport vositalariga tegishli emas?,Бу белги қайси транспорт воситаларига тегишли емас?,"{""Traktorlar va o'ziyurar avtomobillarga"",""Avtobuslar va mikro avtobuslarga"",""Belgi tasirida joylashgan korxonalarga xizmat ko'rsatayotgan transport vositasiga""}","{""Тракторлар ва ўзиюрар автомобилларга"",""Автобуслар ва микро автобусларга"",""Белги тасирида жойлашган корхоналарга хизмат кўрсатаётган транспорт воситасига""}",2,https://ptest.uz/images/58b580a1-a62e-4eea-9620-851b1ec78167.webp,25-BILET,300,,,,
Mazkur vaziyatda qizil avtomobilga quvib o'tishga ruxsat etiladimi?,Мазкур вазиятда қизил автомобилга қувиб ўтишга рухсат етиладими?,"{""Ruxsat etiladi"",""Taqiqlanadi"",""Quvib o'tilayotgan transport vositasing tezligi 40 km/s dan kam bo'lganda ruxsat etiladi""}","{""Рухсат етилади"",""Тақиқланади"",""Қувиб ўтилаётган транспорт воситасинг тезлиги 40 км/с дан кам бўлганда рухсат етилади""}",0,https://ptest.uz/images/f4c9fb0b-e2fa-4c4b-a225-df93d930b63b.webp,25-BILET,300,,,,
Harakatlanish taqiqlangan:,Ҳаракатланиш тақиқланган:,"{""Ko'k-sariq avtomobilga chapga"",""Ko'k-sariq avtomobilga to'g'riga, qizil avtomobilga to'g'riga va o'ngga"",""Qizil avtomobilga - to'g'riga va o'ngga""}","{""Кўк-сариқ автомобилга чапга"",""Кўк-сариқ автомобилга тўғрига, қизил автомобилга тўғрига ва ўнгга"",""Қизил автомобилга - тўғрига ва ўнгга""}",0,https://ptest.uz/images/4abfded4-94c2-451e-9da0-0af9eb5225d1.webp,25-BILET,300,,,,
Haydovchi aholi punktidan tashqarida harakat qoidalarini buzmoqdami?,Ҳайдовчи аҳоли пунктидан ташқарида ҳаракат қоидаларини бузмоқдами?,"{""Ha"",""Yo'q""}","{""Ҳа"",""Ёқ""}",0,https://ptest.uz/images/afe230b7-d8a4-4724-94ac-15f271b945f3.webp,25-BILET,300,,,,
Transport vositalariga qaysi yo'nalish bo'yicha harakatlanishga ruxsat etiladi?,Транспорт воситаларига қайси ёналиш бўйича ҳаракатланишга рухсат етилади?,"{""Tramvayga chapga yoki to'g'riga"",""Faqat avtomobilga chapga"",""Tramvay va avtomobilga chapga"",""Tramvayga chapga yoki to'g'riga, avtomobilga tramvaydan so'ng"",""Tramvayga chapga, avtomobilga chapga va teskari yo'nalishga""}","{""Трамвайга чапга ёки тўғрига"",""Фақат автомобилга чапга"",""Трамвай ва автомобилга чапга"",""Трамвайга чапга ёки тўғрига, автомобилга трамвайдан сўнг"",""Трамвайга чапга, автомобилга чапга ва тескари ёналишга""}",4,https://ptest.uz/images/eae6f5c7-2408-47b2-9218-5d2a28e03fe8.webp,26-BILET,300,,,,
Bu belgi o'rnatilgan yo'lda avtobuslarga harakatlanish ruxsat etiladimi?,Бу белги ўрнатилган ёлда автобусларга ҳаракатланиш рухсат етиладими?,"{""Faqat ruxsat etilgan to'la vazni 3,5 t dan ortiq bo'lmagan avtomobillarga ruxsat etiladi"",""Taqiqlanadi"",""Ruxsat etiladi""}","{""Фақат рухсат етилган тўла вазни 3,5 т дан ортиқ бўлмаган автомобилларга рухсат етилади"",""Тақиқланади"",""Рухсат етилади""}",2,https://ptest.uz/images/ac3305ee-a7c1-4971-baf0-c98d495fa07e.webp,26-BILET,300,,,,
Belgilangan yo'nalishdagi transport vositalariga qaysilar kiradi?,Белгиланган ёналишдаги транспорт воситаларига қайсилар киради?,"{""Avtobuslar va yo'nalishli taksilar"",""Tramvaylar va trolleybuslar"",""Belgilangan yo'nalishlar bo'yicha harakatlanadigan avtobuslar, trolleybuslar, tramvaylar va yo'nalishli taksilar""}","{""Автобуслар ва ёналишли таксилар"",""Трамвайлар ва троллейбуслар"",""Белгиланган ёналишлар бўйича ҳаракатланадиган автобуслар, троллейбуслар, трамвайлар ва ёналишли таксилар""}",2,https://postimg.cc/Dmfk0bYv,26-BILET,300,,,,
"""Gazel"" yuk avtomobilining yuk bilan balandligi yo'l ustidan 3,8 m bo'lsa, uni tashish mumkinmi?","""Газел"" юк автомобилининг юк билан баландлиги ёл устидан 3,8 м бўлса, уни ташиш мумкинми?","{""Ruxsat beriladi"",""Ruxsat berilmaydi"",""Ruxsat beriladi, faqat yo'nalishlarda osma ko'priklar, osma yo'l (estakada) bo'lmasa""}","{""Рухсат берилади"",""Рухсат берилмайди"",""Рухсат берилади, фақат ёналишларда осма кўприклар, осма ёл (естакада) бўлмаса""}",0,https://postimg.cc/Dmfk0bYv,26-BILET,300,,,,
"Yuk transport vositasining o'lchamlaridan chiqib tursa, kunning qorong'i vaqtida va etarli ko'rinmaydigan sharoitda qanday belgilanadi?","Юк транспорт воситасининг ўлчамларидан чиқиб турса, куннинг қоронги вақтида ва етарли кўринмайдиган шароитда қандай белгиланади?","{""Ishora taxtachalari yoki bayroqchalar (diagonal bo'yicha navbatma-navbat tortilgan qizil va oq yo'lli) bilan"",""\""????? ??????? ??\"" taniqlik belgisi bilan belgilanishi, qo'shimcha ravishda oldiga oq, orqasiga esa qizil chiroqlar yoki yorug'lik qaytargich bilan"",""Orqasiga qizil, oldiga oq bayroqchalar bilan""}","{""Ишора тахтачалари ёки байроқчалар (диагонал бўйича навбатма-навбат тортилган қизил ва оқ ёлли) билан"",""\""????? ??????? ??\"" таниқлик белгиси билан белгиланиши, қўшимча равишда олдига оқ, орқасига еса қизил чироқлар ёки ёруғлик қайтаргич билан"",""Орқасига қизил, олдига оқ байроқчалар билан""}",1,https://postimg.cc/Dmfk0bYv,26-BILET,300,,,,
Qaysi avtomobil haydovchisiga to'xtashga ruxsat etilgan?,Қайси автомобил ҳайдовчисига тўхташга рухсат етилган?,"{""Engil avtomobilning haydovchisiga"",""Yuk avtomobilining haydovchisiga"",""Har ikki haydovchiga""}","{""Енгил автомобилнинг ҳайдовчисига"",""Юк автомобилининг ҳайдовчисига"",""Ҳар икки ҳайдовчига""}",1,https://ptest.uz/images/8a31031a-16fc-49a1-80f6-766375d40317.webp,26-BILET,300,,,,
Ko'k avtomobilning haydovchisi qanday yo'l tutishi kerak?,Кўк автомобилнинг ҳайдовчиси қандай ёл тутиши керак?,"{""Sariq avtomobilga u orqadan kelayotgani uchun yo'l bermay, mo'ljallangan yo'nalishda chorrahani kesib o'tishi"",""Qarama-qarshi harakat bo'lagiga darhol qayta tizilishi"",""Tezlikni kamaytirishi, sariq avtomobilga quvib o'tishni tugallashiga imkon berishi, so'ng esa chapga burilishni ko'rsatadigan chiroqni yoqib, chapga burilishi lozim""}","{""Сариқ автомобилга у орқадан келаётгани учун ёл бермай, мўлжалланган ёналишда чорраҳани кесиб ўтиши"",""Қарама-қарши ҳаракат бўлагига дарҳол қайта тизилиши"",""Тезликни камайтириши, сариқ автомобилга қувиб ўтишни тугаллашига имкон бериши, сўнг еса чапга бурилишни кўрсатадиган чироқни ёқиб, чапга бурилиши лозим""}",2,https://ptest.uz/images/e8078d7e-5278-4b88-b73a-d8b4766bc0cf.webp,26-BILET,300,,,,
Belgilardan qaysi biri bevosita yo'lning xavfli qismi oldiga o'rnatiladi?,Белгилардан қайси бири бевосита ёлнинг хавфли қисми олдига ўрнатилади?,"{""1"",""2"",""3"",""4"",""5""}","{""1"",""2"",""3"",""4"",""5""}",4,https://ptest.uz/images/d8179554-9702-40d6-8835-269937479750.webp,26-BILET,300,,,,
Qaysi transport vositasiga harakatlanish ruxsat etiladi?,Қайси транспорт воситасига ҳаракатланиш рухсат етилади?,"{""Sariq va qizil avtomobilga"",""Yashil, qizil va oq avtomobilgatosiklga"",""Oq va yashil avtomobilga""}","{""Сариқ ва қизил автомобилга"",""Яшил, қизил ва оқ автомобилгатосиклга"",""Оқ ва яшил автомобилга""}",0,https://ptest.uz/images/604edbfc-b7ad-4b32-9adc-fcd320655884.webp,26-BILET,300,,,,
Yo'lovchilarni tushirish uchun qaysi transport vositalari to'g'ri to'xtadi?,Ёловчиларни тушириш учун қайси транспорт воситалари тўғри тўхтади?,"{""Engil avtomobil"",""Motosikl"",""Avtobus"",""Barcha transport vositalari""}","{""Енгил автомобил"",""Мотосикл"",""Автобус"",""Барча транспорт воситалари""}",0,https://ptest.uz/images/1b966794-41ff-4e8e-9e18-e932435b442b.webp,26-BILET,300,,,,
Qayrilish taqiqlanadi:,Қайрилиш тақиқланади:,"{""Chorrahalarda va ularga 15 metrdan dan yaqinroqda"",""Chorrahalar oldiga 15 metrdan yaqinroqda"",""Yo'lning loaqal bir yo'nalishida 100 metrdan kamroq qismi ko'rinadigan aholi punktlaridan tashqarida"",""Loaqal bir yo'nalishda yo'lning 100 metrdan kamroq qismi ko'ringanda""}","{""Чорраҳаларда ва уларга 15 метрдан дан яқинроқда"",""Чорраҳалар олдига 15 метрдан яқинроқда"",""Ёлнинг лоақал бир ёналишида 100 метрдан камроқ қисми кўринадиган аҳоли пунктларидан ташқарида"",""Лоақал бир ёналишда ёлнинг 100 метрдан камроқ қисми кўринганда""}",3,https://postimg.cc/Dmfk0bYv,26-BILET,300,,,,
"Avtomobil harakatlanayotganda kutilmaganda shinasi yorilib ketsa, haydovchi nima qilishi zarur?","Автомобил ҳаракатланаётганда кутилмаганда шинаси ёрилиб кетса, ҳайдовчи нима қилиши зарур?","{""Ishchi tormoz bilan to'la to'xtaguncha keskin tormozlash"",""Avtomobilni to'xtab turish tormozi yordamida to'xtatish"",""Rul chambaragini ushlab turish, to'g'ri chiziqda harakatni saqlash, tezlikni kamaytirish va to'xtatish""}","{""Ишчи тормоз билан тўла тўхтагунча кескин тормозлаш"",""Автомобилни тўхтаб туриш тормози ёрдамида тўхтатиш"",""Рул чамбарагини ушлаб туриш, тўғри чизиқда ҳаракатни сақлаш, тезликни камайтириш ва тўхтатиш""}",2,https://postimg.cc/Dmfk0bYv,26-BILET,300,,,,
Qaysi belgi chapga burilishga ruxsat etadi?,Қайси белги чапга бурилишга рухсат етади?,"{""1"",""2"",""3"",""4"",""5""}","{""1"",""2"",""3"",""4"",""5""}",2,https://ptest.uz/images/135cb2f0-ef26-4b13-b22e-1d3cd10a3bb2.webp,26-BILET,300,,,,
"Bunday yo'l belgisi bilan belgilangan yo'l qismlarida ruxsat etilgan to'la vazni 3,5 t dan ortiq bo'lgan yuk avtomobillarining qanday yuqori tezlik bilan harakatlanishiga ruxsat etiladi?","Бундай ёл белгиси билан белгиланган ёл қисмларида рухсат етилган тўла вазни 3,5 т дан ортиқ бўлган юк автомобилларининг қандай юқори тезлик билан ҳаракатланишига рухсат етилади?","{""60 km/s"",""90 km/s"",""80 km/s"",""70 km/s"",""100 km/s""}","{""60 км/с"",""90 км/с"",""80 км/с"",""70 км/с"",""100 км/с""}",2,https://ptest.uz/images/fa7c3a54-fc0e-4a9f-8a75-b0b351482e31.webp,26-BILET,300,,,,
Harakat tezligi 40 km/sdan oshmaydigan transport vositasiga qatnov qismining chap tasmasiga chiqishga qachon ruxsat etiladi?,Ҳаракат тезлиги 40 км/сдан ошмайдиган транспорт воситасига қатнов қисмининг чап тасмасига чиқишга қачон рухсат етилади?,"{""Burilish yoki qayrilish oldidan qayta tizilishda"",""Quvib o'tishda, o'zib ketishda yoki aylanib o'tishda"",""Sanab o'tilgan barcha hollarda"",""Sanab o'tilgan barcha hollarda, shuningdek, agar bir yo'nalishda harakatlanish uchun uchta va undan ortiq tasma bo'lganda""}","{""Бурилиш ёки қайрилиш олдидан қайта тизилишда"",""Қувиб ўтишда, ўзиб кетишда ёки айланиб ўтишда"",""Санаб ўтилган барча ҳолларда"",""Санаб ўтилган барча ҳолларда, шунингдек, агар бир ёналишда ҳаракатланиш учун учта ва ундан ортиқ тасма бўлганда""}",2,https://ptest.uz/images/a1b62224-e46f-4b31-8c94-94144757251a.webp,26-BILET,300,,,,
"Agar pnevmatik uzatmaning zichligi buzilib, kompressor ishlamay turganda boshqaruv asboblarining erkin holatida havo bosimining 30 daqiqada qancha MPa-ga pasayishiga sabab bo'lsa, tormoz tizimi nosoz hisoblanadi?","Агар пневматик узатманинг зичлиги бузилиб, компрессор ишламай турганда бошқарув асбобларининг еркин ҳолатида ҳаво босимининг 30 дақиқада қанча МПа-га пасайишига сабаб бўлса, тормоз тизими носоз ҳисобланади?","{""0,025"",""0,035"",""0,05"",""0,055"",""0,06""}","{""0,025"",""0,035"",""0,05"",""0,055"",""0,06""}",2,https://postimg.cc/Dmfk0bYv,26-BILET,300,,,,
Kim o'quv tashkilotlarida avtomototransport vositalarini boshqarishni o'rgatish huquqiga ega?,Ким ўқув ташкилотларида автомототранспорт воситаларини бошқаришни ўргатиш ҳуқуқига ега?,"{""Boshqarishni o'rgatish huquqini beruvchi hujjatlari bo'lgan haydashni o'rgatuvchi instruktor"",""Tajribali haydovchi"",""3 yillik ishlagan davri bo'lgan haydovchi"",""5 yil haydovchilik ishlagan davriga ega bo'lgan 1 - va 2 - toifa haydovchilar""}","{""Бошқаришни ўргатиш ҳуқуқини берувчи ҳужжатлари бўлган ҳайдашни ўргатувчи инструктор"",""Тажрибали ҳайдовчи"",""3 йиллик ишлаган даври бўлган ҳайдовчи"",""5 йил ҳайдовчилик ишлаган даврига ега бўлган 1 - ва 2 - тоифа ҳайдовчилар""}",0,https://postimg.cc/Dmfk0bYv,26-BILET,300,,,,
Transport vositalari chorrahani quyidagi tartibda kesib o'tadi:,Транспорт воситалари чорраҳани қуйидаги тартибда кесиб ўтади:,"{""1- va 2-tramvaylar ayni vaqtda yashil avtomobil bilan, qizil, ko'k avtomobillar"",""1-tramvay ayni vaqtda yashil avtomobil bilan, qizil avtomobil; 2-tramvay va ko'k avtomobil bir vaqtda""}","{""1- ва 2-трамвайлар айни вақтда яшил автомобил билан, қизил, кўк автомобиллар"",""1-трамвай айни вақтда яшил автомобил билан, қизил автомобил; 2-трамвай ва кўк автомобил бир вақтда""}",1,https://ptest.uz/images/97e8b669-bcad-407d-a8c4-a90d31f9046b.webp,26-BILET,300,,,,
Bu yo'l belgisi bilan belgilangan yo'l qismida engil avtomobilni shatakka olishga ruxsat etiladimi?,Бу ёл белгиси билан белгиланган ёл қисмида енгил автомобилни шатакка олишга рухсат етиладими?,"{""Ruxsat etiladi"",""Taqiqlanadi""}","{""Рухсат етилади"",""Тақиқланади""}",1,https://ptest.uz/images/a4029266-08f4-4d52-bc0d-ca3b74b180ea.webp,26-BILET,300,,,,
Chorrahani oxirgi bo'lib kesib o'tadi:,Чорраҳани охирги бўлиб кесиб ўтади:,"{""Ko'k avtomobil"",""Yashil avtomobil"",""Qizil avtomobil""}","{""Кўк автомобил"",""Яшил автомобил"",""Қизил автомобил""}",0,https://ptest.uz/images/1dee9371-da27-4f25-bf6a-4c18266b776e.webp,26-BILET,300,,,,
Transport vositalariga qaysi yo'nalish bo'yicha harakatlanishga ruxsat etiladi?,Транспорт воситаларига қайси ёналиш бўйича ҳаракатланишга рухсат етилади?,"{""Tramvayga chapga yoki to'g'riga"",""Faqat avtomobilga chapga"",""Tramvay va avtomobilga chapga"",""Tramvayga chapga yoki to'g'riga, avtomobilga tramvaydan so'ng"",""Tramvayga chapga, avtomobilga chapga va teskari yo'nalishga""}","{""Трамвайга чапга ёки тўғрига"",""Фақат автомобилга чапга"",""Трамвай ва автомобилга чапга"",""Трамвайга чапга ёки тўғрига, автомобилга трамвайдан сўнг"",""Трамвайга чапга, автомобилга чапга ва тескари ёналишга""}",4,https://ptest.uz/images/eae6f5c7-2408-47b2-9218-5d2a28e03fe8.webp,26-BILET,300,,,,
Qanday sharoitlarda transport vositalaridan foydalanish taqiqlanadi?,Қандай шароитларда транспорт воситаларидан фойдаланиш тақиқланади?,"{""Yoritish chiroqlari yo'nalishi buzilgan bo'lsa"",""Tashqi yoritish asboblari va yorug'lik qaytargichlar ifloslanganda"",""Yoritish asboblari o'rnida mazkur yoritish asboblarining turiga mos kelmaydigan lampalardan foydalanilganda"",""Sanab o'tilgan barcha hollarda""}","{""Ёритиш чироқлари ёналиши бузилган бўлса"",""Ташқи ёритиш асбоблари ва ёруғлик қайтаргичлар ифлосланганда"",""Ёритиш асбоблари ўрнида мазкур ёритиш асбобларининг турига мос келмайдиган лампалардан фойдаланилганда"",""Санаб ўтилган барча ҳолларда""}",3,https://postimg.cc/Dmfk0bYv,27-BILET,300,,,,
"Haydovchi, agar uning transport vositasi 40 km/s ga teng yoki undan ortiq tezlik bilan balandlikka chiqa olmasa, nima chora ko'rishi kerak?","Ҳайдовчи, агар унинг транспорт воситаси 40 км/с га тенг ёки ундан ортиқ тезлик билан баландликка чиқа олмаса, нима чора кўриши керак?","{""Asosiy bo'lak bo'yicha, agar unda boshqa transport vositalari yo'q bo'lsa, harakatlanishni davom ettirishi"",""Qo'shimcha bo'lakka qayta tizilishi"",""Agar balandlikning davomliligi 30 m dan oshmasa, asosiy bo'lak bo'yicha harakatlanishni davom ettirishi""}","{""Асосий бўлак бўйича, агар унда бошқа транспорт воситалари ёқ бўлса, ҳаракатланишни давом еттириши"",""Қўшимча бўлакка қайта тизилиши"",""Агар баландликнинг давомлилиги 30 м дан ошмаса, асосий бўлак бўйича ҳаракатланишни давом еттириши""}",1,https://ptest.uz/images/1cb3b8a5-fcd3-4d24-9af9-468b90120d33.webp,27-BILET,300,,,,
Yo'lovchi tashishga mo'ljallanmagan yuk avtomobilida yukni kuzatib boruvchi yoki qabul qilib oluvchi shaxslarning tashilishiga ruxsat beriladimi?,Ёловчи ташишга мўлжалланмаган юк автомобилида юкни кузатиб борувчи ёки қабул қилиб олувчи шахсларнинг ташилишига рухсат бериладими?,"{""Agar bort balandligidan pastda joylashgan qulay o'rindiq bo'lsa ruxsat beriladi"",""Taqiqlanadi""}","{""Агар борт баландлигидан пастда жойлашган қулай ўриндиқ бўлса рухсат берилади"",""Тақиқланади""}",0,https://postimg.cc/Dmfk0bYv,27-BILET,300,,,,
Qaysi belgi yo'lning bir tomonlamali harakatlanish yo'l qismini ko'rsatadi?,Қайси белги ёлнинг бир томонламали ҳаракатланиш ёл қисмини кўрсатади?,"{""1"",""2"",""3"",""4"",""5""}","{""1"",""2"",""3"",""4"",""5""}",2,https://ptest.uz/images/08369abe-03c1-44af-899a-fc939be94572.webp,27-BILET,300,,,,
Quvib o'tish nima?,Қувиб ўтиш нима?,"{""Egallagan harakatlanish bo'lagidan chiqib oldinda ketayotgan transport vositasidan o'zib ketish"",""Bir yoki bir nechta transport vositalarini qarama-qarshi yo'nalishda harakatlanish uchun mo'ljallangan tasmaga chiqib, so'ngra ilgari egallagan qatoriga qaytib o'tish bilan bog'liq bo'lgan o'zib ketish"",""Kam tezlik bilan qo'shni qatorda harakatlanayotgan bir yoki bir qancha transport vositalaridan o'zib ketish""}","{""Егаллаган ҳаракатланиш бўлагидан чиқиб олдинда кетаётган транспорт воситасидан ўзиб кетиш"",""Бир ёки бир нечта транспорт воситаларини қарама-қарши ёналишда ҳаракатланиш учун мўлжалланган тасмага чиқиб, сўнгра илгари егаллаган қаторига қайтиб ўтиш билан боғлиқ бўлган ўзиб кетиш"",""Кам тезлик билан қўшни қаторда ҳаракатланаётган бир ёки бир қанча транспорт воситаларидан ўзиб кетиш""}",1,https://postimg.cc/Dmfk0bYv,27-BILET,300,,,,
O'ng va chap g'ildiraklarining shinalari turlicha yeyilgan avtomobilga tormoz berish qanday xavfli oqibatlarga olib kelishi mumkin?,Ўнг ва чап ғилдиракларининг шиналари турлича ейилган автомобилга тормоз бериш қандай хавфли оқибатларга олиб келиши мумкин?,"{""Tormoz barabanlarining qizib ketishiga"",""Naqsh izlarining ko'chib ketishiga"",""Avtomobilning ag'darilib ketishi mumkin darajada sirpanib ketishiga""}","{""Тормоз барабанларининг қизиб кетишига"",""Нақш изларининг кўчиб кетишига"",""Автомобилнинг ағдарилиб кетиши мумкин даражада сирпаниб кетишига""}",2,https://postimg.cc/Dmfk0bYv,27-BILET,300,,,,
Avtomobillar chorrahani quyidagi tartibda kesib o'tadilar:,Автомобиллар чорраҳани қуйидаги тартибда кесиб ўтадилар:,"{""Sariq chorrahaga chiqadi va yashilni o'tkazib yuborish uchun to'xtaydi; yashil, ko'k ayni vaqtda qizil bilan, sariq"",""Ko'k, ayni vaqtda qizil bilan, yashil, sariq"",""Yashil, ko'k ayni vaqtda qizil, so'ng sariq""}","{""Сариқ чорраҳага чиқади ва яшилни ўтказиб юбориш учун тўхтайди; яшил, кўк айни вақтда қизил билан, сариқ"",""Кўк, айни вақтда қизил билан, яшил, сариқ"",""Яшил, кўк айни вақтда қизил, сўнг сариқ""}",2,https://ptest.uz/images/f094b919-affd-4092-a139-45f7b0cb50fe.webp,27-BILET,300,,,,
Chiziqlar bilan bo'laklarga ajratilgan yo'lning qatnov qismida transport vositalarining harakatlanishi qanday amalga oshirilishi kerak?,Чизиқлар билан бўлакларга ажратилган ёлнинг қатнов қисмида транспорт воситаларининг ҳаракатланиши қандай амалга оширилиши керак?,"{""Qatiy bo'laklar bo'yicha, uzuq-uzuq chiziqni kesib o'tishga faqat qayta tizilishda ruxsat etiladi"",""Agar qatnov qismi transport vositalaridan xoli bo'lsa, bo'lak bo'yicha qatiy emas"",""Agar transport vositalarining o'lchamlari eniga katta bo'lmasa, bo'lak bo'yicha qatiy emas"",""Agar qatnov qismida tirkamali avtomobillar bo'lmasa va bunda ancha tor harakat oralig'ini saqlash mumkin bo'lsa, bo'laklar bo'yicha qatiy emas""}","{""Қатий бўлаклар бўйича, узуқ-узуқ чизиқни кесиб ўтишга фақат қайта тизилишда рухсат етилади"",""Агар қатнов қисми транспорт воситаларидан холи бўлса, бўлак бўйича қатий емас"",""Агар транспорт воситаларининг ўлчамлари енига катта бўлмаса, бўлак бўйича қатий емас"",""Агар қатнов қисмида тиркамали автомобиллар бўлмаса ва бунда анча тор ҳаракат оралиғини сақлаш мумкин бўлса, бўлаклар бўйича қатий емас""}",0,https://postimg.cc/Dmfk0bYv,27-BILET,300,,,,
Boldir suyagi o'rtasidan singanda transportda olib yurish uchun taxtakach yoki uning o'rniga o'tuvchi narsa qanday qo'yiladi?,Болдир суяги ўртасидан синганда транспортда олиб юриш учун тахтакач ёки унинг ўрнига ўтувчи нарса қандай қўйилади?,"{""Singan joyga qo'yiladigan shina yoki uning o'rnini bosuvchi narsani siqib bog'lash kerak"",""Shinani ikki tomondan butun boldir uzunligida tovondan to tizza bo'g'inigacha qo'yish kerak"",""Tovon tagidan to son o'rtasigacha oyoqning ichki va tashqi tomonidan ikkita shina qo'yish kerak. Singan joyni, tizza va boldir-oyoq kafti bo'g'inlarini qimirlatmaslik lozim""}","{""Синган жойга қўйиладиган шина ёки унинг ўрнини босувчи нарсани сиқиб боғлаш керак"",""Шинани икки томондан бутун болдир узунлигида товондан то тизза бўғинигача қўйиш керак"",""Товон тагидан то сон ўртасигача оёқнинг ички ва ташқи томонидан иккита шина қўйиш керак. Синган жойни, тизза ва болдир-оёқ кафти бўғинларини қимирлатмаслик лозим""}",2,https://postimg.cc/Dmfk0bYv,27-BILET,300,,,,
Qizil avtomobilning haydovchisiga tramvay yo'li bo'yicha harakatlanishga ruxsat etiladimi?,Қизил автомобилнинг ҳайдовчисига трамвай ёли бўйича ҳаракатланишга рухсат етиладими?,"{""Ruxsat etiladi"",""Taqiqlangan""}","{""Рухсат етилади"",""Тақиқланган""}",0,https://ptest.uz/images/437cdb0a-8581-4cd2-bfd8-274338dedd77.webp,27-BILET,300,,,,
"Siz chapga burilishga yoki qayrilishga qaror qildingiz. Orqa ko'rinadigan ko'zguga qarab, bildingizki, ortingizdagi haydovchi sizni quvib o'tmoqchi. Sizning bundan keyingi harakatingiz?","Сиз чапга бурилишга ёки қайрилишга қарор қилдингиз. Орқа кўринадиган кўзгуга қараб, билдингизки, ортингиздаги ҳайдовчи сизни қувиб ўтмоқчи. Сизнинг бундан кейинги ҳаракатингиз?","{""Burilishning chap ko'rsatkichini yoqish va qatnov qismida qulay joylashib olishdan foydalanib, manyovr qilishga kirishish"",""Sizning ortingizdan kelayotgan haydovchi sizni quvib o'tib ketgandan so'nggina burilishning chap ko'rsatkichini yoqish"",""Burilishning chap ko'rsatkichini yoqish, o'zini quvib o'tishga imkon berishi va so'ng manyovr qilishga kirishish""}","{""Бурилишнинг чап кўрсаткичини ёқиш ва қатнов қисмида қулай жойлашиб олишдан фойдаланиб, манёвр қилишга киришиш"",""Сизнинг ортингиздан келаётган ҳайдовчи сизни қувиб ўтиб кетгандан сўнггина бурилишнинг чап кўрсаткичини ёқиш"",""Бурилишнинг чап кўрсаткичини ёқиш, ўзини қувиб ўтишга имкон бериши ва сўнг манёвр қилишга киришиш""}",1,https://postimg.cc/Dmfk0bYv,27-BILET,300,,,,
Qaysi transport vositasining haydovchisi to'xtash qoidasini buzdi?,Қайси транспорт воситасининг ҳайдовчиси тўхташ қоидасини бузди?,"{""Faqat motosikl haydovchisi"",""Faqat avtomobil haydovchisi"",""Har ikkisi buzdi"",""Hech kim buzmadi""}","{""Фақат мотосикл ҳайдовчиси"",""Фақат автомобил ҳайдовчиси"",""Ҳар иккиси бузди"",""Ҳеч ким бузмади""}",0,https://ptest.uz/images/5c8d7ae5-bf8f-46ee-a089-cc2823e3da28.webp,27-BILET,300,,,,
"""Ruxsat etilgan to'la vazn"" nima?","""Рухсат етилган тўла вазн"" нима?","{""Transport vositasining yuk ko'tarishi"",""Transport vositasining haqiqiy vazni"",""Aslahalangan transport vositasining ishlab chiqaruvchi korxona tomonidan belgilangan, yuk, haydovchi va yo'lovchilari bilan birgalikdagi eng yuqori vazni (o'lchovi). Bir tarkibda harakatlanayotgan (tirkama va h.k.) transport vositalarining ruxsat etilgan to'la vazniga shu tarkibga kiruvchi transport vositalarining ruxsat etilgan to'la vaznlari yig'indisi kiradi"",""Transport vositasida tashiladigan yukning ishlab chiqargan korxona yo'l qo'ygan texnik tavsifnomasi sifatida belgilanadigan vazni""}","{""Транспорт воситасининг юк кўтариши"",""Транспорт воситасининг ҳақиқий вазни"",""Аслаҳаланган транспорт воситасининг ишлаб чиқарувчи корхона томонидан белгиланган, юк, ҳайдовчи ва ёловчилари билан биргаликдаги енг юқори вазни (ўлчови). Бир таркибда ҳаракатланаётган (тиркама ва ҳ.к.) транспорт воситаларининг рухсат етилган тўла вазнига шу таркибга кирувчи транспорт воситаларининг рухсат етилган тўла вазнлари йиғиндиси киради"",""Транспорт воситасида ташиладиган юкнинг ишлаб чиқарган корхона ёл қўйган техник тавсифномаси сифатида белгиланадиган вазни""}",2,https://postimg.cc/Dmfk0bYv,27-BILET,300,,,,
Mazkur vaziyatda quvib o'tishga ruxsat etilganmi?,Мазкур вазиятда қувиб ўтишга рухсат етилганми?,"{""40 km/soatdan kam tezlik bilan harakatlanayotgan faqat yakka transport vositalariga ruxsat etilgan"",""Taqiqlangan"",""Hamma hollarda ruxsat etilgan""}","{""40 км/соатдан кам тезлик билан ҳаракатланаётган фақат якка транспорт воситаларига рухсат етилган"",""Тақиқланган"",""Ҳамма ҳолларда рухсат етилган""}",1,https://ptest.uz/images/85b7c372-10bc-484a-a87d-042a81c846d9.webp,27-BILET,300,,,,
Aholi punktlarida malum harakat tezligiga rioya etayotgan yirik o'lchamli transport vositasining haydovchisi qanday yo'l tutishi kerak?,Аҳоли пунктларида малум ҳаракат тезлигига риоя етаётган йирик ўлчамли транспорт воситасининг ҳайдовчиси қандай ёл тутиши керак?,"{""To'xtashi va orqasida to'planib qolgan transport vositalarini o'tkazib yuborishi"",""Harakatni davom ettirishi""}","{""Тўхташи ва орқасида тўпланиб қолган транспорт воситаларини ўтказиб юбориши"",""Ҳаракатни давом еттириши""}",1,https://ptest.uz/images/d50d8712-6ef9-44bf-b007-6d169df3ab47.webp,27-BILET,300,,,,
Avtomagistralda qatnov qismining chetini bildiruvchi sidirg'a oq chiziqni bosib o'tishga ruxsat etiladimi?,Автомагистралда қатнов қисмининг четини билдирувчи сидирға оқ чизиқни босиб ўтишга рухсат етиладими?,"{""Ruxsat etiladi"",""Taqiqlanadi"",""Agar avtomagistralda harakatlanish serqatnov bo'lsa, taqiqlanadi""}","{""Рухсат етилади"",""Тақиқланади"",""Агар автомагистралда ҳаракатланиш серқатнов бўлса, тақиқланади""}",0,https://ptest.uz/images/78fd555c-7e40-46b6-b75d-a6d0a3e5d00c.webp,27-BILET,300,,,,
Transport vositalari chorrahani quyidagi tartibda kesib o'tadilar:,Транспорт воситалари чорраҳани қуйидаги тартибда кесиб ўтадилар:,"{""Yashil avtomobil ayni vaqtda 2-tramvay bilan; 1-tramvay, ko'k, sariq, qizil avtomobillar"",""1- va 2-tramvaylar ayni vaqtda sariq avtomobil bilan, yashil, ko'k, qizil avtomobillar""}","{""Яшил автомобил айни вақтда 2-трамвай билан; 1-трамвай, кўк, сариқ, қизил автомобиллар"",""1- ва 2-трамвайлар айни вақтда сариқ автомобил билан, яшил, кўк, қизил автомобиллар""}",1,https://ptest.uz/images/6908cf09-f7b3-410d-ac2f-2315c10811f8.webp,27-BILET,300,,,,
Bu belgida harakatlanish ruxsat etiladi:,Бу белгида ҳаракатланиш рухсат етилади:,"{""Faqat avtomobil haydovchisiga"",""Faqat avtomobil va motosikl haydovchilariga"",""Barcha transport vositalarining haydovchilariga"",""Faqat avtomobil va avtobus haydovchilariga""}","{""Фақат автомобил ҳайдовчисига"",""Фақат автомобил ва мотосикл ҳайдовчиларига"",""Барча транспорт воситаларининг ҳайдовчиларига"",""Фақат автомобил ва автобус ҳайдовчиларига""}",2,https://ptest.uz/images/bfee5768-af13-4a3a-956e-b3d7e86ba6b7.webp,27-BILET,300,,,,
Qaysi rasmda haydovchi o'ngga to'g'ri burilyapti?,Қайси расмда ҳайдовчи ўнгга тўғри буриляпти?,"{""1"",""2""}","{""1"",""2""}",0,https://ptest.uz/images/d45d59e1-19e0-4fae-907a-250f27b9b812.webp,27-BILET,300,,,,
Qanday sharoitlarda transport vositalaridan foydalanish taqiqlanadi?,Қандай шароитларда транспорт воситаларидан фойдаланиш тақиқланади?,"{""Yoritish chiroqlari yo'nalishi buzilgan bo'lsa"",""Tashqi yoritish asboblari va yorug'lik qaytargichlar ifloslanganda"",""Yoritish asboblari o'rnida mazkur yoritish asboblarining turiga mos kelmaydigan lampalardan foydalanilganda"",""Sanab o'tilgan barcha hollarda""}","{""Ёритиш чироқлари ёналиши бузилган бўлса"",""Ташқи ёритиш асбоблари ва ёруғлик қайтаргичлар ифлосланганда"",""Ёритиш асбоблари ўрнида мазкур ёритиш асбобларининг турига мос келмайдиган лампалардан фойдаланилганда"",""Санаб ўтилган барча ҳолларда""}",3,https://postimg.cc/Dmfk0bYv,27-BILET,300,,,,
Chorrahani oxirgi kesib o'tadi:,Чорраҳани охирги кесиб ўтади:,"{""Qizil avtomobil"",""Ko'k avtomobil"",""Yashil avtomobil""}","{""Қизил автомобил"",""Кўк автомобил"",""Яшил автомобил""}",2,https://ptest.uz/images/93cb8a81-2d6c-4044-895d-d20fe7d235cb.webp,28-BILET,300,,,,
Bu belgida yuk avtomobillaridan qaysi biriga harakatlanishni davom ettirishga ruxsat etiladi?,Бу белгида юк автомобилларидан қайси бирига ҳаракатланишни давом еттиришга рухсат етилади?,"{""Yukxonasida odam tashishga moslashtirilgan maxsus yuk avtomobillarida"",""Furgon-yukxonada mahsulotlar tashiydigan avtomobillarga"",""\""?????\"" yozuvi bo'lgan avtomobillarga""}","{""Юкхонасида одам ташишга мослаштирилган махсус юк автомобилларида"",""Фургон-юкхонада маҳсулотлар ташийдиган автомобилларга"",""\""?????\"" ёзуви бўлган автомобилларга""}",0,https://ptest.uz/images/bb528f38-abb1-4de0-951e-8428324bc244.webp,28-BILET,300,,,,
Transport vositalari chorrahadan quyidagi tartibda o'tadilar:,Транспорт воситалари чорраҳадан қуйидаги тартибда ўтадилар:,"{""Ko'k avtomobil, tramvay, qizil avtomobil"",""Tramvay, qizil, so'ngra ko'k avtomobil"",""Tramvay, ko'k avtomobil chorrahaga chiqadi, qizilga yo'l beradi, so'ngra burilishni tugallaydi""}","{""Кўк автомобил, трамвай, қизил автомобил"",""Трамвай, қизил, сўнгра кўк автомобил"",""Трамвай, кўк автомобил чорраҳага чиқади, қизилга ёл беради, сўнгра бурилишни тугаллайди""}",0,https://ptest.uz/images/22eec92a-5ea9-4e0e-b84c-3925321914a1.webp,28-BILET,300,,,,
Bu joyda to'xtashga ruxsat etilganmi?,Бу жойда тўхташга рухсат етилганми?,"{""Ruxsat etilgan"",""Taqiqlangan""}","{""Рухсат етилган"",""Тақиқланган""}",1,https://ptest.uz/images/859c742f-5635-4776-89a2-adc6a69ae486.webp,28-BILET,300,,,,
Transport vositasini boshqarishni o'rgatyotgan shaxs haydovchi hisoplanadimi?,Транспорт воситасини бошқаришни ўргатётган шахс ҳайдовчи ҳисопланадими?,"{""Ha"",""Yo'q""}","{""Ҳа"",""Ёқ""}",0,https://postimg.cc/Dmfk0bYv,28-BILET,300,,,,
Bu yo'l belgisi:,Бу ёл белгиси:,"{""Ikki g'ildirakli kajavasiz motosikllardan tashqari hamma mexanik transport vositalarining harakatlanishini taqiqlaydi"",""G'ildirakli traktorlardan tashqari hamma transport vositalarining harakatlanishini taqiqlaydi"",""Traktorlar va o'zi yurar mashinalarning harakatlanishi taqiqlanadi""}","{""Икки ғилдиракли кажавасиз мотосикллардан ташқари ҳамма механик транспорт воситаларининг ҳаракатланишини тақиқлайди"",""Ғилдиракли тракторлардан ташқари ҳамма транспорт воситаларининг ҳаракатланишини тақиқлайди"",""Тракторлар ва ўзи юрар машиналарнинг ҳаракатланиши тақиқланади""}",2,https://ptest.uz/images/d12de547-6450-4f14-815a-181e35584a34.webp,28-BILET,300,,,,
Chorrahani oxirgi bo'lib kim kesib o'tadi?,Чорраҳани охирги бўлиб ким кесиб ўтади?,"{""Qizil avtomobil"",""Ko'k avtomobil"",""Yashil avtomobil""}","{""Қизил автомобил"",""Кўк автомобил"",""Яшил автомобил""}",0,https://ptest.uz/images/f39d6ea1-c529-465d-b174-0a14d75dfafa.webp,28-BILET,300,,,,
Belgilarning tasiri qaysi transport vositalariga tatbiq etiladi?,Белгиларнинг тасири қайси транспорт воситаларига татбиқ етилади?,"{""Faqat engil avtomobillarga"",""Engil avtomobillarga va motosikllarga"",""Engil avtomobillarga va ruxsat etilgan to'la vazni 3,5 t dan kam yoki teng bo'lgan yuk avtomobillariga""}","{""Фақат енгил автомобилларга"",""Енгил автомобилларга ва мотосиклларга"",""Енгил автомобилларга ва рухсат етилган тўла вазни 3,5 т дан кам ёки тенг бўлган юк автомобилларига""}",2,https://ptest.uz/images/81539064-3f6f-4ea0-9cda-be91bd38f2c2.webp,28-BILET,300,,,,
Shatakka olish qanday hollarda taqiqlangan?,Шатакка олиш қандай ҳолларда тақиқланган?,"{""Yaxmalakda qattiq ulagichda"",""Yaxmalakda egiluvchan ulagichda"",""Yon kajavali motosikllar bilan""}","{""Яхмалакда қаттиқ улагичда"",""Яхмалакда егилувчан улагичда"",""Ён кажавали мотосикллар билан""}",1,https://postimg.cc/Dmfk0bYv,28-BILET,300,,,,
Harakatlanish qaysi yo'nalishga ruxsat etilgan?,Ҳаракатланиш қайси ёналишга рухсат етилган?,"{""To'g'riga va o'ngga birinchi yo'nalishga"",""O'ngga birinchi yo'nalishga"",""O'ngga ikkinchi yo'nalishga"",""O'ngga birinchi va ikkinchi yo'nalishga""}","{""Тўғрига ва ўнгга биринчи ёналишга"",""Ўнгга биринчи ёналишга"",""Ўнгга иккинчи ёналишга"",""Ўнгга биринчи ва иккинчи ёналишга""}",1,https://ptest.uz/images/ae80e50a-c76d-4f03-85b7-d966b7728228.webp,28-BILET,300,,,,
Shaharlararo qatnaydigan avtobusning haydovchisiga aholi punktlaridan tashqarida tezlikni 80 km/s dan oshirishga ruxsat etiladimi?,Шаҳарлараро қатнайдиган автобуснинг ҳайдовчисига аҳоли пунктларидан ташқарида тезликни 80 км/с дан оширишга рухсат етиладими?,"{""Faqat shu yo'nalishda harakatlanish uchun ikki yoki undan ortiq bo'lak bo'lgan yo'l bo'yicha harakatlanganda ruxsat etiladi"",""Ruxsat etiladi"",""Taqiqlanadi""}","{""Фақат шу ёналишда ҳаракатланиш учун икки ёки ундан ортиқ бўлак бўлган ёл бўйича ҳаракатланганда рухсат етилади"",""Рухсат етилади"",""Тақиқланади""}",1,https://postimg.cc/Dmfk0bYv,28-BILET,300,,,,
"Aholi yashaydigan joylardan tashqarida transport vositalarining uzoq to'xtab turishi (dam olishi, tunash va hokazo)ga qaerda ruxsat etiladi?","Аҳоли яшайдиган жойлардан ташқарида транспорт воситаларининг узоқ тўхтаб туриши (дам олиши, тунаш ва ҳоказо)га қаерда рухсат етилади?","{""Yo'l chetida"",""To'xtab turish maydonchalarida yoki yo'ldan tashqarida"",""Yo'l qatnov qismining o'ng tomonida, biroq boshqa transport vositalarining harakatlanishiga to'sqinlik qilmasligi kerak"",""Yo'lning chap tomonida, biroq harakat xafvsizligi choralariga rioya qilgan holda""}","{""Ёл четида"",""Тўхтаб туриш майдончаларида ёки ёлдан ташқарида"",""Ёл қатнов қисмининг ўнг томонида, бироқ бошқа транспорт воситаларининг ҳаракатланишига тўсқинлик қилмаслиги керак"",""Ёлнинг чап томонида, бироқ ҳаракат хафвсизлиги чораларига риоя қилган ҳолда""}",1,https://postimg.cc/Dmfk0bYv,28-BILET,300,,,,
Yonilg'i quyish joyidan yo'lga chiqish chorraha hisoblanadimi?,Ёнилғи қуйиш жойидан ёлга чиқиш чорраҳа ҳисобланадими?,"{""Hisoblanmaydi"",""Hisoblanadi""}","{""Ҳисобланмайди"",""Ҳисобланади""}",0,https://postimg.cc/Dmfk0bYv,28-BILET,300,,,,
Qaysi belgi shlagbaumli temir yo'l kesishmasiga yaqinlashganlik haqida ogohlantiradi?,Қайси белги шлагбаумли темир ёл кесишмасига яқинлашганлик ҳақида огоҳлантиради?,"{""1"",""2"",""3"",""4"",""5""}","{""1"",""2"",""3"",""4"",""5""}",3,https://ptest.uz/images/dd9be77c-05af-41ed-836b-50cc2d6a8397.webp,28-BILET,300,,,,
Mazkur belgi nima haqida xabar beradi?,Мазкур белги нима ҳақида хабар беради?,"{""Trolleybus yoki avtobus to'xtash joylarini bildiradi"",""Marshrutdan boshqa barcha transport vositalariga yo'lning o'ng qatori bo'yicha harakatlanishni taqiqlaydi""}","{""Троллейбус ёки автобус тўхташ жойларини билдиради"",""Маршрутдан бошқа барча транспорт воситаларига ёлнинг ўнг қатори бўйича ҳаракатланишни тақиқлайди""}",0,https://ptest.uz/images/b300c9af-8b99-4427-9a2a-3a42253a7982.webp,28-BILET,300,,,,
Ushbu yotiq chiziqlardan qaysi biri belgilangan yo'nalishdagi transport vositalari uchun to'xtashga ruxsat beradi?,Ушбу ётиқ чизиқлардан қайси бири белгиланган ёналишдаги транспорт воситалари учун тўхташга рухсат беради?,"{""\""?\"""",""\""?\"""",""\""?\"""",""\""?\"", \""?\"", \""?\""""}","{""\""?\"""",""\""?\"""",""\""?\"""",""\""?\"", \""?\"", \""?\""""}",3,https://ptest.uz/images/a54ba283-0657-44fd-a0f0-2035c71a8e85.webp,28-BILET,300,,,,
Egiluvchan ulagichda shatakka olganda transport vositalari orasidagi masofa qanday bo'lishi kerak?,Егилувчан улагичда шатакка олганда транспорт воситалари орасидаги масофа қандай бўлиши керак?,"{""1-3 m"",""2-4 m"",""3-6 m"",""4-6 m"",""4-8 m""}","{""1-3 м"",""2-4 м"",""3-6 м"",""4-6 м"",""4-8 м""}",3,https://postimg.cc/Dmfk0bYv,28-BILET,300,,,,
"Qaysi belgi ""Mehmonxona""ni bildiradi?","Қайси белги ""Меҳмонхона""ни билдиради?","{""1"",""2"",""3"",""4"",""5""}","{""1"",""2"",""3"",""4"",""5""}",2,https://ptest.uz/images/954f077d-0fc3-442b-ab54-d982006f5dc4.webp,28-BILET,300,,,,
"Zanjirli bo'lgan qishloq xo'jalik, yo'l qurilishi va mexanik transport vositalariga temir yo'l kesishmasidan o'tishga ruxsat etiladimi?","Занжирли бўлган қишлоқ хўжалик, ёл қурилиши ва механик транспорт воситаларига темир ёл кесишмасидан ўтишга рухсат етиладими?","{""Agar temir yo'l boshlig'ining ruxsati bo'lsa, ruxsat etiladi"",""Mexanik transport vositalariga yuklab olib o'tishga ruxsat etiladi"",""Taqiqlanadi""}","{""Агар темир ёл бошлиғининг рухсати бўлса, рухсат етилади"",""Механик транспорт воситаларига юклаб олиб ўтишга рухсат етилади"",""Тақиқланади""}",1,https://postimg.cc/Dmfk0bYv,28-BILET,300,,,,
Qizil avtomobil chorrahani kesib o'tadi:,Қизил автомобил чорраҳани кесиб ўтади:,"{""Birinchi bo'lib"",""Ikkinchi bo'lib""}","{""Биринчи бўлиб"",""Иккинчи бўлиб""}",0,https://ptest.uz/images/e6172828-953e-493b-9394-d86a7c64afb0.webp,28-BILET,300,,,,
Chorrahani oxirgi kesib o'tadi:,Чорраҳани охирги кесиб ўтади:,"{""Qizil avtomobil"",""Ko'k avtomobil"",""Yashil avtomobil""}","{""Қизил автомобил"",""Кўк автомобил"",""Яшил автомобил""}",2,https://ptest.uz/images/93cb8a81-2d6c-4044-895d-d20fe7d235cb.webp,28-BILET,300,,,,
Mazkur yotiq chiziq nimani anglatadi?,Мазкур ётиқ чизиқ нимани англатади?,"{""Belgilangan yo'nalishdagi transport vositalari harakatlanadigan bo'lakni"",""Maxsus avtomobillar harakatlanadigan bo'lakni"",""Reversiv harakatlanish bo'lagining chegarasini""}","{""Белгиланган ёналишдаги транспорт воситалари ҳаракатланадиган бўлакни"",""Махсус автомобиллар ҳаракатланадиган бўлакни"",""Реверсив ҳаракатланиш бўлагининг чегарасини""}",2,https://ptest.uz/images/a375cf9f-a222-465a-b91c-0168471b1e6b.webp,29-BILET,300,,,,
Transport vositalarining trotuar va piyodalar yo'lkasi bo'ylab harakatlanishiga yo'l qo'yiladimi?,Транспорт воситаларининг тротуар ва пиёдалар ёлкаси бўйлаб ҳаракатланишига ёл қўйиладими?,"{""Yo'l qo'yiladi, agar bu piyodalarning harakatiga xalal bermasa"",""Yo'l qo'yilmaydi, chunki bu piyodalarning hayotini xavf ostiga qo'yishi mumkin"",""Bevosita shu trotuar yoki yo'lkalarda joylashgan savdo yoki boshqa korxonalarga xizmat ko'rsatishda yo'l qo'yiladi"",""Trotuarda turgan boshqa transport vositasini aylanib o'tish uchun yo'l qo'yiladi""}","{""Ёл қўйилади, агар бу пиёдаларнинг ҳаракатига халал бермаса"",""Ёл қўйилмайди, чунки бу пиёдаларнинг ҳаётини хавф остига қўйиши мумкин"",""Бевосита шу тротуар ёки ёлкаларда жойлашган савдо ёки бошқа корхоналарга хизмат кўрсатишда ёл қўйилади"",""Тротуарда турган бошқа транспорт воситасини айланиб ўтиш учун ёл қўйилади""}",2,https://postimg.cc/Dmfk0bYv,29-BILET,300,,,,
Qaysi qo'shimcha axborot belgisi transport vositalarini to'xtab turish joyiga qo'yish usulini ko'rsatadi?,Қайси қўшимча ахборот белгиси транспорт воситаларини тўхтаб туриш жойига қўйиш усулини кўрсатади?,"{""1"",""2"",""3"",""4"",""5""}","{""1"",""2"",""3"",""4"",""5""}",2,https://ptest.uz/images/fb8c480a-aa19-4820-8053-ef4f7e615975.webp,29-BILET,300,,,,
Qizil avtomobilning haydovchisi:,Қизил автомобилнинг ҳайдовчиси:,"{""Yo'l berishi kerak"",""Birinchi galda harakatlanishga ustunlikka ega""}","{""Ёл бериши керак"",""Биринчи галда ҳаракатланишга устунликка ега""}",0,https://ptest.uz/images/691b7879-98f4-4cf7-ad0d-ce2b0c7b10b3.webp,29-BILET,300,,,,
Bu yo'l belgisi bildiradi:,Бу ёл белгиси билдиради:,"{""Oxiri berk ko'chaga olib boradigan yo'lni"",""Aholi yashaydigan joydagi manzilga tomon harakatlanish yo'nalishini"",""Balandlikda yoki tezlanish bo'lagida qo'shimcha bo'lakning tugaganini""}","{""Охири берк кўчага олиб борадиган ёлни"",""Аҳоли яшайдиган жойдаги манзилга томон ҳаракатланиш ёналишини"",""Баландликда ёки тезланиш бўлагида қўшимча бўлакнинг тугаганини""}",0,https://ptest.uz/images/96e7e4c7-a31d-4912-a152-6f6d1644a1d1.webp,29-BILET,300,,,,
Uzunasiga ketgan sidirg'a chizig'i bilan to'xtagan transport vositalari o'rtasidagi masofa quyidagidan kam bo'lgan joylarda transport vositalarining to'xtashi va to'xtab turishi taqiqlanadi:,Узунасига кетган сидирға чизиғи билан тўхтаган транспорт воситалари ўртасидаги масофа қуйидагидан кам бўлган жойларда транспорт воситаларининг тўхташи ва тўхтаб туриши тақиқланади:,"{""2,0 m"",""3,0 m"",""4,0 m"",""5,0 m"",""6,0 m""}","{""2,0 м"",""3,0 м"",""4,0 м"",""5,0 м"",""6,0 м""}",1,https://postimg.cc/Dmfk0bYv,29-BILET,300,,,,
Shatakka olingan engil avtomobilda yo'lovchilarni tashish mumkinmi?,Шатакка олинган енгил автомобилда ёловчиларни ташиш мумкинми?,"{""Egiluvchi va qattiq ulagichda ruxsat etiladi"",""Taqiqlanadi""}","{""Егилувчи ва қаттиқ улагичда рухсат етилади"",""Тақиқланади""}",0,https://postimg.cc/Dmfk0bYv,29-BILET,300,,,,
Quyidagi belgi tagidagi qo'shimcha axborot belgisi haydovchiga nima haqida xabar beradi?,Қуйидаги белги тагидаги қўшимча ахборот белгиси ҳайдовчига нима ҳақида хабар беради?,"{""To'xtab turish paytida yurgizgichni o'chirish taqiqlanadi"",""Yurgizgichni o'chirish sharti bilan to'xtab turish""}","{""Тўхтаб туриш пайтида юргизгични ўчириш тақиқланади"",""Юргизгични ўчириш шарти билан тўхтаб туриш""}",1,https://ptest.uz/images/270aec62-945d-4c9d-b726-7716ec79a8c1.webp,29-BILET,300,,,,
Yuk avtomobilining yukxonasida 8 nafardan ko'p odamlarni tashish qaysi haydovchilarga ruxsat beriladi?,Юк автомобилининг юкхонасида 8 нафардан кўп одамларни ташиш қайси ҳайдовчиларга рухсат берилади?,"{""\""?\"" toifadagi transport vositasini boshqarish huquqi guvohnomasi bo'lib, shu avtomobilda uch yillik ish davriga ega bo'lgan haydovchilarga"",""\""D\"" va \""?\"" toifadagi transport vositalarini boshqarish huquqiga ega bo'lgan va shu toifadagi transport vositalaridan birini 3 yildan ortiq boshqargan haydovchilarga""}","{""\""?\"" тоифадаги транспорт воситасини бошқариш ҳуқуқи гувоҳномаси бўлиб, шу автомобилда уч йиллик иш даврига ега бўлган ҳайдовчиларга"",""\""Д\"" ва \""?\"" тоифадаги транспорт воситаларини бошқариш ҳуқуқига ега бўлган ва шу тоифадаги транспорт воситаларидан бирини 3 йилдан ортиқ бошқарган ҳайдовчиларга""}",1,https://postimg.cc/Dmfk0bYv,29-BILET,300,,,,
Bunday yo'l belgisi bilan belgilangan yo'l qismlarida shaharlararo qatnaydigan avtobuslarning qanday eng yuqori tezlikda harakatlanishiga ruxsat etiladi?,Бундай ёл белгиси билан белгиланган ёл қисмларида шаҳарлараро қатнайдиган автобусларнинг қандай енг юқори тезликда ҳаракатланишига рухсат етилади?,"{""50 km/s"",""60 km/s"",""70 km/s"",""80 km/s"",""90 km/s""}","{""50 км/с"",""60 км/с"",""70 км/с"",""80 км/с"",""90 км/с""}",4,https://ptest.uz/images/2e7b86d8-9d88-4246-8f66-42c125fa52e5.webp,29-BILET,300,,,,
Benzin bug'idan zaharlanishning alomatlari qanday?,Бензин буғидан заҳарланишнинг аломатлари қандай?,"{""Ko'z o'ngi qorong'ilashadi, bosh aylanadi, muvozanat yo'qoladi, yiqiladi. Tomir urishi sekinlashadi. Oyoq-qo'l soviydi"",""Mastga o'xshab harakatlanadi, bosh aylanadi, og'riydi, ko'ngil ayniydi, qayt qiladi, mushaklari tortishadi. Nafas olish sekinlashadi""}","{""Кўз ўнги қоронгилашади, бош айланади, мувозанат ёқолади, йиқилади. Томир уриши секинлашади. Оёқ-қўл совийди"",""Мастга ўхшаб ҳаракатланади, бош айланади, оғрийди, кўнгил айнийди, қайт қилади, мушаклари тортишади. Нафас олиш секинлашади""}",1,https://postimg.cc/Dmfk0bYv,29-BILET,300,,,,
Haydovchi quvib o'tishni boshlashdan oldin nimaga ishonch hosil qilishi kerak?,Ҳайдовчи қувиб ўтишни бошлашдан олдин нимага ишонч ҳосил қилиши керак?,"{""Quvib o'tayotgan transport vositasidan ancha tezroq harakatlanishiga"",""Shu bo'lak bo'yicha oldinda harakatlanayotgan transport vositasining haydovchisi chapga burilish (qayta tizilish) haqida ishora bermaganiga"",""U chiqishga mo'ljallangan yo'l qismi 1000 m masofada bo'sh ekanligiga""}","{""Қувиб ўтаётган транспорт воситасидан анча тезроқ ҳаракатланишига"",""Шу бўлак бўйича олдинда ҳаракатланаётган транспорт воситасининг ҳайдовчиси чапга бурилиш (қайта тизилиш) ҳақида ишора бермаганига"",""У чиқишга мўлжалланган ёл қисми 1000 м масофада бўш еканлигига""}",1,https://postimg.cc/Dmfk0bYv,29-BILET,300,,,,
Motosikllarni shatakka olishga ruxsat etiladimi?,Мотосиклларни шатакка олишга рухсат етиладими?,"{""Yon kajavali motosikllarga ruxsat etiladi"",""Taqiqlanadi"",""Tekis joylarda ruxsat etiladi"",""Yon kajavasi bo'lmagan motosikllarga ruxsat etiladi""}","{""Ён кажавали мотосиклларга рухсат етилади"",""Тақиқланади"",""Текис жойларда рухсат етилади"",""Ён кажаваси бўлмаган мотосиклларга рухсат етилади""}",0,https://postimg.cc/Dmfk0bYv,29-BILET,300,,,,
Chorrahani birinchi bo'lib kesib o'tadi,Чорраҳани биринчи бўлиб кесиб ўтади,"{""Qizil avtomobil"",""Ko'k avtomobil"",""Yashil avtomobil""}","{""Қизил автомобил"",""Кўк автомобил"",""Яшил автомобил""}",2,https://ptest.uz/images/8af12ca4-1bee-42ea-b688-079aab44d5db.webp,29-BILET,300,,,,
"Yotiq uzluksiz sariq chiziq ""To'xtash taqiqlangan"" belgisi bilan birga to'xtashga ruxsat etadi:","Ётиқ узлуксиз сариқ чизиқ ""Тўхташ тақиқланган"" белгиси билан бирга тўхташга рухсат етади:","{""Yo'lovchilarni tushiradigai barcha transport vositalariga"",""Avtobuslarga va trolleybuslarga"",""Faqat belgilangan yo'nalishdagi transport vositalariga va yo'nalishsiz engil taksilarga""}","{""Ёловчиларни туширадигаи барча транспорт воситаларига"",""Автобусларга ва троллейбусларга"",""Фақат белгиланган ёналишдаги транспорт воситаларига ва ёналишсиз енгил таксиларга""}",2,https://ptest.uz/images/cf1a51d2-1731-4dec-a64d-0c9faf931f67.webp,29-BILET,300,,,,
Chorrahani ikkinchi bo'lib kim kesib o'tadi?,Чорраҳани иккинчи бўлиб ким кесиб ўтади?,"{""Yashil avtom obil"",""Qizil avtomobil ayni vaqtda ko'k bilan"",""Sariq avtomobil""}","{""Яшил автом обил"",""Қизил автомобил айни вақтда кўк билан"",""Сариқ автомобил""}",1,https://ptest.uz/images/5cc7a33f-70f0-493e-bf7b-bbfb4aae5ad4.webp,29-BILET,300,,,,
Qaysi yo'l asosiy yo'l hisoblanadi?,Қайси ёл асосий ёл ҳисобланади?,"{""Tuproqli yo'lga nisbatan qoplamali yo'l yoki tegishli belgilar bilan belgilangan yo'l"",""Uch tomonlama chorrahada tutashib kelgan yo'lga nisbatan har ikki tomonga davom etuvchi yo'l"",""Har bir yo'nalishda harakatlanish uchun bir bo'lakli yo'lga nisbatan ko'p bo'lakli qatnov qismi bo'lgan yo'l""}","{""Тупроқли ёлга нисбатан қопламали ёл ёки тегишли белгилар билан белгиланган ёл"",""Уч томонлама чорраҳада туташиб келган ёлга нисбатан ҳар икки томонга давом етувчи ёл"",""Ҳар бир ёналишда ҳаракатланиш учун бир бўлакли ёлга нисбатан кўп бўлакли қатнов қисми бўлган ёл""}",0,https://postimg.cc/Dmfk0bYv,29-BILET,300,,,,
Sekinyurar transport vositalarining temir yo'l kesishmasi orqali harakatlanishiga faqat temir yo'l boshlig'ining ruxsati bilan harakat tezligi quyidagidan kam bo'lganda yo'l qo'yiladi,Секинюрар транспорт воситаларининг темир ёл кесишмаси орқали ҳаракатланишига фақат темир ёл бошлиғининг рухсати билан ҳаракат тезлиги қуйидагидан кам бўлганда ёл қўйилади,"{""3 km/s"",""5 km/s"",""8 km/s"",""10 km/s"",""30 km/s""}","{""3 км/с"",""5 км/с"",""8 км/с"",""10 км/с"",""30 км/с""}",2,https://postimg.cc/Dmfk0bYv,29-BILET,300,,,,
Temir yo'l kesishmasidan o'tishda haydovchi nimaga amal qilishi kerak?,Темир ёл кесишмасидан ўтишда ҳайдовчи нимага амал қилиши керак?,"{""Shlagbaumning holatiga va yorug'lik ishorasiga"",""Yo'l belgilari va chiziqlariga"",""Temir yo'l kesishmasi navbatchisining ko'rsatmalari va ishoralariga"",""Barcha sanab o'tilgan talablarga""}","{""Шлагбаумнинг ҳолатига ва ёруғлик ишорасига"",""Ёл белгилари ва чизиқларига"",""Темир ёл кесишмаси навбатчисининг кўрсатмалари ва ишораларига"",""Барча санаб ўтилган талабларга""}",3,https://postimg.cc/Dmfk0bYv,29-BILET,300,,,,
Bu belgi bilan belgilangan yo'l qismlarida ajratuvchi bo'lakning uzilish joyida qayrilishga ruxsat etiladimi?,Бу белги билан белгиланган ёл қисмларида ажратувчи бўлакнинг узилиш жойида қайрилишга рухсат етиладими?,"{""Ruxsat etiladi"",""Taqiqlanadi"",""Faqat to'la vazni 3,5 tonnagacha bo'lgan transport vositalariga ruxsat etiladi""}","{""Рухсат етилади"",""Тақиқланади"",""Фақат тўла вазни 3,5 тоннагача бўлган транспорт воситаларига рухсат етилади""}",1,https://ptest.uz/images/e4662f75-db7f-4e5c-94a6-17706e775f9a.webp,29-BILET,300,,,,
Mazkur yotiq chiziq nimani anglatadi?,Мазкур ётиқ чизиқ нимани англатади?,"{""Belgilangan yo'nalishdagi transport vositalari harakatlanadigan bo'lakni"",""Maxsus avtomobillar harakatlanadigan bo'lakni"",""Reversiv harakatlanish bo'lagining chegarasini""}","{""Белгиланган ёналишдаги транспорт воситалари ҳаракатланадиган бўлакни"",""Махсус автомобиллар ҳаракатланадиган бўлакни"",""Реверсив ҳаракатланиш бўлагининг чегарасини""}",2,https://ptest.uz/images/a375cf9f-a222-465a-b91c-0168471b1e6b.webp,29-BILET,300,,,,
Reaktsiya va diqqatni pasaytiruvchi dori-darmonlar tasirida bo'lgan haydovchiga transport vositalarini boshqarishga ruxsat etiladimi?,Реакция ва диққатни пасайтирувчи дори-дармонлар таъсирида бўлган ҳайдовчига транспорт воситаларини бошқаришга рухсат этиладими?,"{""Taqiqlanadi"",""Ruxsat etiladi"",""Agar haydovchining ishlagan davri 2 yildan ortiq bo'lsa, ruxsat etiladi""}","{""Тақиқланади"",""Рухсат этилади"",""Агар ҳайдовчининг ишлаган даври 2 йилдан ортиқ бўлса, рухсат этилади""}",0,https://postimg.cc/Dmfk0bYv,Bilet 31-40,300,,,,
Bu belgidagi ko'k fonda aholi yashaydigan joyning nomi yozilgan qo'shimcha nimani bildiradi?,Бу белгидаги кўк фонда аҳоли яшайдиган жойнинг номи ёзилган қўшимча нимани билдиради?,"{""Bu manzil shu aholi yashaydigan joydan tashqarida joylashganini va u manzilga avtomagistral bo'lmagan, boshqa yo'l orqali borilishni"",""Ko'rsatilgan aholi manziliga harakatlanish avtomagistral bo'ylab amalga oshiriladi"",""Ko'rsatilgan manzil mazkur aholi yashaydigan joyda joylashgan""}","{""Бу манзил шу аҳоли яшайдиган жойдан ташқарида жойлашганини ва у манзилга автомагистрал бўлмаган, бошқа йўл орқали борилишни"",""Кўрсатилган аҳоли манзилига ҳаракатланиш автомагистрал бўйлаб амалга оширилади"",""Кўрсатилган манзил мазкур аҳоли яшайдиган жойда жойлашган""}",0,https://ptest.uz/images/4a10fd5b-cfae-4270-8883-b39fef547f8c.webp,Bilet 31-40,300,,,,
Transport vositasining bir o'qiga izlari har xil naqshli shinalar o'rnatishga ruxsat etiladimi?,Транспорт воситасининг бир ўқига излари ҳар хил нақшли шиналар ўрнатишга рухсат этиладими?,"{""Avtomobilning faqat orqa o'qiga oldingi boshqaruvchi ko'prik bilan birga ruxsat etiladi"",""Taqiqlanadi"",""Faqat yuk avtomobiliga ruxsat etiladi"",""Ruxsat etiladi""}","{""Автомобилнинг фақат орқа ўқига олдинги бошқарувчи кўприк билан бирга рухсат этилади"",""Тақиқланади"",""Фақат юк автомобилига рухсат этилади"",""Рухсат этилади""}",1,https://postimg.cc/Dmfk0bYv,Bilet 31-40,300,,,,
Avtomagistrallarda transport vositalarining atayin to'xtashi qaysi joylarda ruxsat etilgan?,Автомагистралларда транспорт воситаларининг атайин тўхташи қайси жойларда рухсат этилган?,"{""Belgida ko'rsatilgan tezlikdan oshirishga faqat tezlik tegishli yo'l belgisi o'rnatilib oshirilgan yo'l qismlarida ruxsat beriladi"",""Belgida ko'rsatilgan tezlikdan oshirish taqiqlanadi"",""To'xtab turish uchun «To'xtab turish joyi» yoki «Dam olish joyi» belgilari bilan belgilangan maxsus maydonchalarda Agar transport vositasida «Tezlik cheklangan» taniqli belgisi o'rnatilgan bo'lsa, bu transport vositasining haydovchisiga:""}","{""Белгида кўрсатилган тезликдан оширишга фақат тезлик тегишли йўл белгиси ўрнатилиб оширилган йўл қисмларида рухсат берилади"",""Белгида кўрсатилган тезликдан ошириш тақиқланади"",""Тўхтаб туриш учун «Тўхтаб туриш жойи» ёки «Дам олиш жойи» белгилари билан белгиланган махсус майдончаларда Агар транспорт воситасида «Тезлик чекланган» таниқли белгиси ўрнатилган бўлса, бу транспорт воситасининг ҳайдовчисига:""}",1,https://postimg.cc/Dmfk0bYv,Bilet 31-40,300,,,,
Qaysi rasmda haydovchi yo'lovchilarni tushirish uchun o'z avtomobilini to'g'ri to'xtatdi?,Қайси расмда ҳайдовчи йўловчиларни тушириш учун ўз автомобилини тўғри тўхтатди?,"{""Chapdagi rasmda"",""Ikkala rasmda"",""O'ngdagi rasmda"",""Ikkala rasmda noto'g'ri to'xtatdi""}","{""Чапдаги расмда"",""Иккала расмда"",""Ўнгдаги расмда"",""Иккала расмда нотўғри тўхтатди""}",3,https://ptest.uz/images/3399d49d-9f95-4a87-80a6-8f6bc92ceb72.webp,Bilet 31-40,300,,,,
Qizil avtomobil chorrahani nechanchi bo'ib kesib o'tadi?,Қизил автомобил чорраҳани нечанчи бўиб кесиб ўтади?,"{""Birinchi bo'lib"",""Ikkinchi bo'lib"",""Oxirgi bo'lib""}","{""Биринчи бўлиб"",""Иккинчи бўлиб"",""Охирги бўлиб""}",1,https://ptest.uz/images/82e4d04a-835f-4649-b09e-216b9914f093.webp,Bilet 31-40,300,,,,
Sanab o'tilgan hollarning qay birida qatnov qismining o'ng chetidan yoki yo'lning o'ng yoqasidan qayrilishga ruxsat etiladi?,Санаб ўтилган ҳолларнинг қай бирида қатнов қисмининг ўнг четидан ёки йўлнинг ўнг ёқасидан қайрилишга рухсат этилади?,"{""Tartibga solingan chorrahalarda"",""Chorrahalardan tashqarida, agar qatnov qismining kengligi chetki chap holatdan qayrilish uchun yetarli bo'lmasa"",""Tartibga solinmaydigan chorrahalarda, agar qayrilishni amalga oshirayotgan transport vositasi asosiy yo'lda bo'lsa""}","{""Тартибга солинган чорраҳаларда"",""Чорраҳалардан ташқарида, агар қатнов қисмининг кенглиги четки чап ҳолатдан қайрилиш учун етарли бўлмаса"",""Тартибга солинмайдиган чорраҳаларда, агар қайрилишни амалга ошираётган транспорт воситаси асосий йўлда бўлса""}",1,https://postimg.cc/Dmfk0bYv,Bilet 31-40,300,,,,
Avtopoezdning belgisi qanday holda yoqilgan bo'lishi kerak?,Автопоезднинг белгиси қандай ҳолда ёқилган бўлиши керак?,"{""Tunda yoki yetarli ko'rinmaydigan sharoitda harakat qilganda"",""Faqat avtopoezd harakat qilganda"",""Avtopoezd harakat qilganda, shuningdek, qorong'i vaqtida to'xtaganda va to'xtab turganida"",""Faqat avtopoezd yuk bilan harakat qilganda""}","{""Тунда ёки етарли кўринмайдиган шароитда ҳаракат қилганда"",""Фақат автопоезд ҳаракат қилганда"",""Автопоезд ҳаракат қилганда, шунингдек, қоронғи вақтида тўхтаганда ва тўхтаб турганида"",""Фақат автопоезд юк билан ҳаракат қилганда""}",2,https://postimg.cc/Dmfk0bYv,Bilet 31-40,300,,,,
Avtopoezdning belgisi qanday holda yoqilgan bo'lishi kerak?,Автопоезднинг белгиси қандай ҳолда ёқилган бўлиши керак?,"{""Tunda yoki yetarli ko'rinmaydigan sharoitda harakat qilganda"",""Faqat avtopoezd harakat qilganda"",""Avtopoezd harakat qilganda, shuningdek, qorong'i vaqtida to'xtaganda va to'xtab turganida"",""Faqat avtopoezd yuk bilan harakat qilganda""}","{""Тунда ёки етарли кўринмайдиган шароитда ҳаракат қилганда"",""Фақат автопоезд ҳаракат қилганда"",""Автопоезд ҳаракат қилганда, шунингдек, қоронғи вақтида тўхтаганда ва тўхтаб турганида"",""Фақат автопоезд юк билан ҳаракат қилганда""}",1,https://postimg.cc/Dmfk0bYv,Bilet 31-40,300,,,,
Aholi yashaydigan yo'llardan tashqarida yo'lning qatnov qismida haydovchilar transport vositalarini qaerda harakatlantirishlari kerak?,Аҳоли яшайдиган йўллардан ташқарида йўлнинг қатнов қисмида ҳайдовчилар транспорт воситаларини қаерда ҳаракатлантиришлари керак?,"{""Iloji boricha qatnov qismining o'ng chetiga yaqinroq joyda"",""Xohlagan bo'lak bo'ylab"",""Faqat o'ng bo'lak bo'ylab. Chap bo'lak o'tish faqat chapga burish va burilish uchun ruxsat etiladi""}","{""Иложи борича қатнов қисмининг ўнг четига яқинроқ жойда"",""Хоҳлаган бўлак бўйлаб"",""Фақат ўнг бўлак бўйлаб. Чап бўлак ўтиш фақат чапга буриш ва бурилиш учун рухсат этилади""}",0,https://ptest.uz/images/7f7443d6-5337-4adc-8b28-423a0b3b509f.webp,Bilet 31-40,300,,,,
Ikkinchi daraja tamirlash yo'li bilan tiklangan shinalarni M1 toifadagi avtotransport vositalariga o'rnatishga ruxsat etiladimi?,Иккинчи даража таъмирлаш йўли билан тикланган шиналарни М1 тоифадаги автотранспорт воситаларига ўрнатишга рухсат этиладими?,"{""Harakat svetofor bilan tartibga solib turiladigan piyodalar o'tish joyini"",""Velosiped yo'lkasining qatnov qismini kesib o'tadigan joyni"",""Piyodalar yo'lkasining qatnov qismini kesib o'tadigan joyni""}","{""Ҳаракат светофор билан тартибга солиб туриладиган пиёдалар ўтиш жойини"",""Велосипед йўлкасининг қатнов қисмини кесиб ўтадиган жойни"",""Пиёдалар йўлкасининг қатнов қисмини кесиб ўтадиган жойни""}",1,https://postimg.cc/Dmfk0bYv,Bilet 31-40,300,,,,
Quyidagi chiziq nimani bildiradi?,Қуйидаги чизиқ нимани билдиради?,"{""Avtomobillar o'tadigan yo'lni kesib o'tuvchi piyodalarni o'tkazib yuborish uchun to'xtash majburiy bo'lgan joy"",""Velosiped yo'lkasi yo'lni kesib o'tuvchi joy"",""Boshqarilmaydigan piyodalar o'tish joyi""}","{""Автомобиллар ўтадиган йўлни кесиб ўтувчи пиёдаларни ўтказиб юбориш учун тўхташ мажбурий бўлган жой"",""Велосипед йўлкаси йўлни кесиб ўтувчи жой"",""Бошқарилмайдиган пиёдалар ўтиш жойи""}",1,https://ptest.uz/images/21893fb2-1aac-430b-ad9f-83bc4439e907.webp,Bilet 31-40,300,,,,
Quvib o'tish qaysi hollardan taqiqlanadi?,Қувиб ўтиш қайси ҳоллардан тақиқланади?,"{""Temir yo'l kesishmalarida va ulargacha 100 m dan kam masofa qolganda"",""Temir yo'l kesishmalarida va ulargacha 100 m dan ko'p masofa qolganda"",""Temir yo'l kesishmalarida va aholi yashaydigan joylardan tashqarida ulardan 100 m ko'p masofa qolganda""}","{""Темир йўл кесишмаларида ва уларгача 100 м дан кам масофа қолганда"",""Темир йўл кесишмаларида ва уларгача 100 м дан кўп масофа қолганда"",""Темир йўл кесишмаларида ва аҳоли яшайдиган жойлардан ташқарида улардан 100 м кўп масофа қолганда""}",0,https://postimg.cc/Dmfk0bYv,Bilet 31-40,300,,,,
Transport vositalari chorrahani quyidagi tartibda kesib o'tadilar:,Транспорт воситалари чорраҳани қуйидаги тартибда кесиб ўтадилар:,"{""10 m"",""15 m"",""30 m"",""40 m""}","{""10 м"",""15 м"",""30 м"",""40 м""}",1,https://ptest.uz/images/ae5f76eb-351a-4dd1-b709-cd1606490c90.webp,Bilet 31-40,300,,,,
Ko'rsatilgan vaziyatda o'ngga burilar ekan haydovchi qanday yo'l tutishi kerak?,Кўрсатилган вазиятда ўнгга бурилар экан ҳайдовчи қандай йўл тутиши керак?,"{""Ustunlik huquqidan foydalanib, tovushli xabar berishi va belgilangan yo'nalishda harakatni davom ettirishi"",""Harakat tezligini pasaytirishi va alohida ehtiyotkorlik bilan yo'lda davom etishi"",""Qatnov qismidan o'tuvchi piyodalarga yo'l berishi""}","{""Устунлик ҳуқуқидан фойдаланиб, товушли хабар бериши ва белгиланган йўналишда ҳаракатни давом эттириши"",""Ҳаракат тезлигини пасайтириши ва алоҳида эҳтиёткорлик билан йўлда давом этиши"",""Қатнов қисмидан ўтувчи пиёдаларга йўл бериши""}",2,https://ptest.uz/images/aa50c2a4-7c2f-4737-a575-d03071dd7de1.webp,Bilet 31-40,300,,,,
Transport vositasi texnik tavsifnomasida ko'rsatilgan yuqori tezlikdan oshirilishi mumkinmi?,Транспорт воситаси техник тавсифномасида кўрсатилган юқори тезликдан оширилиши мумкинми?,"{""Yo'llardan foydalanish uchun masul bo'lgan idoralar tomonidan oshirilishi mumkin"",""Aholi yashaydigan joylardan tashqaridagi yo'llarda oshirilishi mumkin. Bunday yo'l qismlarida «yuqori tezlik cheklangan» belgisi o'rnatiladi"",""Oshirilishi mumkin emas""}","{""Йўллардан фойдаланиш учун масъул бўлган идоралар томонидан оширилиши мумкин"",""Аҳоли яшайдиган жойлардан ташқаридаги йўлларда оширилиши мумкин. Бундай йўл қисмларида «юқори тезлик чекланган» белгиси ўрнатилади"",""Оширилиши мумкин эмас""}",2,https://postimg.cc/Dmfk0bYv,Bilet 31-40,300,,,,
Qaysi rasmda harakatlanishning to'g'ri yo'nalishi ko'rsatilgan?,Қайси расмда ҳаракатланишнинг тўғри йўналиши кўрсатилган?,"{""Birinchida"",""Ikkinchida"",""Ikkalasida""}","{""Биринчида"",""Иккинчида"",""Иккаласида""}",1,https://postimg.cc/Dmfk0bYv,Bilet 31-40,300,,,,
Qaysi rasmda harakatlanishning to'g'ri yo'nalishi ko'rsatilgan?,Қайси расмда ҳаракатланишнинг тўғри йўналиши кўрсатилган?,"{""Chapdagi rasmda"",""Ikkala rasmda"",""O'ngdagi rasmda"",""Ikkala rasmda noto'g'ri to'xtatdi""}","{""Чапдаги расмда"",""Иккала расмда"",""Ўнгдаги расмда"",""Иккала расмда нотўғри тўхтатди""}",3,https://ptest.uz/images/3399d49d-9f95-4a87-80a6-8f6bc92ceb72.webp,Bilet 31-40,300,,,,
Quyidagi chiziq nimani bildiradi?,Қуйидаги чизиқ нимани билдиради?,"{""Avtomobillar o'tadigan yo'lni kesib o'tuvchi piyodalarni o'tkazib yuborish uchun to'xtash majburiy bo'lgan joy"",""Velosiped yo'lkasi yo'lni kesib o'tuvchi joy"",""Boshqarilmaydigan piyodalar o'tish joyi""}","{""Автомобиллар ўтадиган йўлни кесиб ўтувчи пиёдаларни ўтказиб юбориш учун тўхташ мажбурий бўлган жой"",""Велосипед йўлкаси йўлни кесиб ўтувчи жой"",""Бошқарилмайдиган пиёдалар ўтиш жойи""}",1,https://ptest.uz/images/21893fb2-1aac-430b-ad9f-83bc4439e907.webp,Bilet 31-40,300,,,,
Transport vositalari chorrahani quyidagi tartibda kesib o'tadilar:,Транспорт воситалари чорраҳани қуйидаги тартибда кесиб ўтадилар:,"{""Birinchi bo'lib"",""Ikkinchi bo'lib"",""Oxirgi bo'lib""}","{""Биринчи бўлиб"",""Иккинчи бўлиб"",""Охирги бўлиб""}",1,https://ptest.uz/images/82e4d04a-835f-4649-b09e-216b9914f093.webp,Bilet 31-40,300,,,,
Svetoforning qaysi ishorasida avtomobilning haydovchisi qayrilishni tugallashi mumkin?,Светофорнинг қайси ишорасида автомобилнинг ҳайдовчиси қайрилишни тугаллаши мумкин?,"{""Qizilda"",""Yashilda"",""Istalganda""}","{""Қизилда"",""Яшилда"",""Исталганда""}",1,https://ptest.uz/images/7f7443d6-5337-4adc-8b28-423a0b3b509f.webp,Bilet 31-40,300,,,,
Aholi yashaydigan yo'llardan tashqarida yo'lning qatnov qismida haydovchilar transport vositalarini qaerda harakatlantirishlari kerak?,Аҳоли яшайдиган йўллардан ташқарида йўлнинг қатнов қисмида ҳайдовчилар транспорт воситаларини қаерда ҳаракатлантиришлари керак?,"{""Iloji boricha qatnov qismining o'ng chetiga yaqinroq joyda"",""Xohlagan bo'lak bo'ylab"",""Faqat o'ng bo'lak bo'ylab. Chap bo'lak o'tish faqat chapga burish va burilish uchun ruxsat etiladi""}","{""Иложи борича қатнов қисмининг ўнг четига яқинроқ жойда"",""Хоҳлаган бўлак бўйлаб"",""Фақат ўнг бўлак бўйлаб. Чап бўлак ўтиш фақат чапга буриш ва бурилиш учун рухсат этилади""}",0,https://postimg.cc/Dmfk0bYv,Bilet 31-40,300,,,,
Transport vositasi texnik tavsifnomasida ko'rsatilgan yuqori tezlikdan oshirilishi mumkinmi?,Транспорт воситаси техник тавсифномасида кўрсатилган юқори тезликдан оширилиши мумкинми?,"{""Yo'llardan foydalanish uchun masul bo'lgan idoralar tomonidan oshirilishi mumkin"",""Aholi yashaydigan joylardan tashqaridagi yo'llarda oshirilishi mumkin. Bunday yo'l qismlarida «yuqori tezlik cheklangan» belgisi o'rnatiladi"",""Oshirilishi mumkin emas""}","{""Йўллардан фойдаланиш учун масъул бўлган идоралар томонидан оширилиши мумкин"",""Аҳоли яшайдиган жойлардан ташқаридаги йўлларда оширилиши мумкин. Бундай йўл қисмларида «юқори тезлик чекланган» белгиси ўрнатилади"",""Оширилиши мумкин эмас""}",2,https://postimg.cc/Dmfk0bYv,Bilet 31-40,300,,,,
"Agar transport vositasida «Tezlik cheklangan» taniqli belgisi o'rnatilgan bo'lsa, bu transport vositasining haydovchisiga:","Агар транспорт воситасида «Тезлик чекланган» таниқли белгиси ўрнатилган бўлса, бу транспорт воситасининг ҳайдовчисига:","{""Belgida ko'rsatilgan tezlikdan oshirishga faqat tezlik tegishli yo'l belgisi o'rnatilib oshirilgan yo'l qismlarida ruxsat beriladi"",""Belgida ko'rsatilgan tezlikdan oshirish taqiqlanadi""}","{""Белгида кўрсатилган тезликдан оширишга фақат тезлик тегишли йўл белгиси ўрнатилиб оширилган йўл қисмларида рухсат берилади"",""Белгида кўрсатилган тезликдан ошириш тақиқланади""}",1,https://postimg.cc/Dmfk0bYv,Bilet 31-40,300,,,,
Ko'rsatilgan vaziyatda o'ngga burilar ekan haydovchi qanday yo'l tutishi kerak?,Кўрсатилган вазиятда ўнгга бурилар экан ҳайдовчи қандай йўл тутиши керак?,"{""Ustunlik huquqidan foydalanib, tovushli xabar berishi va belgilangan yo'nalishda harakatni davom ettirishi"",""Harakat tezligini pasaytirishi va alohida ehtiyotkorlik bilan yo'lda davom etishi"",""Qatnov qismidan o'tuvchi piyodalarga yo'l berishi""}","{""Устунлик ҳуқуқидан фойдаланиб, товушли хабар бериши ва белгиланган йўналишда ҳаракатни давом эттириши"",""Ҳаракат тезлигини пасайтириши ва алоҳида эҳтиёткорлик билан йўлда давом этиши"",""Қатнов қисмидан ўтувчи пиёдаларга йўл бериши""}",2,https://ptest.uz/images/aa50c2a4-7c2f-4737-a575-d03071dd7de1.webp,Bilet 31-40,300,,,,
Avtomagistrallarda transport vositalarining atayin to'xtashi qaysi joylarda ruxsat etilgan?,Автомагистралларда транспорт воситаларининг атайин тўхташи қайси жойларда рухсат этилган?,"{""Yo'lning qatnov qismining chetki o'ng bo'lagida"",""Yo'lning 100 m dan ko'proq qismi ko'rinadigan va harakat bo'laklari soni to'rttadan ortiq bo'lgan joylarda"",""To'xtab turish uchun «To'xtab turish joyi» yoki «Dam olish joyi» belgilari bilan belgilangan maxsus maydonchalarda""}","{""Йўлнинг қатнов қисмининг четки ўнг бўлагида"",""Йўлнинг 100 м дан кўпроқ қисми кўринадиган ва ҳаракат бўлаклари сони тўрттадан ортиқ бўлган жойларда"",""Тўхтаб туриш учун «Тўхтаб туриш жойи» ёки «Дам олиш жойи» белгилари билан белгиланган махсус майдончаларда""}",2,https://postimg.cc/Dmfk0bYv,Bilet 31-40,300,,,,
Reaktsiya va diqqatni pasaytiruvchi dori-darmonlar tasirida bo'lgan haydovchiga transport vositalarini boshqarishga ruxsat etiladimi?,Реакция ва диққатни пасайтирувчи дори-дармонлар таъсирида бўлган ҳайдовчига транспорт воситаларини бошқаришга рухсат этиладими?,"{""Taqiqlanadi"",""Ruxsat etiladi"",""Agar haydovchining ishlagan davri 2 yildan ortiq bo'lsa, ruxsat etiladi""}","{""Тақиқланади"",""Рухсат этилади"",""Агар ҳайдовчининг ишлаган даври 2 йилдан ортиқ бўлса, рухсат этилади""}",0,https://postimg.cc/Dmfk0bYv,Bilet 31-40,300,,,,
Bu belgidagi ko'k fonda aholi yashaydigan joyning nomi yozilgan qo'shimcha nimani bildiradi?,Бу белгидаги кўк фонда аҳоли яшайдиган жойнинг номи ёзилган қўшимча нимани билдиради?,"{""Avtomobilning faqat orqa o'qiga oldingi boshqaruvchi ko'prik bilan birga ruxsat etiladi"",""Taqiqlanadi"",""Faqat yuk avtomobiliga ruxsat etiladi"",""Ruxsat etiladi""}","{""Автомобилнинг фақат орқа ўқига олдинги бошқарувчи кўприк билан бирга рухсат этилади"",""Тақиқланади"",""Фақат юк автомобилига рухсат этилади"",""Рухсат этилади""}",1,https://ptest.uz/images/4a10fd5b-cfae-4270-8883-b39fef547f8c.webp,Bilet 31-40,300,,,,
Avtopoezdning belgisi qanday holda yoqilgan bo'lishi kerak?,Автопоезднинг белгиси қандай ҳолда ёқилган бўлиши керак?,"{""Tunda yoki yetarli ko'rinmaydigan sharoitda harakat qilganda"",""Faqat avtopoezd harakat qilganda"",""Avtopoezd harakat qilganda, shuningdek, qorong'i vaqtida to'xtaganda va to'xtab turganida"",""Faqat avtopoezd yuk bilan harakat qilganda""}","{""Тунда ёки етарли кўринмайдиган шароитда ҳаракат қилганда"",""Фақат автопоезд ҳаракат қилганда"",""Автопоезд ҳаракат қилганда, шунингдек, қоронғи вақтида тўхтаганда ва тўхтаб турганида"",""Фақат автопоезд юк билан ҳаракат қилганда""}",2,https://postimg.cc/Dmfk0bYv,Bilet 31-40,300,,,,
Aholi punktlarida «Falokat» to'xtash belgisi yoki miltillovchi qizil chiroq mexanik transport vositasidan kamida qanday masofada qo'yilishi kerak?,Аҳоли пунктларида «Фалокат» тўхташ белгиси ёки милтилловчи қизил чироқ механик транспорт воситасидан камида қандай масофада қўйилиши керак?,"{""10 m"",""15 m"",""30 m"",""40 m""}","{""10 м"",""15 м"",""30 м"",""40 м""}",1,https://postimg.cc/Dmfk0bYv,Bilet 31-40,300,,,,
Quvib o'tish qaysi hollardan taqiqlanadi?,Қувиб ўтиш қайси ҳоллардан тақиқланади?,"{""Temir yo'l kesishmalarida va ulargacha 100 m dan kam masofa qolganda"",""Temir yo'l kesishmalarida va ulargacha 100 m dan ko'p masofa qolganda"",""Temir yo'l kesishmalarida va aholi yashaydigan joylardan tashqarida ulardan 100 m ko'p masofa qolganda""}","{""Темир йўл кесишмаларида ва уларгача 100 м дан кам масофа қолганда"",""Темир йўл кесишмаларида ва уларгача 100 м дан кўп масофа қолганда"",""Темир йўл кесишмаларида ва аҳоли яшайдиган жойлардан ташқарида улардан 100 м кўп масофа қолганда""}",0,https://postimg.cc/Dmfk0bYv,Bilet 31-40,300,,,,
Qaysi rasmda harakatlanishning to'g'ri yo'nalishi ko'rsatilgan?,Қайси расмда ҳаракатланишнинг тўғри йўналиши кўрсатилган?,"{""Birinchida"",""Ikkinchida"",""Ikkalasida""}","{""Биринчида"",""Иккинчида"",""Иккаласида""}",1,https://ptest.uz/images/a0e2aef3-1f4b-41b1-a73f-d1ee4f17c81e.webp,Bilet 31-40,300,,,,
Mazkur chiziq nimani bildiradi?,Мазкур чизиқ нимани билдиради?,"{""Harakat svetofor bilan tartibga solib turiladigan piyodalar o'tish joyini"",""Velosiped yo'lkasining qatnov qismini kesib o'tadigan joyni"",""Piyodalar yo'lkasining qatnov qismini kesib o'tadigan joyni""}","{""Ҳаракат светофор билан тартибга солиб туриладиган пиёдалар ўтиш жойини"",""Велосипед йўлкасининг қатнов қисмини кесиб ўтадиган жойни"",""Пиёдалар йўлкасининг қатнов қисмини кесиб ўтадиган жойни""}",1,https://ptest.uz/images/71397e06-ba67-4dc9-94e7-65ee2e971152.webp,Bilet 31-40,300,,,,
Ikkinchi daraja tamirlash yo'li bilan tiklangan shinalarni M1 toifadagi avtotransport vositalariga o'rnatishga ruxsat etiladimi?,Иккинчи даража таъмирлаш йўли билан тикланган шиналарни М1 тоифадаги автотранспорт воситаларига ўрнатишга рухсат этиладими?,"{""Taqiqlanadi"",""Avtomobilning har ikki o'qiga ruxsat etiladi"",""Faqat orqa o'qiga ruxsat etiladi""}","{""Тақиқланади"",""Автомобилнинг ҳар икки ўқига рухсат этилади"",""Фақат орқа ўқига рухсат этилади""}",2,https://postimg.cc/Dmfk0bYv,Bilet 31-40,300,,,,
Sanab o'tilgan hollarning qay birida qatnov qismining o'ng chetidan yoki yo'lning o'ng yoqasidan qayrilishga ruxsat etiladi?,Санаб ўтилган ҳолларнинг қай бирида қатнов қисмининг ўнг четидан ёки йўлнинг ўнг ёқасидан қайрилишга рухсат этилади?,"{""Tartibga solingan chorrahalarda"",""Chorrahalardan tashqarida, agar qatnov qismining kengligi chetki chap holatdan qayrilish uchun yetarli bo'lmasa"",""Tartibga solinmaydigan chorrahalarda, agar qayrilishni amalga oshirayotgan transport vositasi asosiy yo'lda bo'lsa""}","{""Тартибга солинган чорраҳаларда"",""Чорраҳалардан ташқарида, агар қатнов қисмининг кенглиги четки чап ҳолатдан қайрилиш учун етарли бўлмаса"",""Тартибга солинмайдиган чорраҳаларда, агар қайрилишни амалга ошираётган транспорт воситаси асосий йўлда бўлса""}",1,https://postimg.cc/Dmfk0bYv,Bilet 31-40,300,,,,
«Reaktsiya vaqti» tushunchasi nimani bildiradi?,«Реакция вақти» тушунчаси нимани билдиради?,"{""Haydovchi xavfni ko'rgan paytdan aniq harakatlarni bo'lguncha o'tilgan vaqt"",""Haydovchining tormoz berishni boshlagan paytdan transport vositasining to'la to'xtagunicha vaqtni""}","{""Ҳайдовчи хавфни кўрган пайтдан аниқ ҳаракатларни бўлгунча ўтилган вақт"",""Ҳайдовчининг тормоз беришни бошлаган пайтдан транспорт воситасининг тўла тўхтагунича вақтни""}",0,https://postimg.cc/Dmfk0bYv,Bilet 31-40,300,,,,
"Agar tegishli belgilar bilan belgilangan qiyaliklarda yuzma-yuz kelayotgan transportlarning o'tib ketishi qiyin bo'lsa, yo'l berish zarur:","Агар тегишли белгилар билан белгиланган қияликларда юзма-юз келаётган транспортларнинг ўтиб кетиши қийин бўлса, йўл бериш зарур:","{""Pastlik tomon harakatlanayotgan transport vositasiga"",""Belgilangan yo'nalishdagi transport vositasiga"",""Balandlikka harakatlanayotgan transport vositasiga""}","{""Пастлик томон ҳаракатланаётган транспорт воситасига"",""Белгиланган йўналишдаги транспорт воситасига"",""Баландликка ҳаракатланаётган транспорт воситасига""}",2,https://ptest.uz/images/d73bcdae-324b-438f-8daf-4c4113235e83.webp,Bilet 31-40,300,,,,
Yo'lning bu qismida quvib o'tishga ruxsat etiladimi?,Йўлнинг бу қисмида қувиб ўтишга рухсат этиладими?,"{""Ruxsat etiladi"",""Taqiqlanadi""}","{""Рухсат этилади"",""Тақиқланади""}",1,https://ptest.uz/images/89042055-f849-47ef-9327-a00729a27051.webp,Bilet 31-40,300,,,,
"Agar yo'l-transport hodisasi natijasida hech kim jabrlanmasa, moddiy zarar esa ahamiyatsiz bo'lsa, haydovchilarning o'zlari hodisa ro'y bergan joyni tark etib, DYHXXning eng yaqin yoki IIO idorasiga hodisani qayd qilish uchun bora oladilarmi?","Агар йўл-транспорт ҳодисаси натижасида ҳеч ким жабрланмаса, моддий зарар эса аҳамиятсиз бўлса, ҳайдовчиларнинг ўзлари ҳодиса рўй берган жойни тарк этиб, ДЙҲХХнинг энг яқин ёки ИИО идорасига ҳодисани қайд қилиш учун бора оладиларми?","{""Bora olmaydilar"",""Bora oladilar"",""Hodisa chizmasini taxminiy tuzib va uni imzolab bora oladilar""}","{""Бора олмайдилар"",""Бора оладилар"",""Ҳодиса чизмасини тахминий тузиб ва уни имзолаб бора оладилар""}",2,https://postimg.cc/Dmfk0bYv,Bilet 31-40,300,,,,
Mazkur svetoforning qizil yoritkichida harakat taqiqlanadi:,Мазкур светофорнинг қизил ёриткичида ҳаракат тақиқланади:,"{""Faqat bir qatorda"",""Qatnov qismining barcha kengligi bo'ylab"",""Quvib o'tish bilan"",""Svetofor qaysi bo'lak ustiga joylashtirilgan bo'lsa, o'sha bo'lak bo'yicha""}","{""Фақат бир қаторда"",""Қатнов қисмининг барча кенглиги бўйлаб"",""Қувиб ўтиш билан"",""Светофор қайси бўлак устига жойлаштирилган бўлса, ўша бўлак бўйича""}",3,https://ptest.uz/images/2c2ca7d6-7544-49fb-bf11-3e8289b84cfa.webp,Bilet 31-40,300,,,,
Bu joyda avtobusni quvib o'tishga ruxsat etiladimi?,Бу жойда автобусни қувиб ўтишга рухсат этиладими?,"{""Ruxsat etiladi"",""Taqiqlanadi""}","{""Рухсат этилади"",""Тақиқланади""}",0,https://ptest.uz/images/bc86a1bf-f33b-41ba-99cf-866b94452b9d.webp,Bilet 31-40,300,,,,
Qaysi belgi «Bir tomonlama harakatlanish yo'lining oxiri» deb ataladi?,Қайси белги «Бир томонлама ҳаракатланиш йўлининг охири» деб аталади?,"{""1"",""2"",""3"",""4"",""5""}","{""1"",""2"",""3"",""4"",""5""}",3,https://ptest.uz/images/53530209-90c9-4c27-9028-12c8fde864d5.webp,Bilet 31-40,300,,,,
Bu chorrahada chapga burilishga ruxsat etiladimi?,Бу чорраҳада чапга бурилишга рухсат этиладими?,"{""Ruxsat etiladi"",""Taqiqlanadi""}","{""Рухсат этилади"",""Тақиқланади""}",0,https://ptest.uz/images/67be0f2c-bf8a-4211-80f1-b88ab9ed4788.webp,Bilet 31-40,300,,,,
Ko'k avtomobil chorrahani nechanchi bo'lib kesib o'tadi?,Кўк автомобил чорраҳани нечанчи бўлиб кесиб ўтади?,"{""Birinchi bo'lib"",""Ikkinchi bo'lib"",""Uchinchi bo'lib"",""To'rtinchi bo'lib"",""Oxirgi bo'lib""}","{""Биринчи бўлиб"",""Иккинчи бўлиб"",""Учинчи бўлиб"",""Тўртинчи бўлиб"",""Охирги бўлиб""}",3,https://ptest.uz/images/87a69858-aa5a-4ade-b031-ec11b4d0394b.webp,Bilet 31-40,300,,,,
Mopedlarni shatakka olishga ruxsat etiladimi?,Мопедларни шатакка олишга рухсат этиладими?,"{""Ruxsat etiladi"",""Qattiq qoplamasiz yo'l bo'ylab faqat kunning yorug' vaqtida ruxsat etiladi"",""Taqiqlanadi""}","{""Рухсат этилади"",""Қаттиқ қопламасиз йўл бўйлаб фақат куннинг ёруғ вақтида рухсат этилади"",""Тақиқланади""}",2,https://postimg.cc/Dmfk0bYv,Bilet 31-40,300,,,,
"Qo'l jarohatlanganda jabrlanuvchining ko'ylagi, kiyimi qanday yechilsa to'g'ri bo'ladi?","Қўл жароҳатланганда жабрланувчининг кўйлаги, кийими қандай ечилса тўғри бўлади?","{""Kiyim-boshni yechishni kasal qo'ldan boshlash, so'ng sog' qo'lni bo'shatish"",""Kiyim-boshni ikkala qo'ldan bir vaqtda yechish"",""Kiyim-boshni yechishni sog' qo'ldan boshlash, so'ng kasal qo'lni bo'shatish""}","{""Кийим-бошни ечишни касал қўлдан бошлаш, сўнг соғ қўлни бўшатиш"",""Кийим-бошни иккала қўлдан бир вақтда ечиш"",""Кийим-бошни ечишни соғ қўлдан бошлаш, сўнг касал қўлни бўшатиш""}",2,https://postimg.cc/Dmfk0bYv,Bilet 31-40,300,,,,
Qaysi transport vositalariga bu belgi o'rnatilgan yo'l bo'ylab harakatlanishga ruxsat etilgan?,Қайси транспорт воситаларига бу белги ўрнатилган йўл бўйлаб ҳаракатланишга рухсат этилган?,"{""Mexanik transport vositalariga"",""Barcha transport vositalariga"",""Avtomobillarga, avtobuslarga va mototsikllarga"",""Yuqori tezligi 40 km/s dan kam bo'lmagan transport vositalariga""}","{""Механик транспорт воситаларига"",""Барча транспорт воситаларига"",""Автомобилларга, автобусларга ва мотоциклларга"",""Юқори тезлиги 40 км/с дан кам бўлмаган транспорт воситаларига""}",2,https://ptest.uz/images/f2f99a0d-89fc-4567-a19f-8fe24a00e298.webp,Bilet 31-40,300,,,,
Chorrahani birinchi bo'lib kim kesib o'tadi?,Чорраҳани биринчи бўлиб ким кесиб ўтади?,"{""Yashil avtomobil"",""Qizil avtomobil"",""Ko'k avtomobil""}","{""Яшил автомобил"",""Қизил автомобил"",""Кўк автомобил""}",0,https://ptest.uz/images/ac16a55d-cf10-4de5-9e02-77643059cf0a.webp,Bilet 31-40,300,,,,
Qaysi transport vositalarining haydovchilari to'xtab turish qoidasini buzdilar?,Қайси транспорт воситаларининг ҳайдовчилари тўхтаб туриш қоидасини буздилар?,"{""«A» va «B»"",""Faqat «G»"",""«B» va «G»"",""«V» va «G»"",""«B», «V» va «G»""}","{""«А» ва «Б»"",""Фақат «Г»"",""«Б» ва «Г»"",""«В» ва «Г»"",""«Б», «В» ва «Г»""}",4,https://ptest.uz/images/d10c0900-e2f4-4a89-8c66-652376a4b6ae.webp,Bilet 31-40,300,,,,
N2; N3; O3; O4; M2; M3 toifadagi avtotransport vositalarining orqa devoriga yozilishi kerak?,N2; N3; О3; О4; М2; М3 тоифадаги автотранспорт воситаларининг орқа деворига ёзилиши керак?,"{""Transport vositasining tegishligi haqida taniqlik belgisi"",""Yaxshi ko'rinadigan raqam belgisi"",""Taniqlik va raqam belgilari""}","{""Транспорт воситасининг тегишлиги ҳақида таниқлик белгиси"",""Яхши кўринадиган рақам белгиси"",""Таниқлик ва рақам белгилари""}",1,https://postimg.cc/Dmfk0bYv,Bilet 31-40,300,,,,
Bu yo'l belgisi nimani bildiradi?,Бу йўл белгиси нимани билдиради?,"{""40 km/s dan kam tezlikda ketayotgan yakka, yon kajavasi bo'lmagan ikki g'ildirakli mototsikllar va velosipedlardan tashqari barcha mexanik transport vositalarini quvib o'tish taqiqlanadi"",""Ruxsat etilgan to'la vazni 3,5 t dan ziyod bo'lgan yuk avtomobili bilan 40 km/s dan kam tezlikda ketayotgan yakka transport vositalaridan tashqari barcha transport vositalarini quvib o'tish taqiqlanadi""}","{""40 км/с дан кам тезликда кетаётган якка, ён кажаваси бўлмаган икки ғилдиракли мотоцикллар ва велосипедлардан ташқари барча механик транспорт воситаларини қувиб ўтиш тақиқланади"",""Рухсат этилган тўла вазни 3,5 т дан зиёд бўлган юк автомобили билан 40 км/с дан кам тезликда кетаётган якка транспорт воситаларидан ташқари барча транспорт воситаларини қувиб ўтиш тақиқланади""}",1,https://postimg.cc/Dmfk0bYv,Bilet 31-40,300,,,,
Transport vositalarining tezligi texnik tavsifnomasiga yoki holatiga ko'ra 40 km/s dan kam bo'lganda avtomagistral bo'ylab harakatlanishga ruxsat etiladimi?,Транспорт воситаларининг тезлиги техник тавсифномасига ёки ҳолатига кўра 40 км/с дан кам бўлганда автомагистрал бўйлаб ҳаракатланишга рухсат этиладими?,"{""Ikkinchi bo'lakdan nariga o'tmaganda ruxsat etiladi"",""Taqiqlanadi"",""Agar «Eng kam tezlik» belgisi o'rnatilmagan bo'lsa ruxsat etiladi""}","{""Иккинчи бўлакдан нарига ўтмаганда рухсат этилади"",""Тақиқланади"",""Агар «Энг кам тезлик» белгиси ўрнатилмаган бўлса рухсат этилади""}",1,https://postimg.cc/Dmfk0bYv,Bilet 31-40,300,,,,
«Falokat» yorug'lik ishoralari yoqilishi kerak:,«Фалокат» ёруғлик ишоралари ёқилиши керак:,"{""To'xtash taqiqlangan joylarda majburiy to'xtaganda"",""Yo'l-trancport hodisasi ro'y berganda"",""Yo'lning yoritilmagan qismlarida to'xtaganda va to'xtab turganda yoki ko'rinish yetarli bo'lmagan sharoitda gabarit yoki to'xtab turish chiroqlari nosoz bo'lganda"",""Sanab o'tilgan barcha hollarda""}","{""Тўхташ тақиқланган жойларда мажбурий тўхтаганда"",""Йўл-транcпорт ҳодисаси рўй берганда"",""Йўлнинг ёритилмаган қисмларида тўхтаганда ва тўхтаб турганда ёки кўриниш етарли бўлмаган шароитда габарит ёки тўхтаб туриш чироқлари носоз бўлганда"",""Санаб ўтилган барча ҳолларда""}",3,https://postimg.cc/Dmfk0bYv,Bilet 31-40,300,,,,
Chorrahani ikkinchi bo'lib kim kesib o'tadi?,Чорраҳани иккинчи бўлиб ким кесиб ўтади?,"{""Yashil avtomobil"",""Ko'k avtomobil"",""Qizil avtomobil""}","{""Яшил автомобил"",""Кўк автомобил"",""Қизил автомобил""}",0,https://ptest.uz/images/9f57036a-e016-4b64-b69a-4f700837ae39.webp,Bilet 31-40,300,,,,
Harakat tezligini tanlashda haydovchiga taqiqlanadi?,Ҳаракат тезлигини танлашда ҳайдовчига тақиқланади?,"{""Ushbu qoidalarga muvofiq ravishda transport vositasiga o'rnatilgan taniqli belgida ko'rsatilgan tezlikdan oshirish"",""Keskin tormoz berish, agar bu harakatlanish xavfsizligini taminlash uchun talab qilinmasa"",""Ikkala sanab o'tilgan harakat taqiqlanadi""}","{""Ушбу қоидаларга мувофиқ равишда транспорт воситасига ўрнатилган таниқли белгида кўрсатилган тезликдан ошириш"",""Кескин тормоз бериш, агар бу ҳаракатланиш хавфсизлигини таъминлаш учун талаб қилинмаса"",""Иккала санаб ўтилган ҳаракат тақиқланади""}",2,https://postimg.cc/Dmfk0bYv,Bilet 31-40,300,,,,
«Reaktsiya vaqti» tushunchasi nimani bildiradi?,«Реакция вақти» тушунчаси нимани билдиради?,"{""Haydovchi xavfni ko'rgan paytdan aniq harakatlarni bo'lguncha o'tilgan vaqt"",""Haydovchining tormoz berishni boshlagan paytdan transport vositasining to'la to'xtagunicha vaqtni""}","{""Ҳайдовчи хавфни кўрган пайтдан аниқ ҳаракатларни бўлгунча ўтилган вақт"",""Ҳайдовчининг тормоз беришни бошлаган пайтдан транспорт воситасининг тўла тўхтагунича вақтни""}",0,https://postimg.cc/Dmfk0bYv,Bilet 31-40,300,,,,
O'tish navbati qaysi javobda to'g'ri ko'rsatilgan?,Ўтиш навбати қайси жавобда тўғри кўрсатилган?,"{""Mototsikl, avtobus, yuk avtomobili"",""Avtobus, mototsikl, yuk avtomobili"",""Avtobus, yuk avtomobili, mototsikl""}","{""Мотоцикл, автобус, юк автомобили"",""Автобус, мотоцикл, юк автомобили"",""Автобус, юк автомобили, мотоцикл""}",0,https://ptest.uz/images/46688fff-6ecf-4e98-a7db-0f1510b67d43.webp,Bilet 31-40,300,,,,
Avtomobillar chorrahani quyidagi tartibda kesib o'tadi:,Автомобиллар чорраҳани қуйидаги тартибда кесиб ўтади:,"{""Qizil chorrahaga chiqadi va ko'kni o'tkazib yuborish uchun to'xtaydi; yashil; ko'k va qizil burilishni tugallaydi"",""Yashil, ko'k, qizil"",""Qizil, ko'k, yashil""}","{""Қизил чорраҳага чиқади ва кўкни ўтказиб юбориш учун тўхтайди; яшил; кўк ва қизил бурилишни тугаллайди"",""Яшил, кўк, қизил"",""Қизил, кўк, яшил""}",0,https://ptest.uz/images/2dad04f2-3868-402c-be5f-03107a414905.webp,Bilet 31-40,300,,,,
"Trotuar yoki piyodalar yo'lkasi bo'lmaganda, piyodalar velosiped yo'lkasi bo'ylab harakat qila oladilarmi?","Тротуар ёки пиёдалар йўлкаси бўлмаганда, пиёдалар велосипед йўлкаси бўйлаб ҳаракат қила оладиларми?","{""Harakat qila oladilar"",""Agar velosipedlarning harakatlanishini qiyinlashtirmasa, harakat qila oladilar"",""Harakat qila olmaydilar""}","{""Ҳаракат қила оладилар"",""Агар велосипедларнинг ҳаракатланишини қийинлаштирмаса, ҳаракат қила оладилар"",""Ҳаракат қила олмайдилар""}",0,https://postimg.cc/Dmfk0bYv,Bilet 31-40,300,,,,
Mazkur svetofor harakatlanishni tartibga solish uchun qo'llaniladi:,Мазкур светофор ҳаракатланишни тартибга солиш учун қўлланилади:,"{""Tramvaylarga va avtobuslarga"",""Faqat tramvaylarga"",""Tramvaylarga, shuningdek alohida bo'lakdan yuradigan belgilangan yo'nalishdagi boshqa transport vositalarini harakatini tartibga soladi""}","{""Трамвайларга ва автобусларга"",""Фақат трамвайларга"",""Трамвайларга, шунингдек алоҳида бўлакдан юрадиган белгиланган йўналишдаги бошқа транспорт воситаларини ҳаракатини тартибга солади""}",2,https://postimg.cc/Dmfk0bYv,Bilet 31-40,300,,,,
Qatnov qismiga bevosita tutashgan trotuar chetida unga to'la yoki qisman chiqish bilan to'xtab turishga ruxsat etiladimi?,Қатнов қисмига бевосита туташган тротуар четида унга тўла ёки қисман чиқиш билан тўхтаб туришга рухсат этиладими?,"{""Faqat yengil avtomobillarga va mototsikllarga to'xtab turishga tegishli yo'l belgilari o'rnatilgan joylarda ruxsat etiladi"",""Ruxsat etilgan to'la vazni 3,5 t dan ziyod bo'lgan faqat yuk avtomobillariga taqiqlanadi"",""Barcha transport vositalariga taqiqlanadi""}","{""Фақат енгил автомобилларга ва мотоциклларга тўхтаб туришга тегишли йўл белгилари ўрнатилган жойларда рухсат этилади"",""Рухсат этилган тўла вазни 3,5 т дан зиёд бўлган фақат юк автомобилларига тақиқланади"",""Барча транспорт воситаларига тақиқланади""}",0,https://postimg.cc/Dmfk0bYv,Bilet 31-40,300,,,,
Qizil avtomobil chorrahani nechanchi bo'lib kesib o'tadi?,Қизил автомобил чорраҳани нечанчи бўлиб кесиб ўтади?,"{""Ikkinchi bo'lib, ayni vaqtda ko'k bilan birga"",""Ikkinchi bo'lib, sariqdan keyin"",""Uchinchi bo'lib, yashil, sariqdan keyin""}","{""Иккинчи бўлиб, айни вақтда кўк билан бирга"",""Иккинчи бўлиб, сариқдан кейин"",""Учинчи бўлиб, яшил, сариқдан кейин""}",0,https://ptest.uz/images/6b586770-8baf-40b4-8d60-919498347f7c.webp,Bilet 31-40,300,,,,
Qoidalarning qanday hollarida tumanga qarshi orqa chiroqlarni qo'llashga ruxsat beriladi?,Қоидаларнинг қандай ҳолларида туманга қарши орқа чироқларни қўллашга рухсат берилади?,"{""Transport vositasi bilan shatakka olganda"",""Saf tarkibida harakatlanganda"",""Kunning qorong'i vaqtida"",""Yetarlicha ko'rinmaydigan sharoitda qo'llash mumkin"",""Sanab o'tilgan barcha hollarda""}","{""Транспорт воситаси билан шатакка олганда"",""Саф таркибида ҳаракатланганда"",""Куннинг қоронғи вақтида"",""Етарлича кўринмайдиган шароитда қўллаш мумкин"",""Санаб ўтилган барча ҳолларда""}",3,https://postimg.cc/Dmfk0bYv,Bilet 31-40,300,,,,
Qanday hollarda transport vositasidan foydalanishga ruxsat etiladi?,Қандай ҳолларда транспорт воситасидан фойдаланишга рухсат этилади?,"{""Transport vositasining tashqi yuzasiga qonun hujjatlariga mos kelmaydigan va harakat xavfsizligiga salbiy tasir ko'rsatadigan turli xil tasvirlar tushurilgan bo'lsa"",""Gaz taminlash tizimi bilan jihozlangan avtobus va avtomobil gaz ballonlarining tashqi tomonida ko'rsatilgan texnik ko'rsatkichlar (parametrlar) texnik pasportdagi malumotlarga (ko'rsatkichlarga) mos kelsa, oxirgi va rejalashtirilgan tekshirishlarning sanasi bo'lsa"",""Ishlab chiqaruvchi korxona tomonidan ko'zda tutilmagan hollarda kuzov (kabina) bir necha xil rangga bo'yalgan bo'lsa (maxsus transport vositalari bundan mustasno)""}","{""Транспорт воситасининг ташқи юзасига қонун ҳужжатларига мос келмайдиган ва ҳаракат хавфсизлигига салбий таъсир кўрсатадиган турли хил тасвирлар тушурилган бўлса"",""Газ таъминлаш тизими билан жиҳозланган автобус ва автомобиль газ баллонларининг ташқи томонида кўрсатилган техник кўрсаткичлар (параметрлар) техник паспортдаги маълумотларга (кўрсаткичларга) мос келса, охирги ва режалаштирилган текширишларнинг санаси бўлса"",""Ишлаб чиқарувчи корхона томонидан кўзда тутилмаган ҳолларда кузов (кабина) бир неча хил рангга бўялган бўлса (махсус транспорт воситалари бундан мустасно)""}",1,https://postimg.cc/Dmfk0bYv,Bilet 31-40,300,,,,
"Agar haydovchi transport vositasining eshigini ochishga va undan chiqishga qaror qilsa, unga nima taqiqlanadi?","Агар ҳайдовчи транспорт воситасининг эшигини очишга ва ундан чиқишга қарор қилса, унга нима тақиқланади?","{""Harakatlanish serqatnov bo'lgan yo'llarda turgan transport vositasining eshigini ochish taqiqlanadi"",""Harakatlanish serqatnov bo'lgan yo'llarda haydovchi eshigini ochish taqiqlanadi. O'z joyidan yo'lovchi eshigi orqali chiqadi"",""Turgan transport vositasining eshigini ochish taqiqlanadi; agar bu xavf tug'dirsa va harakatlanishning boshqa ishtirokchilariga xalaqit bersa""}","{""Ҳаракатланиш серқатнов бўлган йўлларда турган транспорт воситасининг эшигини очиш тақиқланади"",""Ҳаракатланиш серқатнов бўлган йўлларда ҳайдовчи эшигини очиш тақиқланади. Ўз жойидан йўловчи эшиги орқали чиқади"",""Турган транспорт воситасининг эшигини очиш тақиқланади; агар бу хавф туғдирса ва ҳаракатланишнинг бошқа иштирокчиларига халақит берса""}",2,https://postimg.cc/Dmfk0bYv,Bilet 31-40,300,,,,
Bunday avtopoezdning ko'prikdan o'tishiga ruxsat etiladimi?,Бундай автопоезднинг кўприкдан ўтишига рухсат этиладими?,"{""Ruxsat etiladi"",""Taqiqlanadi""}","{""Рухсат этилади"",""Тақиқланади""}",1,https://ptest.uz/images/7e71d700-3c44-486c-8cc0-10a74c61ff3d.webp,Bilet 31-40,300,,,,
Sanab o'tilganlardan qaysi joylarda transport vositalarining to'xtashi va to'xtab turishi taqiqlanadi?,Санаб ўтилганлардан қайси жойларда транспорт воситаларининг тўхташи ва тўхтаб туриши тақиқланади?,"{""Darvozadan chiqish joylarida"",""Tramvay yo'llarida"",""Tramvay yo'llaridan bevosita yaqinroqda, agar bu tramvaylarning harakatiga to'sqinlik qilsa"",""Barcha ko'rsatilgan joylarda""}","{""Дарвозадан чиқиш жойларида"",""Трамвай йўлларида"",""Трамвай йўлларидан бевосита яқинроқда, агар бу трамвайларнинг ҳаракатига тўсқинлик қилса"",""Барча кўрсатилган жойларда""}",3,https://postimg.cc/Dmfk0bYv,Bilet 31-40,300,,,,
Qaysi belgi bilan xavfli yo'lning uzunligi ko'rsatiladi?,Қайси белги билан хавфли йўлнинг узунлиги кўрсатилади?,"{""1"",""2"",""3"",""4"",""5""}","{""1"",""2"",""3"",""4"",""5""}",3,https://ptest.uz/images/383c54b1-a242-4c1c-9d8a-70a1fd2454ef.webp,Bilet 31-40,300,,,,
Bu belgilar nimani bildiradi?,Бу белгилар нимани билдиради?,"{""«Nogiron» taniqli belgisi bo'lgan avtomobillar uchun 30 m dan keyin to'xtab turish joyiga kelishini"",""Motokajavalardan tashqari transport vositalari uchun 30 m li hududdagi to'xtab turish joyini"",""«Nogiron» taniqli belgisi bo'lgan motokajava va avtomobillar uchun 30 m li hududdagi to'xtab turish joyini""}","{""«Ногирон» таниқли белгиси бўлган автомобиллар учун 30 м дан кейин тўхтаб туриш жойига келишини"",""Мотокажавалардан ташқари транспорт воситалари учун 30 м ли ҳудуддаги тўхтаб туриш жойини"",""«Ногирон» таниқли белгиси бўлган мотокажава ва автомобиллар учун 30 м ли ҳудуддаги тўхтаб туриш жойини""}",2,https://ptest.uz/images/c7112915-8c56-448d-b8f6-97580222b5b8.webp,Bilet 31-40,300,,,,
Ishqalanish koeffitsientiga shinalarni siyqalanib ketgan protektori qanday tasir qiladi?,Ишқаланиш коэффициентига шиналарни сийқаланиб кетган протектори қандай таъсир қилади?,"{""Ishqalanish koeffitsienti oshadi"",""Ishqalanish koeffitsienti o'zgarmaydi"",""Ishqalanish koeffitsienti kamayadi""}","{""Ишқаланиш коэффициенти ошади"",""Ишқаланиш коэффициенти ўзгармайди"",""Ишқаланиш коэффициенти камаяди""}",2,https://postimg.cc/Dmfk0bYv,Bilet 31-40,300,,,,
Yuk avtomobili haydovchisi rasmda ko'rsatilgan holatda maxsus tovush ishorasini eshitib yoki miltillovchi ishorani ko'rib nima qilishi kerak?,Юк автомобили ҳайдовчиси расмда кўрсатилган ҳолатда махсус товуш ишорасини эшитиб ёки милтилловчи ишорани кўриб нима қилиши керак?,"{""Qatnov qismidagi o'z bo'lagi bo'ylab harakatni davom ettirish"",""Haydovchi maxsus tovushli ishoralarini yoqqan holda yaqinlashib kelayotgan transport vositalariga yo'l berishlari, zarur bo'lgan hollarda ularning to'siqsiz o'tib ketishlari uchun o'zlarini yo'lning o'ng tomoniga olib to'xtashlari shart""}","{""Қатнов қисмидаги ўз бўлаги бўйлаб ҳаракатни давом эттириш"",""Ҳайдовчи махсус товушли ишораларини ёққан ҳолда яқинлашиб келаётган транспорт воситаларига йўл беришлари, зарур бўлган ҳолларда уларнинг тўсиқсиз ўтиб кетишлари учун ўзларини йўлнинг ўнг томонига олиб тўхташлари шарт""}",1,https://ptest.uz/images/621e89d0-0a68-4cf8-8364-6046bf1adefa.webp,Bilet 31-40,300,,,,
Piyodalar qatnov qismining chetidan qanday yurishlari kerak?,Пиёдалар қатнов қисмининг четидан қандай юришлари керак?,"{""Yo'l harakat qismining chetidan harakatlanayotgan transport vositalariga qarshi"",""Yo'l yoqasidan yoki qatnov qismining chetidan transport vositalarining harakati bo'ylab"",""Har qanday yo'nalishda""}","{""Йўл ҳаракат қисмининг четидан ҳаракатланаётган транспорт воситаларига қарши"",""Йўл ёқасидан ёки қатнов қисмининг четидан транспорт воситаларининг ҳаракати бўйлаб"",""Ҳар қандай йўналищда""}",0,https://postimg.cc/Dmfk0bYv,Bilet 31-40,300,,,,
Bolalarni tashishda transport vositasi qaysi taniqli belgisi bilan belgilanadi?,Болаларни ташишда транспорт воситаси қайси таниқли белгиси билан белгиланади?,"{""1"",""2"",""3""}","{""1"",""2"",""3""}",2,https://ptest.uz/images/2fd16516-c912-4516-957c-a2584e0eefab.webp,Bilet 31-40,300,,,,
"Yengil avtomobilning oldingi o'rindig'ida bolalarni ushlab turuvchi maxsus qurilma o'rnatilmagan bo'lsa, ularni tashish qaysi yoshdan ruxsat etiladi?","Енгил автомобилнинг олдинги ўриндиғида болаларни ушлаб турувчи махсус қурилма ўрнатилмаган бўлса, уларни ташиш қайси ёшдан рухсат этилади?","{""5 yosh"",""6 yosh"",""8 yosh"",""10 yosh"",""12 yosh""}","{""5 ёш"",""6 ёш"",""8 ёш"",""10 ёш"",""12 ёш""}",4,https://postimg.cc/Dmfk0bYv,Bilet 31-40,300,,,,
Ko'rsatilgan belgilardan qaysinisi orqaga harakatlanishni taqiqlaydi?,Кўрсатилган белгилардан қайсиниси орқага ҳаракатланишни тақиқлайди?,"{""1"",""2"",""3"",""4"",""5""}","{""1"",""2"",""3"",""4"",""5""}",0,https://ptest.uz/images/cb6ebbba-d534-4e8d-9727-2304566cee79.webp,Bilet 31-40,300,,,,
Tik cho'zilgan qiyaliklarda ajratilgan uzatma bilan avtomobilni uzoq tormozlashning qanday xavfi bor?,Тик чўзилган қияликларда ажратилган узатма билан автомобилни узоқ тормозлашнинг қандай хавфи бор?,"{""Shinalarning shikastlanishi ortadi"",""Ulagich qismlarining shikastlanishi ortadi"",""Tormoz qiziydi va ishdan chiqadi""}","{""Шиналарнинг шикастланиши ортади"",""Улагич қисмларининг шикастланиши ортади"",""Тормоз қизийди ва ишдан чиқади""}",2,https://postimg.cc/Dmfk0bYv,Bilet 31-40,300,,,,
O'tish navbati qaysi javobda to'g'ri ko'rsatilgan?,Ўтиш навбати қайси жавобда тўғри кўрсатилган?,"{""Mototsikl, avtobus, yuk avtomobili"",""Avtobus, mototsikl, yuk avtomobili"",""Avtobus, yuk avtomobili, mototsikl""}","{""Мотоцикл, автобус, юк автомобили"",""Автобус, мотоцикл, юк автомобили"",""Автобус, юк автомобили, мотоцикл""}",0,https://ptest.uz/images/46688fff-6ecf-4e98-a7db-0f1510b67d43.webp,Bilet 31-40,300,,,,
35-BILET Qaysi transport vositasining haydovchisi yo'l berishi kerak?,35-BILET Қайси транспорт воситасининг ҳайдовчиси йўл бериши керак?,"{""Traktor haydovchisi"",""Avtobus haydovchisi""}","{""Трактор ҳайдовчиси"",""Автобус ҳайдовчиси""}",0,https://ptest.uz/images/ccd7494d-16ec-4a65-84a4-e1a3b5f9c485.webp,Bilet 31-40,300,,,,
Qishloq xo'jalik ishlari olib boriladigan dalada yuk avtomobili va traktorning harakat traektoriyasi kesishadi. Kim yo'l berishi kerak?,Қишлоқ хўжалик ишлари олиб бориладиган далада юк автомобили ва тракторнинг ҳаракат траекторияси кесишади. Ким йўл бериши керак?,"{""Yuk avtomobili haydovchisi traktor haydovchisiga"",""Traktor haydovchisi yuk avtomobili haydovchisiga"",""O'ng tomonidan transport vositasi yaqinlashayotgan haydovchi"",""O'ng tomondagi haydovchi""}","{""Юк автомобили ҳайдовчиси трактор ҳайдовчисига"",""Трактор ҳайдовчиси юк автомобили ҳайдовчисига"",""Ўнг томонидан транспорт воситаси яқинлашаётган ҳайдовчи"",""Ўнг томондаги ҳайдовчи""}",2,https://postimg.cc/Dmfk0bYv,Bilet 31-40,300,,,,
Qaysi transport vositasining haydovchisi quvib o'tishni to'g'ri bajaryapti?,Қайси транспорт воситасининг ҳайдовчиси қувиб ўтишни тўғри бажаряпти?,"{""Yashil avtomobil haydovchisi"",""Ko'k avtomobil haydovchisi"",""Ikkala haydovchi to'g'ri bajarmoqda"",""Ikkala haydovchilarga quvib o'tish taqiqlangan""}","{""Яшил автомобил ҳайдовчиси"",""Кўк автомобил ҳайдовчиси"",""Иккала ҳайдовчи тўғри бажармоқда"",""Иккала ҳайдовчиларга қувиб ўтиш тақиқланган""}",0,https://ptest.uz/images/a2938068-b506-49f6-854c-db93438ad588.webp,Bilet 31-40,300,,,,
Chorrahani birinchi bo'lib kesib o'tadi?,Чорраҳани биринчи бўлиб кесиб ўтади?,"{""Yashil avtomobil"",""Qizil avtomobil"",""Ko'k avtomobil""}","{""Яшил автомобил"",""Қизил автомобил"",""Кўк автомобил""}",0,https://ptest.uz/images/1ef09f73-aefd-4684-9af9-5e84c5c12bcf.webp,Bilet 31-40,300,,,,
Transport vositalari chorrahani quyidagi tartibda kesib o'tadi:,Транспорт воситалари чорраҳани қуйидаги тартибда кесиб ўтади:,"{""Yengil avtomobil, avtobus, tramvay"",""Tramvay, avtobus, yengil avtomobil"",""Tramvay, yengil avtomobil, avtobus""}","{""Енгил автомобил, автобус, трамвай"",""Трамвай, автобус, енгил автомобил"",""Трамвай, енгил автомобил, автобус""}",2,https://ptest.uz/images/b969798a-2389-464a-b056-31b284bd51ad.webp,Bilet 31-40,300,,,,
Belgi ostidagi qo'shimcha axborot belgisi nimani anglatadi?,Белги остидаги қўшимча ахборот белгиси нимани англатади?,"{""Yo'lning tor qismi uzunligini"",""Belgidan yo'lning tor qismigacha bo'lgan masofani"",""Tor qismini aylanib o'tish joyigacha masofani""}","{""Йўлнинг тор қисми узунлигини"",""Белгидан йўлнинг тор қисмигача бўлган масофани"",""Тор қисмини айланиб ўтиш жойигача масофани""}",1,https://ptest.uz/images/f381e1f6-7cc4-4a58-a5b8-7696d7af56b0.webp,Bilet 31-40,300,,,,
Qoidalar transport vositalarining harakatlanishni davom ettirishni qanday hollarda taqiqlaydi?,Қоидалар транспорт воситаларининг ҳаракатланишни давом эттиришни қандай ҳолларда тақиқлайди?,"{""Kuzov (kabina) qismlari va bo'yog'iga tashqi tomondan anchagina shikast yetgan bo'lsa"",""Ulagich moslamasi nosoz bo'lsa (avtopoezd tarkibida)"",""Kuzov (kabina) qismlari va bo'yog'iga tashqi tomondan anchagina shikast yetgan bo'lsa hamda ressoralarning o'zak qatlami yoki markaziy bolti shikastlangan hollarda""}","{""Кузов (кабина) қисмлари ва бўёғига ташқи томондан анчагина шикаст етган бўлса"",""Улагич мосламаси носоз бўлса (автопоезд таркибида)"",""Кузов (кабина) қисмлари ва бўёғига ташқи томондан анчагина шикаст етган бўлса ҳамда рессораларнинг ўзак қатлами ёки марказий болти шикастланган ҳолларда""}",1,https://postimg.cc/Dmfk0bYv,Bilet 31-40,300,,,,
To'xtash va to'xtab turish taqiqlangan:,Тўхташ ва тўхтаб туриш тақиқланган:,"{""Yo'lning xavfli burilishlarida va yo'lning loaqal bir yo'nalishda 100 m dan kamroq qismi ko'rinadigan yo'lning uzunasiga qavarib turgan joylari yaqinida"",""Ko'priklarda, estakadalarda va osma yo'llarda, bir yo'nalishda harakatlanish uchun uchtadan kam bo'lagi bo'lganda"",""Barcha sanab o'tilgan hollarda""}","{""Йўлнинг хавфли бурилишларида ва йўлнинг лоақал бир йўналишда 100 м дан камроқ қисми кўринадиган йўлнинг узунасига қавариб турган жойлари яқинида"",""Кўприкларда, эстакадаларда ва осма йўлларда, бир йўналишда ҳаракатланиш учун учтадан кам бўлаги бўлганда"",""Барча санаб ўтилган ҳолларда""}",2,https://postimg.cc/Dmfk0bYv,Bilet 31-40,300,,,,
Qaysi transport vositasining haydovchisi yo'l berishi kerak?,Қайси транспорт воситасининг ҳайдовчиси йўл бериши керак?,"{""Mototsikl haydovchisi"",""Yuk avtomobili haydovchisi""}","{""Мотоцикл ҳайдовчиси"",""Юк автомобили ҳайдовчиси""}",1,https://ptest.uz/images/45460c26-e01d-4c6f-8744-8da775bd6749.webp,Bilet 31-40,300,,,,
Spidometr jihozlari tamg'alanmagan transport vositalaridan foydalanishga ruxsat etiladimi?,Спидометр жиҳозлари тамғаланмаган транспорт воситаларидан фойдаланишга рухсат этиладими?,"{""Ruxsat etiladi"",""Taqiqlanadi"",""Faqat xususiy egalariga tegishli avtomobillar, mototsikllar va mopedlarga ruxsat etiladi""}","{""Рухсат этилади"",""Тақиқланади"",""Фақат хусусий эгаларига тегишли автомобиллар, мотоцикллар ва мопедларга рухсат этилади""}",2,https://postimg.cc/Dmfk0bYv,Bilet 31-40,300,,,,
Tog' yo'llarining tik qiyaliklaridan tushishda g'ildiratishdan foydalanishga ruxsat etiladimi?,Тоғ йўлларининг тик қияликларидан тушишда ғилдиратишдан фойдаланишга рухсат этиладими?,"{""Agar avtomobil gidrovakuum kuchaytirgichli tormozlar bilan jihozlangan bo'lsa, tavsiya etiladi"",""Agar yo'l yaxshi holatda bo'lsa va uzoq ko'rinib tursa, tavsiya etiladi"",""Taqiqlanadi""}","{""Агар автомобил гидровакуум кучайтиргичли тормозлар билан жиҳозланган бўлса, тавсия этилади"",""Агар йўл яхши ҳолатда бўлса ва узоқ кўриниб турса, тавсия этилади"",""Тақиқланади""}",2,https://postimg.cc/Dmfk0bYv,Bilet 31-40,300,,,,
Qaysi rasmda haydovchi chapga burilish haqida ogohlantirish ishorasini bermoqda?,Қайси расмда ҳайдовчи чапга бурилиш ҳақида огоҳлантириш ишорасини бермоқда?,"{""1"",""2"",""3""}","{""1"",""2"",""3""}",0,https://ptest.uz/images/cd90b53e-bf3a-4594-9686-554ae5c0a1ca.webp,Bilet 31-40,300,,,,
Ko'rsatilgan yo'l belgisi qaysi transport vositalariga harakatlanishni taqiqlaydi?,Кўрсатилган йўл белгиси қайси транспорт воситаларига ҳаракатланишни тақиқлайди?,"{""Yengil avtomobil haydovchisi"",""Mototsikl haydovchisi"",""Yuk avtomobili haydovchisi"",""Barcha transport vositalarining haydovchilari""}","{""Енгил автомобиль ҳайдовчиси"",""Мотоцикл ҳайдовчиси"",""Юк автомобили ҳайдовчиси"",""Барча транспорт воситаларининг ҳайдовчилари""}",2,https://ptest.uz/images/c040351a-929f-4c72-968a-255653cdc9bf.webp,Bilet 31-40,300,,,,
To'xtash va to'xtab turish taqiqlanadi:,Тўхташ ва тўхтаб туриш тақиқланади:,"{""Temir yo'l kesishmalarida"",""Piyodalarning o'tish joylarida va ularga 10 m dan kam qolganda"",""Transport vositalari piyodalarning harakatiga xalaqit beradigan joylarda"",""Hovlidan chiqadigan joylarda"",""Barcha sanab o'tilgan joylarda""}","{""Темир йўл кесишмаларида"",""Пиёдаларнинг ўтиш жойларида ва уларга 10 м дан кам қолганда"",""Транспорт воситалари пиёдаларнинг ҳаракатига халақит берадиган жойларда"",""Ҳовлидан чиқадиган жойларда"",""Барча санаб ўтилган жойларда""}",4,https://postimg.cc/Dmfk0bYv,Bilet 31-40,300,,,,
Mazkur tik chiziqlar nimani anglatadi?,Мазкур тик чизиқлар нимани англатади?,"{""Yo'lnig kichik radiusli burilishlarini yo'l chetiga o'rnatilgan to'siqlarning yon yuzalarini bildiradi"",""Boshqa joylardagi to'siqlarning yon yuzalarini bildiradi""}","{""Йўлниг кичик радиусли бурилишларини йўл четига ўрнатилган тўсиқларнинг ён юзаларини билдиради"",""Бошқа жойлардаги тўсиқларнинг ён юзаларини билдиради""}",1,https://ptest.uz/images/b6a06687-e2aa-4324-b5e7-6d03d292f95c.webp,Bilet 31-40,300,,,,
Qornidan yopiq jarohat olgan jabrlanuvchi qanday tashiladi?,Қорнидан ёпиқ жароҳат олган жабрланувчи қандай ташилади?,"{""Yonboshi yoki orqasiga yotqizilgan holatda, lat yegan joyga issiq grelka qo'yiladi"",""Yotqizilgan holatda, lat yegan joyiga sovuq narsa (muz, malham) qo'yiladi"",""Yarim o'tkazilgan holatda, tizzalari tanaga yaqinlashtiriladi""}","{""Ёнбоши ёки орқасига ётқизилган ҳолатда, лат еган жойга иссиқ грелка қўйилади"",""Ётқизилган ҳолатда, лат еган жойига совуқ нарса (муз, малҳам) қўйилади"",""Ярим ўтказилган ҳолатда, тиззалари танага яқинлаштирилади""}",1,https://postimg.cc/Dmfk0bYv,Bilet 31-40,300,,,,
Chorrahani ikkinchi bo'lib kesib o'tadi?,Чорраҳани иккинчи бўлиб кесиб ўтади?,"{""Yashil avtomobil"",""Qizil avtomobil"",""Ko'k avtomobil ayni vaqtda sariq bilan birga""}","{""Яшил автомобил"",""Қизил автомобил"",""Кўк автомобил айни вақтда сариқ билан бирга""}",2,https://ptest.uz/images/7a9e7f11-e6ce-4751-bb66-d9aa4b525c8d.webp,Bilet 31-40,300,,,,
Egiluvchan ulagichda shatakka olinganda qanday yuqori tezlik bilan harakatlanishga ruxsat etilgan?,Эгилувчан улагичда шатакка олинганда қандай юқори тезлик билан ҳаракатланишга рухсат этилган?,"{""70 km/s"",""60 km/s"",""50 km/s"",""40 km/s"",""30 km/s""}","{""70 км/с"",""60 км/с"",""50 км/с"",""40 км/с"",""30 км/с""}",2,https://postimg.cc/Dmfk0bYv,Bilet 31-40,300,,,,
Qayrilish taqiqlanadi:,Қайрилиш тақиқланади:,"{""Piyodalar o'tish joylarida va tunnellarda"",""Ko'priklarda, osma yo'llarda, estakadalarda va ularning ostida"",""Temir yo'l kesishmalarida"",""Loaqal bir yo'nalishda yo'l 100 m. dan kamroq ko'ringanda"",""Barcha sanab o'tilgan hollarda""}","{""Пиёдалар ўтиш жойларида ва туннелларда"",""Кўприкларда, осма йўлларда, эстакадаларда ва уларнинг остида"",""Темир йўл кесишмаларида"",""Лоақал бир йўналишда йўл 100 м. дан камроқ кўринганда"",""Барча санаб ўтилган ҳолларда""}",4,https://postimg.cc/Dmfk0bYv,Bilet 31-40,300,,,,
Qaysi transport vositasining haydovchisi yo'l berishi kerak?,Қайси транспорт воситасининг ҳайдовчиси йўл бериши керак?,"{""Traktor haydovchisi"",""Avtobus haydovchisi""}","{""Трактор ҳайдовчиси"",""Автобус ҳайдовчиси""}",1,https://ptest.uz/images/ccd7494d-16ec-4a65-84a4-e1a3b5f9c485.webp,Bilet 31-40,300,,,,
Spidometr jihozlari tamg'alanmagan transport vositalaridan foydalanishga ruxsat etiladimi?,Спидометр жиҳозлари тамғаланмаган транспорт воситаларидан фойдаланишга рухсат этиладими?,"{""Ruxsat etiladi"",""Taqiqlanadi"",""Faqat xususiy egalariga tegishli avtomobillar, mototsikllar va mopedlarga ruxsat etiladi""}","{""Рухсат этилади"",""Тақиқланади"",""Фақат хусусий эгаларига тегишли автомобиллар, мотоцикллар ва мопедларга рухсат этилади""}",2,https://postimg.cc/Dmfk0bYv,Bilet 31-40,300,,,,
Qaysi transport vositasining haydovchisi yo'l berishi kerak?,Қайси транспорт воситасининг ҳайдовчиси йўл бериши керак?,"{""Traktor haydovchisi"",""Avtobus haydovchisi""}","{""Трактор ҳайдовчиси"",""Автобус ҳайдовчиси""}",1,https://ptest.uz/images/ccd7494d-16ec-4a65-84a4-e1a3b5f9c485.webp,Bilet 31-40,300,,,,
Transport vositalari chorrahani quyidagi tartibda kesib o'tadi:,Транспорт воситалари чорраҳани қуйидаги тартибда кесиб ўтади:,"{""Yengil avtomobil, avtobus, tramvay"",""Tramvay, avtobus, yengil avtomobil"",""Tramvay, yengil avtomobil, avtobus""}","{""Енгил автомобил, автобус, трамвай"",""Трамвай, автобус, енгил автомобил"",""Трамвай, енгил автомобил, автобус""}",2,https://ptest.uz/images/b969798a-2389-464a-b056-31b284bd51ad.webp,Bilet 31-40,300,,,,
Qishloq xo'jalik ishlari olib boriladigan dalada yuk avtomobili va traktorning harakat traektoriyasi kesishadi. Kim yo'l berishi kerak?,Қишлоқ хўжалик ишлари олиб бориладиган далада юк автомобили ва тракторнинг ҳаракат траекторияси кесишади. Ким йўл бериши керак?,"{""Yuk avtomobili haydovchisi traktor haydovchisiga"",""Traktor haydovchisi yuk avtomobili haydovchisiga"",""O'ng tomonidan transport vositasi yaqinlashayotgan haydovchi"",""O'ng tomondagi haydovchi""}","{""Юк автомобили ҳайдовчиси трактор ҳайдовчисига"",""Трактор ҳайдовчиси юк автомобили ҳайдовчисига"",""Ўнг томонидан транспорт воситаси яқинлашаётган ҳайдовчи"",""Ўнг томондаги ҳайдовчи""}",2,https://postimg.cc/Dmfk0bYv,Bilet 31-40,300,,,,
Qaysi transport vositasining haydovchisi yo'l berishi kerak?,Қайси транспорт воситасининг ҳайдовчиси йўл бериши керак?,"{""Mototsikl haydovchisi"",""Yuk avtomobili haydovchisi""}","{""Мотоцикл ҳайдовчиси"",""Юк автомобили ҳайдовчиси""}",1,https://ptest.uz/images/45460c26-e01d-4c6f-8744-8da775bd6749.webp,Bilet 31-40,300,,,,
Qaysi transport vositasining haydovchisi quvib o'tishni to'g'ri bajaryapti?,Қайси транспорт воситасининг ҳайдовчиси қувиб ўтишни тўғри бажаряпти?,"{""Yashil avtomobil haydovchisi"",""Ko'k avtomobil haydovchisi"",""Ikkala haydovchi to'g'ri bajarmoqda"",""Ikkala haydovchilarga quvib o'tish taqiqlangan""}","{""Яшил автомобил ҳайдовчиси"",""Кўк автомобил ҳайдовчиси"",""Иккала ҳайдовчи тўғри бажармоқда"",""Иккала ҳайдовчиларга қувиб ўтиш тақиқланган""}",0,https://ptest.uz/images/a2938068-b506-49f6-854c-db93438ad588.webp,Bilet 31-40,300,,,,
Qaysi transport vositasiga to'xtash taqiqlangan?,Қайси транспорт воситасига тўхташ тақиқланган?,"{""Yengil avtomobil haydovchisi"",""Mototsikl haydovchisi"",""Yuk avtomobili haydovchisi"",""Barcha transport vositalarining haydovchilari""}","{""Енгил автомобиль ҳайдовчиси"",""Мотоцикл ҳайдовчиси"",""Юк автомобили ҳайдовчиси"",""Барча транспорт воситаларининг ҳайдовчилари""}",2,https://ptest.uz/images/c040351a-929f-4c72-968a-255653cdc9bf.webp,Bilet 31-40,300,,,,
Ko'rsatilgan yo'l belgisi qaysi transport vositalariga harakatlanishni taqiqlaydi?,Кўрсатилган йўл белгиси қайси транспорт воситаларига ҳаракатланишни тақиқлайди?,"{""Barcha mexanik transport vositalariga"",""Faqat yuk avtomobillariga"",""Barcha avtomobillarga""}","{""Барча механик транспорт воситаларига"",""Фақат юк автомобилларига"",""Барча автомобилларга""}",0,https://ptest.uz/images/288560b7-d410-407f-9ed0-ccd3c782c873.webp,Bilet 31-40,300,,,,
To'xtash va to'xtab turish taqiqlanadi:,Тўхташ ва тўхтаб туриш тақиқланади:,"{""Temir yo'l kesishmalarida"",""Piyodalarning o'tish joylarida va ularga 10 m dan kam qolganda"",""Transport vositalari piyodalarning harakatiga xalaqit beradigan joylarda"",""Hovlidan chiqadigan joylarda"",""Barcha sanab o'tilgan joylarda""}","{""Темир йўл кесишмаларида"",""Пиёдаларнинг ўтиш жойларида ва уларга 10 м дан кам қолганда"",""Транспорт воситалари пиёдаларнинг ҳаракатига халақит берадиган жойларда"",""Ҳовлидан чиқадиган жойларда"",""Барча санаб ўтилган жойларда""}",4,https://postimg.cc/Dmfk0bYv,Bilet 31-40,300,,,,
Qayrilish taqiqlanadi:,Қайрилиш тақиқланади:,"{""Piyodalar o'tish joylarida va tunnellarda"",""Ko'priklarda, osma yo'llarda, estakadalarda va ularning ostida"",""Temir yo'l kesishmalarida"",""Loaqal bir yo'nalishda yo'l 100 m. dan kamroq ko'ringanda"",""Barcha sanab o'tilgan hollarda""}","{""Пиёдалар ўтиш жойларида ва туннелларда"",""Кўприкларда, осма йўлларда, эстакадаларда ва уларнинг остида"",""Темир йўл кесишмаларида"",""Лоақал бир йўналишда йўл 100 м. дан камроқ кўринганда"",""Барча санаб ўтилган ҳолларда""}",4,https://postimg.cc/Dmfk0bYv,Bilet 31-40,300,,,,
Tog' yo'llarining tik qiyaliklaridan tushishda g'ildiratishdan foydalanishga ruxsat etiladimi?,Тоғ йўлларининг тик қияликларидан тушишда ғилдиратишдан фойдаланишга рухсат этиладими?,"{""Agar avtomobil gidrovakuum kuchaytirgichli tormozlar bilan jihozlangan bo'lsa, tavsiya etiladi"",""Agar yo'l yaxshi holatda bo'lsa va uzoq ko'rinib tursa, tavsiya etiladi"",""Taqiqlanadi""}","{""Агар автомобил гидровакуум кучайтиргичли тормозлар билан жиҳозланган бўлса, тавсия этилади"",""Агар йўл яхши ҳолатда бўлса ва узоқ кўриниб турса, тавсия этилади"",""Тақиқланади""}",2,https://postimg.cc/Dmfk0bYv,Bilet 31-40,300,,,,
To'xtash va to'xtab turish taqiqlangan:,Тўхташ ва тўхтаб туриш тақиқланган:,"{""Yo'lning xavfli burilishlarida va yo'lning loaqal bir yo'nalishda 100 m dan kamroq qismi ko'rinadigan yo'lning uzunasiga qavarib turgan joylari yaqinida"",""Ko'priklarda, estakadalarda va osma yo'llarda, bir yo'nalishda harakatlanish uchun uchtadan kam bo'lagi bo'lganda"",""Barcha sanab o'tilgan hollarda""}","{""Йўлнинг хавфли бурилишларида ва йўлнинг лоақал бир йўналишда 100 м дан камроқ қисми кўринадиган йўлнинг узунасига қавариб турган жойлари яқинида"",""Кўприкларда, эстакадаларда ва осма йўлларда, бир йўналишда ҳаракатланиш учун учтадан кам бўлаги бўлганда"",""Барча санаб ўтилган ҳолларда""}",2,https://postimg.cc/Dmfk0bYv,Bilet 31-40,300,,,,
Chorrahani birinchi bo'lib kesib o'tadi?,Чорраҳани биринчи бўлиб кесиб ўтади?,"{""Yashil avtomobil"",""Qizil avtomobil"",""Ko'k avtomobil""}","{""Яшил автомобил"",""Қизил автомобил"",""Кўк автомобил""}",0,https://ptest.uz/images/1ef09f73-aefd-4684-9af9-5e84c5c12bcf.webp,Bilet 31-40,300,,,,
Qornidan yopiq jarohat olgan jabrlanuvchi qanday tashiladi?,Қорнидан ёпиқ жароҳат олган жабрланувчи қандай ташилади?,"{""Yonboshi yoki orqasiga yotqizilgan holatda, lat yegan joyga issiq grelka qo'yiladi"",""Yotqizilgan holatda, lat yegan joyiga sovuq narsa (muz, malham) qo'yiladi"",""Yarim o'tkazilgan holatda, tizzalari tanaga yaqinlashtiriladi""}","{""Ёнбоши ёки орқасига ётқизилган ҳолатда, лат еган жойга иссиқ грелка қўйилади"",""Ётқизилган ҳолатда, лат еган жойига совуқ нарса (муз, малҳам) қўйилади"",""Ярим ўтказилган ҳолатда, тиззалари танага яқинлаштирилади""}",1,https://postimg.cc/Dmfk0bYv,Bilet 31-40,300,,,,
Mazkur tik chiziqlar nimani anglatadi?,Мазкур тик чизиқлар нимани англатади?,"{""Yo'lnig kichik radiusli burilishlarini yo'l chetiga o'rnatilgan to'siqlarning yon yuzalarini bildiradi"",""Boshqa joylardagi to'siqlarning yon yuzalarini bildiradi""}","{""Йўлниг кичик радиусли бурилишларини йўл четига ўрнатилган тўсиқларнинг ён юзаларини билдиради"",""Бошқа жойлардаги тўсиқларнинг ён юзаларини билдиради""}",1,https://ptest.uz/images/b6a06687-e2aa-4324-b5e7-6d03d292f95c.webp,Bilet 31-40,300,,,,
Chorrahani ikkinchi bo'lib kesib o'tadi?,Чорраҳани иккинчи бўлиб кесиб ўтади?,"{""Yashil avtomobil"",""Qizil avtomobil"",""Ko'k avtomobil ayni vaqtda sariq bilan birga""}","{""Яшил автомобил"",""Қизил автомобил"",""Кўк автомобил айни вақтда сариқ билан бирга""}",2,https://ptest.uz/images/7a9e7f11-e6ce-4751-bb66-d9aa4b525c8d.webp,Bilet 31-40,300,,,,
Qoidalar transport vositalarining harakatlanishni davom ettirishni qanday hollarda taqiqlaydi?,Қоидалар транспорт воситаларининг ҳаракатланишни давом эттиришни қандай ҳолларда тақиқлайди?,"{""Kuzov (kabina) qismlari va bo'yog'iga tashqi tomondan anchagina shikast yetgan bo'lsa"",""Ulagich moslamasi nosoz bo'lsa (avtopoezd tarkibida)"",""Kuzov (kabina) qismlari va bo'yog'iga tashqi tomondan anchagina shikast yetgan bo'lsa hamda ressoralarning o'zak qatlami yoki markaziy bolti shikastlangan hollarda""}","{""Кузов (кабина) қисмлари ва бўёғига ташқи томондан анчагина шикаст етган бўлса"",""Улагич мосламаси носоз бўлса (автопоезд таркибида)"",""Кузов (кабина) қисмлари ва бўёғига ташқи томондан анчагина шикаст етган бўлса ҳамда рессораларнинг ўзак қатлами ёки марказий болти шикастланган ҳолларда""}",1,https://postimg.cc/Dmfk0bYv,Bilet 31-40,300,,,,
Belgi ostidagi qo'shimcha axborot belgisi nimani anglatadi?,Белги остидаги қўшимча ахборот белгиси нимани англатади?,"{""Yo'lning tor qismi uzunligini"",""Belgidan yo'lning tor qismigacha bo'lgan masofani"",""Tor qismini aylanib o'tish joyigacha masofani""}","{""Йўлнинг тор қисми узунлигини"",""Белгидан йўлнинг тор қисмигача бўлган масофани"",""Тор қисмини айланиб ўтиш жойигача масофани""}",1,https://ptest.uz/images/f381e1f6-7cc4-4a58-a5b8-7696d7af56b0.webp,Bilet 31-40,300,,,,
Egiluvchan ulagichda shatakka olinganda qanday yuqori tezlik bilan harakatlanishga ruxsat etilgan?,Эгилувчан улагичда шатакка олинганда қандай юқори тезлик билан ҳаракатланишга рухсат этилган?,"{""70 km/s"",""60 km/s"",""50 km/s"",""40 km/s"",""30 km/s""}","{""70 км/с"",""60 км/с"",""50 км/с"",""40 км/с"",""30 км/с""}",2,https://postimg.cc/Dmfk0bYv,Bilet 31-40,300,,,,
Qaysi rasmda haydovchi chapga burilish haqida ogohlantirish ishorasini bermoqda?,Қайси расмда ҳайдовчи чапга бурилиш ҳақида огоҳлантириш ишорасини бермоқда?,"{""1"",""2"",""3""}","{""1"",""2"",""3""}",0,https://ptest.uz/images/cd90b53e-bf3a-4594-9686-554ae5c0a1ca.webp,Bilet 31-40,300,,,,
Spidometr jihozlari tamg'alanmagan transport vositalaridan foydalanishga ruxsat etiladimi?,Спидометр жиҳозлари тамғаланмаган транспорт воситаларидан фойдаланишга рухсат этиладими?,"{""Ruxsat etiladi"",""Taqiqlanadi"",""Faqat xususiy egalariga tegishli avtomobillar, mototsikllar va mopedlarga ruxsat etiladi""}","{""Рухсат этилади"",""Тақиқланади"",""Фақат хусусий эгаларига тегишли автомобиллар, мотоцикллар ва мопедларга рухсат этилади""}",2,https://postimg.cc/Dmfk0bYv,Bilet 31-40,300,,,,
Ushbu ko'rsatilgan holatda motottsikl haydovchisi sizga yo'l berishi kerakmi?,Ушбу кўрсатилган ҳолатда мототцикл ҳайдовчиси сизга йўл бериши керакми?,"{""Yo'q"",""Ha""}","{""Йўқ"",""Ҳа""}",1,https://ptest.uz/images/4291411e-4bb6-49d7-818d-d4e4f5fc8928.webp,Bilet 31-40,300,,,,
Yuk avtomobili haydovchisi to'xtab turish qoidasini buzdimi?,Юк автомобили ҳайдовчиси тўхтаб туриш қоидасини буздими?,"{""Buzdi"",""Buzmadi, agar uning ruxsat etilgan to'liq vazni 3,5 tonnadan oshmasa"",""Xato qilmadi""}","{""Бузди"",""Бузмади, агар унинг рухсат этилган тўлиқ вазни 3,5 тоннадан ошмаса"",""Хато қилмади""}",0,https://ptest.uz/images/48f789bc-eb67-41dd-a028-0d3537b2de68.webp,Bilet 31-40,300,,,,
Siz chorrahadan chapga burilmoqchisiz. Ushbu vaziyatda kimga yo'l berasiz?,Сиз чорраҳадан чапга бурилмоқчисиз. Ушбу вазиятда кимга йўл берасиз?,"{""Faqat avtobusga"",""Faqat qizil avtomobilga"",""Hech kimga""}","{""Фақат автобусга"",""Фақат қизил автомобилга"",""Ҳеч кимга""}",2,https://ptest.uz/images/e3fc9b41-cbb6-4c32-802c-d0bd3620481e.webp,Bilet 31-40,300,,,,
Ko'rsatilgan qaysi belgilar sizga yashash manzilingizga avtomobilda o'tishga ruxsat beradi?,Кўрсатилган қайси белгилар сизга яшаш манзилингизга автомобилда ўтишга рухсат беради?,"{""Faqat «A»"",""Faqat «B»"",""Faqat «A» va «B»"",""Barchasi""}","{""Фақат «А»"",""Фақат «Б»"",""Фақат «А» ва «B»"",""Барчаси""}",2,https://ptest.uz/images/d01df770-6e91-4050-99f4-25d89afc66fe.webp,Bilet 31-40,300,,,,
Sanab o'tilgan qaysi holatda transport vositasidan foydalanishga ruxsat etiladi?,Санаб ўтилган қайси ҳолатда транспорт воситасидан фойдаланишга рухсат этилади?,"{""Tashqi yoritgich asboblari ifloslangan bo'lsa"",""Yorituvchi chiroq nurining yo'nalishi buzilgan bo'lsa"",""Old qismida - oq yoki sariq rangli tumanga qarshi faralar o'rnatilgan bo'lsa""}","{""Ташқи ёритгич асбоблари ифлосланган бўлса"",""Ёритувчи чироқ нурининг йўналиши бузилган бўлса"",""Олд қисмида - оқ ёки сариқ рангли туманга қарши фаралар ўрнатилган бўлса""}",2,https://postimg.cc/Dmfk0bYv,Bilet 31-40,300,,,,
"Chorrahaga kirganingizda tartibga soluvchi qo'lini yuqoriga ko'tardi, sizga harakatlanishga ruxsat etiladimi?","Чорраҳага кирганингизда тартибга солувчи қўлини юқорига кўтарди, сизга ҳаракатланишга рухсат этиладими?","{""Ruxsat etilmaydi"",""Ruxsat etiladi, agarda siz o'ngga buriladigan bo'lsangiz"",""Ruxsat etiladi""}","{""Рухсат этилмайди"",""Рухсат этилади, агарда сиз ўнгга буриладиган бўлсангиз"",""Рухсат этилади""}",2,https://postimg.cc/Dmfk0bYv,Bilet 31-40,300,,,,
Turar joy dahalarida qanday harakatlar taqiqlangan?,Турар жой даҳаларида қандай ҳаракатлар тақиқланган?,"{""Faqat o'quv mashg'ulotlarini bajarish"",""Faqat dvigatel ishlab turganda to'xtab turish"",""Barcha sanab o'tilgan hollarda""}","{""Фақат ўқув машғулотларини бажариш"",""Фақат двигатель ишлаб турганда тўхтаб туриш"",""Барча санаб ўтилган ҳолларда""}",2,https://postimg.cc/Dmfk0bYv,Bilet 31-40,300,,,,
Qanday hollarda aholi punktlarida tovush moslamalaridan foydalanishga ruxsat etiladi?,Қандай ҳолларда аҳоли пунктларида товуш мосламаларидан фойдаланишга рухсат этилади?,"{""Quvib o'tishda ogohlantirish uchun"",""Yo'l-transport hodisasining oldini olish uchun"",""Har ikkala sanab o'tilgan hollarda""}","{""Қувиб ўтишда огоҳлантириш учун"",""Йўл-транспорт ҳодисасининг олдини олиш учун"",""Ҳар иккала санаб ўтилган ҳолларда""}",1,https://postimg.cc/Dmfk0bYv,Bilet 31-40,300,,,,
Svetaforning yashil miltillovchi ishorasi nimani bildiradi?,Светафорнинг яшил милтилловчи ишораси нимани билдиради?,"{""Svetafor nosozligini"",""Harakatga ruxsat beradi va tez orada taqiqlovchi ishora yonishi to'g'risida axborot beradi"",""Harakatni davom ettirishni taqiqlaydi""}","{""Светафор носозлигини"",""Ҳаракатга рухсат беради ва тез орада тақиқловчи ишора ёниши тўғрисида ахборот беради"",""Ҳаракатни давом эттиришни тақиқлайди""}",1,https://postimg.cc/Dmfk0bYv,Bilet 31-40,300,,,,
Ko'rsatilgan yo'l belgilaridan qaysi biri faqat yo'l qoplamasi nam bo'lganda tasir etadi?,Кўрсатилган йўл белгиларидан қайси бири фақат йўл қопламаси нам бўлганда таъсир этади?,"{""Faqat «A»"",""Faqat «A» va «B»"",""Barchasi""}","{""Фақат «А»"",""Фақат «А» ва «Б»"",""Барчаси""}",0,https://ptest.uz/images/ca6f3626-0de9-4557-b23d-7f2353b4fadd.webp,Bilet 31-40,300,,,,
Ushbu belgilardan qaysi biri bir tomonlama xarakat tashkil qilingan yo'lning boshida o'pnatiladi?,Ушбу белгилардан қайси бири бир томонлама xаракат ташкил қилинган йўлнинг бошида ўpнатилади?,"{""Faqat «A»"",""Faqat «B»"",""«B» va «G»"",""«B» yoki «V»""}","{""Фақат «А»"",""Фақат «Б»"",""«Б» ва «Г»"",""«Б» ёки «В»""}",1,https://ptest.uz/images/8be10bb6-293a-4996-80b7-3754d75750aa.webp,Bilet 31-40,300,,,,
Qaysi hollarda yo'lning harakatlanish bo'lagini ajratuvchi uzuq-uzuq chiziqni bosib o'tish mumkin?,Қайси ҳолларда йўлнинг ҳаракатланиш бўлагини ажратувчи узуқ-узуқ чизиқни босиб ўтиш мумкин?,"{""Faqat qayta tizilishda"",""Yo'lda boshqa transport vositalari bo'lmasa"",""Barcha sanab o'tilgan hollarda""}","{""Фақат қайта тизилишда"",""Йўлда бошқа транспорт воситалари бўлмаса"",""Барча санаб ўтилган ҳолларда""}",0,https://postimg.cc/Dmfk0bYv,Bilet 31-40,300,,,,
Qaysi haydovchi to'xtab turish qoidasini buzdi?,Қайси ҳайдовчи тўхтаб туриш қоидасини бузди?,"{""Motottsikl haydovchisi"",""Trotuarda to'xtab turgan avtomobil haydovchisi"",""Hech kim buzmadi""}","{""Мототцикл ҳайдовчиси"",""Тротуарда тўхтаб турган автомобиль ҳайдовчиси"",""Ҳеч ким бузмади""}",1,https://ptest.uz/images/7a152f22-b141-4e7a-b688-0b26aca13649.webp,Bilet 31-40,300,,,,
Sanab o'tilgan qaysi hollarda egiluvchan ulagichda shatakka olish taqiqlanadi?,Санаб ўтилган қайси ҳолларда эгилувчан улагичда шатакка олиш тақиқланади?,"{""Faqat tog'li yo'llarda"",""Yo'l yaxmalak, sirpanchiq bo'lgan hollarda"",""Kunning qorong'i vaqtida va yetarli ko'rinmaslik sharoitida"",""Barcha sanab o'tilgan hollarda""}","{""Фақат тоғли йўлларда"",""Йўл яхмалак, сирпанчиқ бўлган ҳолларда"",""Куннинг қоронғи вақтида ва етарли кўринмаслик шароитида"",""Барча санаб ўтилган ҳолларда""}",1,https://postimg.cc/Dmfk0bYv,Bilet 31-40,300,,,,
"Yo'lda «TO'XTASh», yozuvi ko'rinishidagi yo'l chizig'i nimani bildiradi?","Йўлда «ТЎХТАШ», ёзуви кўринишидаги йўл чизиғи нимани билдиради?","{""Tartibga solingan chorrahada to'xtash chizig'iga yaqinlashayotganligi xaqida ogohlantiradi"",""To'xtash chizig'i va «To'xtamasdan harakatlanish taqiqlanadi» yo'l belgisi o'rnatilgan yo'l qismiga yaqinlashayotganligini bildiradi"",""«Yo'l bering» yo'l belgisiga yaqinlashayotganligini bildiradi""}","{""Тартибга солинган чорраҳада тўхташ чизиғига яқинлашаётганлиги хақида огоҳлантиради"",""Тўхташ чизиғи ва «Тўхтамасдан ҳаракатланиш тақиқланади» йўл белгиси ўрнатилган йўл қисмига яқинлашаётганлигини билдиради"",""«Йўл беринг» йўл белгисига яқинлашаётганлигини билдиради""}",1,https://postimg.cc/Dmfk0bYv,Bilet 31-40,300,,,,
Transport vositalari qattiq ulagichda shatakka olinganda shatakka olgan va shatakka olingan transport vositalari orasidagi masofa qancha bo'lishi kerak?,Транспорт воситалари қаттиқ улагичда шатакка олинганда шатакка олган ва шатакка олинган транспорт воситалари орасидаги масофа қанча бўлиши керак?,"{""4 metrdan oshmasligi"",""4 metrdan 6 metrgacha"",""Qoidalarda belgilanmagan""}","{""4 метрдан ошмаслиги"",""4 метрдан 6 метргача"",""Қоидаларда белгиланмаган""}",0,https://postimg.cc/Dmfk0bYv,Bilet 31-40,300,,,,
Ushbu yo'l nechta harakatlanish bo'lagiga ega?,Ушбу йўл нечта ҳаракатланиш бўлагига эга?,"{""Bitta harakatlanish bo'lagiga"",""Ikkita harakatlanish bo'lagiga"",""Uchta harakatlanish bo'lagiga""}","{""Битта ҳаракатланиш бўлагига"",""Иккита ҳаракатланиш бўлагига"",""Учта ҳаракатланиш бўлагига""}",1,https://ptest.uz/images/af421137-fbc8-4dbd-8cdf-faf72ddf658f.webp,Bilet 31-40,300,,,,
Ushbu joyda avtomobilni to'xtab turish uchun qo'yishga ruxsat etiladimi?,Ушбу жойда автомобилни тўхтаб туриш учун қўйишга рухсат этиладими?,"{""Ha"",""Yo'q""}","{""Ҳа"",""Йўқ""}",1,https://ptest.uz/images/52c945eb-35dd-4804-be5e-6d042c3c32b0.webp,Bilet 31-40,300,,,,
Siz chorrahadan to'g'riga o'tmoqchisiz. Ushbu vaziyatda Sizning harakatingiz?,Сиз чорраҳадан тўғрига ўтмоқчисиз. Ушбу вазиятда Сизнинг ҳаракатингиз?,"{""Chorrahaga birinchi kirgan qizil avtomobilga yo'l berish"",""Qizil avtomobil yo'l berayotganiga ishonch xosil qilib chorrahadan birinchi o'tish""}","{""Чорраҳага биринчи кирган қизил автомобилга йўл бериш"",""Қизил автомобиль йўл бераётганига ишонч хосил қилиб чорраҳадан биринчи ўтиш""}",1,https://ptest.uz/images/d347496a-372f-424f-abcb-0f7b63367d19.webp,Bilet 31-40,300,,,,
Yo'lning sirpanchiq qismida rul chambaragini keskin burganda hosil bo'ladigan sirpanishning oldini olish uchun haydovchi qanday ehtiyot choralarini ko'rishi kerak?,Йўлнинг сирпанчиқ қисмида руль чамбарагини кескин бурганда ҳосил бўладиган сирпанишнинг олдини олиш учун ҳайдовчи қандай эҳтиёт чораларини кўриши керак?,"{""Rul chambaragini zudlik bilan sirpanayotgan tomonga burish va tezda avtomobilni harakat yo'nalishini to'g'irlab olish"",""Ilashmani uzish"",""Tormoz tepkisini bosish""}","{""Руль чамбарагини зудлик билан сирпанаётган томонга буриш ва тезда автомобилни ҳаракат йўналишини тўғирлаб олиш"",""Илашмани узиш"",""Тормоз тепкисини босиш""}",0,https://postimg.cc/Dmfk0bYv,Bilet 31-40,300,,,,
Ushbu ko'rsatilgan holatda motottsikl haydovchisi sizga yo'l berishi kerakmi?,Ушбу кўрсатилган ҳолатда мототцикл ҳайдовчиси сизга йўл бериши керакми?,"{""Yo'q"",""Ha""}","{""Йўқ"",""Ҳа""}",1,https://ptest.uz/images/4291411e-4bb6-49d7-818d-d4e4f5fc8928.webp,Bilet 31-40,300,,,,
108 km/s tezlikda harakatlanayotgan transport vositasi 1 sekundda qancha masofani bosib o'tadi?,108 км/с тезликда ҳаракатланаётган транспорт воситаси 1 секундда қанча масофани босиб ўтади?,"{""15 m"",""25 m"",""30 m""}","{""15 м"",""25 м"",""30 м""}",2,https://postimg.cc/Dmfk0bYv,Bilet 31-40,300,,,,
Ushbu belgi axborot beradi:,Ушбу белги ахборот беради:,"{""Siz o'ngga yoki chapga burilishingiz kerakligini ko'rsatadi"",""Reversiv harakatlanish yo'liga chiqish haqida"",""Chorrahadan o'ngga va chapga bir tomonlama harakat tashkil qilingan""}","{""Сиз ўнгга ёки чапга бурилишингиз кераклигини кўрсатади"",""Реверсив ҳаракатланиш йўлига чиқиш ҳақида"",""Чорраҳадан ўнгга ва чапга бир томонлама ҳаракат ташкил қилинган""}",1,https://ptest.uz/images/eab58086-4eb4-47fd-a6e0-a0a7e87ab61a.webp,Bilet 31-40,300,,,,
Shatakka olib harakatlanishingiz mumkin:,Шатакка олиб ҳаракатланишингиз мумкин:,"{""Faqat «A» yo'nalishi bo'yicha"",""Faqat «B» yo'nalish bo'yicha"",""Ko'rsatilgan barcha yo'nalish bo'yicha""}","{""Фақат «А» йўналиши бўйича"",""Фақат «Б» йўналиш бўйича"",""Кўрсатилган барча йўналиш бўйича""}",0,https://ptest.uz/images/29cf0661-9fdb-47fa-9c32-789b79c52064.webp,Bilet 31-40,300,,,,
Ushbu yo'l chizig'i sizga qanday manyovr bajarishni taqiqlaydi?,Ушбу йўл чизиғи сизга қандай манёвр бажаришни тақиқлайди?,"{""Quvib o'tishni"",""Aylanib o'tishni"",""Qayralib olishni"",""Sanab o'tilgan barcha manevrlarga ruxsat beriladi""}","{""Қувиб ўтишни"",""Айланиб ўтишни"",""Қайралиб олишни"",""Санаб ўтилган барча маневрларга рухсат берилади""}",3,https://ptest.uz/images/77df11e6-8837-448a-9eac-c839b72636a9.webp,Bilet 31-40,300,,,,
Svetafor ishoralari qaysi guruh yo'l belgilarini bekor qiladi (miltillovchi sariq ishoradan tashqari)?,Светафор ишоралари қайси гуруҳ йўл белгиларини бекор қилади (милтилловчи сариқ ишорадан ташқари)?,"{""Imtiyoz belgilari"",""Taqiqlovchi belgilar"",""Buyuruvchi belgilar"",""Barcha sanab o'tilganlari""}","{""Имтиёз белгилари"",""Тақиқловчи белгилар"",""Буюрувчи белгилар"",""Барча санаб ўтилганлари""}",0,https://postimg.cc/Dmfk0bYv,Bilet 31-40,300,,,,
Agar avtomobil antiblokirovkali (ABS) tormoz tizimi bilan jihozlangan bo'lsa keskin tormoz berishni qanday amalga oshirish kerak?,Агар автомобиль антиблокировкали (АБС) тормоз тизими билан жиҳозланган бўлса кескин тормоз беришни қандай амалга ошириш керак?,"{""Tormoz tepkisini uzub-uzub bosish yo'li bilan"",""Tormoz tepkisini oxirigacha bosish va avtomobilni to'liq to'xtaguncha tepkini qo'yib yubormaslik"",""To'xtab turish tormozi tizimini qo'llash yo'li bilan""}","{""Тормоз тепкисини узуб-узуб босиш йўли билан"",""Тормоз тепкисини охиригача босиш ва автомобилни тўлиқ тўхтагунча тепкини қўйиб юбормаслик"",""Тўхтаб туриш тормози тизимини қўллаш йўли билан""}",1,https://postimg.cc/Dmfk0bYv,Bilet 31-40,300,,,,
Ko'rsatilgan belgilardan qaysi biri yo'lning ko'rinish masofasi cheklangan joylarda majburan to'xtagan transport vositalarini belgilash uchun qo'llaniladi?,Кўрсатилган белгилардан қайси бири йўлнинг кўриниш масофаси чекланган жойларда мажбуран тўхтаган транспорт воситаларини белгилаш учун қўлланилади?,"{""«A»"",""«B»"",""«V»""}","{""«А»"",""«Б»"",""«В»""}",0,https://ptest.uz/images/c94eb944-5038-478a-a349-b4844c6eb829.webp,Bilet 31-40,300,,,,
Ko'rsatilgan qaysi belgi reversiv harakat boshlanishi haqida axborot beradi?,Кўрсатилган қайси белги реверсив ҳаракат бошланиши ҳақида ахборот беради?,"{""«A»"",""«B»"",""«V»""}","{""«А»"",""«Б»"",""«В»""}",2,https://ptest.uz/images/800ee821-ccbc-433b-bb77-966b6b13e543.webp,Bilet 31-40,300,,,,
Yo'l harakati qoidalari bo'yicha «yonlama oraliq masofa»ni ko'rsating:,Йўл ҳаракати қоидалари бўйича «ёнлама оралиқ масофа»ни кўрсатинг:,"{""Faqat «A»"",""Faqat «B»"",""Faqat «V»"",""«A» va «V»""}","{""Фақат «А»"",""Фақат «Б»"",""Фақат «В»"",""«А» ва «В»""}",3,https://ptest.uz/images/f3dc3ad1-63b5-4173-b92b-4548fd60741a.webp,Bilet 31-40,300,,,,
72 km/soat tezlikda harakatlanayotgan transport vositasi 1 sekundda qancha masofani bosib o'tadi?,72 км/соат тезликда ҳаракатланаётган транспорт воситаси 1 секундда қанча масофани босиб ўтади?,"{""15 m"",""20 m"",""25 m""}","{""15 м"",""20 м"",""25 м""}",1,https://postimg.cc/Dmfk0bYv,Bilet 31-40,300,,,,
Tumanga qarshi chiroqlar va orqa tumanga qarshi chiroqlar birga yoqilishi mumkin?,Туманга қарши чироқлар ва орқа туманга қарши чироқлар бирга ёқилиши мумкин?,"{""Cheklangan ko'rinish sharoitida"",""Yetarlicha ko'rinmaslik sharoitida""}","{""Чекланган кўриниш шароитида"",""Етарлича кўринмаслик шароитида""}",1,https://postimg.cc/Dmfk0bYv,Bilet 31-40,300,,,,
Kunning yorug' vaqtida aholi punktlarida quvib o'tilayotgan transport vositasi haydovchisining etiborini jalb qilish uchun mumkin:,Куннинг ёруғ вақтида аҳоли пунктларида қувиб ўтилаётган транспорт воситаси ҳайдовчисининг эътиборини жалб қилиш учун мумкин:,"{""Tovush signalidan foydalanish"",""Faqat yaqinni yorituvchi chiroqni uzoqni yorituvchi chiroqqa qisqa muddat orasida o'tkazish bilan ishora berish"",""Faqat birgalikda yorug'lik ishoralari bilan birga tovush signallarini qo'llash"",""Sanab o'tilganlarning barchasidan foydalanish""}","{""Товуш сигналидан фойдаланиш"",""Фақат яқинни ёритувчи чироқни узоқни ёритувчи чироққа қисқа муддат орасида ўтказиш билан ишора бериш"",""Фақат биргаликда ёруғлик ишоралари билан бирга товуш сигналларини қўллаш"",""Санаб ўтилганларнинг барчасидан фойдаланиш""}",1,https://postimg.cc/Dmfk0bYv,Bilet 31-40,300,,,,
Qaysi yo'nalishda harakatlanishni davom ettirishingiz mumkin?,Қайси йўналишда ҳаракатланишни давом эттиришингиз мумкин?,"{""Faqat chapga"",""Chapga va orqaga qayrilib olishga"",""O'ngga, chapga va orqaga qayrilib olishga""}","{""Фақат чапга"",""Чапга ва орқага қайрилиб олишга"",""Ўнгга, чапга ва орқага қайрилиб олишга""}",2,https://ptest.uz/images/d0490324-0196-4c0f-ba25-34285e716454.webp,Bilet 31-40,300,,,,
Haydovchiga transport vositasini boshqarish vaqtida telefondan foydalanishga ruxsat etiladimi?,Ҳайдовчига транспорт воситасини бошқариш вақтида телефондан фойдаланишга рухсат этиладими?,"{""Ruxsat etiladi"",""Qo'lni ishlatmasdan texnik vosilalardan foydalanish gaplashishga ruxsat etiladi"",""20 km/s tezlikda harakatlanayotganda ruxsat etiladi""}","{""Рухсат этилади"",""Қўлни ишлатмасдан техник восилалардан фойдаланиш гаплашишга рухсат этилади"",""20 км/с тезликда ҳаракатланаётганда рухсат этилади""}",1,https://postimg.cc/Dmfk0bYv,Bilet 31-40,300,,,,
"Ushbu yo'l belgisi chorrahaga yaqinlashayotganlik to'g'risida ogohlantiradi, bunda Siz:","Ушбу йўл белгиси чорраҳага яқинлашаётганлик тўғрисида огоҳлантиради, бунда Сиз:","{""Birinchi bo'lib o'tish huquqiga egasiz"",""Kesib o'tayotgan yo'ldagi transport vositalariga yo'l berishingiz kerak"",""Faqatgina o'ng tomondan yaqinlashib kelayotgan transport vositalariga yo'l berishingiz kerak""}","{""Биринчи бўлиб ўтиш ҳуқуқига эгасиз"",""Кесиб ўтаётган йўлдаги транспорт воситаларига йўл беришингиз керак"",""Фақатгина ўнг томондан яқинлашиб келаётган транспорт воситаларига йўл беришингиз керак""}",2,https://ptest.uz/images/d0f08f43-511a-4648-997f-1a045f0983a1.webp,Bilet 31-40,300,,,,
"Sizga ruxsat etilgan to'la vazni 3,5 tonnadan ortiq yuk avtomobilida harakatlanish:","Сизга рухсат этилган тўла вазни 3,5 тоннадан ортиқ юк автомобилида ҳаракатланиш:","{""Faqat to'g'riga"",""To'g'riga va o'ngga"",""Barcha yo'nalishlarda""}","{""Фақат тўғрига"",""Тўғрига ва ўнгга"",""Барча йўналишларда""}",0,https://ptest.uz/images/b84b9c8a-abb7-4474-aede-5cae7c4f413b.webp,Bilet 31-40,300,,,,
Haydovchi chapga burilishda qaysi yo'nalish bo'yicha qoidani buzmoqda?,Ҳайдовчи чапга бурилишда қайси йўналиш бўйича қоидани бузмоқда?,"{""Faqat «A» yo'nalishi bo'yicha"",""Faqat «B» yo'nalishi bo'yicha"",""Ko'rsatilgan barcha yo'nalish bo'yicha""}","{""Фақат «А» йўналиши бўйича"",""Фақат «Б» йўналиши бўйича"",""Кўрсатилган барча йўналиш бўйича""}",2,https://ptest.uz/images/ead0c474-40e9-41cd-a3fa-300f6771709b.webp,Bilet 31-40,300,,,,
Qaysi hollarda transport vositasidan foydalanish taqiqlanadi?,Қайси ҳолларда транспорт воситасидан фойдаланиш тақиқланади?,"{""Yonilg'i darajasini ko'rsatish qurilmasi ishlamaydi"",""O't oldirish tizimi nosoz"",""Dvigatel qiyinchilik bilan ishga tushadi"",""Tovush signallari ishlamaydi""}","{""Ёнилғи даражасини кўрсатиш қурилмаси ишламайди"",""Ўт олдириш тизими носоз"",""Двигатель қийинчилик билан ишга тушади"",""Товуш сигналлари ишламайди""}",3,https://postimg.cc/Dmfk0bYv,Bilet 31-40,300,,,,
Ushbu ko'rsatilgan vaziyatda sizga hovliga orqa bilan kirib qayrilib olishga ruxsat beriladimi?,Ушбу кўрсатилган вазиятда сизга ҳовлига орқа билан кириб қайрилиб олишга рухсат бериладими?,"{""Har qanday hollarda ruxsat beriladi"",""Ruxsat beriladi agarda bunda harakatning boshqa ishtirokchilariga halaqit berilmasa"",""Taqiqlanadi""}","{""Ҳар қандай ҳолларда рухсат берилади"",""Рухсат берилади агарда бунда ҳаракатнинг бошқа иштирокчиларига ҳалақит берилмаса"",""Тақиқланади""}",1,https://ptest.uz/images/1c9b4aa4-e43f-428c-9dd2-d16ecef4cb78.webp,Bilet 31-40,300,,,,
M3 toifadagi avtotransport vositalarining boshqaruv qurilmasidagi qanday eng katta lyuft yig'indisiga yo'l qo'yiladi:,М3 тоифадаги автотранспорт воситаларининг бошқарув қурилмасидаги қандай энг катта люфт йиғиндисига йўл қўйилади:,"{""10°"",""20°"",""25°""}","{""10°"",""20°"",""25°""}",1,https://postimg.cc/Dmfk0bYv,Bilet 31-40,300,,,,
38-BILET Sanab o'tilgan qaysi transport vositalarini o't o'chirgichsiz tasarruf etishga ruxsat etiladi?,38-BILET Санаб ўтилган қайси транспорт воситаларини ўт ўчиргичсиз тасарруф этишга рухсат этилади?,"{""Avtomobillarni"",""Avtobuslarni"",""Barcha mototsikllarni"",""Faqat yon kajavasiz mototsikllarni""}","{""Автомобилларни"",""Автобусларни"",""Барча мотоциклларни"",""Фақат ён кажавасиз мотоциклларни""}",2,https://postimg.cc/Dmfk0bYv,Bilet 31-40,300,,,,
Ushbu yo'lda sizga yo'l belgisidan keyin qaysi bo'laklarda harakatlanishga ruxsat beriladi?,Ушбу йўлда сизга йўл белгисидан кейин қайси бўлакларда ҳаракатланишга рухсат берилади?,"{""Istalgan bo'lakdan"",""O'ng bo'lakdan"",""Faqat chap bo'lakdan""}","{""Исталган бўлакдан"",""Ўнг бўлакдан"",""Фақат чап бўлакдан""}",1,https://ptest.uz/images/957b746f-252a-4007-897d-81702d8cf607.webp,Bilet 31-40,300,,,,
Qanday hollarda yo'lning burilish qismlarida yengil avtomobil ag'darilishga qarshi turg'unroq?,Қандай ҳолларда йўлнинг бурилиш қисмларида енгил автомобил ағдарилишга қарши турғунроқ?,"{""Yuksiz va yo'lovchilarsiz"",""Yo'lovchilar bilan yuksiz"",""Yo'lovchilarsiz, yuqori yukxonasida yuki bilan""}","{""Юксиз ва йўловчиларсиз"",""Йўловчилар билан юксиз"",""Йўловчиларсиз, юқори юкхонасида юки билан""}",0,https://postimg.cc/Dmfk0bYv,Bilet 31-40,300,,,,
Kunning yorug' vaqtida aholi punktlaridan tashqarida Siz quvib o'tayotgan transport vositasi haydovchisining etiborini qanday jalb qilasiz?,Куннинг ёруғ вақтида аҳоли пунктларидан ташқарида Сиз қувиб ўтаётган транспорт воситаси ҳайдовчисининг эътиборини қандай жалб қиласиз?,"{""Faqat tovush ishorasi bilan"",""Faqat yorug'lik faralarini qisqa-qisqa yoqib o'chirish bilan"",""Sanab o'tilgan barcha usul bilan va ularni birga qo'llash bilan""}","{""Фақат товуш ишораси билан"",""Фақат ёруғлик фараларини қисқа-қисқа ёқиб ўчириш билан"",""Санаб ўтилган барча усул билан ва уларни бирга қўллаш билан""}",2,https://postimg.cc/Dmfk0bYv,Bilet 31-40,300,,,,
Kunning yorug' vaqtida quyidagi hollarda yaqinni yorituvchi chiroqlar yoqilishi kerak:,Куннинг ёруғ вақтида қуйидаги ҳолларда яқинни ёритувчи чироқлар ёқилиши керак:,"{""Yo'lovchilarni tashiyotgan avtobus va yo'nalishli transport vositalarida"",""Xavfli, katta o'lchamli va og'ir vaznli yuklarni tashishda"",""Motottsikl va mopedlarda"",""Barcha sanab o'tilgan hollarda""}","{""Йўловчиларни ташиётган автобус ва йўналишли транспорт воситаларида"",""Хавфли, катта ўлчамли ва оғир вазнли юкларни ташишда"",""Мототцикл ва мопедларда"",""Барча санаб ўтилган ҳолларда""}",3,https://postimg.cc/Dmfk0bYv,Bilet 31-40,300,,,,
Qaysi yo'l belgilari chapga burilishni taqiqlaydi?,Қайси йўл белгилари чапга бурилишни тақиқлайди?,"{""Faqat «A»"",""Faqat «A» va «B»"",""Faqat «A» va «G»"",""Barchasi""}","{""Фақат «А»"",""Фақат «А» ва «Б»"",""Фақат «А» ва «Г»"",""Барчаси""}",2,https://ptest.uz/images/78e7762f-ab3a-4151-9762-9f76af2088ad.webp,Bilet 31-40,300,,,,
Qaysi transport vositasining haydovchisi qoidani buzib burilmoqda?,Қайси транспорт воситасининг ҳайдовчиси қоидани бузиб бурилмоқда?,"{""Faqat yengil avtomobil haydovchisi"",""Faqat motottsikl haydovchisi"",""Ikkisi ham buzmoqda""}","{""Фақат енгил автомобиль ҳайдовчиси"",""Фақат мототцикл ҳайдовчиси"",""Иккиси ҳам бузмоқда""}",2,https://postimg.cc/Dmfk0bYv,Bilet 31-40,300,,,,
Birinchi uzatmada uzoq tezlanishda yurish yoqilg'i sarfiga qanday tasir etadi?,Биринчи узатмада узоқ тезланишда юриш ёқилғи сарфига қандай таъсир этади?,"{""Yoqilg'i sarfi ortadi"",""Yoqilg'i sarfi kamayadi"",""Yoqilg'i sarfi o'zgarmaydi""}","{""Ёқилғи сарфи ортади"",""Ёқилғи сарфи камаяди"",""Ёқилғи сарфи ўзгармайди""}",0,https://ptest.uz/images/89ae3a44-877f-4794-98f4-24d9d5e7d068.webp,Bilet 31-40,300,,,,
Chorrahadagi uzuq-uzuq chiziqlar nimani bildiradi?,Чорраҳадаги узуқ-узуқ чизиқлар нимани билдиради?,"{""Majburiy harakatni"",""Chorrahada harakatlanish bo'lagini chegarasini""}","{""Мажбурий ҳаракатни"",""Чорраҳада ҳаракатланиш бўлагини чегарасини""}",1,https://ptest.uz/images/b8721898-6c6f-4094-84e4-dea25e0fa623.webp,Bilet 31-40,300,,,,
Qaysi qo'shimcha axborot belgilari birga qo'llanilganda belgilarning tasir oralig'ini ko'rsatadi?,Қайси қўшимча ахборот белгилари бирга қўлланилганда белгиларнинг таъсир оралиғини кўрсатади?,"{""Faqat «A»"",""Faqat «B»"",""«B» va «V»""}","{""Фақат «А»"",""Фақат «Б»"",""«Б» ва «В»""}",2,https://ptest.uz/images/c91d422a-a160-46ba-88f4-1687de82a7b6.webp,Bilet 31-40,300,,,,
Kunning qorong'i vaqtida aholi punktlarida yo'lning yoritilgan qmsmida Siz qanday tashqi yoritish chiroqlaridan foydalanishingiz kerak?,Куннинг қоронғи вақтида аҳоли пунктларида йўлнинг ёритилган қмсмида Сиз қандай ташқи ёритиш чироқларидан фойдаланишингиз керак?,"{""Gabarit chiroqlardan"",""Yaqinni yorituvchi chiroqlardan"",""Yaqinni yoki uzoqni yorituvchi chiroqlardan""}","{""Габарит чироқлардан"",""Яқинни ёритувчи чироқлардан"",""Яқинни ёки узоқни ёритувчи чироқлардан""}",1,https://postimg.cc/Dmfk0bYv,Bilet 31-40,300,,,,
Siz yengil avtomobildan qaysi jihozlar mavjud bo'lmaganda foydalanishingiz mumkin?,Сиз енгил автомобилдан қайси жиҳозлар мавжуд бўлмаганда фойдаланишингиз мумкин?,"{""Tibbiy quticha"",""O't o'chirgich"",""Falokat to'xtash belgisi"",""G'ildirab ketishga qarshi moslama""}","{""Тиббий қутича"",""Ўт ўчиргич"",""Фалокат тўхташ белгиси"",""Ғилдираб кетишга қарши мослама""}",3,https://postimg.cc/Dmfk0bYv,Bilet 31-40,300,,,,
Qaysi yo'l belgisi piyodalar yo'lkasini bildiradi?,Қайси йўл белгиси пиёдалар йўлкасини билдиради?,"{""Faqat «B»"",""Faqat «B» va «V»"",""Barcha belgilar""}","{""Фақат «Б»"",""Фақат «Б» ва «В»"",""Барча белгилар""}",0,https://ptest.uz/images/10b5772e-9291-43ef-bba8-fc14d863e2cc.webp,Bilet 31-40,300,,,,
Yo'l transport hodisasiga dahldor haydovchilar birinchi navbatda nima qilishlari kerak?,Йўл транспорт ҳодисасига даҳлдор ҳайдовчилар биринчи навбатда нима қилишлари керак?,"{""Yo'lning harakat qismini bo'shatishlari kerak"",""Transport vositasini darhol to'xtatishi, avariya ishoralarini yoqishi va avariya sababli to'xtash belgisini o'rnatishi"",""Sodir etilgan hodisa xaqida YHXXga xabar berishi kerak""}","{""Йўлнинг ҳаракат қисмини бўшатишлари керак"",""Транспорт воситасини дарҳол тўхтатиши, авария ишораларини ёқиши ва авария сабабли тўхташ белгисини ўрнатиши"",""Содир этилган ҳодиса хақида ЙҲХХга хабар бериши керак""}",1,https://postimg.cc/Dmfk0bYv,Bilet 31-40,300,,,,
"Qaysi hollarda Sizga harakatni davom ettirish taqiqlanadi, hatto tamirlash ustaxonasiga ham, agarda faralar va orqa gabarit chiroqlar nosoz bo'lsa?","Қайси ҳолларда Сизга ҳаракатни давом эттириш тақиқланади, ҳатто таъмирлаш устахонасига ҳам, агарда фаралар ва орқа габарит чироқлар носоз бўлса?","{""Faqat yetarlicha ko'rinmaslik sharoitida"",""Kunning qorong'u vaqtida"",""Har ikki sanab o'tilgan holda""}","{""Фақат етарлича кўринмаслик шароитида"",""Куннинг қоронғу вақтида"",""Ҳар икки санаб ўтилган ҳолда""}",2,https://postimg.cc/Dmfk0bYv,Bilet 31-40,300,,,,
Ko'rsatilgan yo'l belgilaridan qaysilari Siz yo'lning tor qismida yo'l berishingizni talab qiladi?,Кўрсатилган йўл белгиларидан қайсилари Сиз йўлнинг тор қисмида йўл беришингизни талаб қилади?,"{""Faqat «V»"",""«A» va «V»"",""«B» va «V»"",""«B» va «G»""}","{""Фақат «В»"",""«А» ва «В»"",""«Б» ва «В»"",""«Б» ва «Г»""}",1,https://ptest.uz/images/ef86dca8-33fd-4064-9485-7a525a818ccb.webp,Bilet 31-40,300,,,,
Qaysi holatda siz majburiy to'xtashni amalga oshirasiz?,Қайси ҳолатда сиз мажбурий тўхташни амалга оширасиз?,"{""Piyodalar o'tish joyi oldida piyodalarga yo'l berish uchun to'xtab"",""Texnik nosozlik tufayli yo'lning harakat qismida."",""Har ikki sanab o'tilgan holda""}","{""Пиёдалар ўтиш жойи олдида пиёдаларга йўл бериш учун тўхтаб"",""Техник носозлик туфайли йўлнинг ҳаракат қисмида."",""Ҳар икки санаб ўтилган ҳолда""}",1,https://postimg.cc/Dmfk0bYv,Bilet 31-40,300,,,,
Quvib o'tishni bajarayotganda chapga burilishni ko'rsatuvchi chiroqni qachon o'chirishingiz kerak?,Қувиб ўтишни бажараётганда чапга бурилишни кўрсатувчи чироқни қачон ўчиришингиз керак?,"{""Manyovrni tugallagach, darhol"",""Quvib o'tilayotgan transport vositasidan o'zib ketgandan so'ng istalgan vaqtda"",""O'z ixtiyoringizga havola""}","{""Манёврни тугаллагач, дарҳол"",""Қувиб ўтилаётган транспорт воситасидан ўзиб кетгандан сўнг исталган вақтда"",""Ўз ихтиёрингизга ҳавола""}",0,https://postimg.cc/Dmfk0bYv,Bilet 31-40,300,,,,
Qanday alomatlar charchash belgilari hisoblanadi?,Қандай аломатлар чарчаш белгилари ҳисобланади?,"{""Uyquchanlik, bo'shashish, diqqatning susayishi"",""Zo'riqish, asabiylashish"",""Bosh aylanishi, ko'zlarga qum kirgan kabi achishish, terlash alomati""}","{""Уйқучанлик, бўшашиш, диққатнинг сусайиши"",""Зўриқиш, асабийлашиш"",""Бош айланиши, кўзларга қум кирган каби ачишиш, терлаш аломати""}",0,https://postimg.cc/Dmfk0bYv,Bilet 31-40,300,,,,
Piyodalar turar joy dahasida qaerda harakatlanishlari mumkin?,Пиёдалар турар жой даҳасида қаерда ҳаракатланишлари мумкин?,"{""Faqat tratuarda"",""Faqat qatnov qismidan"",""Tratuarda, hamda qatnov qismida""}","{""Фақат тратуарда"",""Фақат қатнов қисмидан"",""Тратуарда, ҳамда қатнов қисмида""}",2,https://postimg.cc/Dmfk0bYv,Bilet 31-40,300,,,,
Sanab o'tilgan qaysi transport vositalarini o't o'chirgichsiz tasarruf etishga ruxsat etiladi?,Санаб ўтилган қайси транспорт воситаларини ўт ўчиргичсиз тасарруф этишга рухсат этилади?,"{""Avtomobillarni"",""Avtobuslarni"",""Barcha mototsikllarni"",""Faqat yon kajavasiz mototsikllarni""}","{""Автомобилларни"",""Автобусларни"",""Барча мотоциклларни"",""Фақат ён кажавасиз мотоциклларни""}",2,https://postimg.cc/Dmfk0bYv,Bilet 31-40,300,,,,
39-BILET 90 km/soat tezlikda harakatlanayotgan transport vositasi 1 sekundda qancha masofani bosib o'tadi?,39-BILET 90 км/соат тезликда ҳаракатланаётган транспорт воситаси 1 секундда қанча масофани босиб ўтади?,"{""15 m"",""25 m"",""35 m""}","{""15 м"",""25 м"",""35 м""}",1,https://postimg.cc/Dmfk0bYv,Bilet 31-40,300,,,,
"Tuman sharoitida, agar ko'rinish masofasi 300 metrdan kam bo'lsa kunduzgi chiroqlarni yoqish yetarlimi?","Туман шароитида, агар кўриниш масофаси 300 метрдан кам бўлса кундузги чироқларни ёқиш етарлими?","{""Yetarli"",""Yetarli emas""}","{""Етарли"",""Етарли эмас""}",1,https://postimg.cc/Dmfk0bYv,Bilet 31-40,300,,,,
Ushbu holatda Sizga temir yo'l kesishmasiga chiqishga ruxsat etiladimi?,Ушбу ҳолатда Сизга темир йўл кесишмасига чиқишга рухсат этиладими?,"{""Ha"",""Ha, yaqinlashib kelayotgan poezd yo'q bo'lsa"",""Yo'q""}","{""Ҳа"",""Ҳа, яқинлашиб келаётган поезд йўқ бўлса"",""Йўқ""}",2,https://postimg.cc/Dmfk0bYv,Bilet 31-40,300,,,,
Kunning qorong'u vaqtida va bulutli ob-havoda ro'paradan kelayotgan avtomobil tezligi qanday tuyuladi?,Куннинг қоронғу вақтида ва булутли об-ҳавода рўпарадан келаётган автомобил тезлиги қандай туюлади?,"{""Aslidagidan kam tezlikda tuyuladi"",""Aslidagidan katta tezlikda tuyuladi"",""Tezlikni qabul qilish o'zgarmaydi""}","{""Аслидагидан кам тезликда туюлади"",""Аслидагидан катта тезликда туюлади"",""Тезликни қабул қилиш ўзгармайди""}",0,https://postimg.cc/Dmfk0bYv,Bilet 31-40,300,,,,
Qaysi yo'l belgisi barcha transport vositalarining harakatini istisnosiz taqiqlaydi?,Қайси йўл белгиси барча транспорт воситаларининг ҳаракатини истисносиз тақиқлайди?,"{""«A»"",""«B»"",""«V»""}","{""«А»"",""«Б»"",""«В»""}",1,https://ptest.uz/images/5ba147bc-e5f7-4e98-b0df-37111d7678cd.webp,Bilet 31-40,300,,,,
Avtomobilning antiblokirovka tizimi (ABS) burilishda sirpanish va yonga siljishni oldini oladimi?,Автомобилнинг антиблокировка тизими (АБС) бурилишда сирпаниш ва ёнга силжишни олдини оладими?,"{""Avtomobilni faqat sirpanish ehtimolining oldini oladi"",""Avtomobilni faqat yonga siljish ehtimolining oldini oladi"",""Avtomobilning sirpanish va yonga tomonga sirpanishini oldini olmaydi""}","{""Автомобилни фақат сирпаниш эҳтимолининг олдини олади"",""Автомобилни фақат ёнга силжиш эҳтимолининг олдини олади"",""Автомобилнинг сирпаниш ва ёнга томонга сирпанишини олдини олмайди""}",2,https://postimg.cc/Dmfk0bYv,Bilet 31-40,300,,,,
Shatakka olingan avtomobilni falokat yorug'lik ishoralari nosoz bo'lganda transport vositasi qanday belgilanishi kerak?,Шатакка олинган автомобилни фалокат ёруғлик ишоралари носоз бўлганда транспорт воситаси қандай белгиланиши керак?,"{""Gabarit chiroqlarini yoqish"",""Orqa tumanga qarshi chiroqlarini yoqish"",""Shatakka olingan transport vositasi orqa tomoniga falokat sababli to'xtash belgisini o'rnatish""}","{""Габарит чироқларини ёқиш"",""Орқа туманга қарши чироқларини ёқиш"",""Шатакка олинган транспорт воситаси орқа томонига фалокат сабабли тўхташ белгисини ўрнатиш""}",2,https://postimg.cc/Dmfk0bYv,Bilet 31-40,300,,,,
"Siz chapga burilmoqchisiz, kimga yo'l berishingiz kerak?","Сиз чапга бурилмоқчисиз, кимга йўл беришингиз керак?","{""Faqat avtobusga"",""Faqat yuk avtomobiliga"",""Har ikki transport vositasiga""}","{""Фақат автобусга"",""Фақат юк автомобилига"",""Ҳар икки транспорт воситасига""}",2,https://ptest.uz/images/f5d416b7-9161-4e6f-a3dd-5537c86cf909.webp,Bilet 31-40,300,,,,
Tormoz tizimiga ega bo'lmagan tirkama bilan harakatlanayotganda yengil avtomobilni tormoz yo'li qanday o'zgaradi?,Тормоз тизимига эга бўлмаган тиркама билан ҳаракатланаётганда енгил автомобилни тормоз йўли қандай ўзгаради?,"{""Tirkama qo'shimcha qarshilikka ega bo'lgani uchun tormoz yo'li kamayadi"",""Tormoz yo'li uzayadi"",""Tormoz yo'li o'zgarmaydi""}","{""Тиркама қўшимча қаршиликка эга бўлгани учун тормоз йўли камаяди"",""Тормоз йўли узаяди"",""Тормоз йўли ўзгармайди""}",1,https://postimg.cc/Dmfk0bYv,Bilet 31-40,300,,,,
Sanab o'tilgan qaysi hollarda haydovchi orqadagi vaziyatni etiborga olishi kerak?,Санаб ўтилган қайси ҳолларда ҳайдовчи орқадаги вазиятни эътиборга олиши керак?,"{""Faqat keskin tormoz berishda"",""Faqat nam qoplama yoki yaxmalakli yo'llarda tormoz berganda"",""Har qanday tormozlashda""}","{""Фақат кескин тормоз беришда"",""Фақат нам қоплама ёки яхмалакли йўлларда тормоз берганда"",""Ҳар қандай тормозлашда""}",2,https://postimg.cc/Dmfk0bYv,Bilet 31-40,300,,,,
Ko'rsatilgan qaysi joyda siz avtomobilni qoidaga binoan to'xtatishingiz mumkin?,Кўрсатилган қайси жойда сиз автомобилни қоидага биноан тўхтатишингиз мумкин?,"{""Faqat «A»"",""Faqat «B»"",""Faqat «B» va «V»"",""Xech qaysisida""}","{""Фақат «А»"",""Фақат «Б»"",""Фақат «Б» ва «В»"",""Хеч қайсисида""}",1,https://ptest.uz/images/ffaac851-ed51-4fd1-82de-92c110c134d3.webp,Bilet 31-40,300,,,,
Chorrahaga kirishda Siz:,Чорраҳага киришда Сиз:,"{""Taqiqlanadi"",""Ruxsat etiladi, agarda ikki tomonda orqani ko'rsatuvchi ko'zgusi bo'lsa"",""Birinchi o'tish huquqiga egasiz Yengil avtomobilning orqa oynasiga parda yoki jalyuzilar o'rnatish mumkinmi?""}","{""Тақиқланади"",""Рухсат этилади, агарда икки томонда орқани кўрсатувчи кўзгуси бўлса"",""Биринчи ўтиш ҳуқуқига эгасиз Енгил автомобилнинг орқа ойнасига парда ёки жалюзилар ўрнатиш мумкинми?""}",1,https://ptest.uz/images/9bdae933-0c62-4af5-bcaa-9437f42711ed.webp,Bilet 31-40,300,,,,
Transport vositasi qiyalikda joyidan qo'zg'alishda to'xtab turish tormoz dastagini qay vaqtda tushirishni boshlash kerak?,Транспорт воситаси қияликда жойидан қўзғалишда тўхтаб туриш тормоз дастагини қай вақтда туширишни бошлаш керак?,"{""Harakatni boshlashdan avval"",""Harakatni boshlagandan so'ng"",""Harakatni boshlash bilan bir vaqtda""}","{""Ҳаракатни бошлашдан аввал"",""Ҳаракатни бошлагандан сўнг"",""Ҳаракатни бошлаш билан бир вақтда""}",2,https://postimg.cc/Dmfk0bYv,Bilet 31-40,300,,,,
Chorrahaning ko'rsatilgan joyida Sizga to'xtashga ruxsat etiladimi?,Чорраҳанинг кўрсатилган жойида Сизга тўхташга рухсат этиладими?,"{""Ruxsat etiladi"",""Taqiqlanadi"",""Ruxsat etiladi, agarda Sizning transport vositangiz bilan sidirg'a chiziq orasidagi masofa 3 metrdan ortiq bo'lsa?""}","{""Рухсат этилади"",""Тақиқланади"",""Рухсат этилади, агарда Сизнинг транспорт воситангиз билан сидирға чизиқ орасидаги масофа 3 метрдан ортиқ бўлса?""}",1,https://ptest.uz/images/7138850e-022a-4f27-a558-671a273cb628.webp,Bilet 31-40,300,,,,
"Ko'rsatilgan yo'l belgilaridan qaysi biri ruxsat etilgan to'la vazni 3,5 tonnadan kam bo'lgan yuk avtomobiliga o'ngga harakatlanishni buyuradi?","Кўрсатилган йўл белгиларидан қайси бири рухсат этилган тўла вазни 3,5 тоннадан кам бўлган юк автомобилига ўнгга ҳаракатланишни буюради?","{""Faqat «A»"",""Faqat «B»"",""«A» va «B»"",""«B» va «V»""}","{""Фақат «А»"",""Фақат «Б»"",""«А» ва «Б»"",""«Б» ва «В»""}",1,https://ptest.uz/images/1ad6ccca-292d-4454-9ad1-10426dfe407a.webp,Bilet 31-40,300,,,,
Qattiq yoki yegiluvchan ulagichda shatakka olgan yuk avtomobilining kuzovida odam tashishga ruxsat etiladimi?,Қаттиқ ёки егилувчан улагичда шатакка олган юк автомобилининг кузовида одам ташишга рухсат этиладими?,"{""Ruxsat etiladi"",""Taqiqlanadi""}","{""Рухсат этилади"",""Тақиқланади""}",0,https://postimg.cc/Dmfk0bYv,Bilet 31-40,300,,,,
Yo'lning keskin burilishida yuzaga keladigan sirpanishning oldini olish uchun haydovchi nima qilishi kerak?,Йўлнинг кескин бурилишида юзага келадиган сирпанишнинг олдини олиш учун ҳайдовчи нима қилиши керак?,"{""Burilishdan oldin tezlikni kamaytirib, avtomobilni erkin harakatlanishi uchun ilashma tepkisini bosishi"",""Burilishdan oldin tezlikni kamaytirish, kerak bo'lsa uzatmalar pag'onasini pasaytirish, burilishdan o'tayotganda tezlikni oshirmaslik va avtomobilni keskin tormozlamaslik"",""Sanab o'tilan ikkisiga ham ruxsat etiladi""}","{""Бурилишдан олдин тезликни камайтириб, автомобилни эркин ҳаракатланиши учун илашма тепкисини босиши"",""Бурилишдан олдин тезликни камайтириш, керак бўлса узатмалар пағонасини пасайтириш, бурилишдан ўтаётганда тезликни оширмаслик ва автомобилни кескин тормозламаслик"",""Санаб ўтилан иккисига ҳам рухсат этилади""}",1,https://postimg.cc/Dmfk0bYv,Bilet 31-40,300,,,,
“Quvib o'tish” atamasi nimani bildiradi?,“Қувиб ўтиш” атамаси нимани билдиради?,"{""Bir va bir necha transport vositalaridan o'zib ketish"",""Egallab turgan bo'lakdan qarama qarshi harakat bo'lagiga chiqib bir yoki bir necha transport vositalaridan o'zib ketish va dastlab egallab turgan bo'lagiga qaytish"",""Egallagan harakatlanish bo'lagidan chiqib, oldinda harakatlanayotgan transport vositasidan o'zib ketish""}","{""Бир ва бир неча транспорт воситаларидан ўзиб кетиш"",""Эгаллаб турган бўлакдан қарама қарши ҳаракат бўлагига чиқиб бир ёки бир неча транспорт воситаларидан ўзиб кетиш ва дастлаб эгаллаб турган бўлагига қайтиш"",""Эгаллаган ҳаракатланиш бўлагидан чиқиб, олдинда ҳаракатланаётган транспорт воситасидан ўзиб кетиш""}",1,https://postimg.cc/Dmfk0bYv,Bilet 31-40,300,,,,
Siz ro'paradan yaqinlashayotgan yuk avtomobiliga yo'l berishingiz kerakmi?,Сиз рўпарадан яқинлашаётган юк автомобилига йўл беришингиз керакми?,"{""Ha"",""Yo'q""}","{""Ҳа"",""Йўқ""}",1,https://ptest.uz/images/9071e379-2c8f-416b-8395-39a672793025.webp,Bilet 31-40,300,,,,
40-BILET Uzoq davom etadigan keng ravon yo'lda avtomobilni yuqori tezlikda boshqarganda haydovchiga tezlik qanday qabul qilinadi?,40-BILET Узоқ давом этадиган кенг равон йўлда автомобилни юқори тезликда бошқарганда ҳайдовчига тезлик қандай қабул қилинади?,"{""Aslidagidan sekin harakatlanayotganga uxshaydi"",""Aslidagidan tez harakatlanayotganga uxshaydi"",""Tezlikni qabul qilish o'zgarmaydi""}","{""Аслидагидан секин ҳаракатланаётганга ухшайди"",""Аслидагидан тез ҳаракатланаётганга ухшайди"",""Тезликни қабул қилиш ўзгармайди""}",0,https://postimg.cc/Dmfk0bYv,Bilet 31-40,300,,,,
Jamoat transporti bekatidan tashqarida yo'l chetidan qo'zg'alayotgan yo'nalishli transport vositasiga yo'l berishingiz kerakmi?,Жамоат транспорти бекатидан ташқарида йўл четидан қўзғалаётган йўналишли транспорт воситасига йўл беришингиз керакми?,"{""Ha"",""Yo'q""}","{""Ҳа"",""Йўқ""}",1,https://ptest.uz/images/819d956b-52c6-44f8-bf7c-c31d4e7f0d85.webp,Bilet 31-40,300,,,,
Burilish ko'rsatkichi bilan berilayotgan ogohlantiruvchi ishora qachon to'xtatilishi kerak?,Бурилиш кўрсаткичи билан берилаётган огоҳлантирувчи ишора қачон тўхтатилиши керак?,"{""Manevr bajarishdan oldin"",""Manevr bajargandan so'ng darhol"",""Manevr bajarayotganda""}","{""Маневр бажаришдан олдин"",""Маневр бажаргандан сўнг дарҳол"",""Маневр бажараётганда""}",1,https://postimg.cc/Dmfk0bYv,Bilet 31-40,300,,,,
Yonlama oraliq masofani tanlashda tezlikning dahli bormi?,Ёнлама оралиқ масофани танлашда тезликнинг даҳли борми?,"{""Yonlama oraliq masofani tanlashni tezlikka aloqasi yo'q"",""Tezlik oshganda yonlama oraliq masofani oshirish kerak""}","{""Ёнлама оралиқ масофани танлашни тезликка алоқаси йўқ"",""Тезлик ошганда ёнлама оралиқ масофани ошириш керак""}",1,https://postimg.cc/Dmfk0bYv,Bilet 31-40,300,,,,
To'xtab turish qoidasini kim buzdi?,Тўхтаб туриш қоидасини ким бузди?,"{""Faqat «A»"",""Faqat «B»"",""«A» va «B»""}","{""Фақат «А»"",""Фақат «Б»"",""«А» ва «Б»""}",1,https://ptest.uz/images/2b60fb94-b805-4e35-bdb9-2836890f2e62.webp,Bilet 31-40,300,,,,
Sizga ko'rsatilgan joyda yengil avtomobilda to'xtashga ruxsat etiladimi?,Сизга кўрсатилган жойда енгил автомобилда тўхташга рухсат этиладими?,"{""Ha"",""Yo'q""}","{""Ҳа"",""Йўқ""}",1,https://ptest.uz/images/e55b8be7-4d4d-4fd6-a829-d3d38bcaf2c8.webp,Bilet 31-40,300,,,,
Ushbu vaziyatda quvib o'tishdan so'ng Siz o'rta bo'lakda qolishingiz mumkinmi?,Ушбу вазиятда қувиб ўтишдан сўнг Сиз ўрта бўлакда қолишингиз мумкинми?,"{""Ha"",""Yo'q""}","{""Ҳа"",""Йўқ""}",1,https://ptest.uz/images/0aa6661d-213d-4b01-ac4b-f3f0cd9006dd.webp,Bilet 31-40,300,,,,
Kunning yorug' vaqtida aholi punktlaridan tashqarida Siz quvib o'tayotgan transport vositasi haydovchisining etiborini qanday jalb qilasiz?,Куннинг ёруғ вақтида аҳоли пунктларидан ташқарида Сиз қувиб ўтаётган транспорт воситаси ҳайдовчисининг эътиборини қандай жалб қиласиз?,"{""Faqat tovushli ishoralarni qo'llab"",""Faqat chiroqlarni yoqib-o'chirish bilan"",""Sanab o'tilgan barcha usul bilan va ularni birgalikda qo'llash bilan""}","{""Фақат товушли ишораларни қўллаб"",""Фақат чироқларни ёқиб-ўчириш билан"",""Санаб ўтилган барча усул билан ва уларни биргаликда қўллаш билан""}",2,https://postimg.cc/Dmfk0bYv,Bilet 31-40,300,,,,
Aholi punktlariga tegishli yo'l harakati qoidalari qaerdan boshlanadi?,Аҳоли пунктларига тегишли йўл ҳаракати қоидалари қаердан бошланади?,"{""Aholi punkti nomini ko'rsatuvchi oq rangli 5.22 yo'l belgisidan boshlab"",""Aholi punkti nomini ko'rsatuvchi oq 5.22 yoki 5.24 havorang rangli belgidan boshlab"",""Yo'l yuzidagi qurilma va inshootlardan boshlab""}","{""Аҳоли пункти номини кўрсатувчи оқ рангли 5.22 йўл белгисидан бошлаб"",""Аҳоли пункти номини кўрсатувчи оқ 5.22 ёки 5.24 ҳаворанг рангли белгидан бошлаб"",""Йўл юзидаги қурилма ва иншоотлардан бошлаб""}",0,https://postimg.cc/Dmfk0bYv,Bilet 31-40,300,,,,
"Tormoz tizimi ishlamaydigan avtomobilni vazni sizning avtomobilingiz vaznini yarmidan ortiq bo'lsa, uni shatakka olishingizga ruxsat etiladimi?","Тормоз тизими ишламайдиган автомобилни вазни сизнинг автомобилингиз вазнини ярмидан ортиқ бўлса, уни шатакка олишингизга рухсат этиладими?","{""Ruxsat etiladi"",""Ruxsat etilmaydi"",""Faqat 30 km. tezlikda ruxsat etiladi""}","{""Рухсат этилади"",""Рухсат этилмайди"",""Фақат 30 км. тезликда рухсат этилади""}",1,https://postimg.cc/Dmfk0bYv,Bilet 31-40,300,,,,
Cheklangan ko'rinish sharoitida orqaga harakatlanishda harakat xavfsizligini taminlash uchun:,Чекланган кўриниш шароитида орқага ҳаракатланишда ҳаракат хавфсизлигини таъминлаш учун:,"{""Tovushli signal berish"",""Falokat yorug'lik ishoralarini yoqish"",""Boshqa shaxslar yordamidan foydalanish""}","{""Товушли сигнал бериш"",""Фалокат ёруғлик ишораларини ёқиш"",""Бошқа шахслар ёрдамидан фойдаланиш""}",2,https://postimg.cc/Dmfk0bYv,Bilet 31-40,300,,,,
"Yoqilg'i bilan taminlash tepkisini keskin tezlikni oshirish uchun bosayotganda, avtomabil sirpanishni boshlasa haydovchi qanday harakat qilishi kerak?","Ёқилғи билан таъминлаш тепкисини кескин тезликни ошириш учун босаётганда, автомабил сирпанишни бошласа ҳайдовчи қандай ҳаракат қилиши керак?","{""Tepkini yanada kuchliroq bosish"",""Tepkiga tasir etuvchi kuchni o'zgartirmaslik"",""Tepkiga tasir etuvchi kuchni kamaytirish""}","{""Тепкини янада кучлироқ босиш"",""Тепкига таъсир этувчи кучни ўзгартирмаслик"",""Тепкига таъсир этувчи кучни камайтириш""}",2,https://postimg.cc/Dmfk0bYv,Bilet 31-40,300,,,,
Yo'lning qanday qismida harakatlanganda kuchli yonlama shamol xavfi ortadi?,Йўлнинг қандай қисмида ҳаракатланганда кучли ёнлама шамол хавфи ортади?,"{""Ochiq joyda harakatlanganda"",""Yo'lning yopiq qismida harakatlanganda"",""Yo'lning yopiq qismidan ochik qismiga chiqishda""}","{""Очиқ жойда ҳаракатланганда"",""Йўлнинг ёпиқ қисмида ҳаракатланганда"",""Йўлнинг ёпиқ қисмидан очик қисмига чиқишда""}",2,https://postimg.cc/Dmfk0bYv,Bilet 31-40,300,,,,
Nosoz transpot vositasini shatakka olgan yengil avtomobil salonida odam tashishga ruxsat etiladimi?,Носоз транспот воситасини шатакка олган енгил автомобил салонида одам ташишга рухсат этиладими?,"{""Ruxsat etiladi"",""Taqiqlanadi""}","{""Рухсат этилади"",""Тақиқланади""}",0,https://postimg.cc/Dmfk0bYv,Bilet 31-40,300,,,,
Piyodalar to'xtab turgan avtobus va trolleybusning qaysi tomonidan yo'lni kesib o'tishlari kerak?,Пиёдалар тўхтаб турган автобус ва троллейбуснинг қайси томонидан йўлни кесиб ўтишлари керак?,"{""Oldi tomonidan"",""Orqa tomonidan"",""Istalgan tomonidan""}","{""Олди томонидан"",""Орқа томонидан"",""Исталган томонидан""}",1,https://postimg.cc/Dmfk0bYv,Bilet 31-40,300,,,,
Quruq ob-havo sharoitida asfalt –beton qoplamali yo'lda harakatlanayotgan haydovchi yomg'ir tomchilab qolganda nima qilishi kerak?,Қуруқ об-ҳаво шароитида асфалт –бетон қопламали йўлда ҳаракатланаётган ҳайдовчи ёмғир томчилаб қолганда нима қилиши керак?,"{""Tezlikni kamaytirish va ehtiyot bo'lishi kerak"",""Tezlikni o'zgartirmasdan harakatlani davom ettirish"",""Yomg'ir tezlashib ketmasdan tezroq harakat qilishi""}","{""Тезликни камайтириш ва эҳтиёт бўлиши керак"",""Тезликни ўзгартирмасдан ҳаракатлани давом эттириш"",""Ёмғир тезлашиб кетмасдан тезроқ ҳаракат қилиши""}",0,https://postimg.cc/Dmfk0bYv,Bilet 31-40,300,,,,
Ushbu holatda Siz bajarishingiz lozim:,Ушбу ҳолатда Сиз бажаришингиз лозим:,"{""Belgi oldida to'xtash"",""To'xtash chizig'i oldida to'xtash"",""Boshqa transport vositalari bo'lmasa, chorrahadan to'xtamasdan o'tib ketish""}","{""Белги олдида тўхташ"",""Тўхташ чизиғи олдида тўхташ"",""Бошқа транспорт воситалари бўлмаса, чорраҳадан тўхтамасдан ўтиб кетиш""}",1,https://ptest.uz/images/bf8c6a13-3349-4a83-9193-62b77e69e0fb.webp,Bilet 31-40,300,,,,
Ushbu yo'l belgisi tasir oralig'ida Sizga odam tushirish (chiqarish) yoki yuk ortish (tushirish) ruxsat etiladimi?,Ушбу йўл белгиси таъсир оралиғида Сизга одам тушириш (чиқариш) ёки юк ортиш (тушириш) рухсат этиладими?,"{""Faqat «B»"",""Faqat «B» va «G»"",""Faqat «A» , «B» va «V»"",""Barchasi""}","{""Фақат «Б»"",""Фақат «Б» ва «Г»"",""Фақат «А» , «Б» ва «В»"",""Барчаси""}",3,https://ptest.uz/images/51fb05d9-e1a0-42fa-81e2-87a22bf67184.webp,Bilet 31-40,300,,,,
Yengil avtomobilda qaysi yo'nalishlarda harakatlanishga ruxsat etiladi?,Енгил автомобилда қайси йўналишларда ҳаракатланишга рухсат этилади?,"{""Faqat to'g'riga"",""Faqat o'ngga va chapga"",""Istalgan yo'nalishda""}","{""Фақат тўғрига"",""Фақат ўнгга ва чапга"",""Исталган йўналишда""}",2,https://ptest.uz/images/5aebbbe6-4323-4136-9e2d-4522a42ba6f4.webp,Bilet 31-40,300,,,,
Uzoq davom etadigan keng ravon yo'lda avtomobilni yuqori tezlikda boshqarganda haydovchiga tezlik qanday qabul qilinadi?,Узоқ давом этадиган кенг равон йўлда автомобилни юқори тезликда бошқарганда ҳайдовчига тезлик қандай қабул қилинади?,"{""Aslidagidan sekin harakatlanayotganga uxshaydi"",""Aslidagidan tez harakatlanayotganga uxshaydi"",""Tezlikni qabul qilish o'zgarmaydi""}","{""Аслидагидан секин ҳаракатланаётганга ухшайди"",""Аслидагидан тез ҳаракатланаётганга ухшайди"",""Тезликни қабул қилиш ўзгармайди""}",0,https://postimg.cc/Dmfk0bYv,Bilet 31-40,300,,,,
Bosh miya jarohatlanishining asosiy alomatlari:,41-BILET Бош мия жароҳатланишининг асосий аломатлари:,"{""Hushdan ketish bir necha soniyadan birnecha soatgacha bo'lishi mumkin"",""Qayt qilish bir-ikki marta, og'ir holatlarda ko'proq bo'lishi mumkin"",""Amneziya – xotiraning yo'qolishi,sodir bo'lgan jarohatlanish bilan bog'liq va hayotdagi bazi voqealar xotirasidan o'chadi"",""Barchasi holatlar to'g'ri""}","{""Ҳушдан кетиш бир неча сониядан бирнеча соатгача бўлиши мумкин"",""Қайт қилиш бир-икки марта, оғир ҳолатларда кўпроқ бўлиши мумкин"",""Амнезия – хотиранинг йўқолиши,содир бўлган жароҳатланиш билан боғлиқ ва ҳаётдаги баъзи воқеалар хотирасидан ўчади"",""Барчаси ҳолатлар тўғри""}",3,https://postimg.cc/Dmfk0bYv,Bilet 41-50,300,,,,
Qaysi rasmda ikkita qatnov qismiga ega yo'l ko'rsatilingan?,Қайси расмда иккита қатнов қисмига эга йўл кўрсатилинган?,"{""Birinchisida"",""Ikkinchisida"",""Ikkala rasmda""}","{""Биринчисида"",""Иккинчисида"",""Иккала расмда""}",1,https://ptest.uz/images/4a805da8-edf6-45d6-8304-49d38d5a1578.webp,Bilet 41-50,300,,,,
Yo'lning qiyaliklarida qisqa muddatga to'xtagan mexanik uzatmali avtomobilni joyidan to'satdan harakatlanib ketishini oldini olish uchun:,Йўлнинг қияликларида қисқа муддатга тўхтаган механик узатмали автомобилни жойидан тўсатдан ҳаракатланиб кетишини олдини олиш учун:,"{""To'xtab turish tormozidan foydalanish lozim"",""Birinchi uzatmani yoki orqa uzatmani ulash lozim"",""Uzatmalar qutisi richagi ni neytral holatga o'tkazish lozim""}","{""Тўхтаб туриш тормозидан фойдаланиш лозим"",""Биринчи узатмани ёки орқа узатмани улаш лозим"",""Узатмалар қутиси ричаги ни нейтрал ҳолатга ўтказиш лозим""}",0,https://postimg.cc/Dmfk0bYv,Bilet 41-50,300,,,,
To'xtab turish tormoz tizimi N toifadagi avtotransport vositalarini aslahalangan holatda qanday qiyalikda ushlab tura olmasa foydalanish taqiqlanadi?,Тўхтаб туриш тормоз тизими N тоифадаги автотранспорт воситаларини аслаҳаланган ҳолатда қандай қияликда ушлаб тура олмаса фойдаланиш тақиқланади?,"{""25 % dan kam"",""16 % dan kam"",""31 % dan kam"",""20 % dan kam""}","{""25 % дан кам"",""16 % дан кам"",""31 % дан кам"",""20 % дан кам""}",2,https://postimg.cc/Dmfk0bYv,Bilet 41-50,300,,,,
Quyidagi belgilardan qaysi biri haydovchini boshqa xavf-xatarlar to'g'risida ogohlantiradi?,Қуйидаги белгилардан қайси бири ҳайдовчини бошқа хавф-хатарлар тўғрисида огоҳлантиради?,"{""A"",""B"",""V""}","{""А"",""Б"",""В""}",2,https://ptest.uz/images/d4319ccf-0a36-4121-abb5-364ca231dc16.webp,Bilet 41-50,300,,,,
Ushbu belgilardan qaysi biri haydovchining shu joydagi yashash yoki ishlash joyiga yetib borishiga monelik qilmaydi?,Ушбу белгилардан қайси бири ҳайдовчининг шу жойдаги яшаш ёки ишлаш жойига етиб боришига монелик қилмайди?,"{""A"",""B"",""C"",""B va C""}","{""A"",""B"",""C"",""B ва C""}",2,https://ptest.uz/images/e99fec96-5cab-4ce7-bfff-c864927c14a5.webp,Bilet 41-50,300,,,,
Piyodalar yo'lkasi – bu...,Пиёдалар йўлкаси – бу...,"{""Yo'l qatnov qismining piyodalar kesib o'tishi uchun mo'ljallangan, 5.16.1, 5.16.2 yo'l belgilari va 1.14.1-1.14.3 yo'l chiziqlari bilan ajratilgan bo'lagi."",""Yo'lning piyodalar harakatlanishi uchun mo'ljallangan va transport vositalari harakati taqiqlangan qismi"",""Qatnov qismiga tutashgan yoki undan maysazor, ariq maxsus to'siqlar bilan ajratilgan va piyodalarning harakatlanishi uchun mo'ljallangan yo'l qismi""}","{""Йўл қатнов қисмининг пиёдалар кесиб ўтиши учун мўлжалланган, 5.16.1, 5.16.2 йўл белгилари ва 1.14.1-1.14.3 йўл чизиқлари билан ажратилган бўлаги."",""Йўлнинг пиёдалар ҳаракатланиши учун мўлжалланган ва транспорт воситалари ҳаракати таъқиқланган қисми"",""Қатнов қисмига туташган ёки ундан майсазор, ариқ махсус тўсиқлар билан ажратилган ва пиёдаларнинг ҳаракатланиши учун мўлжалланган йўл қисми""}",1,https://postimg.cc/Dmfk0bYv,Bilet 41-50,300,,,,
Ushbu belgi...,Ушбу белги...,"{""Oldinda harakatlanish serqatnovligi haqida ogohlantiradi"",""Oldinda transport vositalarning tirbandligi haqida ogohlantiradi"",""Oldinda transport vositalari orasida xavfsiz oraliqni taminlash lozimligi haqida ogohlantiradi.""}","{""Олдинда ҳаракатланиш серқатновлиги ҳақида огоҳлантиради"",""Олдинда транспорт воситаларнинг тирбандлиги ҳақида огоҳлантиради"",""Олдинда транспорт воситалари орасида хавфсиз оралиқни таъминлаш лозимлиги ҳақида огоҳлантиради.""}",1,https://ptest.uz/images/f9a4215c-c2f9-47dd-a3cd-92d798ba5fa2.webp,Bilet 41-50,300,,,,
Avtomobilni qanday boshqarish usuli yonilg'i sarfini tejaydi?,Автомобилни қандай бошқариш усули ёнилғи сарфини тежайди?,"{""Shiddat bilan tezlanish va ohista sekinlashish bilan"",""Ohista tezlanish va shiddat bilan sekinlashish bilan"",""Ohista tezlanish va ohista sekinlashish bilan""}","{""Шиддат билан тезланиш ва оҳиста секинлашиш билан"",""Оҳиста тезланиш ва шиддат билан секинлашиш билан"",""Оҳиста тезланиш ва оҳиста секинлашиш билан""}",2,https://postimg.cc/Dmfk0bYv,Bilet 41-50,300,,,,
Harakatlanishga ruxsat berilgan:,Ҳаракатланишга рухсат берилган:,"{""Qizil, ko'k, yashil va sariq avtomobilga"",""Qizil va sariq avtomobilga"",""Qizil, sariq va yashil avtomobilga""}","{""Қизил, кўк, яшил ва сариқ автомобилга"",""Қизил ва сариқ автомобилга"",""Қизил, сариқ ва яшил автомобилга""}",1,https://ptest.uz/images/3b2aef16-7aa8-4aaf-b199-da50cb805922.webp,Bilet 41-50,300,,,,
Yo'l transport hodisasi-,Йўл транспорт ҳодисаси-,"{""Transport vositasining yo'lda harakatlanishi jarayonida ro'y bergan, fuqarolarning halok bo'lishiga yoki sog'ligiga zarar yetishiga, transport vositalari, inshootlar, yuklarning shikastlanishi yoxud boshqa moddiy zarar yetishiga sabab bo'lgan hodisa"",""Yo'l harakati qatnashchilarining yo'l-transport hodisalari va ularning oqibatlaridan himoyalanganlik darajasini aks yettiruvchi yo'l harakati holati""}","{""Транспорт воситасининг йўлда ҳаракатланиши жараёнида рўй берган, фуқароларнинг ҳалок бўлишига ёки соғлигига зарар етишига, транспорт воситалари, иншоотлар, юкларнинг шикастланиши ёхуд бошқа моддий зарар етишига сабаб бўлган ҳодиса"",""Йўл ҳаракати қатнашчиларининг йўл-транспорт ҳодисалари ва уларнинг оқибатларидан ҳимояланганлик даражасини акс еттирувчи йўл ҳаракати ҳолати""}",0,https://postimg.cc/Dmfk0bYv,Bilet 41-50,300,,,,
Moped haydovchilariga ruxsat beriladi:,Мопед ҳайдовчиларига рухсат берилади:,"{""Faqat yo'lning chetki o'ng bo'lagida o'ng tomonidan bir qator bo'lib harakatlanishiga"",""Faqat yo'l yoqasidan harakatlanishiga, agar piyodalarga xalaqit bermasa"",""Barcha sanab o'tilgan holatlarga""}","{""Фақат йўлнинг четки ўнг бўлагида ўнг томонидан бир қатор бўлиб ҳаракатланишига"",""Фақат йўл ёқасидан ҳаракатланишига, агар пиёдаларга халақит бермаса"",""Барча санаб ўтилган ҳолатларга""}",2,https://postimg.cc/Dmfk0bYv,Bilet 41-50,300,,,,
Moped haydovchilariga ruxsat beriladi:,Мопед ҳайдовчиларига рухсат берилади:,"{""Faqat yo'lning chetki o'ng bo'lagida o'ng tomonidan bir qator bo'lib harakatlanishiga"",""Faqat yo'l yoqasidan harakatlanishiga, agar piyodalarga xalaqit bermasa"",""Barcha sanab o'tilgan holatlarga""}","{""Фақат йўлнинг четки ўнг бўлагида ўнг томонидан бир қатор бўлиб ҳаракатланишига"",""Фақат йўл ёқасидан ҳаракатланишига, агар пиёдаларга халақит бермаса"",""Барча санаб ўтилган ҳолатларга""}",1,https://ptest.uz/images/d3d29def-9a7b-4ede-b06d-3db5083e28bf.webp,Bilet 41-50,300,,,,
Svetaforning qizil yoki sariq ishorasi bilan bir vaqtda yongan qo'shimcha tarmoqning yo'naltirgichi yashil ishorasi yo'nalishida harakatlanayotgan transport vositasining haydovchisi kimga yo'l berishi kerak?,Светафорнинг қизил ёки сариқ ишораси билан бир вақтда ёнган қўшимча тармоқнинг йўналтиргичи яшил ишораси йўналишида ҳаракатланаётган транспорт воситасининг ҳайдовчиси кимга йўл бериши керак?,"{""Boshqa yo'nalishlarda harakatlanayotgan transportvositalariga"",""O'ngdan kelayotgan transportvositalariga"",""Qarama qarshi yo'nalishda to'g'riga yoki o'ngga harakatlanayotgan transport vositalariga""}","{""Бошқа йўналишларда ҳаракатланаётган транспортвоситаларига"",""Ўнгдан келаётган транспортвоситаларига"",""Қарама қарши йўналишда тўғрига ёки ўнгга ҳаракатланаётган транспорт воситаларига""}",0,https://postimg.cc/Dmfk0bYv,Bilet 41-50,300,,,,
Ko'rsatilgan yo'l belgilaridan qaysi biri taqiqlovchi belgilar ilgari kiritgan barcha cheklovlarni bekor qiladi?,Кўрсатилган йўл белгиларидан қайси бири таъқиқловчи белгилар илгари киритган барча чекловларни бекор қилади?,"{""V"",""A va B"",""V va G"",""Barchasi""}","{""В"",""А ва Б"",""В ва Г"",""Барчаси""}",0,https://ptest.uz/images/9847aaf1-5276-448e-a774-9ff4584a331f.webp,Bilet 41-50,300,,,,
"G'ildiraklarni yo'l bilan ilashishi yo'qolganda (kuchli yomg'ir, sel yoki suv toshgan yo'l qismlari) haydovchi:","Ғилдиракларни йўл билан илашиши йўқолганда (кучли ёмғир, сел ёки сув тошган йўл қисмлари) ҳайдовчи:","{""Tezlikni oshirish lozim"",""Tormoz tepkisini keskin bosish bilan tezlikni kamaytirish lozim"",""Dvigatel bilan tormozlash orqali tezlikni kamaytirishi lozim""}","{""Тезликни ошириш лозим"",""Тормоз тепкисини кескин босиш билан тезликни камайтириш лозим"",""Двигател билан тормозлаш орқали тезликни камайтириши лозим""}",2,https://postimg.cc/Dmfk0bYv,Bilet 41-50,300,,,,
Siz chorrahada chapga burilishda qaysi transpor vositasiga yo'l berishingiz lozim? Qaysi belgi tartibga solinmagan piyodalar o'tish joyiga yaqinlashayotganlik haqida ogohlantiradi?,Сиз чорраҳада чапга бурилишда қайси транспор воситасига йўл беришингиз лозим? Қайси белги тартибга солинмаган пиёдалар ўтиш жойига яқинлашаётганлик ҳақида огоҳлантиради?,"{""Faqat A"",""A va B"",""Hammasi""}","{""Фақат А"",""А ва Б"",""Ҳаммаси""}",0,https://ptest.uz/images/b2e931d1-9dbc-4449-b4b4-9fe83434af24.webp,Bilet 41-50,300,,,,
Qaysi belgi yo'lning tor qismlarida ro'paradan kelayotgan transport vositasiga yo'l berish lozimligini bildiradi?,Қайси белги йўлнинг тор қисмларида рўпарадан келаётган транспорт воситасига йўл бериш лозимлигини билдиради?,"{""A"",""B"",""B va V"",""A va G"",""G""}","{""А"",""Б"",""Б ва В"",""А ва Г"",""Г""}",0,https://ptest.uz/images/9c242450-9b41-46e1-8370-b83f58756589.webp,Bilet 41-50,300,,,,
Piyodalar o'tish joyi – bu...,Пиёдалар ўтиш жойи – бу...,"{""Yo'l qatnov qismining piyodalar kesib o'tishi mo'ljallangan, 5.16.1, 5.16.2 yo'l belgilari va 1.14.1-1.14.3 yo'l chiziqlari bilan ajratilgan bo'lagi."",""Yo'lning piyodalar harakatlanishi uchun mo'ljallangan va transport vositalari harakati taqiqlangan qismi."",""Qatnov qismiga tutashgan yoki undan maysazor ariq maxsus to'siqlar bilan ajratilgan va piyodalarning va piyodalarning harakatlanishi uchun mo'ljallangan yo'l qismi""}","{""Йўл қатнов қисмининг пиёдалар кесиб ўтиши мўлжалланган, 5.16.1, 5.16.2 йўл белгилари ва 1.14.1-1.14.3 йўл чизиқлари билан ажратилган бўлаги."",""Йўлнинг пиёдалар ҳаракатланиши учун мўлжалланган ва транспорт воситалари ҳаракати таъқиқланган қисми."",""Қатнов қисмига туташган ёки ундан майсазор ариқ махсус тўсиқлар билан ажратилган ва пиёдаларнинг ва пиёдаларнинг ҳаракатланиши учун мўлжалланган йўл қисми""}",0,https://postimg.cc/Dmfk0bYv,Bilet 41-50,300,,,,
Bosh miya jarohatlanishining asosiy alomatlari:,Бош мия жароҳатланишининг асосий аломатлари:,"{""Hushdan ketish bir necha soniyadan birnecha soatgacha bo'lishi mumkin"",""Qayt qilish bir-ikki marta, og'ir holatlarda ko'proq bo'lishi mumkin"",""Amneziya – xotiraning yo'qolishi,sodir bo'lgan jarohatlanish bilan bog'liq va hayotdagi bazi voqealar xotirasidan o'chadi"",""Barchasi holatlar to'g'ri""}","{""Ҳушдан кетиш бир неча сониядан бирнеча соатгача бўлиши мумкин"",""Қайт қилиш бир-икки марта, оғир ҳолатларда кўпроқ бўлиши мумкин"",""Амнезия – хотиранинг йўқолиши,содир бўлган жароҳатланиш билан боғлиқ ва ҳаётдаги баъзи воқеалар хотирасидан ўчади"",""Барчаси ҳолатлар тўғри""}",3,https://postimg.cc/Dmfk0bYv,Bilet 41-50,300,,,,
42-BILET Chorrahadan tashqaridagi tartibga solinmagan velosiped yo'lkasi bilan yo'l kesishmasida kim yo'l berishi kerak?,42-BILET Чорраҳадан ташқаридаги тартибга солинмаган велосипед йўлкаси билан йўл кесишмасида ким йўл бериши керак?,"{""Transport vositalari haydovchilari"",""Velosiped yo'lkasidan harakatlanayotgan velosiped va moped haydovchilari""}","{""Транспорт воситалари ҳайдовчилари"",""Велосипед йўлкасидан ҳаракатланаётган велосипед ва мопед ҳайдовчилари""}",1,https://postimg.cc/Dmfk0bYv,Bilet 41-50,300,,,,
"Avtomobillarning bir qator bo'lib harakatlanishi uchun yetarlicha keng bo'lgan, yo'l chiziqlari bilan belgilangan yoki belgilanmagan yo'l qatnov qismining har qanday bo'ylama bo'lagi nima deb ataladi?","Автомобилларнинг бир қатор бўлиб ҳаракатланиши учун етарлича кенг бўлган, йўл чизиқлари билан белгиланган ёки белгиланмаган йўл қатнов қисмининг ҳар қандай бўйлама бўлаги нима деб аталади?","{""Qatnov qismi"",""Harakatlanish tasmasi"",""Yo'l yoqasi"",""Yondosh hudud""}","{""Қатнов қисми"",""Ҳаракатланиш тасмаси"",""Йўл ёқаси"",""Ёндош ҳудуд""}",1,https://postimg.cc/Dmfk0bYv,Bilet 41-50,300,,,,
Shokning belgilari:,Шокнинг белгилари:,"{""Teri va shilliq qavatlarining oqarishi"",""Kuchli ter ajralishi"",""Og'iz qurishi chanqoqlik naqas olishning tezlashuvi"",""Barcha holatlar to'g'ri""}","{""Тери ва шиллиқ қаватларининг оқариши"",""Кучли тер ажралиши"",""Оғиз қуриши чанқоқлик нақас олишнинг тезлашуви"",""Барча ҳолатлар тўғри""}",3,https://postimg.cc/Dmfk0bYv,Bilet 41-50,300,,,,
Bosh miya jarohatlanishining quyidagi alomatlar bilan harakterlanadi:,Бош мия жароҳатланишининг қуйидаги аломатлар билан ҳарактерланади:,"{""Hushdan ketish bir necha soniyadan bir necha soatgacha bo'lishi mumkin"",""Qayt qilish bir-ikki marta, og'ir holatlarda ko'proq bo'lishi mumkin"",""Amneziya – hotiraning yo'qolishi, sodir bo'lgan jarohatlanish bilan bog'liq va hayotdagi bazi voqealar xotirasidan o'chadi"",""Yuqoridagi barcha holatlar""}","{""Ҳушдан кетиш бир неча сониядан бир неча соатгача бўлиши мумкин"",""Қайт қилиш бир-икки марта, оғир ҳолатларда кўпроқ бўлиши мумкин"",""Амнезия – ҳотиранинг йўқолиши, содир бўлган жароҳатланиш билан боғлиқ ва ҳаётдаги баъзи воқеалар хотирасидан ўчади"",""Юқоридаги барча ҳолатлар""}",3,https://postimg.cc/Dmfk0bYv,Bilet 41-50,300,,,,
Qaysi belgi velosiped yo'lkasini ko'rsatadi?,Қайси белги велосипед йўлкасини кўрсатади?,"{""A"",""V"",""S""}","{""А"",""В"",""С""}",2,https://ptest.uz/images/c047375a-1dc9-4725-83b9-b6d689ca9a1c.webp,Bilet 41-50,300,,,,
Transport vositalarini qatnov qismining kengaytirilmagan joylarida qanday tartibda to'xtash va to'xtab turishga ruxsat etiladi?,Транспорт воситаларини қатнов қисмининг кенгайтирилмаган жойларида қандай тартибда тўхташ ва тўхтаб туришга рухсат этилади?,"{""Burchak ostida"",""Parallel ravishda"",""Istalgan usulda""}","{""Бурчак остида"",""Параллел равишда"",""Исталган усулда""}",1,https://postimg.cc/Dmfk0bYv,Bilet 41-50,300,,,,
Xavfsiz oraliq masofani ko'rsating,Хавфсиз оралиқ масофани кўрсатинг,"{""A va V"",""V"",""B""}","{""А ва В"",""В"",""Б""}",2,https://ptest.uz/images/b796fa6d-504a-4677-88cc-5a8c04869e29.webp,Bilet 41-50,300,,,,
"Agar haydovchi keskin tormoz bermasdan harakatni to'xtata olmasa, svetaforning yashil ishorasidan keyin yongan sariq ishorasida harakatni davom ettirishga ruxsat beriladimi?","Агар ҳайдовчи кескин тормоз бермасдан ҳаракатни тўхтата олмаса, светафорнинг яшил ишорасидан кейин ёнган сариқ ишорасида ҳаракатни давом эттиришга рухсат бериладими?","{""Ruxsat etiladi"",""Taqiqlanadi""}","{""Рухсат этилади"",""Таъқиқланади""}",0,https://postimg.cc/Dmfk0bYv,Bilet 41-50,300,,,,
Harakatlanish qaysi yo'nalishga ruxsat yetilgan?,Ҳаракатланиш қайси йўналишга рухсат етилган?,"{""Harakatlanish taqiqlanadi"",""Faqat to'g'riga"",""Faqat to'g'riga va o'ngga"",""Barcha yo'nalishda ruxsat etiladi""}","{""Ҳаракатланиш тақиқланади"",""Фақат тўғрига"",""Фақат тўғрига ва ўнгга"",""Барча йўналишда рухсат этилади""}",0,https://ptest.uz/images/2f54e9d4-bedb-45f1-884f-195228bde332.webp,Bilet 41-50,300,,,,
"Qaysi belgi ""Xavfli yuk tashiyotgan transport vositalarining harakatlanishini taqiqlangan"" deb nomlanadi?","Қайси белги ""Хавфли юк ташиётган транспорт воситаларининг ҳаракатланишини таъқиқланган"" деб номланади?","{""A"",""V"",""S""}","{""А"",""В"",""С""}",2,https://ptest.uz/images/37a568fa-79bb-406b-bcdb-2ff6ee16da44.webp,Bilet 41-50,300,,,,
Ushbu belgi qaysi turdagi transport vositalarini to'xtamasdan o'tishlarini taqiqlaydi?,Ушбу белги қайси турдаги транспорт воситаларини тўхтамасдан ўтишларини таъқиқлайди?,"{""Yuk avtomobillarini"",""Yengil avtomobillarni"",""Barcha turdagi transport vositalarini""}","{""Юк автомобилларини"",""Енгил автомобилларни"",""Барча турдаги транспорт воситаларини""}",2,https://ptest.uz/images/a30a0814-36c8-4034-ab57-e4b04fbcb3d6.webp,Bilet 41-50,300,,,,
Qaysi belgilar yuk avtomobillariga quvib o'tish taqiqlangan hududning oxirini bildiradi?,Қайси белгилар юк автомобилларига қувиб ўтиш тақиқланган ҳудуднинг охирини билдиради?,"{""A"",""B"",""A va B"",""A, B, V""}","{""А"",""Б"",""А ва Б"",""А, Б, В""}",3,https://ptest.uz/images/509d5dee-8478-4203-93f6-97cd0714f90d.webp,Bilet 41-50,300,,,,
"Qaysi belgi to'xtash chizig'i oldida, u bo'lmaganda, kesib o'tiladigan qatnov qismining chetida to'xtamasdan harakatlanishni taqiqlaydi?","Қайси белги тўхташ чизиғи олдида, у бўлмаганда, кесиб ўтиладиган қатнов қисмининг четида тўхтамасдан ҳаракатланишни таъқиқлайди?","{""A"",""B"",""B va V"",""A va G"",""G""}","{""А"",""Б"",""Б ва В"",""А ва Г"",""Г""}",1,https://ptest.uz/images/3ad8fa50-b6a2-40de-b0de-6980dc135596.webp,Bilet 41-50,300,,,,
Ushbu chorrahada kim yo'l beradi?,Ушбу чорраҳада ким йўл беради?,"{""Ko'k avtomobil"",""Motosikl va sariq avtomobil""}","{""Кўк автомобил"",""Мотосикл ва сариқ автомобил""}",0,https://ptest.uz/images/7a7ffd3e-eadc-4eb7-abb7-a84f227d5d35.webp,Bilet 41-50,300,,,,
Yo'l harakati xavfsizligini taminlash - ...,Йўл ҳаракати хавфсизлигини таъминлаш - ...,"{""Yo'l transport hodisalarining kelib chiqish sabablarini oldini olishga, ularning og'ir oqibatlarini kamaytirishga qaratilgan faoliyat"",""Yo'llarda harakatni boshqarish bo'yicha huquqiy, tashkiliy – texnikaviy tadbirlar va boshqaruv harakatlari majmui.""}","{""Йўл транспорт ҳодисаларининг келиб чиқиш сабабларини олдини олишга, уларнинг оғир оқибатларини камайтиришга қаратилган фаолият"",""Йўлларда ҳаракатни бошқариш бўйича ҳуқуқий, ташкилий – техникавий тадбирлар ва бошқарув ҳаракатлари мажмуи.""}",0,https://postimg.cc/Dmfk0bYv,Bilet 41-50,300,,,,
Chorraha bu - ...,Чорраҳа бу - ...,"{""Bevosita yo'lga tutashgan va transport vositalari o'tib ketishi uchun mo'ljallanmagan hudud (hovlilar, turar joy dahalari, avtomobil to'xtab turish joylari, yonilg'i quyish shaxobchalari, korxona va shunga o'xshashlar)"",""Yo'llarning o'zaro bir sathda kesishadigan, tutashadigan va ayriladigan joyi"",""Yo'lning relssiz transport vositalari harakati uchun mo'ljallangan qismi""}","{""Бевосита йўлга туташган ва транспорт воситалари ўтиб кетиши учун мўлжалланмаган ҳудуд (ҳовлилар, турар жой даҳалари, автомобил тўхтаб туриш жойлари, ёнилғи қуйиш шахобчалари, корхона ва шунга ўхшашлар)"",""Йўлларнинг ўзаро бир сатҳда кесишадиган, туташадиган ва айриладиган жойи"",""Йўлнинг релссиз транспорт воситалари ҳаракати учун мўлжалланган қисми""}",1,https://postimg.cc/Dmfk0bYv,Bilet 41-50,300,,,,
Ushbu holatda qaysi transport vositasi yo'l berishi kerak?,Ушбу ҳолатда қайси транспорт воситаси йўл бериши керак?,"{""Yengil avtomobil"",""Avtobus""}","{""Енгил автомобил"",""Автобус""}",1,https://ptest.uz/images/dbfe352e-b69e-4ac8-bc12-02ffa6bdd904.webp,Bilet 41-50,300,,,,
Hayvonlarni yo'lda haydab borishga qoidaga ko'ra ruxsat etiladi,Ҳайвонларни йўлда ҳайдаб боришга қоидага кўра рухсат этилади,"{""Kunning yorug' vaqtida."",""Kunning qorong'u vaqtida."",""Istalgan vaqtda.""}","{""Куннинг ёруғ вақтида."",""Куннинг қоронғу вақтида."",""Исталган вақтда.""}",0,https://postimg.cc/Dmfk0bYv,Bilet 41-50,300,,,,
Quvib o'tishga taalluqli belgilarni ko'rsating?,Қувиб ўтишга тааллуқли белгиларни кўрсатинг?,"{""A va B"",""B va S"",""A va S""}","{""А ва Б"",""Б ва С"",""А ва С""}",2,https://ptest.uz/images/eb605b84-ca56-41b7-8ff5-60de6b6d54dc.webp,Bilet 41-50,300,,,,
Svetaforning miltillovchi sariq ishorasi nima haqida ogohlantiradi?,Светафорнинг милтилловчи сариқ ишораси нима ҳақида огоҳлантиради?,"{""Harakatlanishga ruxsat beradi"",""Chorraha tartibga solinmaganligi to'g'risida"",""Barcha javoblar to'g'ri""}","{""Ҳаракатланишга рухсат беради"",""Чорраҳа тартибга солинмаганлиги тўғрисида"",""Барча жавоблар тўғри""}",2,https://postimg.cc/Dmfk0bYv,Bilet 41-50,300,,,,
Chorrahadan tashqaridagi tartibga solinmagan velosiped yo'lkasi bilan yo'l kesishmasida kim yo'l berishi kerak?,Чорраҳадан ташқаридаги тартибга солинмаган велосипед йўлкаси билан йўл кесишмасида ким йўл бериши керак?,"{""Transport vositalari haydovchilari"",""""}","{""Транспорт воситалари ҳайдовчилари"",""""}",1,https://postimg.cc/Dmfk0bYv,Bilet 41-50,300,,,,
"Velosiped yo'lkasidan harakatlanayotgan velosiped va moped haydovchilari 43- BILET O'zbekcha O'zbekcha ""Imtiyoz"" atamasiga tegishli tarifni ko'rsating","Велосипед йўлкасидан ҳаракатланаётган велосипед ва мопед ҳайдовчилари 43- BILET O'zbekcha Ўзбекча ""Имтиёз"" атамасига тегишли таърифни кўрсатинг","{""Yo'l harakati qatnashchilariga nisbatan imtiyozi bo'lgan boshqa yo'l harakati qatnashchisining harakat yo'nalishi yoki tezligini o'zgartirishga majbur yetishimumkin bo'lgan hollarda harakatni davom mumkin bo'lgan hollarda harakatni davom yettirmasligini yoki boshlamasligini, biror-bir manyovr bajarishi mumkin yemasligini bildiruvchi talab"",""Mo'ljallangan yo'nalishda boshqa yo'l harakati qatnashchilariga nisbatan oldin harakatlanish huquqi""}","{""Йўл ҳаракати қатнашчиларига нисбатан имтиёзи бўлган бошқа йўл ҳаракати қатнашчисининг ҳаракат йўналиши ёки тезлигини ўзгартиришга мажбур етишимумкин бўлган ҳолларда ҳаракатни давом мумкин бўлган ҳолларда ҳаракатни давом еттирмаслигини ёки бошламаслигини, бирор-бир манёвр бажариши мумкин емаслигини билдирувчи талаб"",""Мўлжалланган йўналишда бошқа йўл ҳаракати қатнашчиларига нисбатан олдин ҳаракатланиш ҳуқуқи""}",1,https://postimg.cc/Dmfk0bYv,Bilet 41-50,300,,,,
"Quyidagi izoh qaysi atamaga tegishli? Texnik nuqson, tashilayotgan yuk, haydovchi va yo'lovchining holati, yo'ldagi biror to'siq tufayli xavf yuzaga kelganda yoxud ob-havo sharoitiga bog'liq holda transpor vositasi harakatini to'xtatish","Қуйидаги изоҳ қайси атамага тегишли? Техник нуқсон, ташилаётган юк, ҳайдовчи ва йўловчининг ҳолати, йўлдаги бирор тўсиқ туфайли хавф юзага келганда ёхуд об-ҳаво шароитига боғлиқ ҳолда транспор воситаси ҳаракатини тўхтатиш","{""Yo'l transport hodisasi"",""Yo'l harakati xavfsizligini taminlash"",""Majburiy to'xtash""}","{""Йўл транспорт ҳодисаси"",""Йўл ҳаракати хавфсизлигини таъминлаш"",""Мажбурий тўхташ""}",2,https://postimg.cc/Dmfk0bYv,Bilet 41-50,300,,,,
Qaysi belgi svetaforning (tartibga soluvchining) taqiqlovchi ishorasida transport vositalari to'xtaydigan joyni bildiradi?,Қайси белги светафорнинг (тартибга солувчининг) тақиқловчи ишорасида транспорт воситалари тўхтайдиган жойни билдиради?,"{""A"",""B"",""V"",""G""}","{""А"",""Б"",""В"",""Г""}",2,https://ptest.uz/images/3c6ede71-3580-4951-98d7-dc72d1f9ec53.webp,Bilet 41-50,300,,,,
Turar joy dahalaridan chiqishda haydovchilar:,Турар жой даҳаларидан чиқишда ҳайдовчилар:,"{""Boshqa harakat qatnashchilariga yo'l berishi kerak"",""Boshqa harakat qatnashchilariga nisbatan imtiyozga yega""}","{""Бошқа ҳаракат қатнашчиларига йўл бериши керак"",""Бошқа ҳаракат қатнашчиларига нисбатан имтиёзга ега""}",0,https://postimg.cc/Dmfk0bYv,Bilet 41-50,300,,,,
Qaysi belgi falokatli holatlar uchun kirish yo'lini bildiradi?,Қайси белги фалокатли ҳолатлар учун кириш йўлини билдиради?,"{""A va D"",""V"",""S""}","{""А ва Д"",""В"",""С""}",1,https://ptest.uz/images/5c0106e7-4129-440c-a428-af440c3a6009.webp,Bilet 41-50,300,,,,
Tumanga qarshi chiroqlarni qorong'i vaqtda yo'lning yoritilmagan qismlarida uzoqni yorituvchi chiroqlar bilan birga qo'lllash mumkinmi?,Туманга қарши чироқларни қоронғи вақтда йўлнинг ёритилмаган қисмларида узоқни ёритувчи чироқлар билан бирга қўлллаш мумкинми?,"{""Ha"",""Yo'q""}","{""Ҳа"",""Йўқ""}",0,https://postimg.cc/Dmfk0bYv,Bilet 41-50,300,,,,
Sekinlashish bo'lagi bo'lgan yo'llarda burilmoqchi bo'lgan haydovchi qachon tezlikni kamaytirishi lozim?,Секинлашиш бўлаги бўлган йўлларда бурилмоқчи бўлган ҳайдовчи қачон тезликни камайтириши лозим?,"{""Sekinlashish bo'lagi o'tguncha"",""Sekinlashish bo'lagiga o'tgach""}","{""Секинлашиш бўлаги ўтгунча"",""Секинлашиш бўлагига ўтгач""}",1,https://postimg.cc/Dmfk0bYv,Bilet 41-50,300,,,,
"G'ildiraklarni yo'l bilan ilashishi yo'qolganda (kuchli yomg'ir, sel yoki suv toshgan yo'l qismlari) haydovchi:","Ғилдиракларни йўл билан илашиши йўқолганда (кучли ёмғир, сел ёки сув тошган йўл қисмлари) ҳайдовчи:","{""Tezlikni oshirishi lozim"",""Tormoz tepkisini keskin bosish bilan tezlikni kamaytirishi lozim"",""Dvigatel bilan tormozlash orqali tezlikni kamaytirishi lozim""}","{""Тезликни ошириши лозим"",""Тормоз тепкисини кескин босиш билан тезликни камайтириши лозим"",""Двигател билан тормозлаш орқали тезликни камайтириши лозим""}",2,https://postimg.cc/Dmfk0bYv,Bilet 41-50,300,,,,
Ushbu belgilardan qaysi biri-bir yoki bir necha bo'laklarda harakatlanish yo'nalishi qaraama-qarshi tomonga o'zgarishi mumkin bo'lgan yo'l qismining boshlanishini bildiradi?,Ушбу белгилардан қайси бири-бир ёки бир неча бўлакларда ҳаракатланиш йўналиши қараама-қарши томонга ўзгариши мумкин бўлган йўл қисмининг бошланишини билдиради?,"{""A"",""B"",""V""}","{""А"",""Б"",""В""}",2,https://ptest.uz/images/5af25c33-81bf-49a1-a928-bc77425d1c2b.webp,Bilet 41-50,300,,,,
Ko'rsatilgan qaysi belgi yo'lning o'ta sirpanchiq bo'lgan qismini bildiradi?,Кўрсатилган қайси белги йўлнинг ўта сирпанчиқ бўлган қисмини билдиради?,"{""A"",""A va B"",""V""}","{""А"",""А ва Б"",""В""}",2,https://ptest.uz/images/ac54382a-74ce-42fb-8b2b-23ad55c7d2c2.webp,Bilet 41-50,300,,,,
Chorrahada qaysi avtomobil yo'l berishi kerak?,Чорраҳада қайси автомобил йўл бериши керак?,"{""Ko'k avtomobil"",""Qizil avtomobil""}","{""Кўк автомобил"",""Қизил автомобил""}",1,https://ptest.uz/images/d052d01e-4f9c-48fb-9ee6-1cd0bae5cbab.webp,Bilet 41-50,300,,,,
"Chap qo'lni yonga cho'zish yoki o'ng qo'lni tirsakdan to'g'ri burchak ostida bukib, yuqoriga ko'tarish ishorasi nimani bildiradi?","Чап қўлни ёнга чўзиш ёки ўнг қўлни тирсакдан тўғри бурчак остида букиб, юқорига кўтариш ишораси нимани билдиради?","{""Chapga burilishni yoki qayrilib olishni"",""O'ngga burilish yoki qayrilib olishni"",""To'xtashni""}","{""Чапга бурилишни ёки қайрилиб олишни"",""Ўнгга бурилиш ёки қайрилиб олишни"",""Тўхташни""}",0,https://postimg.cc/Dmfk0bYv,Bilet 41-50,300,,,,
Qattiq ulagichda shatakka olingan avtobusda yoki trolleybusda odam tashishga ruxsat yetiladimi?,Қаттиқ улагичда шатакка олинган автобусда ёки троллейбусда одам ташишга рухсат етиладими?,"{""Taqiqlanadi"",""Ruxsat etiladi""}","{""Таъқиқланади"",""Рухсат этилади""}",0,https://postimg.cc/Dmfk0bYv,Bilet 41-50,300,,,,
Avtomobilni qanday boshqarish usuli yonilg'i sarfini tejaydi?,Автомобилни қандай бошқариш усули ёнилғи сарфини тежайди?,"{""Shiddat bilan tezlanish va ohista sekinlashish bilan"",""Ohista (ravon) tezlanish va shiddat bilan sekinlashish bilan"",""Ohista (ravon) tezlanish va ohista sekinlashish bilan""}","{""Шиддат билан тезланиш ва оҳиста секинлашиш билан"",""Оҳиста (равон) тезланиш ва шиддат билан секинлашиш билан"",""Оҳиста (равон) тезланиш ва оҳиста секинлашиш билан""}",2,https://postimg.cc/Dmfk0bYv,Bilet 41-50,300,,,,
Venoz qon ketish alomatlarini ko'rsating:,Веноз қон кетиш аломатларини кўрсатинг:,"{""Qon tomirlaridan pushti rangli qon kuchli pulsatsiya bilan otilib chiqadi"",""Qon tomirlaridan to'q qizil rangdagi qon sizib oqib chiqadi"",""Mayda qon tomirlaridan ichki azolarga qon sizib oqib qichadi""}","{""Қон томирларидан пушти рангли қон кучли пулсация билан отилиб чиқади"",""Қон томирларидан тўқ қизил рангдаги қон сизиб оқиб чиқади"",""Майда қон томирларидан ички аъзоларга қон сизиб оқиб қичади""}",1,https://postimg.cc/Dmfk0bYv,Bilet 41-50,300,,,,
Agar biror-bir to'siq sababli qarama-qarshi yo'nalishlarda harakatlanish qiyin bo'lsa kim yo'l berishi kerak?,Агар бирор-бир тўсиқ сабабли қарама-қарши йўналишларда ҳаракатланиш қийин бўлса ким йўл бериши керак?,"{""To'siq bo'lmagan tomondagi haydovchi"",""To'siq o'z tomonida bo'lgan haydovchi""}","{""Тўсиқ бўлмаган томондаги ҳайдовчи"",""Тўсиқ ўз томонида бўлган ҳайдовчи""}",1,https://postimg.cc/Dmfk0bYv,Bilet 41-50,300,,,,
Arterial qon kelish alomatlarini ko'rsating,Артериал қон келиш аломатларини кўрсатинг,"{""Qon tomirlaridan pushti rangli kuchli pulsatsiya bilan otilib chiqadi"",""Qon tomirlaridan to'q qizil rangdagi qon sizib oqib chiqadi"",""Mayda qon tomirlaridan ichki azolarga qonning oqib chiqishi kuzatiladi""}","{""Қон томирларидан пушти рангли кучли пулсация билан отилиб чиқади"",""Қон томирларидан тўқ қизил рангдаги қон сизиб оқиб чиқади"",""Майда қон томирларидан ички аъзоларга қоннинг оқиб чиқиши кузатилади""}",0,https://postimg.cc/Dmfk0bYv,Bilet 41-50,300,,,,
Yengil avtomobil tirkamasi burilishda qanday traektoriya bo'yicha harakatlanadi?,Енгил автомобил тиркамаси бурилишда қандай траектория бўйича ҳаракатланади?,"{""Burilish markaziga nisbatan avtomobil traektoriyasidan tashqarida"",""Avtomobil burilish traektoriyasi bo'yicha"",""Burilish markaziga nisbatan avtomobil traektoriyasidan ichkarida""}","{""Бурилиш марказига нисбатан автомобил траекториясидан ташқарида"",""Автомобил бурилиш траекторияси бўйича"",""Бурилиш марказига нисбатан автомобил траекториясидан ичкарида""}",2,https://postimg.cc/Dmfk0bYv,Bilet 41-50,300,,,,
Ushbu holatda qaysi transport vositasi yo'l berishi kerak?,Ушбу ҳолатда қайси транспорт воситаси йўл бериши керак?,"{""Yengil avtomobil"",""Yuk avtomobil""}","{""Енгил автомобиль"",""Юк автомобиль""}",1,https://ptest.uz/images/26f6f1da-d15a-4a64-ad08-2f36d9031de6.webp,Bilet 41-50,300,,,,
Qaysi belgi temir yo'l kesishmasini to'suvchi moslama bilan jihozlanganligi haqida ogohlantiradi?,Қайси белги темир йўл кесишмасини тўсувчи мослама билан жиҳозланганлиги ҳақида огоҳлантиради?,"{""A"",""B"",""C"",""D""}","{""A"",""B"",""C"",""D""}",2,https://ptest.uz/images/183e9693-094b-4d05-b5a2-2e0468a643d1.webp,Bilet 41-50,300,,,,
"""Imtiyoz"" atamasiga tegishli tarifni ko'rsating","""Имтиёз"" атамасига тегишли таърифни кўрсатинг","{""Yo'l harakati qatnashchilariga nisbatan imtiyozi bo'lgan boshqa yo'l harakati qatnashchisining harakat yo'nalishi yoki tezligini o'zgartirishga majbur yetishimumkin bo'lgan hollarda harakatni davom mumkin bo'lgan hollarda harakatni davom yettirmasligini yoki boshlamasligini, biror-bir manyovr bajarishi mumkin yemasligini bildiruvchi talab"",""Mo'ljallangan yo'nalishda boshqa yo'l harakati qatnashchilariga nisbatan oldin harakatlanish huquqi""}","{""Йўл ҳаракати қатнашчиларига нисбатан имтиёзи бўлган бошқа йўл ҳаракати қатнашчисининг ҳаракат йўналиши ёки тезлигини ўзгартиришга мажбур етишимумкин бўлган ҳолларда ҳаракатни давом мумкин бўлган ҳолларда ҳаракатни давом еттирмаслигини ёки бошламаслигини, бирор-бир манёвр бажариши мумкин емаслигини билдирувчи талаб"",""Мўлжалланган йўналишда бошқа йўл ҳаракати қатнашчиларига нисбатан олдин ҳаракатланиш ҳуқуқи""}",1,https://postimg.cc/Dmfk0bYv,Bilet 41-50,300,,,,
44- BILET Mexanik transport vositasi – bu ...,44- BILET Механик транспорт воситаси – бу ...,"{""Odamlarni, yuklarni tashishga yoki maxsus ishlarni bajarishga mo'ljallangan qurilma"",""Mexanik transport vositasi tarkibida harakatlanishga mo'ljallangan, dvigatel bilan jihozlanmagan transport vositasi. Bu atama yarim tirkama va uzaytirilgan tirkama va uzaytiriladigan tirkamalarga ham taaduqlidir"",""Dvigatel bilan harakatga keltiriladigan transportvositasi (mopeddan tashqari). Bu atama barcha traktor va o'ziyurar moslamalarga ham taalluqlidir""}","{""Одамларни, юкларни ташишга ёки махсус ишларни бажаришга мўлжалланган қурилма"",""Механик транспорт воситаси таркибида ҳаракатланишга мўлжалланган, двигател билан жиҳозланмаган транспорт воситаси. Бу атама ярим тиркама ва узайтирилган тиркама ва узайтириладиган тиркамаларга ҳам таадуқлидир"",""Двигател билан ҳаракатга келтириладиган транспортвоситаси (мопеддан ташқари). Бу атама барча трактор ва ўзиюрар мосламаларга ҳам тааллуқлидир""}",2,https://postimg.cc/Dmfk0bYv,Bilet 41-50,300,,,,
Ushbu belgi nimani bildiradi?,Ушбу белги нимани билдиради?,"{""Oldinda tik balandlik borligini"",""Oldinda ko'tarma ko'prik borligini"",""Suniy yo'l noteksligini""}","{""Олдинда тик баландлик борлигини"",""Олдинда кўтарма кўприк борлигини"",""Сунъий йўл нотекслигини""}",2,https://ptest.uz/images/8dbc7493-3cef-438c-8173-a4410744b56a.webp,Bilet 41-50,300,,,,
Qaysi yo'l belgilari yo'lning tor qismida haydovchiga ustunlik beradi?,Қайси йўл белгилари йўлнинг тор қисмида ҳайдовчига устунлик беради?,"{""Faqat B"",""A va B"",""Faqat D"",""Faqat C""}","{""Фақат Б"",""А ва Б"",""Фақат Д"",""Фақат C""}",2,https://ptest.uz/images/b761d042-1a3f-4b57-944d-0729027648e7.webp,Bilet 41-50,300,,,,
Yo'lning xavfli burilishlarida oldingi uzatmali avtomobilning orqa o'qi yon tomonga sirpanganda siz qanday harakat qilasiz?,Йўлнинг хавфли бурилишларида олдинги узатмали автомобилнинг орқа ўқи ён томонга сирпанганда сиз қандай ҳаракат қиласиз?,"{""Gaz berishni kamaytirib rul chambaragi bilan boshqaruvni barqarorlashtirasiz"",""Tormozlab turib rul chambaragini sirpangan tomonga burasiz"",""Gaz pedalini ohista bosib, avtomobilni rul chambaragini to'g'rilab, avtomobilni sirpanishdan olib chiqib ketasiz"",""Gaz pedalini ko'proq bosib rul chambaragini o'zgartirmasdan sirpanishdan olib chiqasiz""}","{""Газ беришни камайтириб рул чамбараги билан бошқарувни барқарорлаштирасиз"",""Тормозлаб туриб рул чамбарагини сирпанган томонга бурасиз"",""Газ педалини оҳиста босиб, автомобилни рул чамбарагини тўғрилаб, автомобилни сирпанишдан олиб чиқиб кетасиз"",""Газ педалини кўпроқ босиб рул чамбарагини ўзгартирмасдан сирпанишдан олиб чиқасиз""}",2,https://postimg.cc/Dmfk0bYv,Bilet 41-50,300,,,,
Yengil avtomobilga qaysi yo'nalishlarda harakatlanishga ruxsat yetiladi?,Енгил автомобилга қайси йўналишларда ҳаракатланишга рухсат етилади?,"{""Faqat to'g'riga"",""Faqat o'ngga va chapga"",""Istalgan yo'nalishda""}","{""Фақат тўғрига"",""Фақат ўнгга ва чапга"",""Исталган йўналишда""}",2,https://ptest.uz/images/958b8ca6-c187-4658-8246-b23cedd8e08f.webp,Bilet 41-50,300,,,,
Ushbu holatda ko'k avtomobil haydovchisi kimga yo'l berishi lozim?,Ушбу ҳолатда кўк автомобил ҳайдовчиси кимга йўл бериши лозим?,"{""Faqat avtobusga"",""Hech kimga"",""Faqat yengil avtomobilga""}","{""Фақат автобусга"",""Ҳеч кимга"",""Фақат енгил автомобилга""}",1,https://ptest.uz/images/65c94d04-fb71-4872-bf1a-fe477d9240c5.webp,Bilet 41-50,300,,,,
Aholi punktlaridan tashqarida tirkamali yuk avtomobillari qanday yuqori tezlik bilan harakatlanishi mumkin?,Аҳоли пунктларидан ташқарида тиркамали юк автомобиллари қандай юқори тезлик билан ҳаракатланиши мумкин?,"{""80 km/s"",""70 km/s"",""90 km/s"",""60 km/s""}","{""80 км/с"",""70 км/с"",""90 км/с"",""60 км/с""}",1,https://postimg.cc/Dmfk0bYv,Bilet 41-50,300,,,,
Yondosh hudud bu - ...,Ёндош ҳудуд бу - ...,"{""Bevosita yo'lga tutashgan va transport vositalari o'tib ketishi uchun mo'ljallanmagan hudud (hovlilar, turar joy dahalari avtomobil to'xtab turish joylari, yonilg'i quyish shaxobchalari, korxona va shunga o'xshashlar)."",""Yo'llarning o'zaro bir sathda kesishadigan, tutashadigan va ayriladigan joyi"",""Yo'lning relssiz transport vositalari harakati uchun mo'ljallangan qismi""}","{""Бевосита йўлга туташган ва транспорт воситалари ўтиб кетиши учун мўлжалланмаган ҳудуд (ҳовлилар, турар жой даҳалари автомобил тўхтаб туриш жойлари, ёнилғи қуйиш шахобчалари, корхона ва шунга ўхшашлар)."",""Йўлларнинг ўзаро бир сатҳда кесишадиган, туташадиган ва айриладиган жойи"",""Йўлнинг релссиз транспорт воситалари ҳаракати учун мўлжалланган қисми""}",0,https://postimg.cc/Dmfk0bYv,Bilet 41-50,300,,,,
Tezlik ortishi bilan haydovchining ko'rish maydoni qanday o'zgaradi?,Тезлик ортиши билан ҳайдовчининг кўриш майдони қандай ўзгаради?,"{""Kengayadi"",""O'zgarmaydi"",""Torayadi""}","{""Кенгаяди"",""Ўзгармайди"",""Тораяди""}",2,https://postimg.cc/Dmfk0bYv,Bilet 41-50,300,,,,
Ushbu yo'l belgisi nimani bildiradi?,Ушбу йўл белгиси нимани билдиради?,"{""Xafli yuk tashiyotgan transport vositalari harakatini taqiqlaydi"",""Og'ir yuk tashiyotgan transport vositalari harakatini taqiqlaydi"",""Portlovchi va tez alangalanadigan yuk tashiyotgan trasport vositalari harakatini taqiqlaydi""}","{""Хафли юк ташиётган транспорт воситалари ҳаракатини таъқиқлайди"",""Оғир юк ташиётган транспорт воситалари ҳаракатини таъқиқлайди"",""Портловчи ва тез алангаланадиган юк ташиётган траспорт воситалари ҳаракатини таъқиқлайди""}",0,https://ptest.uz/images/0362ddac-d73b-4ebf-bdeb-130490b8b181.webp,Bilet 41-50,300,,,,
Tormoz yo'li deb nimaga aytiladi?,Тормоз йўли деб нимага айтилади?,"{""Haydovchi biron bir xavfni aniqlab, avtomobilni to'liq to'xtaguncha bosib o'tgan masofasi"",""Haydovchi tormoz tepkisini bosgandan to avtomobil to'liq to'xtaguncha bosib o'tilgan masofa""}","{""Ҳайдовчи бирон бир хавфни аниқлаб, автомобилни тўлиқ тўхтагунча босиб ўтган масофаси"",""Ҳайдовчи тормоз тепкисини босгандан то автомобил тўлиқ тўхтагунча босиб ўтилган масофа""}",1,https://postimg.cc/Dmfk0bYv,Bilet 41-50,300,,,,
"Bosh miya jarohatlanganda, miya chayqalganda yoki bo'yin qismi jarohatlanganda birinchi yordam ko'rsatish:","Бош мия жароҳатланганда, мия чайқалганда ёки бўйин қисми жароҳатланганда биринчи ёрдам кўрсатиш:","{""Jarohatlangan odamni qattiq va tekis zambilga solib, bo'yin qismi tagiga qattiq yostiqcha qo'yib, qo'zg'atmasdan, mahkam bog'lab shifoxonaga yuboriladi"",""Jaroxatlangan odamni yonboshlatib yotqizib, bo'yin qismi tagiga qattiq yostiqcha qo'yib, qo'zg'atmasdan, mahkam bog'lab shifoxonaga yuboriladi"",""Jaroxatlangan odamni tinchlantirish, jarohatlangan joy sohasini sovuq suv muz qo'yish yo'llari bilan sovutish og'riqni susaytirish va qon ketishini kamaytirish""}","{""Жароҳатланган одамни қаттиқ ва текис замбилга солиб, бўйин қисми тагига қаттиқ ёстиқча қўйиб, қўзғатмасдан, маҳкам боғлаб шифохонага юборилади"",""Жарохатланган одамни ёнбошлатиб ётқизиб, бўйин қисми тагига қаттиқ ёстиқча қўйиб, қўзғатмасдан, маҳкам боғлаб шифохонага юборилади"",""Жарохатланган одамни тинчлантириш, жароҳатланган жой соҳасини совуқ сув муз қўйиш йўллари билан совутиш оғриқни сусайтириш ва қон кетишини камайтириш""}",0,https://postimg.cc/Dmfk0bYv,Bilet 41-50,300,,,,
Ushbu tik chiziq nimani bildiradi?,Ушбу тик чизиқ нимани билдиради?,"{""Temir yo'l kesishmasiga yaqinlashganlik haqida"",""Xavfli chorrahaga yaqinlashganlik haqida"",""Yo'lning kichik radiusli burilish, tik nishablik va boshqa xavfli joylarida yo'l to'siqlarining yon yuzalarini bildiradi""}","{""Темир йўл кесишмасига яқинлашганлик ҳақида"",""Хавфли чорраҳага яқинлашганлик ҳақида"",""Йўлнинг кичик радиусли бурилиш, тик нишаблик ва бошқа хавфли жойларида йўл тўсиқларининг ён юзаларини билдиради""}",2,https://ptest.uz/images/fe9c6466-f25b-4b5b-a541-2cbbdec51f4e.webp,Bilet 41-50,300,,,,
M3 toifadagi avtotransport vositalarining boshqaruv qurilmasidagi qanday yeng katta lyuft yig'indisiga yo'l qo'yiladi?,М3 тоифадаги автотранспорт воситаларининг бошқарув қурилмасидаги қандай енг катта люфт йиғиндисига йўл қўйилади?,"{""10 gradus"",""20 gradus"",""25 gradus""}","{""10 градус"",""20 градус"",""25 градус""}",1,https://postimg.cc/Dmfk0bYv,Bilet 41-50,300,,,,
Ushbu yo'l belgisi qanday maqsadda qo'llaniladi?,Ушбу йўл белгиси қандай мақсадда қўлланилади?,"{""Majburiy tarzda tezlikni kamaytirish uchun"",""To'xtamasdan o'tishni taqiqlaydi"",""Ehtiyot choralarni ko'rish uchun""}","{""Мажбурий тарзда тезликни камайтириш учун"",""Тўхтамасдан ўтишни таъқиқлайди"",""Эҳтиёт чораларни кўриш учун""}",1,https://ptest.uz/images/e2fd572e-fd46-4972-ae91-c42c5cb74833.webp,Bilet 41-50,300,,,,
Yo'l harakati qoidalariga ko'ra yo'l belgilari nechta guruhga bo'linadi,Йўл ҳаракати қоидаларига кўра йўл белгилари нечта гуруҳга бўлинади,"{""5"",""6"",""7""}","{""5"",""6"",""7""}",2,https://postimg.cc/Dmfk0bYv,Bilet 41-50,300,,,,
Ushbu chorrahada haydovchiga orqaga harakatlanib ko'rsatilgan manyovrni bajarishga ruxsat yetiladimi?,Ушбу чорраҳада ҳайдовчига орқага ҳаракатланиб кўрсатилган манёврни бажаришга рухсат етиладими?,"{""Ruxsat etiladi"",""Taqiqlanadi""}","{""Рухсат этилади"",""Таъқиқланади""}",1,https://ptest.uz/images/2570d80c-3f0a-41b7-84cc-c2733bcdbe6a.webp,Bilet 41-50,300,,,,
"Ushbu belgilardan qaysi biri ""Notekis yo'l"" deb ataladi?","Ушбу белгилардан қайси бири ""Нотекис йўл"" деб аталади?","{""A"",""B"",""C""}","{""A"",""B"",""C""}",2,https://ptest.uz/images/f9c46f14-90df-4673-a8ba-0787fd36d9b4.webp,Bilet 41-50,300,,,,
Haydovchining o'rtacha reaksiya vaqti deb qabul qilingan,Ҳайдовчининг ўртача реаксия вақти деб қабул қилинган,"{""Tahminan 0,2 soniya"",""Tahminan 1 soniya"",""Tahminan 5 soniya""}","{""Таҳминан 0,2 сония"",""Таҳминан 1 сония"",""Таҳминан 5 сония""}",1,https://postimg.cc/Dmfk0bYv,Bilet 41-50,300,,,,
"Qorin bo'shlig'i jarohatlangan odamga ovqat, suv, dori-darmon berishi mumkinmi?","Қорин бўшлиғи жароҳатланган одамга овқат, сув, дори-дармон бериши мумкинми?","{""Ha"",""Yo'q""}","{""Ҳа"",""Йўқ""}",1,https://postimg.cc/Dmfk0bYv,Bilet 41-50,300,,,,
Mexanik transport vositasi – bu ...,Механик транспорт воситаси – бу ...,"{""Odamlarni, yuklarni tashishga yoki maxsus ishlarni bajarishga mo'ljallangan qurilma"",""Mexanik transport vositasi tarkibida harakatlanishga mo'ljallangan, dvigatel bilan jihozlanmagan transport vositasi. Bu atama yarim tirkama va uzaytirilgan tirkama va uzaytiriladigan tirkamalarga ham taaduqlidir"",""Dvigatel bilan harakatga keltiriladigan transportvositasi (mopeddan tashqari). Bu atama barcha traktor va o'ziyurar moslamalarga ham taalluqlidir""}","{""Одамларни, юкларни ташишга ёки махсус ишларни бажаришга мўлжалланган қурилма"",""Механик транспорт воситаси таркибида ҳаракатланишга мўлжалланган, двигател билан жиҳозланмаган транспорт воситаси. Бу атама ярим тиркама ва узайтирилган тиркама ва узайтириладиган тиркамаларга ҳам таадуқлидир"",""Двигател билан ҳаракатга келтириладиган транспортвоситаси (мопеддан ташқари). Бу атама барча трактор ва ўзиюрар мосламаларга ҳам тааллуқлидир""}",2,https://postimg.cc/Dmfk0bYv,Bilet 41-50,300,,,,
45- BILET Ushbu belgilardan qaysi biri oldinda yo'l qoplamasi ustida suniy notekslik borligi haqida ogohlantiradi?,45- BILET Ушбу белгилардан қайси бири олдинда йўл қопламаси устида сунъий нотекслик борлиги ҳақида огоҳлантиради?,"{""A"",""V"",""S"",""A va S""}","{""А"",""В"",""С"",""А ва С""}",1,https://ptest.uz/images/fedef903-866f-44ad-a6df-7df40845ce77.webp,Bilet 41-50,300,,,,
Aylanma harakatlanish chorrahasida...,Айланма ҳаракатланиш чорраҳасида...,"{""Harakatlanayotgan transport vositalari aylanaga kirib kelayotgan transport vositalariga nisbatan ustunlikka (imtiyozga) ega"",""Harakatlanayotgan transport vositalariga nisbatan aylanaga kirib kelayotgan transport vositalari ustunlikka (imtiyozga) ega""}","{""Ҳаракатланаётган транспорт воситалари айланага кириб келаётган транспорт воситаларига нисбатан устунликка (имтиёзга) эга"",""Ҳаракатланаётган транспорт воситаларига нисбатан айланага кириб келаётган транспорт воситалари устунликка (имтиёзга) эга""}",0,https://postimg.cc/Dmfk0bYv,Bilet 41-50,300,,,,
Ushbu ko'rsatilgan holatda kim yo'l berishi kerak?,Ушбу кўрсатилган ҳолатда ким йўл бериши керак?,"{""Avtomobil haydovchisi"",""Mototsikl haydovchisi""}","{""Автомобил ҳайдовчиси"",""Мотоцикл ҳайдовчиси""}",1,https://ptest.uz/images/951c097a-7232-4a90-bf36-6d4fb7f3ae8d.webp,Bilet 41-50,300,,,,
Yo'l harakati havfsizligini taminlash,Йўл ҳаракати ҳавфсизлигини таъминлаш,"{""Yo'l transport hodisalarining kelib chiqish sabablarini oldini olishga, ularning og'ir oqibatlarini kamaytirishga qaratilgan faoliyat"",""Yo'llarda harakatni boshqarish bo'yicha huquqiy, tashkiliy-texnikaviy tadbirlar va boshqaruv harakatlari majmui"",""Yo'l harakati qatnashchilarining yo'l-transport hodisalari va ularning oqibatlaridan himoyalanganlik darajasini aks ettiruvchi yo'l harakati holati""}","{""Йўл транспорт ҳодисаларининг келиб чиқиш сабабларини олдини олишга, уларнинг оғир оқибатларини камайтиришга қаратилган фаолият"",""Йўлларда ҳаракатни бошқариш бўйича ҳуқуқий, ташкилий-техникавий тадбирлар ва бошқарув ҳаракатлари мажмуи"",""Йўл ҳаракати қатнашчиларининг йўл-транспорт ҳодисалари ва уларнинг оқибатларидан ҳимояланганлик даражасини акс эттирувчи йўл ҳаракати ҳолати""}",0,https://postimg.cc/Dmfk0bYv,Bilet 41-50,300,,,,
"Agar avtomobilning o'ng g'ildiraklari nam qoplamali yo'l yoqasiga chiqib qolsa, tavsiya etiladi:","Агар автомобилнинг ўнг ғилдираклари нам қопламали йўл ёқасига чиқиб қолса, тавсия этилади:","{""Avtomobilni tormozlash va to'liq to'xtatish"",""Avtomobilni tormozlab, yo'lning harakat qismiga ohista ravon burilish"",""Avtomobilni tormozlamasdan yo'lning harakat qismiga ohista ravon burish""}","{""Автомобилни тормозлаш ва тўлиқ тўхтатиш"",""Автомобилни тормозлаб, йўлнинг ҳаракат қисмига оҳиста равон бурилиш"",""Автомобилни тормозламасдан йўлнинг ҳаракат қисмига оҳиста равон буриш""}",2,https://postimg.cc/Dmfk0bYv,Bilet 41-50,300,,,,
Turar joy dahalarida eng katta tezlikda harakatlanishga ruxsat etiladi:,Турар жой даҳаларида энг катта тезликда ҳаракатланишга рухсат этилади:,"{""5km/s"",""20 km/s"",""30 km/s"",""40 km/s""}","{""5км/с"",""20 км/с"",""30 км/с"",""40 км/с""}",1,https://postimg.cc/Dmfk0bYv,Bilet 41-50,300,,,,
Shokning belgilari qanday ?,Шокнинг белгилари қандай ?,"{""Teri va shilliq qavatlarning oqarishi"",""Kuchli ter ajralishi"",""Og'iz qurishi, chanqoqolik, nafas olishning tezlashuvi"",""Es-hushning noaniqligi, behush holat"",""Yuqoridagi barcha holatlar""}","{""Тери ва шиллиқ қаватларнинг оқариши"",""Кучли тер ажралиши"",""Оғиз қуриши, чанқоқолик, нафас олишнинг тезлашуви"",""Эс-ҳушнинг ноаниқлиги, беҳуш ҳолат"",""Юқоридаги барча ҳолатлар""}",4,https://postimg.cc/Dmfk0bYv,Bilet 41-50,300,,,,
M2 toifali avtotransport vositalarining boshqaruv qurilmasidagi qanday eng katta lyuft yig'indisiga yo'l qo'yiladi,М2 тоифали автотранспорт воситаларининг бошқарув қурилмасидаги қандай энг катта люфт йиғиндисига йўл қўйилади,"{""10 gradus"",""20 gradus"",""3,25 gradus""}","{""10 градус"",""20 градус"",""3,25 градус""}",1,https://postimg.cc/Dmfk0bYv,Bilet 41-50,300,,,,
Tik nishabliklarda dvigatel bilan tormozlashda qiyalikka nisbatan qanday uzatma tanlanadi?,Тик нишабликларда двигател билан тормозлашда қияликка нисбатан қандай узатма танланади?,"{""Nishablik qancha qiyin bo'lsa uzatma pag'onasi shuncha yuqori bo'ladi"",""Nishablik qancha qiyin bo'lsa uzatma pag'onasi shuncha past tanlanadi"",""Pog'onalarni tanlashning nishablikka aloqasi yo'q""}","{""Нишаблик қанча қийин бўлса узатма пағонаси шунча юқори бўлади"",""Нишаблик қанча қийин бўлса узатма пағонаси шунча паст танланади"",""Поғоналарни танлашнинг нишабликка алоқаси йўқ""}",1,https://postimg.cc/Dmfk0bYv,Bilet 41-50,300,,,,
Ushbu qo'shimcha ahborot yo'l belgisi bildiradi:,Ушбу қўшимча аҳборот йўл белгиси билдиради:,"{""Barcha turdagi transport vositalarining to'xtab turish uchun yo'lning qatnov qismida, trotuar yoniga qo'yish usulini"",""Yengil avtomobillarning to'xtab turish joyini"",""Mexanik transport vositalarining to'xtab turish joyini""}","{""Барча турдаги транспорт воситаларининг тўхтаб туриш учун йўлнинг қатнов қисмида, тротуар ёнига қўйиш усулини"",""Енгил автомобилларнинг тўхтаб туриш жойини"",""Механик транспорт воситаларининг тўхтаб туриш жойини""}",0,https://ptest.uz/images/72a7d403-f02f-497b-bc67-ed1d442dd172.webp,Bilet 41-50,300,,,,
Ajratuvchi mintaqa - ...,Ажратувчи минтақа - ...,"{""Yo'lning relssiz transport vositalari harakati uchun mo'ljallangan qismi"",""Avtomobillarning bir qator bo'lib harakatlanishi uchun yetarlicha keng bo'lgan, yo'l chiziqlari bilan belgilangan yoki belgilanmagan yo'l qatnov qismining har qanday bo'ylama bo'lagi"",""Yo'lning yonma-yon joylashgan qatnov qismlarini ajratuvchi, transport vositalari harakatlanishi yoki to'xtashi uchun mo'ljallanmagan, yo'l sathidan ko'tarilgan yoki maysazor, ariq, maxsus to'siqlar bilan ajratilgan baland qismi""}","{""Йўлнинг релссиз транспорт воситалари ҳаракати учун мўлжалланган қисми"",""Автомобилларнинг бир қатор бўлиб ҳаракатланиши учун етарлича кенг бўлган, йўл чизиқлари билан белгиланган ёки белгиланмаган йўл қатнов қисмининг ҳар қандай бўйлама бўлаги"",""Йўлнинг ёнма-ён жойлашган қатнов қисмларини ажратувчи, транспорт воситалари ҳаракатланиши ёки тўхташи учун мўлжалланмаган, йўл сатҳидан кўтарилган ёки майсазор, ариқ, махсус тўсиқлар билан ажратилган баланд қисми""}",2,https://postimg.cc/Dmfk0bYv,Bilet 41-50,300,,,,
Muskul va paylarning ezilishi hamda cho'zilishi alomatlari qanday?,Мускул ва пайларнинг эзилиши ҳамда чўзилиши аломатлари қандай?,"{""Jarohatlangan joyda og'riq seziladi"",""Jarohatlangan joyda shishi paydo bo'ladi, og'riq seziladi, bazan shu joyda mayda kapillyar qon tomirlari yorilab, qon quyilishlari natijasida ko'karish paydo bo'ladi""}","{""Жароҳатланган жойда оғриқ сезилади"",""Жароҳатланган жойда шиши пайдо бўлади, оғриқ сезилади, баъзан шу жойда майда капилляр қон томирлари ёрилаб, қон қуйилишлари натижасида кўкариш пайдо бўлади""}",1,https://postimg.cc/Dmfk0bYv,Bilet 41-50,300,,,,
"""Aholi punkti"" atamasi nimani bildiradi?","""Аҳоли пункти"" атамаси нимани билдиради?","{""Kirish va chiqish yo'llari 5.22-5.25 belgilari bilan belgilangan hududni"",""Aholi yashaydigan hududni"",""Shahar, qishloq joylari hududini""}","{""Кириш ва чиқиш йўллари 5.22-5.25 белгилари билан белгиланган ҳудудни"",""Аҳоли яшайдиган ҳудудни"",""Шаҳар, қишлоқ жойлари ҳудудини""}",0,https://postimg.cc/Dmfk0bYv,Bilet 41-50,300,,,,
Chapga burilayotgan haydovchi kesishayotgan yo'lning qatnov qismidan o'tayotgan piyodalarga yo'l berishi kerakmi?,Чапга бурилаётган ҳайдовчи кесишаётган йўлнинг қатнов қисмидан ўтаётган пиёдаларга йўл бериши керакми?,"{""Ha, barcha hollarda o'tkazilishi kerak"",""Ha, agarda piyodalar o'tish joyi bo'lsa""}","{""Ҳа, барча ҳолларда ўтказилиши керак"",""Ҳа, агарда пиёдалар ўтиш жойи бўлса""}",0,https://postimg.cc/Dmfk0bYv,Bilet 41-50,300,,,,
"Tumanga qarshi old chiroqlarni qorong'i vaqtda, yo'lning yoritilmagan qismlarida uzoqni yoki yaqinni yorituvchi chiroqlar bilan birga qo'llash mumkinmi?","Туманга қарши олд чироқларни қоронғи вақтда, йўлнинг ёритилмаган қисмларида узоқни ёки яқинни ёритувчи чироқлар билан бирга қўллаш мумкинми?","{""Mumkin"",""Mumkin emas""}","{""Мумкин"",""Мумкин эмас""}",0,https://postimg.cc/Dmfk0bYv,Bilet 41-50,300,,,,
Qaysi rasmda ajratuvchi mintaqa bor yo'l ko'rsatilgan?,Қайси расмда ажратувчи минтақа бор йўл кўрсатилган?,"{""O'ngdagi rasmda"",""Chapdagi rasmda"",""Har ikkala rasmda""}","{""Ўнгдаги расмда"",""Чапдаги расмда"",""Ҳар иккала расмда""}",0,https://ptest.uz/images/5dbdd680-2ab0-4cfc-961e-b56e282ecb89.webp,Bilet 41-50,300,,,,
Qaysi belgi haydovchiga kesib o'tilayotgan yo'lda harakatlanayotgan transport vositalariga yo'l berish lozimligini bildiradi?,Қайси белги ҳайдовчига кесиб ўтилаётган йўлда ҳаракатланаётган транспорт воситаларига йўл бериш лозимлигини билдиради?,"{""A"",""B"",""V"",""G"",""B va G""}","{""А"",""Б"",""В"",""Г"",""Б ва Г""}",4,https://ptest.uz/images/f8c7c492-b224-4745-a640-e9f3c3b0ef5b.webp,Bilet 41-50,300,,,,
Ushbu chorrahada avtobus haydovchisi kimga yo'l berishi kerak?,Ушбу чорраҳада автобус ҳайдовчиси кимга йўл бериши керак?,"{""Hech kimga"",""Qizil avtomobilga"",""Ko'k avtomobilga""}","{""Ҳеч кимга"",""Қизил автомобилга"",""Кўк автомобилга""}",2,https://ptest.uz/images/dd6f9e78-ed26-4550-a146-71fb62ab8c3d.webp,Bilet 41-50,300,,,,
Kunning qorong'u vaqtida harakatlanayotgan transport vositasining haydovchi tezlikni tanlashda qanday eng asosiy hal qiluvchi omilni etiborga olishi kerak?,Куннинг қоронғу вақтида ҳаракатланаётган транспорт воситасининг ҳайдовчи тезликни танлашда қандай энг асосий ҳал қилувчи омилни эътиборга олиши керак?,"{""Yo'l harakati qoidalari o'rnatgan tezlik chegaralarini"",""Transport vositasining texnik tavsifnomasida ko'rsatilgan tezlik chegarasini"",""Ko'rish sharoitini""}","{""Йўл ҳаракати қоидалари ўрнатган тезлик чегараларини"",""Транспорт воситасининг техник тавсифномасида кўрсатилган тезлик чегарасини"",""Кўриш шароитини""}",2,https://postimg.cc/Dmfk0bYv,Bilet 41-50,300,,,,
"Agar avtomobilning o'ng g'ildiraklari nam qoplamali yo'l yoqasiga chiqib qolsa, tavsiya etiladi?","Агар автомобилнинг ўнг ғилдираклари нам қопламали йўл ёқасига чиқиб қолса, тавсия этилади?","{""A"",""V"",""S""}","{""А"",""В"",""С""}",1,https://postimg.cc/Dmfk0bYv,Bilet 41-50,300,,,,
46-BILET Ushbu yo'l belgisi qaysi transport vositalarining harakatlanishini taqiqlaydi?,46-BILET Ушбу йўл белгиси қайси транспорт воситаларининг ҳаракатланишини тақиқлайди?,"{""Ruxsat etilgan to'la vazni 3.5tonnadan ortiq bo'lgan yuk avtomobillarini"",""Xavfli yuk tashiyotgan transport vositalarining harakatlanishini"",""Barcha javoblar to'g'ri""}","{""Рухсат этилган тўла вазни 3.5тоннадан ортиқ бўлган юк автомобилларини"",""Хавфли юк ташиётган транспорт воситаларининг ҳаракатланишини"",""Барча жавоблар тўғри""}",1,https://ptest.uz/images/bd538633-f1ac-4b72-a180-6b379dc96bda.webp,Bilet 41-50,300,,,,
Ushbu svetafor qaysi yo'nalishida harakatlanishga ruxsat beradi?,Ушбу светафор қайси йўналишида ҳаракатланишга рухсат беради?,"{""Faqat Chapga"",""To'g'riga va o'nga"",""Faqat o'ngga"",""To'g'riga va chapga""}","{""Фақат Чапга"",""Тўғрига ва ўнга"",""Фақат ўнгга"",""Тўғрига ва чапга""}",1,https://ptest.uz/images/36dd573e-2fc1-43f4-bf09-f3a96fcaac74.webp,Bilet 41-50,300,,,,
“Imtiyoz” atamasiga tegishli tarifni ko'rsating,“Имтиёз” атамасига тегишли тарифни кўрсатинг,"{""Yo'l harakati qatnashchilariga nisbatan imtiyozi bo'lgan boshqa yo'l harakati qatnashchisining harakat yo'nalishi yoki tezligini o'zgartirishga majbur etishi mumkin bo'lgan hollarda harakatni davom ettirmasligini yoki boshlamasligini, biror-bir manyovr bajarishi mumkin emasligini bildiruvchi talab"",""Mo'ljallangan yo'nalishda boshqa yo'l harakati qatnashchilariga nisbatan oldin harakatlanish huquqi""}","{""Йўл ҳаракати қатнашчиларига нисбатан имтиёзи бўлган бошқа йўл ҳаракати қатнашчисининг ҳаракат йўналиши ёки тезлигини ўзгартиришга мажбур этиши мумкин бўлган ҳолларда ҳаракатни давом эттирмаслигини ёки бошламаслигини, бирор-бир манёвр бажариши мумкин эмаслигини билдирувчи талаб"",""Мўлжалланган йўналишда бошқа йўл ҳаракати қатнашчиларига нисбатан олдин ҳаракатланиш ҳуқуқи""}",1,https://postimg.cc/Dmfk0bYv,Bilet 41-50,300,,,,
Qaysi transport vositalariga harakatlanishga ruxsat berilgan?,Қайси транспорт воситаларига ҳаракатланишга рухсат берилган?,"{""Mototsiklga o'nga va yengil avtomobilga barcha yo'nalishlarga"",""Yengil avtomobilga o'nga va to'g'riga"",""Mototsiklga o'nga, yengil avtomobilga to'g'riga va o'nga""}","{""Мотоциклга ўнга ва енгил автомобилга барча йўналишларга"",""Енгил автомобилга ўнга ва тўғрига"",""Мотоциклга ўнга, енгил автомобилга тўғрига ва ўнга""}",2,https://ptest.uz/images/ad9af990-4b6d-46a6-854f-000b62cf7799.webp,Bilet 41-50,300,,,,
Qaysi belgi yo'lning ko'rsatilgan yo'nalishida oxiri berk ko'chaligini bildiradi?,Қайси белги йўлнинг кўрсатилган йўналишида охири берк кўчалигини билдиради?,"{""1"",""2"",""3"",""4"",""5""}","{""1"",""2"",""3"",""4"",""5""}",3,https://ptest.uz/images/6066499e-d82d-4f60-9a20-8be483ac58fe.webp,Bilet 41-50,300,,,,
"Bu vaziyatda siz o'ngga burilayotib, Siz:","Бу вазиятда сиз ўнгга бурилаётиб, Сиз:","{""Faqat transport vositalarga yo'l berasiz"",""Barcha qatnov qismidagi piyodalarga yo'l berasiz"",""Harakat yo'nalishi bo'yicha va burilayotgan ko'chani kesib o'tayotgan piyodalarga hamda borshqa transport vositlariga yo'l berasiz""}","{""Фақат транспорт воситаларга йўл берасиз"",""Барча қатнов қисмидаги пиёдаларга йўл берасиз"",""Ҳаракат йўналиши бўйича ва бурилаётган кўчани кесиб ўтаётган пиёдаларга ҳамда боршқа транспорт воситларига йўл берасиз""}",2,https://ptest.uz/images/777250a1-a8a9-478f-98da-0027c4bbc279.webp,Bilet 41-50,300,,,,
Sanab o'tilgan qaysi hollarda egiluvchan ulagichda shatakka olish taqiqlanadi?,Санаб ўтилган қайси ҳолларда эгилувчан улагичда шатакка олиш тақиқланади?,"{""Faqat tog'li yo'llarda"",""Faqat sirpanchiqda"",""Kunning qorong'i vaqtida va yetarlicha ko'rinmaslik sharoitida"",""Barcha sanab o'tilgan hollarda""}","{""Фақат тоғли йўлларда"",""Фақат сирпанчиқда"",""Куннинг қоронғи вақтида ва етарлича кўринмаслик шароитида"",""Барча санаб ўтилган ҳолларда""}",1,https://postimg.cc/Dmfk0bYv,Bilet 41-50,300,,,,
Yuk avtomobili haydovchisiga qaysi yo'nalishda harakatlanishga ruxsat beriladi?,Юк автомобили ҳайдовчисига қайси йўналишда ҳаракатланишга рухсат берилади?,"{""To'g'riga va o'ngga"",""O'ngga chapga va orqaga"",""Faqat o'ngga"",""Barcha yo'nalishlarga""}","{""Тўғрига ва ўнгга"",""Ўнгга чапга ва орқага"",""Фақат ўнгга"",""Барча йўналишларга""}",0,https://ptest.uz/images/39989f0c-0554-429c-be35-e2d381922a85.webp,Bilet 41-50,300,,,,
To'xtash qoidasini qaysi transport haydovchisi buzdi?,Тўхташ қоидасини қайси транспорт ҳайдовчиси бузди?,"{""Har ikkala haydovchi ham"",""Faqat kuk avtomobil haydovchisi"",""Faqat qizil avtomobil haydovchisi""}","{""Ҳар иккала ҳайдовчи ҳам"",""Фақат кук автомобил ҳайдовчиси"",""Фақат қизил автомобил ҳайдовчиси""}",2,https://ptest.uz/images/b5e8077b-558f-40cf-9ae3-e9be312b57dc.webp,Bilet 41-50,300,,,,
Ushbu vaziyatda siz o'ngdagi bo'lakda harakatlanayotib sizning bo'lagingizga qayta tizilmoqchi bo'lgan transport vositasiga yo'l berishingiz kerakmi?,Ушбу вазиятда сиз ўнгдаги бўлакда ҳаракатланаётиб сизнинг бўлагингизга қайта тизилмоқчи бўлган транспорт воситасига йўл беришингиз керакми?,"{""Kerak emas"",""Kerak""}","{""Керак эмас"",""Керак""}",0,https://ptest.uz/images/c02e7c83-d804-4c20-83df-845bb30c4dfc.webp,Bilet 41-50,300,,,,
Miltillovchi sariq ishorali svetofor:,Милтилловчи сариқ ишорали светофор:,"{""Tartibga solinmagan chorraha yoki piyodalar o'tish joyi borligidan xabardor qiladi"",""Tartibga solingan chorraha borligidan xabardor qiladi"",""Svetofor chirog'i almashuvidan xabardor qiladi""}","{""Тартибга солинмаган чорраҳа ёки пиёдалар ўтиш жойи борлигидан хабардор қилади"",""Тартибга солинган чорраҳа борлигидан хабардор қилади"",""Светофор чироғи алмашувидан хабардор қилади""}",0,https://postimg.cc/Dmfk0bYv,Bilet 41-50,300,,,,
Bu joyda yo'lovchilarni chiqarish yoki tushirish maqsadida to'xtash mumkinmi?,Бу жойда йўловчиларни чиқариш ёки тушириш мақсадида тўхташ мумкинми?,"{""Ha"",""Yo'q""}","{""Ҳа"",""Йўқ""}",0,https://postimg.cc/Dmfk0bYv,Bilet 41-50,300,,,,
N1 toifadagi avtotransport vositalarining boshqaruv qurilmasidagi qanday eng katta lyuft yig'indisiga yo'l qo'yiladi?,N1 тоифадаги автотранспорт воситаларининг бошқарув қурилмасидаги қандай энг катта люфт йиғиндисига йўл қўйилади?,"{""10 gradus"",""20 gradus"",""30 gradus""}","{""10 градус"",""20 градус"",""30 градус""}",1,https://ptest.uz/images/0f009b16-89ea-4fe3-a78a-d03b99d3a39f.webp,Bilet 41-50,300,,,,
Qaysi belgi ikkinchi darajali yo'l bilan kesishuvni bildiradi?,Қайси белги иккинчи даражали йўл билан кесишувни билдиради?,"{""1"",""2"",""3"",""4"",""5""}","{""1"",""2"",""3"",""4"",""5""}",0,https://ptest.uz/images/88f6dd38-db5e-4e27-9b6d-0484a9380563.webp,Bilet 41-50,300,,,,
Ushbu vaziyatdas siz,Ушбу вазиятдас сиз,"{""To'xtamasdan harakatni davom ettirishingiz mumkin"",""Belgi oldida to'xtashingiz va svetoforning ruxsat beruvchi ishorasini kutishingiz kerak""}","{""Тўхтамасдан ҳаракатни давом эттиришингиз мумкин"",""Белги олдида тўхташингиз ва светофорнинг рухсат берувчи ишорасини кутишингиз керак""}",1,https://ptest.uz/images/8e560e5d-dcf4-4716-82f4-35794e0f7fad.webp,Bilet 41-50,300,,,,
Ushbu yo'l nechta qatnov qismiga ega?,Ушбу йўл нечта қатнов қисмига эга?,"{""1"",""2"",""4""}","{""1"",""2"",""4""}",0,https://ptest.uz/images/2421f817-052a-4ac3-ad96-9f126066247e.webp,Bilet 41-50,300,,,,
Qaysi rasmda ikkita qatnov qismiga ega bo'lgan yo'l ko'rsatilgan?,Қайси расмда иккита қатнов қисмига эга бўлган йўл кўрсатилган?,"{""”A” rasmda"",""”B” rasmda"",""Hech qaysi rasmda""}","{""”А” расмда"",""”B” расмда"",""Ҳеч қайси расмда""}",2,https://ptest.uz/images/91736ed5-00b2-4ac9-99e5-e0808f1059aa.webp,Bilet 41-50,300,,,,
Qaysi belgi to'siqni o'ng yoki chap tomonidan chetlab o'tishga ruxsat etilishini bildiradi?,Қайси белги тўсиқни ўнг ёки чап томонидан четлаб ўтишга рухсат этилишини билдиради?,"{""1"",""2"",""3"",""4"",""5""}","{""1"",""2"",""3"",""4"",""5""}",4,https://ptest.uz/images/d675ff53-e6db-475d-b222-6cb87b26f450.webp,Bilet 41-50,300,,,,
Qizil avtomobil chorraxani nechinchi bo'lib kesib o'tadi?,Қизил автомобил чоррахани нечинчи бўлиб кесиб ўтади?,"{""Oxirgi bo'lib"",""Ikkinchi bo'lib"",""Birinchi bo'lib""}","{""Охирги бўлиб"",""Иккинчи бўлиб"",""Биринчи бўлиб""}",0,https://ptest.uz/images/51bc0302-335e-4c80-ae6a-6e55f4646543.webp,Bilet 41-50,300,,,,
Qanday hollarda sizga 50 km/s dan yuqori tezlikda harakatlanish taqiqlangan?,Қандай ҳолларда сизга 50 км/с дан юқори тезликда ҳаракатланиш тақиқланган?,"{""Faqat qatnov qismi nam bo'lsa"",""Har qanday holatda ham""}","{""Фақат қатнов қисми нам бўлса"",""Ҳар қандай ҳолатда ҳам""}",0,https://ptest.uz/images/2c7d1f88-0a6d-4e99-b2a2-bad63420466a.webp,Bilet 41-50,300,,,,
Ushbu yo'l belgisi qaysi transport vositalarining harakatlanishini taqiqlaydi?,Ушбу йўл белгиси қайси транспорт воситаларининг ҳаракатланишини тақиқлайди?,"{""Ruxsat etilgan to'la vazni 3.5tonnadan ortiq bo'lgan yuk avtomobillarini"",""Xavfli yuk tashiyotgan transport vositalarining harakatlanishini"",""Barcha javoblar to'g'ri""}","{""Рухсат этилган тўла вазни 3.5тоннадан ортиқ бўлган юк автомобилларини"",""Хавфли юк ташиётган транспорт воситаларининг ҳаракатланишини"",""Барча жавоблар тўғри""}",1,https://ptest.uz/images/bd538633-f1ac-4b72-a180-6b379dc96bda.webp,Bilet 41-50,300,,,,
47-bilet Motosikl haydovchisi qo'lini yuqoriga ko'tarib nima haqida axborot berayapti?,47-bilet Motosikl haydovchisi qo'lini yuqoriga ko'tarib nima haqida axborot berayapti?,"{""Harakatni davom ettirish haqida"",""O'nga burilmoqchi ekanligi haqida"",""To'xtash haqida""}","{""Harakatni davom ettirish haqida"",""O'nga burilmoqchi ekanligi haqida"",""To'xtash haqida""}",2,https://ptest.uz/images/970de05b-9a13-479f-874b-fbc2ad5ee0ae.webp,Bilet 41-50,300,,,,
Ushbu qo'shimcha axborot yo'l belgisi bildiradi:,Ushbu qo'shimcha axborot yo'l belgisi bildiradi:,"{""Belgi tasiri oralig'ida to'xtagan transport vositalari majburiy evakuasiya qilinishini ko'rsatadi"",""Belgi tasir oralig'ida to'xtagan transport vositalarini evakuasiya qilish ruxsat etilganligini bildiradi"",""Belgi tasir oralig'ida to'xtagan transport vositalarini evakuasiya qilish taqiqlanganligini bildiradi""}","{""Belgi tasiri oralig'ida to'xtagan transport vositalari majburiy evakuasiya qilinishini ko'rsatadi"",""Belgi tasir oralig'ida to'xtagan transport vositalarini evakuasiya qilish ruxsat etilganligini bildiradi"",""Belgi tasir oralig'ida to'xtagan transport vositalarini evakuasiya qilish taqiqlanganligini bildiradi""}",0,https://ptest.uz/images/eb99a114-e167-4209-9654-ac7466bc6e73.webp,Bilet 41-50,300,,,,
Turar joy dahalarida qanday eng katta tezlikda harakatlanishga ruxsat etiladi:,Turar joy dahalarida qanday eng katta tezlikda harakatlanishga ruxsat etiladi:,"{""5 km/s"",""40 km/s"",""30 km/s"",""20 km/s""}","{""5 km/s"",""40 km/s"",""30 km/s"",""20 km/s""}",3,https://postimg.cc/Dmfk0bYv,Bilet 41-50,300,,,,
Rasmda ko'rsatilgan chorraxa- ...,Rasmda ko'rsatilgan chorraxa- ...,"{""Tartibga solinmagan, teng ahamiyatga ega bo'lmagan yo'llar kesishgan chorraha"",""Tartibga solinmagan, teng ahamiyatga ega bo'lgan yo'llar kesishgan chorraha"",""Tartibga solingan chorraha""}","{""Tartibga solinmagan, teng ahamiyatga ega bo'lmagan yo'llar kesishgan chorraha"",""Tartibga solinmagan, teng ahamiyatga ega bo'lgan yo'llar kesishgan chorraha"",""Tartibga solingan chorraha""}",2,https://ptest.uz/images/d2a1cf70-3ce4-4eb7-89cb-66eff64f1af7.webp,Bilet 41-50,300,,,,
"Agar avtomobilning o'ng g'ildiraklari nam qoplamali yo'l yoqasiga chiqib qolsa, tavsiya etiladi:","Agar avtomobilning o'ng g'ildiraklari nam qoplamali yo'l yoqasiga chiqib qolsa, tavsiya etiladi:","{""Avtomobilni tormozlash va to'liq to'xtatish"",""Avtomobilni tormozlab, yo'lning harakat qismiga ohista ravon burish"",""Avtomobilni tormozlamasdan yo'lning harakat qismiga oxista ravon burish""}","{""Avtomobilni tormozlash va to'liq to'xtatish"",""Avtomobilni tormozlab, yo'lning harakat qismiga ohista ravon burish"",""Avtomobilni tormozlamasdan yo'lning harakat qismiga oxista ravon burish""}",2,https://postimg.cc/Dmfk0bYv,Bilet 41-50,300,,,,
Yo'nalishli bo'lmagan transport vositalari “A” xarfi bilan belgilangan o'ng bo'lakda qaysi holatlarda harakatlanishlari mumkin?,Yo'nalishli bo'lmagan transport vositalari “A” xarfi bilan belgilangan o'ng bo'lakda qaysi holatlarda harakatlanishlari mumkin?,"{""O'nga burilishda"",""Yo'lovchilarni chiqarish va tushirishda"",""Yuqoridagi barcha xolatlarda agarda yo'nalishli transport vositalariga xalaqit bermasa""}","{""O'nga burilishda"",""Yo'lovchilarni chiqarish va tushirishda"",""Yuqoridagi barcha xolatlarda agarda yo'nalishli transport vositalariga xalaqit bermasa""}",2,https://ptest.uz/images/8f4ec3e5-3dfa-49d4-bd68-9903ffb3e663.webp,Bilet 41-50,300,,,,
Yo'lning xavfli burilishlarida oldingi uzatmali avtomobilning orqa o'qi yon tomonga sirpanganda siz qanday harakat qilasiz?,Yo'lning xavfli burilishlarida oldingi uzatmali avtomobilning orqa o'qi yon tomonga sirpanganda siz qanday harakat qilasiz?,"{""Gaz berishni kamaytirib rul chambaragi bilan boshqaruvni barqarorlashtirasiz"",""Tormozlab turib rul chambaragini sirpangan tomonga burasiz"",""Gaz pedalini ohista bosib avtomobilni rul chambaragini to'g'rilab avtomobilni sirpanishdan olib chiqib ketasiz"",""Gaz pedalini ko'proq bosib rul chambaragini o'zgartirmasdan sirpanishdan olib chiqasiz""}","{""Gaz berishni kamaytirib rul chambaragi bilan boshqaruvni barqarorlashtirasiz"",""Tormozlab turib rul chambaragini sirpangan tomonga burasiz"",""Gaz pedalini ohista bosib avtomobilni rul chambaragini to'g'rilab avtomobilni sirpanishdan olib chiqib ketasiz"",""Gaz pedalini ko'proq bosib rul chambaragini o'zgartirmasdan sirpanishdan olib chiqasiz""}",2,https://postimg.cc/Dmfk0bYv,Bilet 41-50,300,,,,
Avtomobil haydovchisi qayrilib olmoqchi:,Avtomobil haydovchisi qayrilib olmoqchi:,"{""Chorrahadan birinchi bo'lib o'tadi"",""Tramvayga yo'l berib qayrilib oladi""}","{""Chorrahadan birinchi bo'lib o'tadi"",""Tramvayga yo'l berib qayrilib oladi""}",1,https://ptest.uz/images/95097da6-b74a-4083-b641-46afbbea4588.webp,Bilet 41-50,300,,,,
Ko'k avtomobil chorraxani kesib o'tadi:,Ko'k avtomobil chorraxani kesib o'tadi:,"{""Birinchi bo'lib"",""Ikkinchi bo'lib"",""Oxirgi bo'lib""}","{""Birinchi bo'lib"",""Ikkinchi bo'lib"",""Oxirgi bo'lib""}",2,https://ptest.uz/images/de6feeac-4453-4c4d-94d2-8fc6e33afe6e.webp,Bilet 41-50,300,,,,
Aylanma harakatlanish chorrahasida:,Aylanma harakatlanish chorrahasida:,"{""Harakatlanayotgan transport vositalari aylanaga kirib kelayotgan transport vositalariga nisbatan ustunlikka (imtiyozga) ega"",""Harakatlanayotgan transport vositalariga nisbatan aylanaga kirib kelayotgan transport vositalari ustunlikka (imtiyozga) ega""}","{""Harakatlanayotgan transport vositalari aylanaga kirib kelayotgan transport vositalariga nisbatan ustunlikka (imtiyozga) ega"",""Harakatlanayotgan transport vositalariga nisbatan aylanaga kirib kelayotgan transport vositalari ustunlikka (imtiyozga) ega""}",0,https://postimg.cc/Dmfk0bYv,Bilet 41-50,300,,,,
Ushbu qo'shimcha axborotyo'l belgisi:,Ushbu qo'shimcha axborotyo'l belgisi:,"{""Obektgacha bo'lgan masofani bildiradi"",""Belgining tasir oralig'ini bildiradi""}","{""Obektgacha bo'lgan masofani bildiradi"",""Belgining tasir oralig'ini bildiradi""}",0,https://ptest.uz/images/a449b489-4a20-4a2f-9791-84735d1f7cf2.webp,Bilet 41-50,300,,,,
Yo'l to'sig'iga chizilgan tik chiziq nimani bildiradi?,Yo'l to'sig'iga chizilgan tik chiziq nimani bildiradi?,"{""Temir yo'l kesishmasiga yaqinlashganlik haqida"",""Xavfli chorrahaga yaqinlashganlik haqida"",""Yo'lning kichik radiusli burilish, tik nishablik va boshqa xavfli joylarda yo'l to'siqlarining yon yuzalarini bildiradi""}","{""Temir yo'l kesishmasiga yaqinlashganlik haqida"",""Xavfli chorrahaga yaqinlashganlik haqida"",""Yo'lning kichik radiusli burilish, tik nishablik va boshqa xavfli joylarda yo'l to'siqlarining yon yuzalarini bildiradi""}",2,https://ptest.uz/images/55694a86-b342-4b78-a06c-4b94941aee50.webp,Bilet 41-50,300,,,,
Qaysi belgilar axborot-ishora belgilari hisoblanadi?,Qaysi belgilar axborot-ishora belgilari hisoblanadi?,"{""1 va 2"",""3 va 4"",""2 va 3"",""1 va 4""}","{""1 va 2"",""3 va 4"",""2 va 3"",""1 va 4""}",2,https://ptest.uz/images/0b47aec3-c4b4-4858-9ff5-6d10dc4bc997.webp,Bilet 41-50,300,,,,
Avtomobilning antiblokirovka tizimi (ABS) burilishda sirpanishva yonga siljishni oldini oladimi?,Avtomobilning antiblokirovka tizimi (ABS) burilishda sirpanishva yonga siljishni oldini oladimi?,"{""Avtomobilni faqat sirpanish ehtimolining oldini oladi"",""Avtomobilni faqat yonga siljish ehtimolining oldini oladi"",""Avtomobilning sirpanish va yonga tomonga sirpanishini oldini olmaydi""}","{""Avtomobilni faqat sirpanish ehtimolining oldini oladi"",""Avtomobilni faqat yonga siljish ehtimolining oldini oladi"",""Avtomobilning sirpanish va yonga tomonga sirpanishini oldini olmaydi""}",2,https://postimg.cc/Dmfk0bYv,Bilet 41-50,300,,,,
Qaysi yo'l belgilari yo'lning tor qismida haydovchiga ustunlik beradi?,Qaysi yo'l belgilari yo'lning tor qismida haydovchiga ustunlik beradi?,"{""V"",""A va V"",""B va V"",""B va G""}","{""В"",""A va В"",""Б va В"",""Б va Г""}",3,https://ptest.uz/images/f3bb17a7-e8e6-4764-a63f-5f4930d842d8.webp,Bilet 41-50,300,,,,
Rasmda ko'rsatilgan chorraxa- ...,Rasmda ko'rsatilgan chorraxa- ...,"{""Tartibga solinmagan, teng ahamiyatga ega bo'lmagan yo'llar kesishgan chorraha"",""Tartibga solinmagan, teng ahamiyatga ega bo'lgan yo'llar kesishgan chorraha"",""Tartibga solingan chorraha""}","{""Tartibga solinmagan, teng ahamiyatga ega bo'lmagan yo'llar kesishgan chorraha"",""Tartibga solinmagan, teng ahamiyatga ega bo'lgan yo'llar kesishgan chorraha"",""Tartibga solingan chorraha""}",0,https://ptest.uz/images/a82516e2-b64f-48f4-a620-6f3f87caa05f.webp,Bilet 41-50,300,,,,
Qaysi belgi ikkinchi darajali yo'l bilan tutashuvni bildiradi?,Qaysi belgi ikkinchi darajali yo'l bilan tutashuvni bildiradi?,"{""1"",""2"",""3"",""4"",""5""}","{""1"",""2"",""3"",""4"",""5""}",1,https://ptest.uz/images/b689c412-4d78-4d66-99ee-f50f7aca9385.webp,Bilet 41-50,300,,,,
Qaysi rasmda ajratuvchi mintaqa ko'rsatilgan?,Qaysi rasmda ajratuvchi mintaqa ko'rsatilgan?,"{""A"",""B"",""A va B"",""Hech qaysida""}","{""A"",""Б"",""A va Б"",""Hech qaysida""}",3,https://ptest.uz/images/2d9d1133-5aaa-4771-9d28-4fff4e4c31b0.webp,Bilet 41-50,300,,,,
Ushbu yo'l belgisi qanday maqsadda qo'llaniladi?,Ushbu yo'l belgisi qanday maqsadda qo'llaniladi?,"{""Majburiy tarzda tezlikni kamaytirish uchun"",""Keskin tormoz berish uchun"",""Ehtiyot choralarini ko'rish uchun""}","{""Majburiy tarzda tezlikni kamaytirish uchun"",""Keskin tormoz berish uchun"",""Ehtiyot choralarini ko'rish uchun""}",0,https://ptest.uz/images/d297f4a5-4bb2-446d-b16f-9662ab4479ea.webp,Bilet 41-50,300,,,,
Qaysi belgi yo'lning kichik radiusli burilish joyiga yaqinlashayotganlik haqida ogohlantiradi?,Qaysi belgi yo'lning kichik radiusli burilish joyiga yaqinlashayotganlik haqida ogohlantiradi?,"{""1"",""2"",""3"",""4"",""5""}","{""1"",""2"",""3"",""4"",""5""}",4,https://ptest.uz/images/a5e48d44-4ee3-426d-925a-10f6d307c1da.webp,Bilet 41-50,300,,,,
Motosikl haydovchisi qo'lini yuqoriga ko'tarib nima haqida axborot berayapti?,Motosikl haydovchisi qo'lini yuqoriga ko'tarib nima haqida axborot berayapti?,"{""Harakatni davom ettirish haqida"",""O'nga burilmoqchi ekanligi haqida"",""To'xtash haqida""}","{""Harakatni davom ettirish haqida"",""O'nga burilmoqchi ekanligi haqida"",""To'xtash haqida""}",2,https://ptest.uz/images/970de05b-9a13-479f-874b-fbc2ad5ee0ae.webp,Bilet 41-50,300,,,,
48-bilet Yo'lning qatnov qismi:,48-bilet Yo'lning qatnov qismi:,"{""Yo'lning relssiz transport vositalari harakati uchun mo'ljallangan qismi"",""Yo'lning transport vositalari harakati uchun mo'ljallangan qismi"",""Yo'lning avtomobillar harakati uchun mo'ljallangan qismi""}","{""Yo'lning relssiz transport vositalari harakati uchun mo'ljallangan qismi"",""Yo'lning transport vositalari harakati uchun mo'ljallangan qismi"",""Yo'lning avtomobillar harakati uchun mo'ljallangan qismi""}",0,https://postimg.cc/Dmfk0bYv,Bilet 41-50,300,,,,
Chapga burilayotgan sariq avtomobil haydovchisi qaysi bo'laklarni egallashi kerak?,Chapga burilayotgan sariq avtomobil haydovchisi qaysi bo'laklarni egallashi kerak?,"{""O'ng bo'lakni"",""Chap bo'lakni"",""O'rta bo'lakni"",""Istalgan bo'lakni""}","{""O'ng bo'lakni"",""Chap bo'lakni"",""O'rta bo'lakni"",""Istalgan bo'lakni""}",3,https://ptest.uz/images/033e5205-23ae-4510-ad2f-e1b975dbdee9.webp,Bilet 41-50,300,,,,
Engil avtomobil burilishda ag'darilib ketishga qarshi turg'unroq:,Engil avtomobil burilishda ag'darilib ketishga qarshi turg'unroq:,"{""Yo'lovchisiz va yuksiz"",""Yo'lovchisiz, biroq yuqori yukxonasidagi yuki bilan"",""Yo'lovchilari bilan yuksiz"",""Yo'lovchi va yuki bilan""}","{""Yo'lovchisiz va yuksiz"",""Yo'lovchisiz, biroq yuqori yukxonasidagi yuki bilan"",""Yo'lovchilari bilan yuksiz"",""Yo'lovchi va yuki bilan""}",0,https://postimg.cc/Dmfk0bYv,Bilet 41-50,300,,,,
M toifadagi avtotransport vositalari bu:,M toifadagi avtotransport vositalari bu:,"{""Kamida to'rt g'ildirakka ega bo'lgan va yo'lovchilarni tashish uchun foydalaniladigan mexanik transport vositalari"",""Yuk tashish uchun mo'ljallangan, eng katta vazni 3,5 t dan oshmaydigan avtotransport vositalari"",""Tirkamalar (yarim tirkamalar ham)""}","{""Kamida to'rt g'ildirakka ega bo'lgan va yo'lovchilarni tashish uchun foydalaniladigan mexanik transport vositalari"",""Yuk tashish uchun mo'ljallangan, eng katta vazni 3,5 t dan oshmaydigan avtotransport vositalari"",""Tirkamalar (yarim tirkamalar ham)""}",0,https://postimg.cc/Dmfk0bYv,Bilet 41-50,300,,,,
Qaysi javobda orqaga harakatlanish taqiqlangan joylar ko'rsatilgan?,Qaysi javobda orqaga harakatlanish taqiqlangan joylar ko'rsatilgan?,"{""Piyodalarning o'tish joylarida"",""Tunnellarda"",""Chorrahalarda"",""Barcha javoblar to'g'ri""}","{""Piyodalarning o'tish joylarida"",""Tunnellarda"",""Chorrahalarda"",""Barcha javoblar to'g'ri""}",3,https://postimg.cc/Dmfk0bYv,Bilet 41-50,300,,,,
Qaysi rasmdagi avtomobil haydovchisi yuk tashish qoidasini buzayapti? Ushbu yo'l belgisi:,Qaysi rasmdagi avtomobil haydovchisi yuk tashish qoidasini buzayapti? Ushbu yo'l belgisi:,"{""Qatnov qismida to'suvchi qurilma borligini bildiradi"",""Oldinda boshqariladigan to'suvchi qurilma borligini bildiradi"",""Chorraxa oldida to'suvchi qurilma borligini bildiradi""}","{""Qatnov qismida to'suvchi qurilma borligini bildiradi"",""Oldinda boshqariladigan to'suvchi qurilma borligini bildiradi"",""Chorraxa oldida to'suvchi qurilma borligini bildiradi""}",1,https://ptest.uz/images/b9c116f2-d0f5-4a0a-a97e-a08178be66c4.webp,Bilet 41-50,300,,,,
Chorraxadan oxirgi bo'lib qaysi transport vositasi kesib o'tadi?,Chorraxadan oxirgi bo'lib qaysi transport vositasi kesib o'tadi?,"{""Qizil avtomobil"",""Oq avtomobil, sariq bilan bir vaqtda"",""Sariq avtomobil""}","{""Qizil avtomobil"",""Oq avtomobil, sariq bilan bir vaqtda"",""Sariq avtomobil""}",1,https://ptest.uz/images/d37ab01c-bfd0-4a8f-8c20-8b89cab0464a.webp,Bilet 41-50,300,,,,
Shatakka olingan avtobusda odam tashishga ruxsat beriladimi?,Shatakka olingan avtobusda odam tashishga ruxsat beriladimi?,"{""Ruxsat beriladi"",""Taqiqlanadi"",""Faqat o'tirgan holda tashishga ruxsat beriladi""}","{""Ruxsat beriladi"",""Taqiqlanadi"",""Faqat o'tirgan holda tashishga ruxsat beriladi""}",1,https://postimg.cc/Dmfk0bYv,Bilet 41-50,300,,,,
Balandlikda yo'l chetida to'siq mavjud bo'lganda to'xtagan avtomobilni joyidan g'ildirab ketishini oldini olish uchun oldingi g'ildiraklarni burib qo'yish usuli qaysi javobda to'g'ri ko'rsatilgan:,Balandlikda yo'l chetida to'siq mavjud bo'lganda to'xtagan avtomobilni joyidan g'ildirab ketishini oldini olish uchun oldingi g'ildiraklarni burib qo'yish usuli qaysi javobda to'g'ri ko'rsatilgan:,"{""A va D"",""B va C"",""A va C"",""B va D""}","{""A va D"",""B va C"",""A va C"",""B va D""}",2,https://ptest.uz/images/4a5b6ee2-ca42-4a4e-9f78-810fac5d68aa.webp,Bilet 41-50,300,,,,
Ushbu yo'l belgisi qanday nomlanadi?,Ushbu yo'l belgisi qanday nomlanadi?,"{""Xavfli yuk tashayotgan transport vositasining harakatlanishi taqiqlangan"",""Katta o'lchamli yuklarni tashish taqiqlangan"",""Yuk avtomobillari bilan quvib o'tish taqiqlangan""}","{""Xavfli yuk tashayotgan transport vositasining harakatlanishi taqiqlangan"",""Katta o'lchamli yuklarni tashish taqiqlangan"",""Yuk avtomobillari bilan quvib o'tish taqiqlangan""}",0,https://ptest.uz/images/69e585a9-faec-494e-bee3-c5190883a110.webp,Bilet 41-50,300,,,,
Piyodalar to'xtab turgan avtobus va trolleybusning qaysi tomonidan yo'lni kesib o'tishlari kerak?,Piyodalar to'xtab turgan avtobus va trolleybusning qaysi tomonidan yo'lni kesib o'tishlari kerak?,"{""Oldi tomonidan"",""Orqa tomonidan"",""Istalgan tomonidan""}","{""Oldi tomonidan"",""Orqa tomonidan"",""Istalgan tomonidan""}",1,https://postimg.cc/Dmfk0bYv,Bilet 41-50,300,,,,
Ko'rsatilgan qaysi belgilar chapga burilishni taqiqlaydi?,Ko'rsatilgan qaysi belgilar chapga burilishni taqiqlaydi?,"{""Faqat A"",""A va B"",""A va C"",""Xammasi""}","{""Faqat A"",""A va B"",""A va C"",""Xammasi""}",2,https://ptest.uz/images/b722f64c-a143-46fa-868f-8a6472dd5a0a.webp,Bilet 41-50,300,,,,
O'ng tomondagi yondosh hududdan foydalanib qayrilib olishning ko'rsatilgan qaysi usuli harakat xavfsizligini taminlaydi,O'ng tomondagi yondosh hududdan foydalanib qayrilib olishning ko'rsatilgan qaysi usuli harakat xavfsizligini taminlaydi,"{""Faqat chap tomondagi rasmda"",""Faqat o'ng tomondagi rasmda"",""Ikkisida ham""}","{""Faqat chap tomondagi rasmda"",""Faqat o'ng tomondagi rasmda"",""Ikkisida ham""}",0,https://ptest.uz/images/3474f1f2-9716-4cd5-a464-b4e31973d28f.webp,Bilet 41-50,300,,,,
Qaysi transport vositasiga harakatlanish taqiqlangan?,Qaysi transport vositasiga harakatlanish taqiqlangan?,"{""Motosiklga"",""Xech kimga taqiqlanmagan"",""Yuk avtomobiliga""}","{""Motosiklga"",""Xech kimga taqiqlanmagan"",""Yuk avtomobiliga""}",2,https://ptest.uz/images/d22f2dfb-3806-45dd-991f-2f8c48f0aebe.webp,Bilet 41-50,300,,,,
108 km/s tezlikda harakatlanayotgan transport vositasi 1 sekundda qancha masofani bosib o'tadi?,108 km/s tezlikda harakatlanayotgan transport vositasi 1 sekundda qancha masofani bosib o'tadi?,"{""15 m"",""25 m"",""30 m""}","{""15 m"",""25 m"",""30 m""}",2,https://postimg.cc/Dmfk0bYv,Bilet 41-50,300,,,,
Chorraxani oxirgi bo'lib qaysi transport vositasi kesib o'tadi?,Chorraxani oxirgi bo'lib qaysi transport vositasi kesib o'tadi?,"{""Ko'k avtomobil"",""Qizil avtomobil"",""Yashil avtomobil""}","{""Ko'k avtomobil"",""Qizil avtomobil"",""Yashil avtomobil""}",1,https://ptest.uz/images/e599aab0-fd18-4301-938a-80d4bcd614b8.webp,Bilet 41-50,300,,,,
"Haydovchi yo'lning relssiz transport vositalari harakatlanadigan bo'laklar sonini belgilaydigan chiziqlar yoki yo'l belgilari bo'lmasa, bo'laklar sonini qanday aniqlashi kerak?","Haydovchi yo'lning relssiz transport vositalari harakatlanadigan bo'laklar sonini belgilaydigan chiziqlar yoki yo'l belgilari bo'lmasa, bo'laklar sonini qanday aniqlashi kerak?","{""Qatnov qismining kengligini, transport vositalari orasidagi zarur yonlama oraliq masofani va ularning gabarit o'lchamlarini hisobga olgan holda o'zi aniqlaydi"",""Bunday yo'lni ikki bo'lakli qarama qarshi harakat tashkil qilingan yo'l deb qabul qilishi kerak.""}","{""Qatnov qismining kengligini, transport vositalari orasidagi zarur yonlama oraliq masofani va ularning gabarit o'lchamlarini hisobga olgan holda o'zi aniqlaydi"",""Bunday yo'lni ikki bo'lakli qarama qarshi harakat tashkil qilingan yo'l deb qabul qilishi kerak.""}",0,https://postimg.cc/Dmfk0bYv,Bilet 41-50,300,,,,
Haydovchi o'zidan oldinda harakatlanayotgan transport vositasi bilan qancha oraliq masofa saqlab harakatlanishi kerak?,Haydovchi o'zidan oldinda harakatlanayotgan transport vositasi bilan qancha oraliq masofa saqlab harakatlanishi kerak?,"{""20 m"",""50 m"",""Haydovchi o'zidan oldinda harakatlanayotgan transport vositasi keskin tormoz berganida to'qnashib ketmaslik kafolatini beradigan darajadagi oraliq masofani saqlashi kerak""}","{""20 m"",""50 m"",""Haydovchi o'zidan oldinda harakatlanayotgan transport vositasi keskin tormoz berganida to'qnashib ketmaslik kafolatini beradigan darajadagi oraliq masofani saqlashi kerak""}",2,https://postimg.cc/Dmfk0bYv,Bilet 41-50,300,,,,
Chap tomondagi yondosh hududdan foydalanib qayrilib olishning ko'rsatilgan qaysi usuli harakat xavfsizligini taminlaydi? Yo'lning qatnov qismi:,Chap tomondagi yondosh hududdan foydalanib qayrilib olishning ko'rsatilgan qaysi usuli harakat xavfsizligini taminlaydi? Yo'lning qatnov qismi:,"{""Yo'lning relssiz transport vositalari harakati uchun mo'ljallangan qismi"",""Yo'lning transport vositalari harakati uchun mo'ljallangan qismi"",""Yo'lning avtomobillar harakati uchun mo'ljallangan qismi""}","{""Yo'lning relssiz transport vositalari harakati uchun mo'ljallangan qismi"",""Yo'lning transport vositalari harakati uchun mo'ljallangan qismi"",""Yo'lning avtomobillar harakati uchun mo'ljallangan qismi""}",0,https://ptest.uz/images/a6e21460-1db2-4dfe-88b1-a9c5f449a049.webp,Bilet 41-50,300,,,,
49-bilet Trotuar va piyodalar yo'lkasi bo'lmaganda bolalar guruhini yo'lda qanday tartibda olib yurish mumkin?,49-bilet Trotuar va piyodalar yo'lkasi bo'lmaganda bolalar guruhini yo'lda qanday tartibda olib yurish mumkin?,"{""Qatnov qismi chetidan katta yoshdagilar kuzatuvida olib yurishga ruxsat etiladi"",""Yo'l yoqasidan faqat kunduzi va katta yoshdagilar kuzatuvida olib yurishga ruxsat etiladi""}","{""Qatnov qismi chetidan katta yoshdagilar kuzatuvida olib yurishga ruxsat etiladi"",""Yo'l yoqasidan faqat kunduzi va katta yoshdagilar kuzatuvida olib yurishga ruxsat etiladi""}",1,https://postimg.cc/Dmfk0bYv,Bilet 41-50,300,,,,
Turar joy dahasidan yo'lga chiqishda yo'l berish zarur?,Turar joy dahasidan yo'lga chiqishda yo'l berish zarur?,"{""O'ng tomondan yaqinlashib kelayotgan transport vositalariga"",""Chap tomondan yaqinlashib kelayotgan transport vositalariga"",""Ko'k rangli yalt-yalt etuvchi chiroqcha-mayoqcha yoqilgan transport vositalariga"",""Barcha transport vositalariga""}","{""O'ng tomondan yaqinlashib kelayotgan transport vositalariga"",""Chap tomondan yaqinlashib kelayotgan transport vositalariga"",""Ko'k rangli yalt-yalt etuvchi chiroqcha-mayoqcha yoqilgan transport vositalariga"",""Barcha transport vositalariga""}",3,https://postimg.cc/Dmfk0bYv,Bilet 41-50,300,,,,
Chorrahani ikkinchi bo'lib kesib o'tadi:,Chorrahani ikkinchi bo'lib kesib o'tadi:,"{""Tramvay"",""Motosikl"",""Avtomobil""}","{""Tramvay"",""Motosikl"",""Avtomobil""}",2,https://ptest.uz/images/c6c383a0-8110-48c1-92b8-539ee5f3ee90.webp,Bilet 41-50,300,,,,
Ko'rsatilgan kaysi belgilar faqat shu o'rnatilgan bo'lakni o'ziga tasir qiladi?,Ko'rsatilgan kaysi belgilar faqat shu o'rnatilgan bo'lakni o'ziga tasir qiladi?,"{""«B» va «V»"",""Faqat «B»"",""Faqat «A»""}","{""«Б» va «В»"",""Faqat «Б»"",""Faqat «А»""}",2,https://ptest.uz/images/cf2e9f82-3d48-452e-866a-a2f282e7727f.webp,Bilet 41-50,300,,,,
Chorraxadan oxirgi bo'lib qaysi transport vositasi kesib o'tadi?,Chorraxadan oxirgi bo'lib qaysi transport vositasi kesib o'tadi?,"{""Velosiped"",""Avtobus"",""Avtomobil""}","{""Velosiped"",""Avtobus"",""Avtomobil""}",2,https://ptest.uz/images/949a6ad5-2186-499f-9059-108ffa899fa2.webp,Bilet 41-50,300,,,,
Kunning yorug' vaqtida harakatlanayotgan qaysi rasmdagi avtomobil haydovchisi yuk tashish qoidasini buzayapti?,Kunning yorug' vaqtida harakatlanayotgan qaysi rasmdagi avtomobil haydovchisi yuk tashish qoidasini buzayapti?,"{""A"",""Xar ikki rasmda"",""Xech kim buzmayapti""}","{""A"",""Xar ikki rasmda"",""Xech kim buzmayapti""}",2,https://ptest.uz/images/ffa56de8-88b3-4cb8-8e06-d749e5ed136d.webp,Bilet 41-50,300,,,,
Yo'lovchilarga taqiqlanadi?,Yo'lovchilarga taqiqlanadi?,"{""Transport vositasi harakatlanayotgan vaqtda haydovchini boshqarishdan chalg'itish va unga xalaqit berish"",""Harakatlanayotgan bortli yuk avtomobillarida tik turish, bortlarda yoki undan yuqoridagi yuk ustida o'tirish"",""Transport vositasi harakatlanayotgan vaqtda uning eshiklarini ochish"",""Barcha ko'rsatilgan javoblar to'g'ri""}","{""Transport vositasi harakatlanayotgan vaqtda haydovchini boshqarishdan chalg'itish va unga xalaqit berish"",""Harakatlanayotgan bortli yuk avtomobillarida tik turish, bortlarda yoki undan yuqoridagi yuk ustida o'tirish"",""Transport vositasi harakatlanayotgan vaqtda uning eshiklarini ochish"",""Barcha ko'rsatilgan javoblar to'g'ri""}",3,https://postimg.cc/Dmfk0bYv,Bilet 41-50,300,,,,
Harakatlanish bo'lagi:,Harakatlanish bo'lagi:,"{""Yo'lning relssiz transport vositalari harakati uchun mo'ljallangan qismi"",""Yo'lning yonma-yon joylashgan qatnov qismlarini ajratuvchi, transport vositalari harakatlanishi yoki to'xtashi uchun mo'ljallanmagan, yo'l sathidan baland va (yoki) 1.1 yotiq chizig'i bilan belgilangan qismi"",""Avtomobillarning bir qator bo'lib harakatlanishi uchun etarlicha keng bo'lgan, yo'l chiziqlari bilan belgilangan yoki belgilanmagan yo'l qatnov qismining har qanday bo'ylama bo'lagi""}","{""Yo'lning relssiz transport vositalari harakati uchun mo'ljallangan qismi"",""Yo'lning yonma-yon joylashgan qatnov qismlarini ajratuvchi, transport vositalari harakatlanishi yoki to'xtashi uchun mo'ljallanmagan, yo'l sathidan baland va (yoki) 1.1 yotiq chizig'i bilan belgilangan qismi"",""Avtomobillarning bir qator bo'lib harakatlanishi uchun etarlicha keng bo'lgan, yo'l chiziqlari bilan belgilangan yoki belgilanmagan yo'l qatnov qismining har qanday bo'ylama bo'lagi""}",2,https://postimg.cc/Dmfk0bYv,Bilet 41-50,300,,,,
Agar piyodalar o'tish joylaridan keyin tirbandlik paydo bo'lsa haydovchi qaerda to'xtashi kerak?,Agar piyodalar o'tish joylaridan keyin tirbandlik paydo bo'lsa haydovchi qaerda to'xtashi kerak?,"{""Piyodalar o'tish joyida, agar piyodalar bo'lmasa"",""Piyodalar o'tish joyiga 5 m etmasdan"",""Bevosita piyodalar o'tish joyi oldida""}","{""Piyodalar o'tish joyida, agar piyodalar bo'lmasa"",""Piyodalar o'tish joyiga 5 m etmasdan"",""Bevosita piyodalar o'tish joyi oldida""}",2,https://postimg.cc/Dmfk0bYv,Bilet 41-50,300,,,,
Avtomagistralda to'xtashga ruxsat berilgan,Avtomagistralda to'xtashga ruxsat berilgan,"{""Faqat qatnov qismini chetini bildiruvchi chiziqdan chetda"",""Qatnov qismidan chetda barcha joyda"",""5.15 yoki 6.11 yo'l belgilari bilan belgilangan maxsus to'xtab turish maydonchalarida""}","{""Faqat qatnov qismini chetini bildiruvchi chiziqdan chetda"",""Qatnov qismidan chetda barcha joyda"",""5.15 yoki 6.11 yo'l belgilari bilan belgilangan maxsus to'xtab turish maydonchalarida""}",2,https://postimg.cc/Dmfk0bYv,Bilet 41-50,300,,,,
Sariq avtomobil chorrahani nechanchi bo'lib kesib o'tadi?,Sariq avtomobil chorrahani nechanchi bo'lib kesib o'tadi?,"{""Uchinchi bo'lib"",""Ikkinchi bo'lib"",""Oxirgi bo'lib""}","{""Uchinchi bo'lib"",""Ikkinchi bo'lib"",""Oxirgi bo'lib""}",2,https://ptest.uz/images/fed4aabe-2d97-47dc-8558-229b1784e7fe.webp,Bilet 41-50,300,,,,
Bu qo'shimcha-axborot yo'l belgisi qaysi yo'l belgisi bilan birgalikda qullaniladi?,Bu qo'shimcha-axborot yo'l belgisi qaysi yo'l belgisi bilan birgalikda qullaniladi?,"{""A"",""B"",""C""}","{""A"",""B"",""C""}",1,https://ptest.uz/images/a6c2f2ea-ad74-430a-bee8-331ea53e9442.webp,Bilet 41-50,300,,,,
Temir yo'l kesishmalari va ularga yaqin joylarda quvib o'tishga tegishli qanday yo'l harakati qoidalari amal qiladi?,Temir yo'l kesishmalari va ularga yaqin joylarda quvib o'tishga tegishli qanday yo'l harakati qoidalari amal qiladi?,"{""Temir yo'l kesishmalarida va ularga 100 metrdan kam masofa qolganda quvib o'tish taqiqlanadi"",""Quvib o'tish faqat temir yo'l kesishmalaridan keyin taqiqlanadi"",""Temir yo'l kesishmalarida, ularga 100 metrdan kam masofa qolganda va temir yo'l kesishmalaridan keyin 100 metr davomida quvib o'tish taqiqlanadi""}","{""Temir yo'l kesishmalarida va ularga 100 metrdan kam masofa qolganda quvib o'tish taqiqlanadi"",""Quvib o'tish faqat temir yo'l kesishmalaridan keyin taqiqlanadi"",""Temir yo'l kesishmalarida, ularga 100 metrdan kam masofa qolganda va temir yo'l kesishmalaridan keyin 100 metr davomida quvib o'tish taqiqlanadi""}",0,https://postimg.cc/Dmfk0bYv,Bilet 41-50,300,,,,
Harakatlanish bo'lagidagi uchburchak shaklidagi chiziq:,Harakatlanish bo'lagidagi uchburchak shaklidagi chiziq:,"{""Yo'lning xavfli qismini bildiradi"",""Yo'l berishingiz kerak bo'lgan joy yaqinlashayotganligi haqida ogohlantiradi"",""To'xtashingiz zarur bo'lgan joyni bildiradi""}","{""Yo'lning xavfli qismini bildiradi"",""Yo'l berishingiz kerak bo'lgan joy yaqinlashayotganligi haqida ogohlantiradi"",""To'xtashingiz zarur bo'lgan joyni bildiradi""}",1,https://ptest.uz/images/18841463-0561-4f97-8095-ab874ca3f953.webp,Bilet 41-50,300,,,,
Qaysi holatlarda jabrlanuvchiga yurak-o'pka reanimasiyasini boshlash kerak?,Qaysi holatlarda jabrlanuvchiga yurak-o'pka reanimasiyasini boshlash kerak?,"{""Yurak soxasida og'riq sezilganda va nafas olish qiyinlashganda"",""Xushidan ketishda, nafas olish faoliyatidan qatiy nazar"",""Xushidan ketishda, nafas olish olish faoliyati va qon aylanishi to'xtaganda""}","{""Yurak soxasida og'riq sezilganda va nafas olish qiyinlashganda"",""Xushidan ketishda, nafas olish faoliyatidan qatiy nazar"",""Xushidan ketishda, nafas olish olish faoliyati va qon aylanishi to'xtaganda""}",2,https://postimg.cc/Dmfk0bYv,Bilet 41-50,300,,,,
"To'la vazni 3,5 tonnadan oshmaydigan yuk avtomobillarini quyidagilar bilan jihozlanmagan bo'lsa xam foydalanishga ruxsat etiladi:","To'la vazni 3,5 tonnadan oshmaydigan yuk avtomobillarini quyidagilar bilan jihozlanmagan bo'lsa xam foydalanishga ruxsat etiladi:","{""O't o'chirgich"",""Tibbiyot qutichasi"",""O'zi yurib ketishidan saqlovchi, g'ildirak diametriga muvofiq (kamida ikkita) tirgak"",""Majburiy to'xtaganini bildiruvchi belgi (yoki miltillovchi qizil chiroq)""}","{""O't o'chirgich"",""Tibbiyot qutichasi"",""O'zi yurib ketishidan saqlovchi, g'ildirak diametriga muvofiq (kamida ikkita) tirgak"",""Majburiy to'xtaganini bildiruvchi belgi (yoki miltillovchi qizil chiroq)""}",2,https://postimg.cc/Dmfk0bYv,Bilet 41-50,300,,,,
Ko'rsatilgan qaysi yo'l belgisi engil yo'nalishsiz taksilarga yo'lovchilarni tushurish-chiqarish (yuklarni ortish-tushurish) vaqtida tasir qilmaydi?,Ko'rsatilgan qaysi yo'l belgisi engil yo'nalishsiz taksilarga yo'lovchilarni tushurish-chiqarish (yuklarni ortish-tushurish) vaqtida tasir qilmaydi?,"{""Faqat A"",""Faqat B"",""Faqat B,C,D"",""Hammasi""}","{""Faqat A"",""Faqat B"",""Faqat B,C,D"",""Hammasi""}",3,https://ptest.uz/images/173bcb44-ab88-415e-9784-2d6adab3578f.webp,Bilet 41-50,300,,,,
Mexanik transport vositalarini shatakka olishda egiluvchan ulagichga kamida nechta ogohlantiruvchi qurilma o'rnatiladi?,Mexanik transport vositalarini shatakka olishda egiluvchan ulagichga kamida nechta ogohlantiruvchi qurilma o'rnatiladi?,"{""Kamida ikkita"",""Kamida uchta"",""Kamida bitta""}","{""Kamida ikkita"",""Kamida uchta"",""Kamida bitta""}",0,https://postimg.cc/Dmfk0bYv,Bilet 41-50,300,,,,
Svetofor ishoralari imtiyoz belgilari talablariga zid kelgan hollarda?,Svetofor ishoralari imtiyoz belgilari talablariga zid kelgan hollarda?,"{""Haydovchilar svetofor ishoralariga amal qilishlari kerak"",""Haydovchilar imtiyoz belgilari talablariga amal qilishlari kerak""}","{""Haydovchilar svetofor ishoralariga amal qilishlari kerak"",""Haydovchilar imtiyoz belgilari talablariga amal qilishlari kerak""}",0,https://postimg.cc/Dmfk0bYv,Bilet 41-50,300,,,,
Siz to'g'ri yo'lda harakatlanayotib to'satdan yo'lning qisman katta bo'lmagan sirpanchiq qismiga duch keldingiz. Bunda qanday ehtiyot choralarini ko'rasiz?,Siz to'g'ri yo'lda harakatlanayotib to'satdan yo'lning qisman katta bo'lmagan sirpanchiq qismiga duch keldingiz. Bunda qanday ehtiyot choralarini ko'rasiz?,"{""Avtomobilni ohista to'xtatish"",""Rulni burib sirpanchiqdan chiqib ketish"",""Harakat yo'nalishini va tezlikni o'zgartirmasdan ehtiyotkorlik bilan o'tib ketish""}","{""Avtomobilni ohista to'xtatish"",""Rulni burib sirpanchiqdan chiqib ketish"",""Harakat yo'nalishini va tezlikni o'zgartirmasdan ehtiyotkorlik bilan o'tib ketish""}",2,https://postimg.cc/Dmfk0bYv,Bilet 41-50,300,,,,
Trotuar va piyodalar yo'lkasi bo'lmaganda bolalar guruhini yo'lda qanday tartibda olib yurish mumkin?,Trotuar va piyodalar yo'lkasi bo'lmaganda bolalar guruhini yo'lda qanday tartibda olib yurish mumkin?,"{""Qatnov qismi chetidan katta yoshdagilar kuzatuvida olib yurishga ruxsat etiladi"",""Yo'l yoqasidan faqat kunduzi va katta yoshdagilar kuzatuvida olib yurishga ruxsat etiladi""}","{""Qatnov qismi chetidan katta yoshdagilar kuzatuvida olib yurishga ruxsat etiladi"",""Yo'l yoqasidan faqat kunduzi va katta yoshdagilar kuzatuvida olib yurishga ruxsat etiladi""}",1,https://postimg.cc/Dmfk0bYv,Bilet 41-50,300,,,,
50-bilet Chorraxadan uchinchi bo'lib qaysi avtomobil kesib o'tadi:,50-bilet Chorraxadan uchinchi bo'lib qaysi avtomobil kesib o'tadi:,"{""Qizil avtomobil"",""Yashil avtomobil"",""Ko'k avtomobil""}","{""Qizil avtomobil"",""Yashil avtomobil"",""Ko'k avtomobil""}",0,https://ptest.uz/images/3ee9ef37-3c4b-4556-bbdb-133a76db97bd.webp,Bilet 41-50,300,,,,
Ko'rsatilgan belgilardan qaysi biri texnik tavsifnomasiga yoki holatiga ko'ra tezligi soatiga 40 kilometrdan kam bo'lgan transport vositalarining harakatlanishini taqiqlaydi?,Ko'rsatilgan belgilardan qaysi biri texnik tavsifnomasiga yoki holatiga ko'ra tezligi soatiga 40 kilometrdan kam bo'lgan transport vositalarining harakatlanishini taqiqlaydi?,"{""Faqat A"",""Faqat C"",""A va B""}","{""Faqat A"",""Faqat C"",""A va B""}",0,https://ptest.uz/images/79658ff2-ac51-4f11-a290-7965c0b11f06.webp,Bilet 41-50,300,,,,
Chorrahadan ikkinchi bo'lib qaysi transport vositasi kesib o'tadi?,Chorrahadan ikkinchi bo'lib qaysi transport vositasi kesib o'tadi?,"{""Qizil avtomobil"",""Yashil avtomobil"",""Yashil avtomobil tramvay bilan bir vaqtda""}","{""Qizil avtomobil"",""Yashil avtomobil"",""Yashil avtomobil tramvay bilan bir vaqtda""}",2,https://ptest.uz/images/075f93e2-2fd1-4103-bdc2-3b87b2fa71f6.webp,Bilet 41-50,300,,,,
Qatnov qismi yo'l chiziqlari bilan ajratilgan bo'lsa haydovchilar qanday holatlarda qatiy bo'laklar bo'yicha harakatlanishlari kerak?,Qatnov qismi yo'l chiziqlari bilan ajratilgan bo'lsa haydovchilar qanday holatlarda qatiy bo'laklar bo'yicha harakatlanishlari kerak?,"{""Faqat harakatlanish serqatnov bo'lganda"",""Faqat harakatlanish bo'laklari uzluksiz sidirg'a chiziqlar bilan ajratilgan bo'lsa"",""Barcha holatlarda""}","{""Faqat harakatlanish serqatnov bo'lganda"",""Faqat harakatlanish bo'laklari uzluksiz sidirg'a chiziqlar bilan ajratilgan bo'lsa"",""Barcha holatlarda""}",2,https://postimg.cc/Dmfk0bYv,Bilet 41-50,300,,,,
Old chiroqlar va orqa gabarit chiroqlari ishlayotmagan transport vositasi harakatini davom ettirishi taqiqlanadi:,Old chiroqlar va orqa gabarit chiroqlari ishlayotmagan transport vositasi harakatini davom ettirishi taqiqlanadi:,"{""Faqat etarli ko'rinmaslikda"",""Faqat kunning qorong'i vaqtida"",""Barcha javoblarda ko'rsatilgan holatlarda""}","{""Faqat etarli ko'rinmaslikda"",""Faqat kunning qorong'i vaqtida"",""Barcha javoblarda ko'rsatilgan holatlarda""}",2,https://postimg.cc/Dmfk0bYv,Bilet 41-50,300,,,,
Qaysi holatlarda aholi punktlarida tovushli ishoralardan foydalanish mumkin?,Qaysi holatlarda aholi punktlarida tovushli ishoralardan foydalanish mumkin?,"{""Faqat zarur bo'lgan hollarda yo'l-transport hodisasining oldini olish uchun"",""Faqat boshqa haydovchilarni quvib o'tish haqida ogohlantirish uchun"",""Barcha javoblarda ko'rsatilgan holatlarda""}","{""Faqat zarur bo'lgan hollarda yo'l-transport hodisasining oldini olish uchun"",""Faqat boshqa haydovchilarni quvib o'tish haqida ogohlantirish uchun"",""Barcha javoblarda ko'rsatilgan holatlarda""}",0,https://postimg.cc/Dmfk0bYv,Bilet 41-50,300,,,,
Qaysi belgi tartibga solinmagan piyodalar o'tish joyiga yaqinlashayotganlik haqida ogohlantiradi?,Qaysi belgi tartibga solinmagan piyodalar o'tish joyiga yaqinlashayotganlik haqida ogohlantiradi?,"{""Faqat A"",""A va V"",""Xammasi""}","{""Faqat A"",""A va V"",""Xammasi""}",0,https://ptest.uz/images/cf4a5a6c-8320-4454-9804-32b05d760cd5.webp,Bilet 41-50,300,,,,
Turar joy dahalarida piyodalar yo'lning qaysi qismida harakatlanishlari kerak?,Turar joy dahalarida piyodalar yo'lning qaysi qismida harakatlanishlari kerak?,"{""Trotuardan yoki qatnov qismidan"",""Faqat trotuar bo'yicha"",""Qatnov qismi chetida bir qator bo'lib""}","{""Trotuardan yoki qatnov qismidan"",""Faqat trotuar bo'yicha"",""Qatnov qismi chetida bir qator bo'lib""}",0,https://postimg.cc/Dmfk0bYv,Bilet 41-50,300,,,,
Qaysi transport vositalari yo'nalishli transport vositalari hisoblanadi?,Qaysi transport vositalari yo'nalishli transport vositalari hisoblanadi?,"{""Belgilangan yo'nalishi va bekatlari bo'lgan, yo'lovchi tashish uchun mo'ljallangan umum foydalanishdagi transport vositalari (trolleybus, tramvay, avtobus, yo'nalishli taksi)"",""Avtobuslar"",""Yo'lovchilarni tashuvchi istalgan transport vositalari""}","{""Belgilangan yo'nalishi va bekatlari bo'lgan, yo'lovchi tashish uchun mo'ljallangan umum foydalanishdagi transport vositalari (trolleybus, tramvay, avtobus, yo'nalishli taksi)"",""Avtobuslar"",""Yo'lovchilarni tashuvchi istalgan transport vositalari""}",0,https://postimg.cc/Dmfk0bYv,Bilet 41-50,300,,,,
"Qo'l oyoq uchlari( tirsakdan past qismi, boldir) sinishida transport shinalari yoki ularni qo'lda yasash uchun vositalar bo'lmasa birinchi tibbiy yordam qanday ko'rsatiladi?","Qo'l oyoq uchlari( tirsakdan past qismi, boldir) sinishida transport shinalari yoki ularni qo'lda yasash uchun vositalar bo'lmasa birinchi tibbiy yordam qanday ko'rsatiladi?","{""Yo'lning ushbu qismida ruxsat berilgan eng yuqori tezlikni"",""Yo'l yoki marshrut raqamini"",""Yo'lning ushbu qismida tavsiya berilgan tezlikni""}","{""Yo'lning ushbu qismida ruxsat berilgan eng yuqori tezlikni"",""Yo'l yoki marshrut raqamini"",""Yo'lning ushbu qismida tavsiya berilgan tezlikni""}",0,https://ptest.uz/images/651e600c-d8a3-4761-9713-e356c8573bdf.webp,Bilet 41-50,300,,,,
Ko'rsatilgan belgilardan qaysilarining talabi bevosita o'rnatilgan joyidan kuchga kiradi?,Ko'rsatilgan belgilardan qaysilarining talabi bevosita o'rnatilgan joyidan kuchga kiradi?,"{""Faqat B"",""A va B"",""Xammasi""}","{""Faqat B"",""A va B"",""Xammasi""}",1,https://ptest.uz/images/cb0e7b55-2807-4627-9c71-bbd10f4f4574.webp,Bilet 41-50,300,,,,
Chorraxadan birinchi bo'lib qaysi avtomobil kesib o'tadi,Chorraxadan birinchi bo'lib qaysi avtomobil kesib o'tadi,"{""Yashil avtomobil"",""Qizil avtomobil"",""Ko'k avtomobil""}","{""Yashil avtomobil"",""Qizil avtomobil"",""Ko'k avtomobil""}",0,https://ptest.uz/images/7c883276-9845-4202-8514-804df85c8f1a.webp,Bilet 41-50,300,,,,
Asosiy yo'l:,Asosiy yo'l:,"{""Toshli yo'lga nisbatan asfalt qoplamali yo'l"",""Ikki bo'lakli yo'lga nisbatan uch yoki undan ko'p bo'lakli yo'l"",""Tuproqli yo'lga nisbatan qattiq qoplamali (asfalt va sement-betonli, tosh va shunga o'xshashlar yotqizilgan) yo'l"",""Barcha javoblar to'g'ri""}","{""Toshli yo'lga nisbatan asfalt qoplamali yo'l"",""Ikki bo'lakli yo'lga nisbatan uch yoki undan ko'p bo'lakli yo'l"",""Tuproqli yo'lga nisbatan qattiq qoplamali (asfalt va sement-betonli, tosh va shunga o'xshashlar yotqizilgan) yo'l"",""Barcha javoblar to'g'ri""}",2,https://postimg.cc/Dmfk0bYv,Bilet 41-50,300,,,,
Tartibga solinmagan chorrahada qaysi belgi albatta to'xtashni talab qiladi?,Tartibga solinmagan chorrahada qaysi belgi albatta to'xtashni talab qiladi?,"{""Faqat A"",""Faqat B"",""B va S"",""Xammasi""}","{""Faqat A"",""Faqat B"",""B va S"",""Xammasi""}",1,https://ptest.uz/images/60c96584-7880-4d75-9591-e1888fe5f4ea.webp,Bilet 41-50,300,,,,
Chorraxadan birinchi bo'lib kesib o'tadi:,Chorraxadan birinchi bo'lib kesib o'tadi:,"{""Qizil avtomobil"",""Ko'k avtomobil"",""Yashil avtomobil""}","{""Qizil avtomobil"",""Ko'k avtomobil"",""Yashil avtomobil""}",2,https://ptest.uz/images/4af85c43-1218-452b-9683-b61ff71af5df.webp,Bilet 41-50,300,,,,
Engil avtomobilning tormoz yo'li tormoz tizimiga ega bo'lmagan tirkama bilan harakatlanayotganda qanday o'zgaradi?,Engil avtomobilning tormoz yo'li tormoz tizimiga ega bo'lmagan tirkama bilan harakatlanayotganda qanday o'zgaradi?,"{""Kamayadi, chunki tirkama harakatlanishga qo'shimcha qarshilik ko'rsatadi"",""O'zgarmaydi"",""Ortadi""}","{""Kamayadi, chunki tirkama harakatlanishga qo'shimcha qarshilik ko'rsatadi"",""O'zgarmaydi"",""Ortadi""}",2,https://postimg.cc/Dmfk0bYv,Bilet 41-50,300,,,,
Qaysi rasmdagi avtomobil haydovchisi yuk tashish qoidasini buzayapti?,Qaysi rasmdagi avtomobil haydovchisi yuk tashish qoidasini buzayapti?,"{""A"",""B"",""A va V""}","{""A"",""B"",""A va V""}",2,https://ptest.uz/images/dcc7dac3-c3a9-41a8-81e0-78538d30fdd5.webp,Bilet 41-50,300,,,,
"Ko'rsatilgan belgilardan qaysi biri ruxsat etilgan to'la vazni 3,5 tonnadan oshmaydigan yuk avtomobillariga harakatlanishga ruxsat beradi?","Ko'rsatilgan belgilardan qaysi biri ruxsat etilgan to'la vazni 3,5 tonnadan oshmaydigan yuk avtomobillariga harakatlanishga ruxsat beradi?","{""Faqat A i C"",""Faqat C"",""A va B""}","{""Faqat A i C"",""Faqat C"",""A va B""}",0,https://ptest.uz/images/464165a9-04f1-4f0c-b26d-2aef4b383579.webp,Bilet 41-50,300,,,,
Transport vositasining ruxsat etilgan to'la vazn bu - ...,Transport vositasining ruxsat etilgan to'la vazn bu - ...,"{""Aslahalangan transport vositasining ishlab chiqargan korxona tomonidan belgilangan, yuk, haydovchi va yo'lovchilari bilan birgalikdagi eng yuqori vazni (o'lchovi)"",""Transport vositasining yuki, haydovchi va yo'lovchilari bilan birgalikdagi vazni"",""Aslahalangan transport vositasining ishlab chiqargan korxona tomonidan belgilangan, yuksiz, haydovchisiz va yo'lovchilarsiz eng yuqori vazni (o'lchovi)""}","{""Aslahalangan transport vositasining ishlab chiqargan korxona tomonidan belgilangan, yuk, haydovchi va yo'lovchilari bilan birgalikdagi eng yuqori vazni (o'lchovi)"",""Transport vositasining yuki, haydovchi va yo'lovchilari bilan birgalikdagi vazni"",""Aslahalangan transport vositasining ishlab chiqargan korxona tomonidan belgilangan, yuksiz, haydovchisiz va yo'lovchilarsiz eng yuqori vazni (o'lchovi)""}",0,https://postimg.cc/Dmfk0bYv,Bilet 41-50,300,,,,
Chorraxadan uchinchi bo'lib qaysi avtomobil kesib o'tadi:,Chorraxadan uchinchi bo'lib qaysi avtomobil kesib o'tadi:,"{""Qizil avtomobil"",""Yashil avtomobil"",""Ko'k avtomobil""}","{""Qizil avtomobil"",""Yashil avtomobil"",""Ko'k avtomobil""}",0,https://ptest.uz/images/3ee9ef37-3c4b-4556-bbdb-133a76db97bd.webp,Bilet 41-50,300,,,,
Quyidagi javoblardan qaysi birida «Yo'lovchi»atamasining to'g'ri tarifi ko'rsatilgan?,Қуйидаги жавоблардан қайси бирида «Ё’ловчи»атамасининг тўғри тарифи кўрсатилган?,"{""Transport vositasidagi barcha shaxslar"",""Transport vositasidagi(haydovchidan tashqari) shaxs,shuningdek transport vositasigakirayotgan(unga chiqib o'tirayotgan)aki transport vositasi danchiqayotgan(undan tushayotgan) shaxs"",""Har ikkala tarif to'g'ri""}","{""Транспорт воситасидаги барча шахслар"",""Транспорт воситасидаги(ҳайдовчидан ташқари) шахс,шунингдек транспорт воситасигакираётган(унга чиқиб ўтираётган)аки транспорт воситаси данчиқаётган(ундан тушаётган) шахш"",""Ҳар иккала тариф тўғри""}",1,https://postimg.cc/Dmfk0bYv,Bilet 51-60,300,,,,
Quyidagi javoblardan qaysi birida «Xavf»atamasining to'g'ri tarifi ko'rsatilgan?,Қуйидаги жавоблардан қайси бирида «Хавф»атамасининг тўғри тарифи кўрсатилган?,"{""Yo'l harakati xavfsizligiga xavf soluvchi har qanday omil"",""Yo'l harakati qatnashchilarining yo'nalishini o'zgartirishga majbur qiladigan har qanday to'siq"",""Yo'l harakati jarayonidan o'sha yo'nalishda va o'sha tezlikda harakatlanishni davom ettirish yo'l transport hodisasi sodir bo'lishiga tahdid soladigan omil""}","{""Ё’л ҳаракати хавфсизлигига хавф солувчи ҳар қандай омил"",""Ё’л ҳаракати қатнашчиларининг ё’налишини ўзгартиришга мажбур қиладиган ҳар қандай тўсиқ"",""Ё’л ҳаракати жараёнидан ўша ё’налишда ва ўша тезликда ҳаракатланишни давом еттириш ё’л транспорт ҳодисаси содир бўлишига таҳдид соладиган омил""}",0,https://postimg.cc/Dmfk0bYv,Bilet 51-60,300,,,,
Engil avtomobilning tom qismiga o'rnatilganyukhonasida yukning balandligi(maxsusmoslamalar bilan mustahkamlangan holdavelosipedlarni tashish bundan mustasno) nechametrdan oshmasligi kerak ?,Енгил автомобилнинг том қисмига ўрнатилганюкҳонасида юкнинг баландлиги(махсусмосламалар билан мустаҳкамланган ҳолдавелосипедларни ташиш бундан мустасно) нечаметрдан ошмаслиги керак ?,"{""0.5 metr"",""1.0 metr"",""1.2 metr"",""1.5 metr""}","{""0.5 метр"",""1.0 метр"",""1.2 метр"",""1.5 метр""}",1,https://postimg.cc/Dmfk0bYv,Bilet 51-60,300,,,,
Bir yo'nalishda uch va undan ortiq tasmali harqanday yo'lda yuk avtomobillariga chetki chap qatorni egallashga ruxsat etiladi:,Бир ё’налишда уч ва ундан ортиқ тасмали ҳарқандай ё’лда юк автомобилларига четки чап қаторни егаллашга рухсат етилади:,"{""Quvib o'tish, chapga burilish va qayrilib olishda"",""Quvib o'tish va aylanib o'tishda"",""Chapga burilish va qayrilib olishda"",""Barcha hollarda""}","{""Қувиб ўтиш, чапга бурилиш ва қайрилиб олишда"",""Қувиб ўтиш ва айланиб ўтишда"",""Чапга бурилиш ва қайрилиб олишда"",""Барча ҳолларда""}",2,https://postimg.cc/Dmfk0bYv,Bilet 51-60,300,,,,
Bu yotiq chiziq bildiradi:,Бу ётиқ чизиқ билдиради:,"{""Ko'rsatilgan yo'nalishlarida xarakakatlanishni taqiqlanadi"",""Choraxalarda tasmalar bo'yicha ruxsat etilgan xarakat yo'nalishlarni ko'rsatadi"",""Xarakat barcha yo'nalishlarda ruxsat etilgan yo'llarning Kesishmasiga yaqinlashganlikni""}","{""Кўрсатилган ё’налишларида харакакатланишни тақиқланади"",""Чорахаларда тасмалар бўйича рухсат етилган харакат ё’налишларни кўрсатади"",""Харакат барча ё’налишларда рухсат етилган ё’лларнинг Кесишмасига яқинлашганликни""}",1,https://ptest.uz/images/0b81f5bd-0037-47e9-b79e-b469b2fc5969.webp,Bilet 51-60,300,,,,
Maktab va maktabgacha talim tashkilotlari atrofidagi yullarda 300 metrgacha bo'lgan masofada kanday eng yukori tezlikda harakatlanishga ruhsat etiladi,Мактаб ва мактабгача талим ташкилотлари атрофидаги юлларда 300 метргача бўлган масофада кандай енг юкори тезликда ҳаракатланишга руҳсат етилади,"{""20 km/s"",""30 km/s"",""50 km/s"",""60 km/s""}","{""20 км/ш"",""30 км/ш"",""50 км/ш"",""60 км/ш""}",1,https://postimg.cc/Dmfk0bYv,Bilet 51-60,300,,,,
Bunday vaziyatda siz:,Бундай вазиятда сиз:,"{""Birinchi o‘tish huquqiga egaman"",""Ro‘paradan kelayotgan avtomobilga yo‘l beraman""}","{""Биринчи ўтиш ҳуқуқига егаманг"",""Рўпарадан келаётган автомобилга ё’л бераманг""}",1,https://ptest.uz/images/e16723a8-fc03-4092-a39b-8b454fff3360.webp,Bilet 51-60,300,,,,
Odam tashish uchun mo'ljallangan yuk avtomobilining yuk xonasi bortining balandligi:,Одам ташиш учун мўлжалланган юк автомобилининг юк хонаси бортининг баландлиги:,"{""0.7 metrdan kam bo'lmasligi kerak"",""1 metrdan kam bo'lmasligi kerak"",""1.3 metrdan kam bo'lmasligi kerak"",""1.5 metrdan kam bo'lmasligi kerak""}","{""0.7 метрдан кам бўлмаслиги керак"",""1 метрдан кам бўлмаслиги керак"",""1.3 метрдан кам бўлмаслиги керак"",""1.5 метрдан кам бўлмаслиги керак""}",2,https://postimg.cc/Dmfk0bYv,Bilet 51-60,300,,,,
Bekat maydonchalaridan harakatlanish yunalishi bo'ylab kanchadan kam masofada (etmasdan va o'tib ketib) to'xtash va to'xtab turish takiklanadi?,Бекат майдончаларидан ҳаракатланиш юналиши бўйлаб канчадан кам масофада (етмасдан ва ўтиб кетиб) тўхташ ва тўхтаб туриш такикланади?,"{""25 metr"",""30 metr"",""15 metr"",""20 metr""}","{""25 метр"",""30 метр"",""15 метр"",""20 метр""}",2,https://postimg.cc/Dmfk0bYv,Bilet 51-60,300,,,,
Qayta tizilish deb nimaga aytiladi?,Қайта тизилиш деб нимага айтилади?,"{""Dastlabki harakat yo'nalishini saqlagan holda o'z harakatlanish tasmasidan boshqa harakatlanish qatoriga o'tish"",""Qatnov qismining maxsus ajratilgan,5.35 - 5.37 yo'l belgilari, 1.9 yo'lchizig'i bilan belgilangan va ustida reversiv svetofor o'rnatilgan bo'lagida harakatlanish yo'nalishini qarama-qarshi tomonga o'zgartirish"",""Xavf tug'ilganda yo'ldagi boshqa harakat qatnashchilarining harakatlanishiga to'sqinlik qilmaslik uchun haydovchilar tomonidan bajariladigan harakat(manyovr)""}","{""Дастлабки ҳаракат ё’налишини сақлаган ҳолда ўз ҳаракатланиш тасмасидан бошқа ҳаракатланиш қаторига ўтиш"",""Қатнов қисмининг махсус ажратилган,5.35 - 5.37 ё’л белгилари, 1.9 ё’лчизиғи билан белгиланган ва устида реверсив светофор ўрнатилган бўлагида ҳаракатланиш ё’налишини қарама-қарши томонга ўзгартириш"",""Хавф туғилганда ё’лдаги бошқа ҳаракат қатнашчиларининг ҳаракатланишига тўсқинлик қилмаслик учун ҳайдовчилар томонидан бажариладиган ҳаракат(манёвр)""}",0,https://postimg.cc/Dmfk0bYv,Bilet 51-60,300,,,,
Mazkur yo'l belgisi:,Мазкур ё’л белгиси:,"{""Doimiy belgi hisoblanadi"",""Vaqtinchalik belgi hisoblanadi"",""Mavsumiy belgi hisoblanadi""}","{""Доимий белги ҳисобланади"",""Вақтинчалик белги ҳисобланади"",""Мавсумий белги ҳисобланади""}",1,https://ptest.uz/images/51a1c04e-c9b3-44b4-8c1e-01edfbaad301.webp,Bilet 51-60,300,,,,
O'zib ketish deb nimaga aytiladi?,Ўзиб кетиш деб нимага айтилади?,"{""Transport vositasining bir yo'nalishda transport vositasi tezligidan ortiq tezlikda harakatlanishi"",""Qarama - qarshi yo'nalishda harakatlanish uchun mo'ljallangan tasmaga chiqib,so'ngra ilgari egallagan qatoriga qaytib o'tish bilan bog'liq bo'lgan harakat"",""Kam tezlik bilan qo'shni qatorda harakatlanayotgan bir yoki bir nechta transport vositasidan o'zib ketish""}","{""Транспорт воситасининг бир ё’налишда транспорт воситаси тезлигидан ортиқ тезликда ҳаракатланиши"",""Қарама - қарши ё’налишда ҳаракатланиш учун мўлжалланган тасмага чиқиб,сўнгра илгари егаллаган қаторига қайтиб ўтиш билан боғлиқ бўлган ҳаракат"",""Кам тезлик билан қўшни қаторда ҳаракатланаётган бир ёки бир нечта транспорт воситасидан ўзиб кетиш""}",0,https://postimg.cc/Dmfk0bYv,Bilet 51-60,300,,,,
Oq-qizil (1.14.4 zebra) yo'l chizig'i qandayjoylarda piyodalar o'tish joyini belgilash uchunchiziladi?,Оқ-қизил (1.14.4 зебра) ё’л чизиғи қандайжойларда пиёдалар ўтиш жойини белгилаш учунчизилади?,"{""Piyodalar gavjum bo'lgan joylarda"",""Savdo, madaniy-maishiy xizmatko'rsatish binolari oldida"",""Maktab va maktabgacha talimmuassasalari oldida"",""Barcha javoblar to'g'ri""}","{""Пиёдалар гавжум бўлган жойларда"",""Савдо, маданий-маиший хизматкўрсатиш бинолари олдида"",""Мактаб ва мактабгача талиммуассасалари олдида"",""Барча жавоблар тўғри""}",2,https://ptest.uz/images/04201225-7f83-459e-9685-7a09ab31fcfc.webp,Bilet 51-60,300,,,,
Transport vositalarining qayrilib olishjoylarida va unga etmasdan yoki o'tib qanchadankam masofada to'xtashi taqiqlanadi?,Транспорт воситаларининг қайрилиб олишжойларида ва унга етмасдан ёки ўтиб қанчаданкам масофада тўхташи тақиқланади?,"{""40 metr"",""45 metr"",""30 metr"",""50 metr""}","{""40 метр"",""45 метр"",""30 метр"",""50 метр""}",2,https://postimg.cc/Dmfk0bYv,Bilet 51-60,300,,,,
To'siq deb nimaga aytiladi?,Тўсиқ деб нимага айтилади?,"{""Yo'lning qatnov qismida harakatsiz holda bo'lgan jism"",""Tirbandlik tufayli qatnov qismida to'xtab turgan transport vositasi"",""Yo'l harakati xavfsizligiga xavf soluvchi har qanday omil""}","{""Ё’лнинг қатнов қисмида ҳаракатсиз ҳолда бўлган жисм"",""Тирбандлик туфайли қатнов қисмида тўхтаб турган транспорт воситаси"",""Ё’л ҳаракати хавфсизлигига хавф солувчи ҳар қандай омил""}",0,https://postimg.cc/Dmfk0bYv,Bilet 51-60,300,,,,
"Odam tashish uchun mo'ljallangan yuk avtomobiliyukhonasiga o'rnatilgan o'rindiqlar, yukhonapastki qismidan qancha balandlikdamahkamlangan bo'lishi kerak?","Одам ташиш учун мўлжалланган юк автомобилиюкҳонасига ўрнатилган ўриндиқлар, юкҳонапастки қисмидан қанча баландликдамаҳкамланган бўлиши керак?","{""0.3 - 0.5 metr"",""0.6 - 0.7 metr"",""0.8 - 0.9 metr""}","{""0.3 - 0.5 метр"",""0.6 - 0.7 метр"",""0.8 - 0.9 метр""}",0,https://postimg.cc/Dmfk0bYv,Bilet 51-60,300,,,,
"Engil avtomobilning tom qismiga o'rnatilgan yukxonasida yuk tashishdan, yukning uzunligi avtomobilning gabaritidan necha metrdan oshmasa tashishga yo'l qo'yiladi?","Енгил автомобилнинг том қисмига ўрнатилган юкхонасида юк ташишдан, юкнинг узунлиги автомобилнинг габаритидан неча метрдан ошмаса ташишга ё’л қўйилади?","{""2 metr"",""1 metr"",""1.2 metr"",""0.5 metr""}","{""2 метр"",""1 метр"",""1.2 метр"",""0.5 метр""}",3,https://postimg.cc/Dmfk0bYv,Bilet 51-60,300,,,,
Piyodalar o'tish joyiga qancha masofa etmasdan to'xtash va to'xtab turishga ruxsat beriladi?,Пиёдалар ўтиш жойига қанча масофа етмасдан тўхташ ва тўхтаб туришга рухсат берилади?,"{""3 metr"",""5 metr"",""10 metr""}","{""3 метр"",""5 метр"",""10 метр""}",2,https://postimg.cc/Dmfk0bYv,Bilet 51-60,300,,,,
Odam tashish uchun mo'ljallangan yuk avtomobili yuk xonasi bordlari balanligi :,Одам ташиш учун мўлжалланган юк автомобили юк хонаси бордлари баланлиги :,"{""0,70 metrdan kam bo'lmasligi kerak"",""1,0 metrdan kam bo'lmasligi kerak"",""1,3 metrdan kam bo'lmasligi kerak"",""1,5 metrdan kam bo'lmasligi kerak""}","{""0,70 метрдан кам бўлмаслиги керак"",""1,0 метрдан кам бўлмаслиги керак"",""1,3 метрдан кам бўлмаслиги керак"",""1,5 метрдан кам бўлмаслиги керак""}",2,https://postimg.cc/Dmfk0bYv,Bilet 51-60,300,,,,
Kesishayotgan qatnov qismi chetiga qanchadankam masofa qolganda to'xtash taqiqlanadi?,Кесишаётган қатнов қисми четига қанчаданкам масофа қолганда тўхташ тақиқланади?,"{""40 metr"",""45 metr"",""30 metr""}","{""40 метр"",""45 метр"",""30 метр""}",2,https://postimg.cc/Dmfk0bYv,Bilet 51-60,300,,,,
Quyidagi javoblardan qaysi birida «Yo'lovchi»atamasining to'g'ri tarifi ko'rsatilgan?,Қуйидаги жавоблардан қайси бирида «Ё’ловчи»атамасининг тўғри тарифи кўрсатилган?,"{""Transport vositasidagi barcha shaxslar"",""Transport vositasidagi(haydovchidan tashqari) shaxs,shuningdek transport vositasigakirayotgan(unga chiqib o'tirayotgan)aki transport vositasi danchiqayotgan(undan tushayotgan) shaxs"",""Har ikkala tarif to'g'ri""}","{""Транспорт воситасидаги барча шахслар"",""Транспорт воситасидаги(ҳайдовчидан ташқари) шахс,шунингдек транспорт воситасигакираётган(унга чиқиб ўтираётган)аки транспорт воситаси данчиқаётган(ундан тушаётган) шахш"",""Ҳар иккала тариф тўғри""}",1,https://postimg.cc/Dmfk0bYv,Bilet 51-60,300,,,,
Mazkur yo'l belgisi: Harakatlanish qaysi yo‘nalishga ruxsat etilgan?,Мазкур ё’л белгиси: Ҳаракатланиш қайси ё’налишга рухсат етилган?,"{""Harakatlanish taqiqlanadi"",""Faqat to‘g‘riga"",""Faqat to‘g‘riga va o‘ngga"",""Barcha yo‘nalishda ruxsat etiladi""}","{""Ҳаракатланиш тақиқланади"",""Фақат тўғрига"",""Фақат тўғрига ва ўнгга"",""Барча ё’налишда рухсат етилади""}",0,https://ptest.uz/images/9e809bcf-31ec-4e68-b201-2e3a031b3c90.webp,Bilet 51-60,300,,,,
"Odam tashish uchun mo'ljallangan yuk avtomobili yukxonasiga o'rnatilgan o'rindiqlar, yukxona pastgi qismidan qancha balandlikda maxkamlangan bo'lishi kerak?","Одам ташиш учун мўлжалланган юк автомобили юкхонасига ўрнатилган ўриндиқлар, юкхона пастги қисмидан қанча баландликда махкамланган бўлиши керак?","{""0,3-0,5 metr"",""0,6-0,7 metr"",""0,8-0,9 metr""}","{""0,3-0,5 метр"",""0,6-0,7 метр"",""0,8-0,9 метр""}",0,https://postimg.cc/Dmfk0bYv,Bilet 51-60,300,,,,
Mayoqchasi yokilangan transport vositasiga harakatni to'g'riga davom ettirishga ruxsat beriladimi?,Маёқчаси ёкиланган транспорт воситасига ҳаракатни тўғрига давом еттиришга рухсат бериладими?,"{""Ruxsat beriladi"",""Taqiqlanadi""}","{""Рухсат берилади"",""Тақиқланади""}",1,https://ptest.uz/images/6b8aeda1-56aa-4b77-ab46-1f8b3231c169.webp,Bilet 51-60,300,,,,
Tramvayni ko'rsatilganidek old qismidan yo'lni kesib o'tishga ruxsat beriladimi?,Трамвайни кўрсатилганидек олд қисмидан ё’лни кесиб ўтишга рухсат бериладими?,"{""Ruxsat beriladi"",""Taqiqlanadi"",""Istagan tomonidan ruxsat beriladi""}","{""Рухсат берилади"",""Тақиқланади"",""Истаган томонидан рухсат берилади""}",0,https://ptest.uz/images/54808f18-e88b-4e8f-82d3-34d2443d7a53.webp,Bilet 51-60,300,,,,
Qaysi avtomobilning xaydovchisi to'xtab turish qoidalarini buzmadi?,Қайси автомобилнинг хайдовчиси тўхтаб туриш қоидаларини бузмади?,"{""Qizil"",""Sarik"",""Xar ikkisi buzgan"",""Xech kim buzmadi""}","{""Қизил"",""Сарик"",""Хар иккиси бузганг"",""Хеч ким бузмади""}",2,https://ptest.uz/images/097cc01c-34a8-4ab5-a507-a80a5b2e633c.webp,Bilet 51-60,300,,,,
Ushbu yo'l belgisi qanday nomlanadi: Bir vaqtda qayrilishda qaysi transport vositasi yo'l berishi kerak?,Ушбу ё’л белгиси қандай номланади: Бир вақтда қайрилишда қайси транспорт воситаси ё’л бериши керак?,"{""Avtobus haydovchisi"",""Engil avtomobil haydovchisi"",""Bunday vaziyatda haydovchilar o'zaro kelishadilar""}","{""Автобус ҳайдовчиси"",""Енгил автомобил ҳайдовчиси"",""Бундай вазиятда ҳайдовчилар ўзаро келишадилар""}",0,https://ptest.uz/images/9d2c2f20-39d1-4c04-8c3c-a6185666653e.webp,Bilet 51-60,300,,,,
"Velosipedlarda yuk tashilganda gabaritidan bo'yiga va eniga qanchadan ortiq chiqib tursa, yuk tashish taqiqlanadi?","Велосипедларда юк ташилганда габаритидан бўйига ва енига қанчадан ортиқ чиқиб турса, юк ташиш тақиқланади?","{""0.3 m"",""0.4 m"",""0.5 m"",""1 m""}","{""0.3 м"",""0.4 м"",""0.5 м"",""1 м""}",2,https://postimg.cc/Dmfk0bYv,Bilet 51-60,300,,,,
"Choraxadan chapga burilmoqchisiz, sizning harakatingiz: Quyidagi shaxslarga xavfsizlik kamarini (kanstruksiyasida xavfsizlik kamari nazarda tutilgan transport vositalarida)taqmaslikga ruxsat beriladi:","Чорахадан чапга бурилмоқчисиз, сизнинг ҳаракатингиз: Қуйидаги шахсларга хавфсизлик камарини (канструксиясида хавфсизлик камари назарда тутилган транспорт воситаларида)тақмасликга рухсат берилади:","{""Avtomobilning orqa o'rindiqdagi 12 yoshgacha bo'lgan bolalarga"",""Xomilador ayollarga"",""Orqaga xarakatni amalga oshiryotgan xaydovchilarga"",""1 va 2 javoblar to'g'ri"",""Sanab o'tilgan barcha xollarda""}","{""Автомобилнинг орқа ўриндиқдаги 12 ёшгача бўлган болаларга"",""Хомиладор аёлларга"",""Орқага харакатни амалга оширётган хайдовчиларга"",""1 ва 2 жавоблар тўғри"",""Санаб ўтилган барча холларда""}",3,https://ptest.uz/images/e610bed3-1ad0-49e1-af11-c8a3ff699c9e.webp,Bilet 51-60,300,,,,
Ushbu belgilaridan qaysilari vaqtinchalik yo'l belgilari xisoblanadi:,Ушбу белгиларидан қайсилари вақтинчалик ё’л белгилари хисобланади:,"{""«1»va«4»"",""«2»va«3»"",""«Z»va«4»""}","{""«1»ва«4»"",""«2»ва«3»"",""«З»va«4»""}",1,https://ptest.uz/images/71c66a50-d5ca-44b5-bd1c-5b6668ac3535.webp,Bilet 51-60,300,,,,
Chorrahadan qaysi yo‘nalishda harakatlanishingizga ruxsat berilgan?,Чорраҳадан қайси ё’налишда ҳаракатланишингизга рухсат берилган?,"{""Faqat to‘g‘riga"",""To‘g‘riga va o‘ngga"",""Faqat o‘ngga""}","{""Фақат тўғрига"",""Тўғрига ва ўнгга"",""Фақат ўнгга""}",0,https://ptest.uz/images/a4ed4890-0f1c-4581-9b20-07fc4a35428e.webp,Bilet 51-60,300,,,,
Qaysi yo'l chizig'i maktablar oldidagi piyodalar o'tish joylarida qo'llaniladi?,Қайси ё’л чизиғи мактаблар олдидаги пиёдалар ўтиш жойларида қўлланилади?,"{""1-chiziq"",""2-chiziq"",""3-chiziq""}","{""1-чизиқ"",""2-чизиқ"",""3-чизиқ""}",2,https://ptest.uz/images/dcbdac19-cd14-4bb5-95da-504c1e5bf567.webp,Bilet 51-60,300,,,,
Kaysi yonalish bo'yicha harakatlanishga ruxsat beriladi?,Кайси ёналиш бўйича ҳаракатланишга рухсат берилади?,"{""«A» «B» «C»"",""«A» «B» «D»"",""«D»""}","{""«А» «Б» «C»"",""«А» «Б» «Д»"",""«Д»""}",2,https://ptest.uz/images/73919e11-d1ef-4231-8097-937d79ed77ab.webp,Bilet 51-60,300,,,,
Qaysi transport vositasi haydovchisi qoida buzib harakatlanmoqda?,Қайси транспорт воситаси ҳайдовчиси қоида бузиб ҳаракатланмоқда?,"{""Ruxsat etilgan to'la vazni 3 tonna bo'lgan yuk avtomobili va mopet haydovchisi"",""Faqat moped haydovchisi"",""Hech kim qoida buzmayabdi""}","{""Рухсат етилган тўла вазни 3 тонна бўлган юк автомобили ва мопет ҳайдовчиси"",""Фақат мопед ҳайдовчиси"",""Ҳеч ким қоида бузмаябди""}",0,https://ptest.uz/images/89fa0ec9-f234-4731-af57-b5df6722cd6a.webp,Bilet 51-60,300,,,,
Qanday xollarda quvib o'tish taqiqlanadi?,Қандай холларда қувиб ўтиш тақиқланади?,"{""Tartibga solingan choraxalarda"",""Tepalikning oxirida va yo'lning ko'rinishi cheklangan joylarda"",""Tartibga solinmagan choraxalarda asosiy xisoblanmaydigan yo'llarda xarakatlanishda"",""Sanab o'tilgan barcha xollarda""}","{""Тартибга солинган чорахаларда"",""Тепаликнинг охирида ва ё’лнинг кўриниши чекланган жойларда"",""Тартибга солинмаган чорахаларда асосий хисобланмайдиган ё’лларда харакатланишда"",""Санаб ўтилган барча холларда""}",3,https://postimg.cc/Dmfk0bYv,Bilet 51-60,300,,,,
To'xtab turish joyidan chiqib ketganda boshqa transport vositasi bilan yo'llaringiz kesishganda qanday harakat qilishingiz kerak?,Тўхтаб туриш жойидан чиқиб кетганда бошқа транспорт воситаси билан ё’лларингиз кесишганда қандай ҳаракат қилишингиз керак?,"{""Yo'l berish"",""Birinchi o'tish"",""O'zaro kelishuvga binoan harakatlanish""}","{""Ё’л бериш"",""Биринчи ўтиш"",""Ўзаро келишувга биноан ҳаракатланиш""}",0,https://ptest.uz/images/d2c02c20-4d52-4642-bf62-c392d95e5c74.webp,Bilet 51-60,300,,,,
Bu belgilardan qaysi biri maktab va maktabgacha talim tashkilotlari oldida o'rnatiladi?,Бу белгилардан қайси бири мактаб ва мактабгача талим ташкилотлари олдида ўрнатилади?,"{""«A»"",""«B»"",""«V»""}","{""«А»"",""«Б»"",""«В»""}",1,https://ptest.uz/images/b764d4c0-f593-4451-9eb8-9933d7c6abaa.webp,Bilet 51-60,300,,,,
Bu belgi qayerlardan oldin o'rnatildi?,Бу белги қаерлардан олдин ўрнатилди?,"{""Bozorlar oldindan"",""Maktab va bolalarning dam olish maskanlari oldindan"",""Vokzal oldindan""}","{""Бозорлар олдинданг"",""Мактаб ва болаларнинг дам олиш масканлари олдинданг"",""Вокзал олдинданг""}",1,https://ptest.uz/images/2c5c8c98-ca3e-43eb-97b9-2156c37070d3.webp,Bilet 51-60,300,,,,
Mazkur yo'l belgisi:,Мазкур ё’л белгиси:,"{""Doimim belgi xisoblanadi"",""Vaqtinchalik belgi xisoblanadi"",""Mavsumiy belgi xisoblanadi""}","{""Доимим белги хисобланади"",""Вақтинчалик белги хисобланади"",""Мавсумий белги хисобланади""}",1,https://ptest.uz/images/d32a4efa-e028-4c81-8a32-08d6e079e7ed.webp,Bilet 51-60,300,,,,
Ogohlantiruvchi belgilarni toping,Огоҳлантирувчи белгиларни топинг,"{""Hammasi"",""1,2,4,5"",""4,5""}","{""Ҳаммаси"",""1,2,4,5"",""4,5""}",2,https://ptest.uz/images/f4e92a17-0b9e-423f-918a-06c5113dcc7a.webp,Bilet 51-60,300,,,,
Bu belgi o'rnatilgan joyda tirkamali engil avtomobilni harakatlanishga ruxsat beriladimi?,Бу белги ўрнатилган жойда тиркамали енгил автомобилни ҳаракатланишга рухсат бериладими?,"{""Ruxsat beriladi agar tirkamaning vazni 750kg dan oshmasa"",""Ruxsat beriladi"",""Taqiqlanadi""}","{""Рухсат берилади агар тиркаманинг вазни 750кг дан ошмаса"",""Рухсат берилади"",""Тақиқланади""}",1,https://ptest.uz/images/e585c4e6-2f16-4419-a406-75d74552d29c.webp,Bilet 51-60,300,,,,
Qaysi rasmda piyodalar qoidani buzmay harakatlanmoqda?,Қайси расмда пиёдалар қоидани бузмай ҳаракатланмоқда?,"{""Chapdagi rasmda"",""O'ngdagi rasmda"",""Ikkala rasmda""}","{""Чапдаги расмда"",""Ўнгдаги расмда"",""Иккала расмда""}",1,https://ptest.uz/images/468acd6d-0ddf-4200-b841-34f6a905ac54.webp,Bilet 51-60,300,,,,
Belgilardan qaysi biri qatnov qismi kesishmasi hududini bildiradi?,Белгилардан қайси бири қатнов қисми кесишмаси ҳудудини билдиради?,"{""«A»"",""«B»"",""«V»""}","{""«А»"",""«Б»"",""«В»""}",0,https://ptest.uz/images/2a58768b-1ec8-4480-81c2-34f097756a79.webp,Bilet 51-60,300,,,,
"Agar haydovchi o'zi xarakatlanayotgan yo'lning qoplamasini bor- yo'kligini aniklay olmasa ( qorongi vaqt, loy, kor) va imtiyoz belgilari bo'lmasa )?","Агар ҳайдовчи ўзи харакатланаётган ё’лнинг қопламасини бор- ё’клигини аниклай олмаса ( қоронги вақт, лой, кор) ва имтиёз белгилари бўлмаса )?","{""O'zini asosiy yo'lda deb hisoblashi kerak"",""O'zini ikkinchi darajali yo'lda deb xisoblashi kerak"",""Barchasi tugri""}","{""Ўзини асосий ё’лда деб ҳисоблаши керак"",""Ўзини иккинчи даражали ё’лда деб хисоблаши керак"",""Барчаси тугри""}",1,https://ptest.uz/images/5202120f-25d1-4a93-a6fc-5f6bd88daebd.webp,Bilet 51-60,300,,,,
Qaysi belgi «Avtomobillar uchun mo'ljallangan yo'l» deb nomlanadi?,Қайси белги «Автомобиллар учун мўлжалланган ё’л» деб номланади?,"{""1"",""2"",""3"",""4"",""5""}","{""1"",""2"",""3"",""4"",""5""}",1,https://ptest.uz/images/e7e052b2-9855-423c-bf52-1608f1142614.webp,Bilet 51-60,300,,,,
Qaysi rasmda piyoda qoidani buzgan holda yo'lni kesib o'tyabdi?,Қайси расмда пиёда қоидани бузган ҳолда ё’лни кесиб ўтябди?,"{""1-2-rasmdagi piyoda"",""3-rasmdagi piyoda"",""4-rasmdagi piyoda"",""Barcha rasmdagi piyoda""}","{""1-2-расмдаги пиёда"",""3-расмдаги пиёда"",""4-расмдаги пиёда"",""Барча расмдаги пиёда""}",1,https://ptest.uz/images/28ef276a-f9ce-489f-bdfc-e331b9616e8a.webp,Bilet 51-60,300,,,,
Kaysi yonalishda harakatlanish taqiqlanadi?,Кайси ёналишда ҳаракатланиш тақиқланади?,"{""Faqat chapga"",""O'nga, chapga va orkaga qayrilib olishga"",""Chapga va orkaga qayrilib olishga"",""Faqat to'riga""}","{""Фақат чапга"",""Ўнга, чапга ва оркага қайрилиб олишга"",""Чапга ва оркага қайрилиб олишга"",""Фақат тўрига""}",3,https://ptest.uz/images/c911939c-0c21-4f36-ab6b-71fda044af08.webp,Bilet 51-60,300,,,,
Kemiruvchi va sudralim yuruvchi hayvonlar qaysi javobda ko'rsatilgan?,Кемирувчи ва судралим юрувчи ҳайвонлар қайси жавобда кўрсатилган?,"{""1"",""2"",""3"",""4"",""1 va 3""}","{""1"",""2"",""3"",""4"",""1 ва 3""}",2,https://ptest.uz/images/b0e46724-2d96-4a8b-9da0-75f2abb8feab.webp,Bilet 51-60,300,,,,
Qaysi xaydovchi to'xtash qoidasini buzdi?,Қайси хайдовчи тўхташ қоидасини бузди?,"{""Engil avtomobil"",""Yuk avtomobil"",""Ikkisi ham buzmadi"",""Ikkisi ham buzdi""}","{""Енгил автомобил"",""Юк автомобил"",""Иккиси ҳам бузмади"",""Иккиси ҳам бузди""}",3,https://ptest.uz/images/c78af9bb-b6c7-49ac-a3c7-907f8d06d922.webp,Bilet 51-60,300,,,,
Yovvoyi hayvonlar belgisini ko'rsating:,Ёввойи ҳайвонлар белгисини кўрсатинг:,"{""1"",""2"",""3"",""4"",""2 va 4""}","{""1"",""2"",""3"",""4"",""2 ва 4""}",1,https://ptest.uz/images/dcb6b393-d6e7-41d1-9b5e-44d69a6061ab.webp,Bilet 51-60,300,,,,
Haydovchi qaysi rasmda qoidani buzmay to'xtagan?,Ҳайдовчи қайси расмда қоидани бузмай тўхтаган?,"{""Chapdagi rasmda"",""O'ngdagi rasmda"",""Har ikkila rasmda""}","{""Чапдаги расмда"",""Ўнгдаги расмда"",""Ҳар иккила расмда""}",2,https://ptest.uz/images/a30610ef-6aab-428e-b411-9060f80043d1.webp,Bilet 51-60,300,,,,
01.01.1981- yilgacha ishlab chiqarilgan engil avtomobillar uchun Qoidalar tormozlashning 40km/s tezlikda harakatlanish tartibida ishchi tormoz tizimining qanday samaradorlik meyoriga ruxsat berilgan?,01.01.1981- йилгача ишлаб чиқарилган енгил автомобиллар учун Қоидалар тормозлашнинг 40км/с тезликда ҳаракатланиш тартибида ишчи тормоз тизимининг қандай самарадорлик меёрига рухсат берилган?,"{""7,2 m"",""12,2 m"",""19,5 m"",""25 m"",""14,5 m""}","{""7,2 м"",""12,2 м"",""19,5 м"",""25 м"",""14,5 м""}",4,https://postimg.cc/Dmfk0bYv,Bilet 51-60,300,,,,
Bu yo'l belgisi qanday nomlanadi?,Бу ё’л белгиси қандай номланади?,"{""Piyodalarning yo'l yoqasidan yurishi mumkin bo'lgan hudud"",""Piyodalarning qatnov qismidan yurishi mumkin bo'lgan hudud"",""Piyodalarning trotuardan yurishi mumkin bo'lgan hudud""}","{""Пиёдаларнинг ё’л ёқасидан юриши мумкин бўлган ҳудуд"",""Пиёдаларнинг қатнов қисмидан юриши мумкин бўлган ҳудуд"",""Пиёдаларнинг тротуардан юриши мумкин бўлган ҳудуд""}",0,https://ptest.uz/images/caad4171-8dbc-410e-8db4-5cd3a7ffa40b.webp,Bilet 51-60,300,,,,
Ushbu svetofor tramvayga qaysi yo'nalishda harakatlanishga ruxsat beradi?,Ушбу светофор трамвайга қайси ё’налишда ҳаракатланишга рухсат беради?,"{""Faqat to'g'riga"",""Barcha yo'nalishlarga"",""Barcha yo'nalishlarda harakatlanish taqiqlanadi""}","{""Фақат тўғрига"",""Барча ё’налишларга"",""Барча ё’налишларда ҳаракатланиш тақиқланади""}",2,https://ptest.uz/images/7a04c1d5-2d79-46b5-bf31-20f9865df3cd.webp,Bilet 51-60,300,,,,
Bu belgi nimani bildiradi?,Бу белги нимани билдиради?,"{""Oldinda tirbandlik xakida borligidan"",""Navbat bilan utishni"",""Tuxtab turish joyiga borishni""}","{""Олдинда тирбандлик хакида борлигиданг"",""Навбат билан утишни"",""Тухтаб туриш жойига боришни""}",1,https://ptest.uz/images/998e3ccd-861c-4edc-b5d4-ab30117e01c8.webp,Bilet 51-60,300,,,,
Belgilardan qaysi biri er usti avtomobil quyish joyini bildiradi?,Белгилардан қайси бири ер усти автомобил қуйиш жойини билдиради?,"{""1"",""2"",""3""}","{""1"",""2"",""3""}",0,https://ptest.uz/images/b748639e-586c-4525-9043-c087f8afaf40.webp,Bilet 51-60,300,,,,
Qaysi yo'nalishda harakatlanish taqiqlangan?,Қайси ё’налишда ҳаракатланиш тақиқланган?,"{""Faqat to'g'riga va o'ngga"",""Faqat chapga"",""Faqat chapga va qayrilib olishga"",""Faqat qayrilib olishga"",""Barcha yo'nalishlarga""}","{""Фақат тўғрига ва ўнгга"",""Фақат чапга"",""Фақат чапга ва қайрилиб олишга"",""Фақат қайрилиб олишга"",""Барча ё’налишларга""}",3,https://ptest.uz/images/ce2c9911-2b97-4357-9df9-63558690fec7.webp,Bilet 51-60,300,,,,
Kursatilgan belgilardan qaysi biri bolalar deb nomlanadi?,Курсатилган белгилардан қайси бири болалар деб номланади?,"{""1"",""2"",""3""}","{""1"",""2"",""3""}",1,https://ptest.uz/images/3a5d555f-7da0-4b63-8d65-ceea955c3600.webp,Bilet 51-60,300,,,,
Kuyidagi belgilardan qaysi biri engil avtomobillar harakati deb nomlanadi?,Куйидаги белгилардан қайси бири енгил автомобиллар ҳаракати деб номланади?,"{""1"",""2"",""3"",""4""}","{""1"",""2"",""3"",""4""}",1,https://ptest.uz/images/117e89df-b09e-4428-9016-4aad62f497a6.webp,Bilet 51-60,300,,,,
Ogohlantiruvchi belgilarni toping,Огоҳлантирувчи белгиларни топинг,"{""Hammasi"",""1,2,4,5"",""4,5""}","{""Ҳаммаси"",""1,2,4,5"",""4,5""}",2,https://ptest.uz/images/f4e92a17-0b9e-423f-918a-06c5113dcc7a.webp,Bilet 51-60,300,,,,
Koidalarda nechta asosiy tushuncha va atamalardan foydalaniladi?,Коидаларда нечта асосий тушунча ва атамалардан фойдаланилади?,"{""65"",""56"",""77""}","{""65"",""56"",""77""}",2,https://postimg.cc/Dmfk0bYv,Bilet 51-60,300,,,,
Moped xaydovchisi majbur:,Мопед хайдовчиси мажбур:,"{""16 yoshga tulgan bulishi"",""Motoshlem kiyishlari va uni kadab olishlari"",""Kunduzgi vaktda xam yakinni yorituvchi chiroklarni yokib yurishi"",""Barcha sanab utilgan javoblar""}","{""16 ёшга тулган булиши"",""Мотошлем кийишлари ва уни кадаб олишлари"",""Кундузги вактда хам якинни ёритувчи чирокларни ёкиб юриши"",""Барча санаб утилган жавоблар""}",3,https://postimg.cc/Dmfk0bYv,Bilet 51-60,300,,,,
Bu taniklik belgisi urnatiladi:,Бу таниклик белгиси урнатилади:,"{""Vaktinchalik tamirlash ishlari olib borilayotgan yul kismlariga"",""Portlovchi va tez alangalanuvchi yukni tashiyotgan transport vositalariga"",""Xaydovchi staji 2 yildan kam bulgan xaydovchilar boshkarayot mexanik transport vositalari""}","{""Вактинчалик тамирлаш ишлари олиб борилаётган юл кисмларига"",""Портловчи ва тез алангаланувчи юкни ташиётган транспорт воситаларига"",""Хайдовчи стажи 2 йилдан кам булган хайдовчилар бошкараёт механик транспорт воситалари""}",2,https://ptest.uz/images/4ab8298e-4f70-430c-b5dd-e3040d328916.webp,Bilet 51-60,300,,,,
Ushbu belgi axoli punktlarida xavfli yul kismi boshlanishidan kancha masofa oldin urnatiladi?,Ушбу белги ахоли пунктларида хавфли юл кисми бошланишидан канча масофа олдин урнатилади?,"{""150-300 m"",""50-100 m"",""Xavfli yul kismi oldiga brnatiladi""}","{""150-300 м"",""50-100 м"",""Хавфли юл кисми олдига брнатилади""}",1,https://ptest.uz/images/a07b3a84-bc2f-4cd0-920f-b8d81e4e70db.webp,Bilet 51-60,300,,,,
Qaysi yotiq yo'l chizig'i avtomobil yo'llarida 3D kurinishidagi baland piyodalar utish joyini bildiradi?,Қайси ётиқ ё’л чизиғи автомобил ё’лларида 3Д куринишидаги баланд пиёдалар утиш жойини билдиради?,"{""«A»"",""«B»"",""«V»""}","{""«А»"",""«Б»"",""«В»""}",1,https://ptest.uz/images/259c42f7-5933-4793-81e2-6022ba5de545.webp,Bilet 51-60,300,,,,
Kaysi avtomobil xaydovchisi yul berishi kerak?,Кайси автомобил хайдовчиси юл бериши керак?,"{""Kuk avtomobil xaydovchisi"",""Yashil avtomobil xaydovchisi""}","{""Кук автомобил хайдовчиси"",""Яшил автомобил хайдовчиси""}",0,https://ptest.uz/images/a5c0b65e-3240-47f4-96c5-25611738bfb8.webp,Bilet 51-60,300,,,,
Ushbu belgi kanday nomlanadi?,Ушбу белги кандай номланади?,"{""Suniy notekislik"",""Majburiy sekinlanish"",""Baland piyodalar utish joyi""}","{""Суний нотекислик"",""Мажбурий секинланиш"",""Баланд пиёдалар утиш жойи""}",2,https://ptest.uz/images/c0a0c04c-f873-4e2c-95d4-1bd48a1b34fd.webp,Bilet 51-60,300,,,,
Tezkor va maxsus xizmatlarning transport vositalari yul xarakatining boshka katnashchilariga nisbatan imtiyozga ega bulishi uchun:,Тезкор ва махсус хизматларнинг транспорт воситалари юл харакатининг бошка катнашчиларига нисбатан имтиёзга ега булиши учун:,"{""Kuk yoki kizil yoxud kuk va kizil rangli yalt-yalt etuvchi mayokchalar yokilgan bulishi shart"",""maksus govushli ishora ekilgan"",""Xar ikkalasi yokilgan bulishi shart""}","{""Кук ёки кизил ёхуд кук ва кизил рангли ялт-ялт етувчи маёкчалар ёкилган булиши шарт"",""максус говушли ишора екилганг"",""Хар иккаласи ёкилган булиши шарт""}",2,https://postimg.cc/Dmfk0bYv,Bilet 51-60,300,,,,
"Kuyidagi tarif ""transport vositasi xarakatini 10 dakikagacha bulgan muddatga tuxtatish (xarakatsiz xolatga keltirish)"" kaysi atamaga tegishli?","Куйидаги тариф ""транспорт воситаси харакатини 10 дакикагача булган муддатга тухтатиш (харакатсиз холатга келтириш)"" кайси атамага тегишли?","{""Takiklanadi"",""Ruxsat beriladi"",""Yul berish"",""Tuxtab turish Kursatilgan xolatda kayrilib olishga ruxsat etiladimi?""}","{""Такикланади"",""Рухсат берилади"",""Юл бериш"",""Тухтаб туриш Курсатилган холатда кайрилиб олишга рухсат етиладими?""}",0,https://ptest.uz/images/cd41542d-2f5f-4362-b34c-646cd70277ca.webp,Bilet 51-60,300,,,,
Tramvay reelssiz transport vositalariga nisbatan imtiyozga ega bulmagan xolat:,Трамвай реелссиз транспорт воситаларига нисбатан имтиёзга ега булмаган холат:,"{""Depodan chiqishda"",""Depoga kirishda"",""Xar ikkisida imtiyozga ega"",""Xar ikkisida imtiyozga ega emas""}","{""Деподан чиқишда"",""Депога киришда"",""Хар иккисида имтиёзга ега"",""Хар иккисида имтиёзга ега емаш""}",0,https://postimg.cc/Dmfk0bYv,Bilet 51-60,300,,,,
Ushbu svetofor tramvayga kaysi yunalishda xarakatlanishga ruxsat beradi?,Ушбу светофор трамвайга кайси юналишда харакатланишга рухсат беради?,"{""Fakat turiga"",""Barcha yynalishlarga"",""Barcha yunalishlarda xarakatlanish takiklanadi""}","{""Факат турига"",""Барча ййналишларга"",""Барча юналишларда харакатланиш такикланади""}",2,https://ptest.uz/images/6cb468df-808d-4936-b8b0-14e9d3db508d.webp,Bilet 51-60,300,,,,
Qaysi yotiq yo'l chizig'i avtomobil yo'llarida 3D kurinishidagi piyodalar utish joyini bildiradi?,Қайси ётиқ ё’л чизиғи автомобил ё’лларида 3Д куринишидаги пиёдалар утиш жойини билдиради?,"{""«A»"",""«B»"",""«V»""}","{""«А»"",""«Б»"",""«В»""}",2,https://ptest.uz/images/131450e1-deca-4083-8d07-8cb0ed6144ac.webp,Bilet 51-60,300,,,,
Doimiy va vaktinchalik yul belgilari ma'no jixatidan bir birini inkor etganda kaysi biriga amal kilasiz?,Доимий ва вактинчалик юл белгилари ма’но жихатидан бир бирини инкор етганда кайси бирига амал киласиз?,"{""Doimiy iul belgisiga"",""Vaktinchalik iul belgisiga""}","{""Доимий иул белгисига"",""Вактинчалик иул белгисига""}",1,https://postimg.cc/Dmfk0bYv,Bilet 51-60,300,,,,
Ushbu vaziyatda kaysi transport vositasining xaydovchisi yul berishi kerak?,Ушбу вазиятда кайси транспорт воситасининг хайдовчиси юл бериши керак?,"{""Ok avtomobil xaydovchisi"",""Kizil avtomobil xaydovchisi""}","{""Ок автомобил хайдовчиси"",""Кизил автомобил хайдовчиси""}",1,https://ptest.uz/images/63b8e9f4-641b-4b4d-ab82-8377ea56920f.webp,Bilet 51-60,300,,,,
Kaysi belgilarda oyning juft kunlarida tuxtash mumkin,Кайси белгиларда ойнинг жуфт кунларида тухташ мумкинг,"{""Chapdagi rasmda"",""Ungdagi rasmda"",""Xar ikkisida mumkun""}","{""Чапдаги расмда"",""Унгдаги расмда"",""Хар иккисида мумкунг""}",2,https://ptest.uz/images/b8228bd3-39e8-4412-8972-3ef59958acfc.webp,Bilet 51-60,300,,,,
yo'naltirgichlar bilan kursatilgan kaysi yunalishlarda xarakat ruxsat etilgan?,ё’налтиргичлар билан курсатилган кайси юналишларда харакат рухсат етилган?,"{""Fakat tugriga"",""Fakat ungga"",""Fakat chapga"",""Fakat tugriga va ungga"",""Barcha iunalishlarga""}","{""Факат тугрига"",""Факат унгга"",""Факат чапга"",""Факат тугрига ва унгга"",""Барча иуналишларга""}",4,https://ptest.uz/images/c19277fc-de4e-4d00-9668-3f42537b9b2c.webp,Bilet 51-60,300,,,,
Ushbu vaziyatda kim yul berishi kerak?,Ушбу вазиятда ким юл бериши керак?,"{""Mikroavtobus xaydovchisi"",""Engil avtomobil xaydovchisi""}","{""Микроавтобус хайдовчиси"",""Енгил автомобил хайдовчиси""}",1,https://ptest.uz/images/8126d3eb-520b-467d-bcfb-9f13d04c1669.webp,Bilet 51-60,300,,,,
Kaysi yo'nalish buyicha burilish mumkin?,Кайси ё’налиш буйича бурилиш мумкин?,"{""Fakat «A»"",""Fakat «B»"",""Ikkala sanab utilgan xollarda""}","{""Fakat «А»"",""Fakat «Б»"",""Иккала санаб утилган холларда""}",0,https://ptest.uz/images/f85fb65b-3803-4274-9c8c-b0ffc9523971.webp,Bilet 51-60,300,,,,
Kaysi yotik yul chizigi baland piyodalar utish joyini bildiradi?,Кайси ётик юл чизиги баланд пиёдалар утиш жойини билдиради?,"{""«A»"",""«B»"",""«V»""}","{""«А»"",""«Б»"",""«В»""}",0,https://ptest.uz/images/5b67e4b0-3441-4958-b6f1-59407adb40f8.webp,Bilet 51-60,300,,,,
Koidalarda nechta asosiy tushuncha va atamalardan foydalaniladi?,Коидаларда нечта асосий тушунча ва атамалардан фойдаланилади?,"{""65"",""56"",""77""}","{""65"",""56"",""77""}",2,https://postimg.cc/Dmfk0bYv,Bilet 51-60,300,,,,
Ushbu transport vositasi kaysi yunalishda xarakatlanishiga ruxsat etiladi?,Ушбу транспорт воситаси кайси йуналишда харакатланишига рухсат этилади?,"{""Fakat tugriga"",""Tugriga va ungga"",""Fakat turiga va kayrilib olishga"",""Barcha yynalishlarga""}","{""Факат тугрига"",""Тугрига ва унгга"",""Факат турига ва кайрилиб олишга"",""Барча ййналишларга""}",2,https://ptest.uz/images/472e5b3e-0c6a-4b69-a13a-2f09c471181e.webp,Bilet 51-60,300,,,,
Asosiy yul:,Асосий йул:,"{""Fakat yukori chapdagi rasmda"",""Fakat yukori ungdagi rasmda"",""Yukoridagi ikkala rasmda"",""Barcha rasmlarda""}","{""Факат юкори чапдаги расмда"",""Факат юкори унгдаги расмда"",""Юкоридаги иккала расмда"",""Барча расмларда""}",2,https://ptest.uz/images/91bccd7d-63b0-4292-802b-763bfe5a952d.webp,Bilet 51-60,300,,,,
Kaysi rasmlarda kuvib utish kursatilgan?,Кайси расмларда кувиб утиш курсатилган?,"{""Fakat birinchi va ikkinchi rasmlarda"",""Fagat birinchi va uchinchi rasmlarda"",""Fakat birinchi, ikkinchi va turtinchi rasmlarda"",""Fagat birinchi rasmda"",""Barcha rasmlarda""}","{""Факат биринчи ва иккинчи расмларда"",""Фагат биринчи ва учинчи расмларда"",""Факат биринчи, иккинчи ва туртинчи расмларда"",""Фагат биринчи расмда"",""Барча расмларда""}",0,https://ptest.uz/images/e19080a4-cf1b-4bfd-8a58-4e0c31d273b5.webp,Bilet 51-60,300,,,,
"Kuyidagi 3.24. ""Yukori tezlik cheklangan"" yul belgisining tasirini kaysi belgilar bekor kiladi?","Куйидаги 3.24. ""Юкори тезлик чекланган"" йул белгисининг тасирини кайси белгилар бекор килади?","{""Fakat birinchisi"",""Fakat ikkinchisi"",""Fakat uchinchisi"",""Fakat turtinchisi"",""Barcha javoblar tugri""}","{""Факат биринчиси"",""Факат иккинчиси"",""Факат учинчиси"",""Факат туртинчиси"",""Барча жавоблар тугри""}",4,https://ptest.uz/images/bf42c02e-b87d-4c4a-b9e7-025f65a4912d.webp,Bilet 51-60,300,,,,
Ushbu transport vositasiga chorraxa orkali kaysi io'nalishlar buyicha xarakatlanishga ruxsat etiladi?,Ушбу транспорт воситасига чорраха оркали кайси иўналишлар буйича харакатланишга рухсат этилади?,"{""Fakat turiga va ungga"",""Fakat chapga va kayrilib olishga"",""Fakat ungga"",""Fakat tugriga"",""Barcha yo'nalishlarga""}","{""Факат турига ва унгга"",""Факат чапга ва кайрилиб олишга"",""Факат унгга"",""Факат тугрига"",""Барча йўналишларга""}",4,https://ptest.uz/images/cfcdde2d-dfda-4439-a58a-98d9b136f45f.webp,Bilet 51-60,300,,,,
Velosiped yulkasi bilan kesishuvga kanchadan kam masofa kolganda tuxtash takiklanadi?,Велосипед йулкаси билан кесишувга канчадан кам масофа колганда тухташ такикланади?,"{""10 metr"",""15 metr"",""30 metr""}","{""10 метр"",""15 метр"",""30 метр""}",0,https://postimg.cc/Dmfk0bYv,Bilet 51-60,300,,,,
Ushbu yotik yul chizigi kaysi gurux yul belgilarini takrorlaydi? Kaysi rasmda piyodalarning tashkiliy jamlanmasi yulning katnov kismida koidani buzmay xarakatlanmokda?,Ушбу ётик йул чизиги кайси гурух йул белгиларини такрорлайди? Кайси расмда пиёдаларнинг ташкилий жамланмаси йулнинг катнов кисмида коидани бузмай харакатланмокда?,"{""1"",""2"",""1,2"",""Axborot-kursatgich belgilarni""}","{""1"",""2"",""1,2"",""Ахборот-курсатгич белгиларни""}",0,https://ptest.uz/images/9384f840-4975-490a-98f1-c0e6d7ccf320.webp,Bilet 51-60,300,,,,
Kaysi belgi piyodalar utish joyini bildiradi?,Кайси белги пиёдалар утиш жойини билдиради?,"{""«A»"",""«B»"",""«V»""}","{""«А»"",""«Б»"",""«В»""}",1,https://ptest.uz/images/9d896908-9b80-4c1c-ac30-675258874747.webp,Bilet 51-60,300,,,,
Ushbu vaziyatda xaydovchilar birinchi temir yul iziga eng kamida necha metr kolganda tuxtashlari kerak?,Ушбу вазиятда хайдовчилар биринчи темир йул изига энг камида неча метр колганда тухташлари керак?,"{""3 metr"",""5 metr"",""10 metr""}","{""3 метр"",""5 метр"",""10 метр""}",2,https://ptest.uz/images/d0a04384-4c15-40c2-ab07-39cb65300595.webp,Bilet 51-60,300,,,,
Kaysi transport vositasining xaydovchisi axoli punktlarida tuxtash koidasini buzmokda?,Кайси транспорт воситасининг хайдовчиси ахоли пунктларида тухташ коидасини бузмокда?,"{""Sarik avtomobil xaydovchisi"",""Kuk avtomobil xaydovchisi"",""Xar ikkisi buzmadi"",""Xar ikkisi buzdi""}","{""Сарик автомобил хайдовчиси"",""Кук автомобил хайдовчиси"",""Хар иккиси бузмади"",""Хар иккиси бузди""}",2,https://ptest.uz/images/8077927b-c5b3-4493-93b3-971c24010b72.webp,Bilet 51-60,300,,,,
Kaysi rasmdagi xaydovchilar tuxtash koidasini buzdilar?,Кайси расмдаги хайдовчилар тухташ коидасини буздилар?,"{""1"",""2"",""3"",""1,2"",""1,3""}","{""1"",""2"",""3"",""1,2"",""1,3""}",4,https://ptest.uz/images/fb39bcf4-50dc-4940-bf75-7262c19e50e2.webp,Bilet 51-60,300,,,,
Ushbu kushimcha axborot belgisi kaysi yul belgisi bilan kullaniladi?,Ушбу кушимча ахборот белгиси кайси йул белгиси билан кулланилади?,"{""1"",""2"",""3"",""4""}","{""1"",""2"",""3"",""4""}",3,https://ptest.uz/images/b0295606-e47c-4269-bb90-ee5a7a4c30ea.webp,Bilet 51-60,300,,,,
Ushbu transport vosita kaysi toifaga kiradi?,Ушбу транспорт восита кайси тоифага киради?,"{""M1"",""M2"",""N1"",""O1""}","{""М1"",""М2"",""Н1"",""О1""}",0,https://ptest.uz/images/c7eadfdb-f6a6-4e86-bd42-d8a5059bf103.webp,Bilet 51-60,300,,,,
Ko'k rangli yalt-yalt etuvchi mayokchalari va maxsus tovushli ishorasi yokilgan maxsus transport vositasi chorraxani nechanchi bulib kesib utadi? Kaysi transport vositalariga yulovchilarni tushurishga ruxsat etiladi?,Кўк рангли ялт-ялт этувчи маёкчалари ва махсус товушли ишораси ёкилган махсус транспорт воситаси чоррахани нечанчи булиб кесиб утади? Кайси транспорт воситаларига йуловчиларни тушуришга рухсат этилади?,"{""«A»"",""«B»"",""«V»"",""Xech kaysi biriga""}","{""«А»"",""«Б»"",""«В»"",""Хеч кайси бирига""}",0,https://ptest.uz/images/3400c11c-1a30-43dd-873f-ef3fc1c93c53.webp,Bilet 51-60,300,,,,
Bu xavflilik belgisi kanday nomlanadi?,Бу хавфлилик белгиси кандай номланади?,"{""Oksidlovchi moddalar"",""Organik proksidlar"",""Tez alangalanadigan gazlar va suyukliklar""}","{""Оксидловчи моддалар"",""Органик проксидлар"",""Тез алангаланадиган газлар ва суюкликлар""}",1,https://ptest.uz/images/ab9e4293-df83-411e-aabd-250e8e8bd5ae.webp,Bilet 51-60,300,,,,
Ushbu belgi kanday nomlanadi?,Ушбу белги кандай номланади?,"{""Tuxtab turish joyi"",""Pullik tuxtab turish joyi"",""Yer usti avtomobil kuyish joyi"",""Yer osti avtomobil kuyish joyi""}","{""Тухтаб туриш жойи"",""Пуллик тухтаб туриш жойи"",""Ер усти автомобил куйиш жойи"",""Ер ости автомобил куйиш жойи""}",1,https://ptest.uz/images/24b45441-b8b7-4385-9722-e60ca8124fd6.webp,Bilet 51-60,300,,,,
Kizil avtomobil xaydovchisi kaysi yunalishlarda xarakatlanishiga ruxsat berilgan?,Кизил автомобил хайдовчиси кайси йуналишларда харакатланишига рухсат берилган?,"{""Fakat chapga"",""Chapga va kayrilib olishga"",""Turiga va chapga""}","{""Факат чапга"",""Чапга ва кайрилиб олишга"",""Турига ва чапга""}",1,https://ptest.uz/images/975b2d2b-a5f8-473b-8b23-0e5c90dd8040.webp,Bilet 51-60,300,,,,
Kuyidagi joyda tuxtashga ruxsat beriladimi?,Куйидаги жойда тухташга рухсат бериладими?,"{""Ruxsat beriladi"",""Takiklanadi"",""Tuxtagan transport vositasi bilan sidirga chizik orasidagi masofa 3 metrdan kup bulsa ruxsat beriladi""}","{""Рухсат берилади"",""Такикланади"",""Тухтаган транспорт воситаси билан сидирга чизик орасидаги масофа 3 метрдан куп булса рухсат берилади""}",1,https://ptest.uz/images/c2f01a27-cb1a-433e-ade0-3dcbc9440ec4.webp,Bilet 51-60,300,,,,
Imtiyoz belgilari qaysi joylarda harakatlanish navbatini belgilaydi?,Имтиёз бэлгилари қайси жойларда ҳаракатланиш навбатини бэлгилайди?,"{""Faqat chorrahalarda"",""Faqat yo Ining tor qismiarida"",""Har ikkala javob ham to'g'ri""}","{""Фақат чорраҳаларда"",""Фақат ё Ининг тор қисмиарида"",""Ҳар иккала жавоб ҳам тўғри""}",2,https://postimg.cc/Dmfk0bYv,Bilet 51-60,300,,,,
Yo'l harakat qoidalarida nechta bob va bandidan iborat?,Йўл ҳаракат қоидаларида нечта боб ва бандидан иборат?,"{""50 bob 300 band"",""37 bob 286 band"",""29 bob 186 band""}","{""50 боб 300 банд"",""37 боб 286 банд"",""29 боб 186 банд""}",2,https://postimg.cc/Dmfk0bYv,Bilet 51-60,300,,,,
Qaysi yo'l belgisi qayrilib olishga ruxsat beradi?,Қайси йўл белгиси қайрилиб олишга рухсат беради?,"{""Faqat 1 va 2"",""Faqat 2 va 3"",""Barchasi""}","{""Фақат 1 ва 2"",""Фақат 2 ва 3"",""Барчаси""}",0,https://ptest.uz/images/6ace49af-41d4-41f3-80cf-9b8b7a69d818.webp,Bilet 51-60,300,,,,
"Agar yo'l belgilari va chiziqlari boshqa yo'nalishni ko'rsatmagan bo'lsa, haydovchilar ajratuvchi bo'lagi bo'lmagan ikki tomonlama harakat tashkil etilgan yo'llardagi xavfsizlik orolchalari, ustunchalar va yo'l inshooti qismlari (ko'prik, yo'l o'tkazgich ustunlari va shunga o'xshashlar)ni qaysi tomondan aylanib o'tishlari kerak?","Агар йўл белгилари ва чизиқлари бошқа йўналишни кўрсатмаган бўлса, ҳайдовчилар ажратувчи бўлаги бўлмаган икки томонлама ҳаракат ташкил этилган йўллардаги хавфсизлик оролчалари, устунчалар ва йўл иншооти қисмлари (кўприк, йўл ўтказгич устунлари ва шунга ўхшашлар)ни қайси томондан айланиб ўтишлари керак?","{""Faqat o'ng tomondan aylanib o'tishlari kerak"",""Faqat chap tomondan aylanib o'tishlari kerak"",""Har ikkala tomondan aylanib o'tishlari kerak""}","{""Фақат ўнг томондан айланиб ўтишлари керак"",""Фақат чап томондан айланиб ўтишлари керак"",""Ҳар иккала томондан айланиб ўтишлари керак""}",0,https://postimg.cc/Dmfk0bYv,Bilet 51-60,300,,,,
Ushbu joyda quvib o'tishga ruxsat beriladimi?,Ушбу жойда қувиб ўтишга рухсат бериладими?,"{""Ruxsat beriladi"",""Oldindagi transport vositasi tezligi 40 km/s dan kam bo'lsa"",""Taqiqlanadi""}","{""Рухсат берилади"",""Олдиндаги транспорт воситаси тезлиги 40 км/с дан кам бўлса"",""Тақиқланади""}",2,https://ptest.uz/images/102a4f04-dfbc-4c4c-85b9-e10bc7672838.webp,Bilet 51-60,300,,,,
Ushbu chorrahada chapga burilishga ruxsat etiladimi?,Ушбу чорраҳада чапга бурилишга рухсат этиладими?,"{""Ruxsat etiladi"",""Taqiqlanadi""}","{""Рухсат этилади"",""Тақиқланади""}",0,https://ptest.uz/images/791fbff7-8d8e-4da1-b0cd-b9832e1a789b.webp,Bilet 51-60,300,,,,
Mexanik transport vositasining egasi yonida haydochilik guvohnomasi bo'lmaganida qanday hujjat bilan boshqarishga ruxsat etiladi?,Механик транспорт воситасининг эгаси ёнида ҳайдочилик гувоҳномаси бўлмаганида қандай ҳужжат билан бошқаришга рухсат этилади?,"{""Biometrik passport"",""ID karta"",""Egalik huquqi"",""Barcha javoblar to'g'ri"",""Birinchi va ikkinchi javoblar to'g'ri""}","{""Биометрик пасспорт"",""ID карта"",""Эгалик ҳуқуқи"",""Барча жавоблар тўғри"",""Биринчи ва иккинчи жавоблар тўғри""}",4,https://postimg.cc/Dmfk0bYv,Bilet 51-60,300,,,,
Chorrahadan to'g'riga harakatlanmochisiz – sizning harakatingiz:,Чорраҳадан тўғрига ҳаракатланмочисиз – сизнинг ҳаракатингиз:,"{""Birinchi o'taman"",""Avtobusga yo'l beraman""}","{""Биринчи ўтаман"",""Автобусга йўл бераман""}",1,https://ptest.uz/images/210b65cf-3fc9-45ce-87b2-fd5e1a531a6d.webp,Bilet 51-60,300,,,,
Qaysi avtomobil haydovchisiga burilishga ruxsat etilgan?,Қайси автомобил ҳайдовчисига бурилишга рухсат этилган?,"{""Har ikkisiga ruxsat etilgan"",""Oq avtomobil haydovchisiga"",""Har ikkisiga taqiqlangan"",""Qizil avtomobil haydovchisiga""}","{""Ҳар иккисига рухсат этилган"",""Оқ автомобил ҳайдовчисига"",""Ҳар иккисига тақиқланган"",""Қизил автомобил ҳайдовчисига""}",2,https://ptest.uz/images/eb1f97db-c762-41ff-83a5-77632659ae6c.webp,Bilet 51-60,300,,,,
Qaysi avtomobil haydovchisi qoidani buzib hovliga burildi?,Қайси автомобил ҳайдовчиси қоидани бузиб ҳовлига бурилди?,"{""Faqat oq avtomobil haydovchisi"",""Faqat sariq avtomobil haydovchisi"",""Hech qaysi buzmadi"",""Ikkisi ham buzdi""}","{""Фақат оқ автомобил ҳайдовчиси"",""Фақат сариқ автомобил ҳайдовчиси"",""Ҳеч қайси бузмади"",""Иккиси ҳам бузди""}",1,https://ptest.uz/images/5819031e-330c-416f-8cce-45112e43e718.webp,Bilet 51-60,300,,,,
Ushbu vaziyatda qaysi yo'nalishda harakatlanishingiz mumkin?,Ушбу вазиятда қайси йўналишда ҳаракатланишингиз мумкин?,"{""1, 3 va 4 yo'nalishlarda"",""1, 2 va 3 yo'nalishlarda"",""1 va 4 yo'nalishlarda"",""Barcha yo'nalishlarda""}","{""1, 3 ва 4 йўналишларда"",""1, 2 ва 3 йўналишларда"",""1 ва 4 йўналишларда"",""Барча йўналишларда""}",3,https://ptest.uz/images/4fffc189-754d-4768-b02f-feda1ab3284e.webp,Bilet 51-60,300,,,,
Haydovchi poezdni o'tkazib yuborishi uchun to'g'ri to'xtaganmi?,Ҳайдовчи поездни ўтказиб юбориши учун тўғри тўхтаганми?,"{""Ha"",""Yo'q""}","{""Ҳа"",""Йўқ""}",1,https://ptest.uz/images/c1706092-b024-4938-903c-4677f3478c78.webp,Bilet 51-60,300,,,,
Odamlarni quyidagi hollarda tashishga ruxsat etiladi:,Одамларни қуйидаги ҳолларда ташишга рухсат этилади:,"{""Tirkama-uychada"",""Yuk tashiladigan tirkamalarda"",""Taraktoriarda"",""Bolalarni yuk avtomobilining yukxonasida"",""Barcha hollarda tashish taqialanadi""}","{""Тиркама-уйчада"",""Юк ташиладиган тиркамаларда"",""Таракториарда"",""Болаларни юк автомобилининг юкхонасида"",""Барча ҳолларда ташиш тақиаланади""}",4,https://postimg.cc/Dmfk0bYv,Bilet 51-60,300,,,,
"Siz chorrahadan chapga burilmoqchisiz, kimga yo'l berishingiz kerak?","Сиз чорраҳадан чапга бурилмоқчисиз, кимга йўл беришингиз керак?","{""Mikroavtobusga"",""Traktorga"",""Ikkala transportga"",""Birinchi o'tish huquqiga egaman""}","{""Микроавтобусга"",""Тракторга"",""Иккала транспортга"",""Биринчи ўтиш ҳуқуқига эгаман""}",1,https://ptest.uz/images/4212e081-8996-40b2-b8ec-67e421458a21.webp,Bilet 51-60,300,,,,
Yo'naltirgichlar bilan ko'rsatilgan qaysi yo'nalishlarda harakat ruxsat etilgan? Transport vositalarini boshqarishni dastlabki o'rgatish (boshiang'ich mashg'ulot) qaerda amalga oshiriladi?,Йўналтиргичлар билан кўрсатилган қайси йўналишларда ҳаракат рухсат этилган? Транспорт воситаларини бошқаришни дастлабки ўргатиш (бошианғич машғулот) қаерда амалга оширилади?,"{""Avtomagistralda"",""Aholi punktlarida"",""Turar joy dahalarida"",""Yopiq maydonchalarda yoki avtodromiarda"",""Barcha yo'nalishlarga""}","{""Автомагистралда"",""Аҳоли пунктларида"",""Турар жой даҳаларида"",""Ёпиқ майдончаларда ёки автодромиарда"",""Барча йўналишларга""}",3,https://ptest.uz/images/37a1487c-958a-41f0-b51b-3255429946f8.webp,Bilet 51-60,300,,,,
Harakatlanish vaqtida velosipedchi bilan avtomobil yo'llari kesishganda kim yo'l berishi kerak?,Ҳаракатланиш вақтида велосипедчи билан автомобил йўллари кесишганда ким йўл бериши керак?,"{""Avtomobil"",""Velosipedchilar"",""O'zaro kelishib o'tishadi""}","{""Автомобил"",""Велосипедчилар"",""Ўзаро келишиб ўтишади""}",1,https://ptest.uz/images/2838aca2-745d-4749-89ea-cbd3e97b0ee6.webp,Bilet 51-60,300,,,,
Ushbu belgi qanday nomlanadi?,Ушбу белги қандай номланади?,"{""Piyodalarning harakati taqiqlangan"",""Individual harakatlanish vositalarini boshqarish taqiqlangan"",""Bolalar uchishi taqiqlangan"",""Ko'rsatilgan barcha javoblar to'g'ri""}","{""Пиёдаларнинг ҳаракати тақиқланган"",""Индивидуал ҳаракатланиш воситаларини бошқариш тақиқланган"",""Болалар учиши тақиқланган"",""Кўрсатилган барча жавоблар тўғри""}",1,https://ptest.uz/images/5991673f-1763-4d06-85ba-9d650ca12888.webp,Bilet 51-60,300,,,,
Ushbu kesishmadan o'ngga burilishga ruxsat beriladimi?,Ушбу кесишмадан ўнгга бурилишга рухсат бериладими?,"{""Taqiqlanadi"",""Ruxsat beriladi""}","{""Тақиқланади"",""Рухсат берилади""}",1,https://ptest.uz/images/67dc7acb-650a-49b6-8061-8c8ca282c25a.webp,Bilet 51-60,300,,,,
Faqat belgilangan yo'nalishli transport vositalariga qatnov qisimda ajratilgan tasmasida boshqa turdagi transport vositalari harakatlanishga ruhsat etiladimi?,Фақат белгиланган йўналишли транспорт воситаларига қатнов қисимда ажратилган тасмасида бошқа турдаги транспорт воситалари ҳаракатланишга руҳсат этиладими?,"{""Ruxsat etiladi"",""Taqiqlanadi"",""Faqat belgilangan yo'nalishli transport vositasining harakatlanish vaqti tugaganida ruhsat etiladi""}","{""Рухсат этилади"",""Тақиқланади"",""Фақат белгиланган йўналишли транспорт воситасининг ҳаракатланиш вақти тугаганида руҳсат этилади""}",2,https://postimg.cc/Dmfk0bYv,Bilet 51-60,300,,,,
Imtiyoz belgilari qaysi joylarda harakatlanish navbatini belgilaydi?,Имтиёз бэлгилари қайси жойларда ҳаракатланиш навбатини бэлгилайди?,"{""Faqat chorrahalarda"",""Faqat yo Ining tor qismiarida"",""Har ikkala javob ham to'g'ri""}","{""Фақат чорраҳаларда"",""Фақат ё Ининг тор қисмиарида"",""Ҳар иккала жавоб ҳам тўғри""}",2,https://postimg.cc/Dmfk0bYv,Bilet 51-60,300,,,,
Avtomobil qaysi yo'nalishda qayrilib olishiga ruxsat beriladi?,Автомобил қайси йўналишда қайрилиб олишига рухсат берилади?,"{""A yo'nalishga"",""B yo'nalishga"",""Har ikki yo'nalishda""}","{""А йўналишга"",""B йўналишга"",""Ҳар икки йўналишда""}",0,https://ptest.uz/images/0539a5d0-0c56-461a-aab8-914a4e933423.webp,Bilet 51-60,300,,,,
To'xtash deb nimaga aytiladi?,Тўхташ деб нимага айтилади?,"{""Transport vositasi harakatini 10 daqiqagacha bo'lgan muddatga to'xtatish (harakatsiz holatga keltirish)"",""Transport vositasiga yo'lovchilarni chiqarish yoki tushirish, yuk ortish yoki tushirish bilan bog'liq bo'lmagan hollarda harakatini 10 daqiqadan ko'proq vaqtga atayin to'xtatish""}","{""Транспорт воситаси ҳаракатини 10 дақиқагача бўлган муддатга тўхтатиш (ҳаракатсиз ҳолатга келтириш)"",""Транспорт воситасига йўловчиларни чиқариш ёки тушириш, юк ортиш ёки тушириш билан боғлиқ бўлмаган ҳолларда ҳаракатини 10 дақиқадан кўпроқ вақтга атайин тўхтатиш""}",0,https://postimg.cc/Dmfk0bYv,Bilet 51-60,300,,,,
Avtomobil haydovchisiga qaysi yo'nalish bo'yicha harakatlanishga ruxsat etiladi?,Автомобил ҳайдовчисига қайси йўналиш бўйича ҳаракатланишга рухсат этилади?,"{""O'ngga va chapga"",""Faqat chapga"",""Barcha yo'nalishlarga""}","{""Ўнгга ва чапга"",""Фақат чапга"",""Барча йўналишларга""}",1,https://ptest.uz/images/48ffe8f6-a129-4f95-8be0-9b203b134870.webp,Bilet 51-60,300,,,,
Quyidagi joyda sariq avtomobilga quvib o'tishga ruxsat beradimi?,Қуйидаги жойда сариқ автомобилга қувиб ўтишга рухсат берадими?,"{""Ruxsat beriladi"",""Taqiqlanadi""}","{""Рухсат берилади"",""Тақиқланади""}",0,https://ptest.uz/images/d5ba8920-2d0f-446a-a272-aab8671d27c1.webp,Bilet 51-60,300,,,,
Qaysi belgida haydovchiga quvib o'tish taqiqlangan?,Қайси белгида ҳайдовчига қувиб ўтиш тақиқланган?,"{""1 va 3"",""1 va 2"",""2 va 3"",""Hamma rasmda""}","{""1 ва 3"",""1 ва 2"",""2 ва 3"",""Ҳамма расмда""}",2,https://ptest.uz/images/5a75b446-af38-4193-80e7-358d1999d3dd.webp,Bilet 51-60,300,,,,
Quyidagi yo'l belgilaridan qaysilari qo'shimcha axborot belgilari hisoblanadi?,Қуйидаги йўл белгиларидан қайсилари қўшимча ахборот белгилари ҳисобланади?,"{""1 va 2 belgilar"",""2 va 3 belgila"",""Barcha belgilar""}","{""1 ва 2 белгилар"",""2 ва 3 белгила"",""Барча белгилар""}",1,https://ptest.uz/images/0211c51a-561b-43e2-858e-5cf9cfd70cfc.webp,Bilet 51-60,300,,,,
"Sariq mashina haydovchisi o'tib ketayotgan mashina orqasida to'xtagan bo'lsa, «STOP» belgisida ham to'xtashi kerakmi?","Сариқ машина ҳайдовчиси ўтиб кетаётган машина орқасида тўхтаган бўлса, «СТОП» белгисида ҳам тўхташи керакми?","{""Ha"",""Yo'q""}","{""Ҳа"",""Йўқ""}",0,https://ptest.uz/images/02c4b7a9-9b17-4543-be56-634e70d12267.webp,Bilet 51-60,300,,,,
Avtomobillar harakatlanayotgan qatnash qismida necha harakatlanish tasmasi bor?,Автомобиллар ҳаракатланаётган қатнаш қисмида неча ҳаракатланиш тасмаси бор?,"{""Bitta tasma"",""Ikkita tasma"",""Uchta tasma""}","{""Битта тасма"",""Иккита тасма"",""Учта тасма""}",1,https://ptest.uz/images/88680ff6-e951-4a00-85bd-f3c32d6d7f29.webp,Bilet 51-60,300,,,,
Avtomobil haydovchisi qaysi yo'nalishlarda harakatlanishga ruxsat beradi?,Автомобил ҳайдовчиси қайси йўналишларда ҳаракатланишга рухсат беради?,"{""Faqat A va B"",""Faqat B"",""Tolko A"",""Barchasi""}","{""Фақат А ва B"",""Фақат B"",""Только A"",""Барчаси""}",1,https://ptest.uz/images/7de83d8d-b5b4-492c-901c-2c46ec151471.webp,Bilet 51-60,300,,,,
Qaysi avtomobilga qayrilib olishga ruxsat beriladi?,Қайси автомобилга қайрилиб олишга рухсат берилади?,"{""Har ikkisiga"",""Sariq avtomobilga"",""Ko'k avtomobilga"",""Har ikki avtomobilga taqiqlanadi""}","{""Ҳар иккисига"",""Сариқ автомобилга"",""Кўк автомобилга"",""Ҳар икки автомобилга тақиқланади""}",3,https://ptest.uz/images/2cf36bf6-7229-4e0c-b042-d26abb7bb716.webp,Bilet 51-60,300,,,,
Chorrahadan o'tish navbatini ko'rsating:,Чорраҳадан ўтиш навбатини кўрсатинг:,"{""Velosiped, qizil avtomobil, oq avtomobil"",""Qizil avtomobil, oq avtomobil, velosiped"",""Velosiped, oq avtomobil, qizil avtomobil""}","{""Велосипед, қизил автомобил, оқ автомобил"",""Қизил автомобил, оқ автомобил, велосипед"",""Велосипед, оқ автомобил, қизил автомобил""}",2,https://ptest.uz/images/f79a79f8-9edc-4caa-b3d0-41cd71c4f861.webp,Bilet 51-60,300,,,,
Qaysi avtomobil chorrahada burilish qoidasini buzdi?,Қайси автомобил чорраҳада бурилиш қоидасини бузди?,"{""Qizil avtomobil"",""Ko'k avtomobil"",""Har ikkisi ham buzdi"",""Har ikkisi ham buzmagan""}","{""Қизил автомобиль"",""Кўк автомобиль"",""Ҳар иккиси ҳам бузди"",""Ҳар иккиси ҳам бузмаган""}",0,https://ptest.uz/images/57e02848-4d8c-42b0-a9d8-c49a17c1949b.webp,Bilet 51-60,300,,,,
Qaysi transport vositasi qoidani buzmoqda?,Қайси транспорт воситаси қоидани бузмоқда?,"{""Har ikkalasi buzmadi"",""Yashil buzdi"",""Har ikkalasi buzdi"",""Oq buzdi""}","{""Ҳар иккаласи бузмади"",""Яшил бузди"",""Ҳар иккаласи бузди"",""Оқ бузди""}",2,https://ptest.uz/images/36c34e9c-4014-4ea2-bd9c-7e1e6791c276.webp,Bilet 51-60,300,,,,
Bir yo'nalishda harakatlanayotgan (burilishga kirishmagan) relssiz transport vositasidan o'zib ketishga ruxsat beriladi:,Бир йўналишда ҳаракатланаётган (бурилишга киришмаган) релссиз транспорт воситасидан ўзиб кетишга рухсат берилади:,"{""Faqat chap tomondan"",""Faqat o'ng tomondan"",""Har ikki tomondan""}","{""Фақат чап томондан"",""Фақат ўнг томондан"",""Ҳар икки томондан""}",2,https://postimg.cc/Dmfk0bYv,Bilet 51-60,300,,,,
O'quv muddati yakunida “A” toifadagi mototransport vositasini boshqarish huquqiga ega bo'lish uchun necha yoshga to'lgan shaxslarga imtihonlar topshirishga ruxsat etiladi?,Ўқув муддати якунида “А” тоифадаги мототранспорт воситасини бошқариш ҳуқуқига эга бўлиш учун неча ёшга тўлган шахсларга имтиҳонлар топширишга рухсат этилади?,"{""17 yoshga"",""16 yoshga"",""14 yoshga"",""18 yoshga"",""15 yoshga""}","{""17 ёшга"",""16 ёшга"",""14 ёшга"",""18 ёшга"",""15 ёшга""}",1,https://ptest.uz/images/b4f8957d-937e-405b-bed1-b4d894051dee.webp,Bilet 51-60,300,,,,
Qaysi avtomobil haydovchisi svetaforning taqiqlovchi ishorasida to'g'ri to'xtadi? Rasmda ko'rsatilgan vaziyatda qizil avtomobil haydovchisi harakatni davom ettirish kerakmi?,Қайси автомобил ҳайдовчиси светафорнинг тақиқловчи ишорасида тўғри тўхтади? Расмда кўрсатилган вазиятда қизил автомобил ҳайдовчиси ҳаракатни давом эттириш керакми?,"{""Ha"",""Yo'q"",""Har ikkala rasmd""}","{""Ҳа"",""Йўқ"",""Ҳар иккала расмд""}",0,https://ptest.uz/images/63ecd59d-5add-456a-964d-72963d4fd296.webp,Bilet 51-60,300,,,,
To'xtab turish deb nimaga aytiladi?,Тўхтаб туриш деб нимага айтилади?,"{""Transport vositasi harakatini 10 daqiqagacha bo'lgan muddatga to'xtatish (harakatsiz holatga keltirish)"",""Transport vositasiga yo'lovchilarni chiqarish yoki tushirish, yuk ortish yoki tushirish bilan bog'liq bo'lmagan hollarda harakatini 10 daqiqadan ko'proq vaqtga atayin to'xtatish""}","{""Транспорт воситаси ҳаракатини 10 дақиқагача бўлган муддатга тўхтатиш (ҳаракатсиз ҳолатга келтириш)"",""Транспорт воситасига йўловчиларни чиқариш ёки тушириш, юк ортиш ёки тушириш билан боғлиқ бўлмаган ҳолларда ҳаракатини 10 дақиқадан кўпроқ вақтга атайин тўхтатиш""}",1,https://postimg.cc/Dmfk0bYv,Bilet 51-60,300,,,,
Qaysi yo'nalishda qayrilib olishga ruxsat beradi?,Қайси йўналишда қайрилиб олишга рухсат беради?,"{""Faqat A va C"",""Faqat C"",""Faqat B"",""Barchasi""}","{""Фақат А ва C"",""Фақат C"",""Фақат B"",""Барчаси""}",1,https://ptest.uz/images/a5cc88b2-f006-4c82-9da8-58da09835839.webp,Bilet 51-60,300,,,,
Qaysi yo'nalish bo'yicha harakatlanishga ruxsat berilgan?,Қайси йўналиш бўйича ҳаракатланишга рухсат берилган?,"{""A va B"",""B va C"",""Hamma yo'nalishlarga""}","{""А ва Б"",""Б ва Ч"",""Ҳамма йўналишларга""}",1,https://ptest.uz/images/c180fe67-11a2-48a6-b2d2-0ef111c3fcb1.webp,Bilet 51-60,300,,,,
Avtomobillarga qaysi yo'nalishlarda harakatlanishga ruxsat beriladi?,Автомобилларга қайси йўналишларда ҳаракатланишга рухсат берилади?,"{""Qizilga chapga, ko'kka taqiqlaydi"",""Ko'kka to'g'riga, qizilga chapga"",""Har ikkisiga ham ko'rsatilgan yo'nalishlarda ruxsat beriladi"",""Qizilga ruxsat beriladi, ko'kka o'nga taqiqlangan""}","{""Қизилга чапга, кўкка тақиқлайди"",""Кўкка тўғрига, қизилга чапга"",""Ҳар иккисига ҳам кўрсатилган йўналишларда рухсат берилади"",""Қизилга рухсат берилади, кўкка ўнга тақиқланган""}",2,https://ptest.uz/images/0874fde1-99cd-40e1-9470-28f638645c76.webp,Bilet 51-60,300,,,,
Chapga burilish sizga qaysi traektoriya bo'yicha amalga oshirishga ruxsat etiladi?,Чапга бурилиш сизга қайси траектория бўйича амалга оширишга рухсат этилади?,"{""Faqat A traektoriya bo'yicha"",""Ko'rsatilgan traektoriyalardan istalgan biri bo'yicha"",""Faqat B traektoriya bo'yicha""}","{""Фақат А траектория бўйича"",""Кўрсатилган траекториялардан исталган бири бўйича"",""Фақат B траектория бўйича""}",2,https://ptest.uz/images/70c34207-e3f4-47a1-8a44-bec0a64be006.webp,Bilet 51-60,300,,,,
"Qaysi javobda ""avariya holatini yuzaga keltirish"" atamasi tarifi to'g'ri ko'rsatilgan?","Қайси жавобда ""авария ҳолатини юзага келтириш"" атамаси таърифи тўғри кўрсатилган?","{""Yo'l-transport hodisalarining kelib chiqish sabablarining oldini olishga, ularning og'ir oqibatlarini kamaytirishga qaratilgan faoliyat"",""Yo'l harakatining boshqa qatnashchilarini harakat yo'nalishi yoki tezligini keskin o'zgartirishga, shuningdek, o'z xavfsizligini yoxud boshqa fuqarolar xavfsizligini taminlash uchun o'zga choralarni ko'rishga majbur qilish""}","{""Йўл-транспорт ҳодисаларининг келиб чиқиш сабабларининг олдини олишга, уларнинг оғир оқибатларини камайтиришга қаратилган фаолият"",""Йўл ҳаракатининг бошқа қатнашчиларини ҳаракат йўналиши ёки тезлигини кескин ўзгартиришга, шунингдек, ўз хавфсизлигини ёхуд бошқа фуқаролар хавфсизлигини таъминлаш учун ўзга чораларни кўришга мажбур қилиш""}",1,https://postimg.cc/Dmfk0bYv,Bilet 51-60,300,,,,
Velosipeddan foydalanishda yo'lovchi tashish qaysi hollarda ruxsat etiladi?,Велосипеддан фойдаланишда йўловчи ташиш қайси ҳолларда рухсат этилади?,"{""Faqat 7 yoshgacha bo'lgan bolalarni maxsus o'rindiqda tashish mumkin"",""Faqat kattalar uchun ruxsat etiladi"",""Har qanday yo'lovchini tashish mumkin"",""Hech qachon ruxsat etilmaydi""}","{""Фақат 7 ёшгача бўлган болаларни махсус ўриндиқда ташиш мумкин"",""Фақат катталар учун рухсат этилади"",""Ҳар қандай йўловчини ташиш мумкин"",""Ҳеч қачон рухсат этилмайди""}",0,https://postimg.cc/Dmfk0bYv,Bilet 51-60,300,,,,
Harakat tezligi 40 km/soatdan oshmaydigan transport vositasiga qatnov qismining o'ng qatoridan chiqishga qachon ruxsat etiladi?,Ҳаракат тезлиги 40 км/соатдан ошмайдиган транспорт воситасига қатнов қисмининг ўнг қаторидан чиқишга қачон рухсат этилади?,"{""Aylanib o'tishda"",""Chapga burilish yoki qayrib olish uchun qayta tizilishda"",""Barcha sanab o'tilgan hollarda""}","{""Айланиб ўтишда"",""Чапга бурилиш ёки қайриб олиш учун қайта тизилишда"",""Барча санаб ўтилган ҳолларда""}",2,https://postimg.cc/Dmfk0bYv,Bilet 51-60,300,,,,
"Svetoforning asosiy yashil ishorasiga yo'naltirgich (yo'naltirgichlar)ning shakli tushirilgan bo'lsa, haydovchilarga nima haqida axborot beradi?","Светофорнинг асосий яшил ишорасига йўналтиргич (йўналтиргичлар)нинг шакли туширилган бўлса, ҳайдовчиларга нима ҳақида ахборот беради?","{""Yaqin orada yashil ishorasi yonishi haqida axborot beradi"",""Svetoforning qo'shimcha tarmog'i borligi haqida axborot beradi"",""Svetofor ishlamayotganligi to'g'risida axborot beradi""}","{""Яқин орада яшил ишораси ёниши ҳақида ахборот беради"",""Светофорнинг қўшимча тармоғи борлиги ҳақида ахборот беради"",""Светофор ишламаётганлиги тўғрисида ахборот беради""}",1,https://postimg.cc/Dmfk0bYv,Bilet 51-60,300,,,,
Yo'nalishli transport vositalariga bekatlardan tashqari joylarda yo'lovchi olish va tushirishga (yo'nalishli taksilar bundan mustasno) ruxsat etiladimi?,Йўналишли транспорт воситаларига бекатлардан ташқари жойларда йўловчи олиш ва туширишга (йўналишли таксилар бундан мустасно) рухсат этиладими?,"{""Ruxsat etiladi"",""Taqiqlanadi""}","{""Рухсат этилади"",""Тақиқланади""}",1,https://postimg.cc/Dmfk0bYv,Bilet 51-60,300,,,,
Qizil avtomobil kimga yo'l berishi kerak?,Қизил автомобил кимга йўл бериши керак?,"{""Yuk mashinasiga"",""Traktorga"",""Hech kimga""}","{""Юк машинасига"",""Тракторга"",""Ҳеч кимга""}",2,https://ptest.uz/images/43a3c267-a986-47d8-9279-ebdfc5973d68.webp,Bilet 51-60,300,,,,
Qaysi avtomobil haydovchisi yo'l berishi kerak?,Қайси автомобиль ҳайдовчиси йўл бериши керак?,"{""Qizil avtomobil"",""Ko'k avtomobil""}","{""Қизил автомобиль"",""Кўк автомобиль""}",0,https://ptest.uz/images/ba15ab5a-6365-4913-a0f3-320af7e05090.webp,Bilet 51-60,300,,,,
Ushbu avtomobil qaysi yo'nalishlarda harakatlanishga ruxsat beriladi?,Ушбу автомобиль қайси йўналишларда ҳаракатланишга рухсат берилади?,"{""Barcha yo'nalishlarda"",""Birinchi, ikkinchi va uchinchi yo'nalishlarda"",""Birinchi, uchinchi va to'rtinchi yo'nalishlarda"",""Faqat birinchi""}","{""Барча йўналишларда"",""Биринчи, иккинчи ва учинчи йўналишларда"",""Биринчи, учинчи ва тўртинчи йўналишларда"",""Фақат биринчи""}",2,https://ptest.uz/images/1309ffbe-dd55-48b9-9614-a83b58702e1f.webp,Bilet 51-60,300,,,,
Avtobus haydovchisiga bu joyda odam tushirishga ruxsat etiladimi?,Автобус ҳайдовчисига бу жойда одам туширишга рухсат этиладими?,"{""Ruxsat etiladi"",""Taqiqlanadi"",""Agar avtobus belgilangan yo'nalishli bo'lsa ruxsat etiladi""}","{""Рухсат этилади"",""Тақиқланади"",""Агар автобус белгиланган йўналишли бўлса рухсат этилади""}",1,https://ptest.uz/images/5963219d-d906-4573-b4b7-53b04fe4e3c9.webp,Bilet 51-60,300,,,,
Qaysi transport vositalari o'ngga harakatlanishga ruxsat etiladi?,Қайси транспорт воситалари ўнгга ҳаракатланишга рухсат этилади?,"{""Har ikkalaga"",""Tramvayga"",""Yengil avtomobilga""}","{""Ҳар иккалага"",""Трамвайга"",""Енгил автомобилга""}",2,https://ptest.uz/images/04a6d7ae-2abb-4962-84fc-d70bbba171bc.webp,Bilet 51-60,300,,,,
Ushbu avtomobilga ko'rsatilgan yo'nalishlardan qaysi biriga harakatlanishga ruxsat etiladi?,Ушбу автомобилга кўрсатилган йўналишлардан қайси бирига ҳаракатланишга рухсат этилади?,"{""Faqat qayrilib olishga"",""Faqat chapga"",""Ikkala yo'nalishga ham harakatlanish taqiqlanadi"",""Ikkala yo'nalishga ham harakatlanishga ruxsat etiladi""}","{""Фақат қайрилиб олишга"",""Фақат чапга"",""Иккала йўналишга ҳам ҳаракатланиш тақиқланади"",""Иккала йўналишга ҳам ҳаракатланишга рухсат этилади""}",3,https://ptest.uz/images/bf921d6c-ac5a-4455-b7d9-c983611613d7.webp,Bilet 51-60,300,,,,
Avtomobilga qaysi yo'nalishlarda harakatlanishga ruxsat etiladi?,Автомобилга қайси йўналишларда ҳаракатланишга рухсат этилади?,"{""1-yo'nalishda"",""2-yo'nalishda"",""Har ikkisiga ham ruxsat beriladi""}","{""1-йўналишда"",""2-йўналишда"",""Ҳар иккисига ҳам рухсат берилади""}",0,https://ptest.uz/images/4a7328fa-5b7b-4133-8438-23615f4783b4.webp,Bilet 51-60,300,,,,
Avtomobil haydovchisi qaysi yo'nalish bo'yicha qoidani buzib burilmoqda?,Автомобил ҳайдовчиси қайси йўналиш бўйича қоидани бузиб бурилмоқда?,"{""A"",""B"",""Har ikki yo'nalish bo'yicha qoidani buzmoqda"",""Har ikki yo'nalish bo'yicha qoidani buzmayapti""}","{""А"",""Б"",""Ҳар икки йўналиш бўйича қоидани бузмоқда"",""Ҳар икки йўналиш бўйича қоидани бузмаяпти""}",2,https://ptest.uz/images/9accd329-2a1c-4f56-9306-8b76d719f5b4.webp,Bilet 51-60,300,,,,
Qaysi yo'nalishlarda harakat qilish mumkin?,Қайси йўналишларда ҳаракат қилиш мумкин?,"{""Barcha yo'nalishlarda harakatlanishga ruxsat etiladi"",""Chapga va orqaga qaytish (qayrilib olish)"",""Chapga"",""To'g'riga va chapga"",""Barcha yo'nalishlarda harakatlanish taqiqlanadi""}","{""Барча йўналишларда ҳаракатланишга рухсат этилади"",""Чапга ва орқага қайтиш (қайрилиб олиш)"",""Чапга"",""Тўғрига ва чапга"",""Барча йўналишларда ҳаракатланиш тақиқланади""}",2,https://ptest.uz/images/9c99a446-4798-428d-b95c-d58c6ca18dc5.webp,Bilet 51-60,300,,,,
Aholi punktlaridan tashqarida qaysi avtomobil to'xtab turish qoidasini buzmadi?,Aҳоли пунктларидан ташқарида қайси автомобиль тўхтаб туриш қоидасини бузмади?,"{""Qizil avtomobil"",""Yashil avtomobil"",""Qizil va yashil avtomobil"",""Barcha avtomobillar to'xtab turish qoidasini buzdi"",""Ko'k avtomobil""}","{""Қизил автомобиль"",""Яшил автомобиль"",""Қизил ва яшил автомобиль"",""Барча автомобиллар тўхтаб туриш қоидасини бузди"",""Кўк автомобиль""}",0,https://ptest.uz/images/53e5e415-b698-4de1-833e-dea54bbfa153.webp,Bilet 51-60,300,,,,
Qaysi rasmda sariq avtomobil haydovchisi qizil avtomobilga yo'l berishi kerak?,Қайси расмда сариқ автомобил ҳайдовчиси қизил автомобилга йўл бериши керак?,"{""Birinchi rasmda"",""Ikkinchi rasmda"",""Ikkala rasmda""}","{""Биринчи расмда"",""Иккинчи расмда"",""Иккала расмда""}",2,https://ptest.uz/images/246c9768-157e-444e-87d6-db04a82492d9.webp,Bilet 51-60,300,,,,
Yengil avtomobil qaysi yo'nalish bo'yicha to'g'ri burilmoqda?,Енгил автомобил қайси йўналиш бўйича тўғри бурилмоқда?,"{""1"",""1 va 2"",""2""}","{""1"",""1 ва 2"",""2""}",0,https://ptest.uz/images/93ae0751-1eda-4afa-a641-c2a5cd17863d.webp,Bilet 51-60,300,,,,
Individual harakatlanish vositalarini necha yoshdan boshqarishga ruxsat beriladi?,Индивидуал ҳаракатланиш воситаларини неча ёшдан бошқаришга рухсат берилади?,"{""12"",""14"",""16""}","{""12"",""14"",""16""}",1,https://postimg.cc/Dmfk0bYv,Bilet 51-60,300,,,,
Yuk avtomobiliga qaysi yo'nalishlar bo'yicha harakatlanishga ruxsat etiladi?,Юк автомобилига қайси йўналишлар бўйича ҳаракатланишга рухсат этилади?,"{""Faqat chapga"",""Chapga va qayrilib olishga"",""To'g'riga va chap""}","{""Фақат чапга"",""Чапга ва қайрилиб олишга"",""Тўғрига ва чап""}",0,https://ptest.uz/images/a4f79cb0-44e7-4972-8474-a62263334ea8.webp,Bilet 51-60,300,,,,
Yo'l chiziqlari nechta guruhdan iborat?,Йўл чизиқлари нэчта гуруҳдан иборат?,"{""2 ta"",""3 ta"",""4 ta""}","{""2 та"",""3 та"",""4 та""}",0,https://postimg.cc/Dmfk0bYv,Bilet 51-60,300,,,,
"Yondosh hududlardan yo'lga chiqish joylarida yoki yo'lning dala, o'rmon yo'llari va boshqa doimiy harakatlanish, o'tib ketish uchun mo'ljallanmagan yo'llar bilan kesishgan (tutashgan) joylarida, ularning oldida tegishli belgillar o'rnatilmagan bo'lsa, bu belgillarning tasiri yo'qoladimi?","Ёндош ҳудудлардан йўлга чиқиш жойларида ёки йўлнинг дала, ўрмон йўллари ва бошқа доимий ҳаракатланиш, ўтиб кетиш учун мўлжалланмаган йўллар билан кесишган (туташган) жойларида, уларнинг олдида тегишли белгиллар ўрнатилмаган бўлса, бу белгилларнинг таъсири йўқоладими?","{""Yo'qoladi"",""Yo'qolmaydi""}","{""Йўқолади"",""Йўқолмайди""}",1,https://ptest.uz/images/e0cc8d5d-e1d3-480a-95aa-bd986e907117.webp,Bilet 51-60,300,,,,
Qaysi belgida qayrilishga ruxsat etiladi?,Қайси белгида қайрилишга рухсат этилади?,"{""B"",""C"",""A"",""A, B, C""}","{""Б"",""Ч"",""А"",""А, Б, Ч""}",3,https://ptest.uz/images/b6578efe-8aed-4a2d-ad3e-5495b2d7399d.webp,Bilet 51-60,300,,,,
Qizil avtomobil qaysi yo'nalishlarda qayrilib olishga ruxsat beriladi?,Қизил автомобил қайси йўналишларда қайрилиб олишга рухсат бэрилади?,"{""Birinchi yo'nalishda"",""Ikkinchi yo'nalishda"",""Ikkala yo'nalishlarda ham qayrilib olish taqiqlangan""}","{""Биринчи йўналишда"",""Иккинчи йўналишда"",""Иккала йўналишларда ҳам қайрилиб олиш тақиқланган""}",2,https://ptest.uz/images/3e79283e-6181-4c28-9c43-ebdfc6fae719.webp,Bilet 51-60,300,,,,
Qaysi avtomobil haydovchisi qoidani buzmay harakatlanmoqda?,Қайси автомобил ҳайдовчиси қоидани бузмай ҳаракатланмоқда?,"{""Chapdagi rasmda"",""O'ngdagi rasmda"",""Ikkala rasmda""}","{""Чапдаги расмда"",""Ўнгдаги расмда"",""Иккала расмда""}",0,https://ptest.uz/images/03e2dc56-2b3d-41a9-bd1f-e63d1e5b5caf.webp,Bilet 51-60,300,,,,
Qaysi Javobda belgining nomi to'g'ri ko'rsatilgan?,Қайси Жавобда белгининг номи тўғри кўрсатилган?,"{""Otda yurish yo'li"",""Otda harakatlanish"",""Otda yurish taqiqlanadi""}","{""Отда юриш йўли"",""Отда ҳаракатланиш"",""Отда юриш тақиқланади""}",0,https://ptest.uz/images/b03f33d9-6a4f-4f5d-b7d5-a386751822ed.webp,Bilet 51-60,300,,,,
Qizil avtomobil haydovchisi yaqinlashib kelayotgan poezdini o'tkazib yuborish uchun to'g'ri to'xtadimi?,Қизил автомобиль ҳайдовчиси яқинлашиб келаётган поездини ўтказиб юбориш учун тўғри тўхтадими?,"{""To'g'ri to'xtadi"",""Noto'g'ri to'xtadi""}","{""Тўғри тўхтади"",""Нотўғри тўхтади""}",1,https://ptest.uz/images/01c8d40f-7da7-4d86-ac75-514f428b0fe3.webp,Bilet 51-60,300,,,,
Miniladigan uy hayvonlarini boshqarishga necha yoshdan ruxsat etiladi?,Миниладиган уй ҳайвонларини бошқаришга нэча ёшдан рухсат этилади?,"{""12 yosh"",""14 yosh"",""16 yosh"",""18 yosh""}","{""12 ёш"",""14 ёш"",""16 ёш"",""18 ёш""}",1,https://postimg.cc/Dmfk0bYv,Bilet 51-60,300,,,,
Velosipedni boshqarishga necha yoshdan ruxsat etiladi?,Вэлосипэдни бошқаришга нэча ёшдан рухсат этилади?,"{""12 yosh"",""14 yosh"",""16 yosh"",""18 yosh""}","{""12 ёш"",""14 ёш"",""16 ёш"",""18 ёш""}",1,https://postimg.cc/Dmfk0bYv,Bilet 51-60,300,,,,
Qaysi yo'nalish bo'yicha chapga burilishga ruxsat etiladi?,Қайси йўналиш бўйича чапга бурилишга рухсат этилади?,"{""Faqat 1-yo'nalish"",""Faqat 2-yo'nalish"",""Har ikki yo'nalishlarga taqiqlanadi"",""Barcha yo'nalishlarga""}","{""Фақат 1-йўналиш"",""Фақат 2-йўналиш"",""Ҳар икки йўналишларга тақиқланади"",""Барча йўналишларга""}",1,https://ptest.uz/images/4b51ccce-7b63-4801-9ee3-42d9ebe3c0a5.webp,Bilet 51-60,300,,,,
Qaysi transport vositasi o'ngga to'g'ri burilmoqda?,Қайси транспорт воситаси ўнгга тўғри бурилмоқда?,"{""Mototsikl"",""Sariq va yashil avtomobil"",""Oq avtomobil"",""Barchasi to'g'ri burilmoqda""}","{""Мотоцикл"",""Сариқ ва яшил автомобил"",""Оқ автомобил"",""Барчаси тўғри бурилмоқда""}",2,https://ptest.uz/images/ff0d8931-b99e-467a-a965-18abaccea217.webp,Bilet 51-60,300,,,,
Qaysi transport vositasi o'ngga to'g'ri burilmoqda?,Қайси транспорт воситаси ўнгга тўғри бурилмоқда?,"{""Oq va sariq avtomobil"",""Qizil va oq avtomobil"",""Sariq va yashil avtomobil"",""Oq avtomobil"",""Barcha avtomobillar""}","{""Оқ ва сариқ автомобил"",""Қизил ва оқ автомобил"",""Сариқ ва яшил автомобил"",""Оқ автомобил"",""Барча автомобиллар""}",3,https://ptest.uz/images/fbfb68e9-1509-4c2e-a649-c468942b7b88.webp,Bilet 51-60,300,,,,
"Aholi yashash joylaridan tashqaridagi ikki tomonlama harakat tashkil etilgan ikki tasmali yo'llarda tezligini soatiga 50 kilometrdan oshirishi mumkin bo'lmagan, shuningdek, uzunligi 7 metrdan ortiq bo'lgan transport vositalarining (transport vositalarining tarkibi) haydovchilari o'zi va oldida harakatlanayotgan transport vositasi orasida qancha masofani saqlashlari kerak?","Аҳоли яшаш жойларидан ташқаридаги икки томонлама ҳаракат ташкил этилган икки тасмали йўлларда тэзлигини соатига 50 киломэтрдан ошириши мумкин бўлмаган, шунингдэк, узунлиги 7 мэтрдан ортиқ бўлган транспорт воситаларининг (транспорт воситаларининг таркиби) ҳайдовчилари ўзи ва олдида ҳаракатланаётган транспорт воситаси орасида қанча масофани сақлашлари кэрак?","{""3 metr"",""5 metr"",""Haydovchi o'zidan oldinda harakatlanayotgan transport vositasi keskin tormoz berganda, to'qnashib ketmaslik kafolatini beradigan darajadagi oraliq masofani"",""Ularni quvib o'tayotgan transport vositalari oldin egallagan qatoriga bemalol qayta tizilishi uchun imkon beradigan masofani saqlashlari kerak""}","{""3 мэтр"",""5 мэтр"",""Ҳайдовчи ўзидан олдинда ҳаракатланаётган транспорт воситаси кэскин тормоз бэрганда, тўқнашиб кэтмаслик кафолатини бэрадиган даражадаги оралиқ масофани"",""Уларни қувиб ўтаётган транспорт воситалари олдин эгаллаган қаторига бэмалол қайта тизилиши учун имкон бэрадиган масофани сақлашлари кэрак""}",3,https://postimg.cc/Dmfk0bYv,Bilet 51-60,300,,,,
Ushbu belgi nimani bildiradi?,Ушбу белги нимани билдиради?,"{""Tik balandlik"",""Tik nishablik""}","{""Тик баландлик"",""Тик нишаблик""}",0,https://ptest.uz/images/4a89a429-0e06-40aa-b6a6-e62cefe07d5d.webp,Bilet 51-60,300,,,,
Velosipedchilarga velosiped yo'lkasi bo'lganda qatnov qismidan harakatlanishga ruxsat etiladimi?,Велосипедчиларга велосипед йўлкаси бўлганда қатнов қисмидан ҳаракатланишга рухсат этиладими?,"{""Ruxsat etiladi"",""Boshqa harakat qatnashchilariga xalaqit bermasa ruxsat etiladi"",""Taqiqlanadi""}","{""Рухсат этилади"",""Бошқа ҳаракат қатнашчиларига халақит бермаса рухсат этилади"",""Тақиқланади""}",2,https://postimg.cc/Dmfk0bYv,Bilet 51-60,300,,,,
"Vazirlar Mahkamasining 172-sonli qaroriga muvofiq, Yo'l harakati qoidalari nechta banddan iborat?","Вазирлар Маҳкамасининг 172-сонли қарорига мувофиқ, Йўл ҳаракати қоидалари нэчта банддан иборат?","{""184"",""186"",""216"",""220""}","{""184"",""186"",""216"",""220""}",1,https://postimg.cc/Dmfk0bYv,Bilet 51-60,300,,,,
Miltillovchi qizil ishora?,Милтилловчи қизил ишора?,"{""Harakatni taqiqlaydi"",""Keskin tormoz bermasdan to'xtashga ulgura olmaydigan haydovchilarga harakatlanishni davom ettirishga ruxsat etiladi"",""Harakatlanishga ruxsat beradi""}","{""Ҳаракатни тақиқлайди"",""Кэскин тормоз бэрмасдан тўхташга улгура олмайдиган ҳайдовчиларга ҳаракатланишни давом эттиришга рухсат этилади"",""Ҳаракатланишга рухсат бэради""}",0,https://postimg.cc/Dmfk0bYv,Bilet 51-60,300,,,,
Qaysi avtomobil haydovchisi qoidani buzmasdan harakatlanmoqda?,Қайси автомобил ҳайдовчиси қоидани бузмасдан ҳаракатланмоқда?,"{""Ko'k avtomobil haydovchisi"",""Qizil avtomobil haydovchisi"",""Ikkala avtomobil haydovchilari"",""Har ikkala avtomobil haydovchilari qoidani buzmoqda""}","{""Кўк автомобил ҳайдовчиси"",""Қизил автомобил ҳайдовчиси"",""Иккала автомобил ҳайдовчилари"",""Ҳар иккала автомобил ҳайдовчилари қоидани бузмоқда""}",0,https://ptest.uz/images/d671d2a5-f06e-4a0b-97ae-76db1a206446.webp,Bilet 51-60,300,,,,
Ushbu belgi o'rnatiladi:,Ушбу белги ўрнатилади:,"{""“Bolalar uyi” yoki oromgohlari oldidan o'tgan yo'l qismlarida o'rnatiladi"",""Maktab yoki maktabgacha talim muassasalari oldida"",""Ko'zi ojiz piyodalar harakatlanish ehtimoli ko'p bo'lgan yo'l qismlarida o'rnatiladi""}","{""“Болалар уйи” ёки оромгоҳлари олдидан ўтган йўл қисмларида ўрнатилади"",""Мактаб ёки мактабгача таълим муассасалари олдида"",""Кўзи ожиз пиёдалар ҳаракатланиш эҳтимоли кўп бўлган йўл қисмларида ўрнатилади""}",1,https://ptest.uz/images/fbc30181-ff89-4edf-8d4c-aafc85a482fd.webp,Bilet 51-60,300,,,,
Ko'k avtomobil haydovchisiga avtoturargohga kirishga ruxsat etiladimi?,Кўк автомобил ҳайдовчисига автотураргоҳга киришга рухсат этиладими?,"{""Ruxsat etiladi"",""Taqiqlanadi""}","{""Рухсат этилади"",""Тақиқланади""}",1,https://ptest.uz/images/3a4ecc31-d56f-425d-b362-9b09fb58c2cf.webp,Bilet 51-60,300,,,,
Aholi punktlaridan tashqarida quvib o'tishda qanday ogohlantirish ishoralaridan foydalanish mumkin?,Аҳоли пунктларидан ташқарида қувиб ўтишда қандай огоҳлантириш ишораларидан фойдаланиш мумкин?,"{""Faralarning uzoqni yorituvchi chiroqlaridan"",""Tovushli ishoralardan"",""1 va 2""}","{""Фараларнинг узоқни ёритувчи чироқларидан"",""Товушли ишоралардан"",""1 ва 2""}",2,https://postimg.cc/Dmfk0bYv,Bilet 51-60,300,,,,
Ushbu vaziyatda oxirgi bo'lib kim o'tadi? Piyodalarga qatnov qismidan kesib o'tishga ruxsat etiladimi ?,Ушбу вазиятда охирги бўлиб ким ўтади? Пиёдаларга қатнов қисмидан кесиб ўтишга рухсат этиладими ?,"{""Ruxsat etiladi"",""Taqiqlanadi"",""Barcha holatda ruxsat etiladi"",""Oq avtomobil""}","{""Рухсат этилади"",""Тақиқланади"",""Барча ҳолатда рухсат этилади"",""Оқ автомобил""}",1,https://ptest.uz/images/4e5e3eff-0007-46be-ace0-4f461544cd40.webp,Bilet 51-60,300,,,,
Qaysi rasmda to'rt tasmali yo'l ko'rsatilgan?,Қайси расмда тўрт тасмали йўл кўрсатилган?,"{""Birinchi"",""Birinchi va ikkinchi"",""Ikkinchi va uchinchi"",""Barchasida""}","{""Биринчи"",""Биринчи ва иккинчи"",""Иккинчи ва учинчи"",""Барчасида""}",3,https://ptest.uz/images/0fad6563-2520-4a9f-ad81-238d74446a58.webp,Bilet 51-60,300,,,,
Ushbu yo'l belgisi chorahalarda o'nga burilayotgan relezsiz transport voisitalariga svetaforning qaysi ishorasida harakatlanishga ruhsat etiladi ?,Ушбу йўл белгиси чораҳаларда ўнга бурилаётган релезсиз транспорт воиситаларига светафорнинг қайси ишорасида ҳаракатланишга руҳсат этилади ?,"{""Qizil ishora"",""Sariq ishora"",""Yashil ishora"",""Ko'rsatilgan barchasi""}","{""Қизил ишора"",""Сариқ ишора"",""Яшил ишора"",""Кўрсатилган барчаси""}",3,https://ptest.uz/images/14bdb389-59ce-45b8-943b-5725968571e0.webp,Bilet 51-60,300,,,,
Avtomobilda bolalarni himoya qilish tizimini joylashtirish uchun qaysi joy eng xavfsiz hisoblanadi?,Автомобилда болаларни ҳимоя қилиш тизимини жойлаштириш учун қайси жой энг хавфсиз ҳисобланади?,"{""Orqa o'rta o'rindiq"",""Oldi o'rindiq"",""Haydovchi orqasidagi o'rindiq""}","{""Орқа ўрта ўриндиқ"",""Олди ўриндиқ"",""Ҳайдовчи орқасидаги ўриндиқ""}",0,https://ptest.uz/images/b5629abb-d171-408f-a08c-58ed3ff442d0.webp,Bilet 51-60,300,,,,
Ushbu yo'l belgisi qanday nomlanadi?,Ушбу йўл белгиси қандай номланади?,"{""Shanba, yakshanba va bayram kunlari"",""Hafta kunlari"",""Ish kunlari""}","{""Шанба, якшанба ва байрам кунлари"",""Ҳафта кунлари"",""Иш кунлари""}",0,https://ptest.uz/images/ab1188bb-3caf-49b9-9398-14209c56da25.webp,Bilet 51-60,300,,,,
Transport vositasi haydovchisi tomonidan chiqarilgan havotadi etanol bug'lari kontsentrasiyasi qancha miqdorni ko'rsatgan hollarda DYHXX xodimi haydovchiga nisbatan alkogolli ichimlik estemol qilganligi fakti yuzasidan mamuriy bayonnoma rasmiylashtiradi,Транспорт воситаси ҳайдовчиси томонидан чиқарилган ҳавотади этанол буғлари контсентрасияси қанча миқдорни кўрсатган ҳолларда ДЙҲХХ ходими ҳайдовчига нисбатан алкоголли ичимлик эстеъмол қилганлиги факти юзасидан маъмурий баённома расмийлаштиради,"{""Puflangan havoning bir litrida 0,105 milligramm va undan yuqori bo'lgan hallorda"",""Puflangan havoning bir litrida 0,135 milligramm va undan yuqori bo'lgan hallorda"",""Puflangan havoning bir litrida 0,255 milligramm va undan yuqori bo'lgan hallorda""}","{""Пуфланган ҳавонинг бир литрида 0,105 миллиграмм ва ундан юқори бўлган ҳаллорда"",""Пуфланган ҳавонинг бир литрида 0,135 миллиграмм ва ундан юқори бўлган ҳаллорда"",""Пуфланган ҳавонинг бир литрида 0,255 миллиграмм ва ундан юқори бўлган ҳаллорда""}",1,https://ptest.uz/images/046f48a9-c5f4-4b7a-9a3a-214dfdfa93b1.webp,Bilet 51-60,300,,,,
Ushbu qora transport vositasining haydovchisi yo'nalishni o'zgartirish qanday nomlanadi?,Ушбу қора транспорт воситасининг ҳайдовчиси йўналишни ўзгартириш қандай номланади?,"{""Manyovr qilish"",""Bo'laklar sonini o'zgartish"",""Hafli harakatlanish"",""Avariya holatini keltirish"",""Barcha javoblar to'gri""}","{""Манёвр қилиш"",""Бўлаклар сонини ўзгартиш"",""Ҳафли ҳаракатланиш"",""Авария ҳолатини келтириш"",""Барча жавоблар тўгри""}",3,https://ptest.uz/images/c6887865-9975-42d2-ac01-c4836f2bbe59.webp,Bilet 51-60,300,,,,
Qaysi yo'nalish bo'yicha harakatlanishga ruxsat berilgan?,Қайси йўналиш бўйича ҳаракатланишга рухсат берилган?,"{""Faqat «A»"",""Faqat «B»"",""Har ikki yo'nalishda mumkin"",""Har ikki yo'nalishda taqiqlanadi""}","{""Фақат «А»"",""Фақат «B»"",""Ҳар икки йўналишда мумкин"",""Ҳар икки йўналишда тақиқланади""}",1,https://ptest.uz/images/21539512-5ed8-4f58-a5a7-c62dc47bbb92.webp,Bilet 51-60,300,,,,
Qaysi javobda yo'l belgilari guruhlarining ketma-ketligi to'g'ri ko'rsatilgan?,Қайси жавобда йўл белгилари гуруҳларининг кетма-кетлиги тўғри кўрсатилган?,"{""Taqiqlovchi, Imtiyoz, Buyuruvchi, Axborot-ko'rsatkich, Ogohlantiruvchi, Servis, Qo'shimcha axborot"",""Ogohlantiruvchi, Imtiyoz, Taqiqlovchi, Buyuruvchi, Axborot-ko'rsatkich, Servis, Qo'shimcha axborot"",""Ogohlantiruvchi, Imtiyoz, Buyuruvchi, Taqiqlovchi, Axborot-ko'rsatkich, Servis, Qo'shimcha axborot"",""Yuqoridagi barcha javoblar to'g'ri""}","{""Тақиқловчи, Имтиёз, Буюрувчи, Ахборот-кўрсаткич, Огоҳлантирувчи, Сервис, Қўшимча ахборот"",""Огоҳлантирувчи, Имтиёз, Тақиқловчи, Буюрувчи, Ахборот-кўрсаткич, Сервис, Қўшимча ахборот"",""Огоҳлантирувчи, Имтиёз, Буюрувчи, Тақиқловчи, Ахборот-кўрсаткич, Сервис, Қўшимча ахборот"",""Юқоридаги барча жавоблар тўғри""}",1,https://postimg.cc/Dmfk0bYv,Bilet 51-60,300,,,,
Ko'k avtomobil haydovchisi qaysi yo'nalishlarda harakatlanishga ruxsat etilmaydi?,Кўк автомобил ҳайдовчиси қайси йўналишларда ҳаракатланишга рухсат этилмайди?,"{""Faqat 1"",""Faqat 2"",""Faqat 1, 3, 4 yo'nalishlarda"",""Barcha yo'nalishlarda""}","{""Фақат 1"",""Фақат 2"",""Фақат 1, 3, 4 йўналишларда"",""Барча йўналишларда""}",2,https://ptest.uz/images/d9b171b3-94d9-40dc-b0bf-cb4cc33da5a5.webp,Bilet 51-60,300,,,,
Ushbu belgi qaysi moddalarga kiradi?,Ушбу белги қайси моддаларга киради?,"{""Toksik moddalar"",""Organik peroksidlar"",""Oksidlovchi moddalar""}","{""Токсик моддалар"",""Органик пероксидлар"",""Оксидловчи моддалар""}",2,https://ptest.uz/images/f7aef5cd-cab6-4dcd-a82c-ca5588769c16.webp,Bilet 51-60,300,,,,
Yo'l patrul hizmat hodimlariga yo' l harakat qatnashchilari bilan o'zaro munosabatlari va maxsuz moslamalardan foydalanishda nizom to'grisidagi qonunda qanday tartib qo'yilgan ?,Йўл патруль ҳизмат ҳодимларига йў л ҳаракат қатнашчилари билан ўзаро муносабатлари ва махсуз мосламалардан фойдаланишда низом тўгрисидаги қонунда қандай тартиб қўйилган ?,"{""Yo'l transport hodisasini oldini olish va harakat hafsizligini taminlash"",""Maxsuz tadbirlar o'tqazish"",""Taqib qilish"",""Kuzatish"",""Ko'rsatilgan barcha javoblar""}","{""Йўл транспорт ҳодисасини олдини олиш ва ҳаракат ҳафсизлигини таминлаш"",""Махсуз тадбирлар ўтқазиш"",""Тақиб қилиш"",""Кузатиш"",""Кўрсатилган барча жавоблар""}",4,https://ptest.uz/images/50bb879b-2325-489f-8318-8bbb06e9cde9.webp,Bilet 51-60,300,,,,
Ko'rsatilgan yo'l belgilarining qaysi birida eng kam tezlikda harakatlanish kerak ?,Кўрсатилган йўл белгиларининг қайси бирида энг кам тезликда ҳаракатланиш керак ?,"{""Chapdagi belgida"",""O'ngdagi belgida"",""Har ikkisida""}","{""Чапдаги белгида"",""Ўнгдаги белгида"",""Ҳар иккисида""}",1,https://ptest.uz/images/39a57172-587a-45c2-939c-9f08205cb544.webp,Bilet 51-60,300,,,,
Belgilangan yo'nalishlarda harakatlanishga ruxsat etiladimi?,Белгиланган йўналишларда ҳаракатланишга рухсат этиладими?,"{""Faqat o'ngga ruxsat etiladi"",""Faqat chapga ruxsat etiladi"",""Har ikkisiga ruxsat etiladi""}","{""Фақат ўнгга рухсат этилади"",""Фақат чапга рухсат этилади"",""Ҳар иккисига рухсат этилади""}",2,https://ptest.uz/images/7f8e5e60-18ad-46d8-9927-85ba106331c8.webp,Bilet 51-60,300,,,,
Harakatlanish tartibini ko'rsating: Ushbu yo'l belgisi chorahalarda o'nga burilayotgan relezsiz transport voisitalariga svetaforning qaysi ishorasida harakatlanishga ruhsat etiladi ?,Ҳаракатланиш тартибини кўрсатинг: Ушбу йўл белгиси чораҳаларда ўнга бурилаётган релезсиз транспорт воиситаларига светафорнинг қайси ишорасида ҳаракатланишга руҳсат этилади ?,"{""Qizil ishora"",""Sariq ishora"",""Yashil ishora"",""Ko'rsatilgan bachasi""}","{""Қизил ишора"",""Сариқ ишора"",""Яшил ишора"",""Кўрсатилган бачаси""}",3,https://ptest.uz/images/f130801f-fbb7-4dbe-a22c-94ca987fad8c.webp,Bilet 51-60,300,,,,
Aholi punktlarida quvib o'tishda qanday ogohlantirish ishoralaridan foydalanish mumkin?,Аҳоли пунктларида қувиб ўтишда қандай огоҳлантириш ишораларидан фойдаланиш мумкин?,"{""Faralarning uzoqni yorituvchi chiroqlaridan"",""Tovushli ishoralardan"",""1 va 2""}","{""Фараларнинг узоқни ёритувчи чироқларидан"",""Товушли ишоралардан"",""1 ва 2""}",0,https://postimg.cc/Dmfk0bYv,Bilet 51-60,300,,,,
